original_answer,gold_answer,extracted_answer,extracted_gold,is_correct
"To convert the point $(x, y) = (0, 3)$ from rectangular coordinates to polar coordinates $(r, \theta)$, we use the following relationships:

1.  $r = \sqrt{x^2 + y^2}$
2.  $\tan \theta = \frac{y}{x}$ (with adjustments based on the quadrant)

**Step 1: Calculate $r$**

Given $x = 0$ and $y = 3$:
$$ r = \sqrt{0^2 + 3^2} = \sqrt{9} = 3 $$
Since the problem requires $r > 0$, we have $r = 3$.

**Step 2: Calculate $\theta$**

The point $(0, 3)$ lies on the positive $y$-axis.
*   The angle corresponding to the positive $x$-axis is $0$.
*   The angle corresponding to the positive $y$-axis is $\frac{\pi}{2}$.
*   The angle corresponding to the negative $x$-axis is $\pi$.
*   The angle corresponding to the negative $y$-axis is $\frac{3\pi}{2}$.

Since the point is on the positive $y$-axis, the angle $\theta$ is $\frac{\pi}{2}$.

We must ensure that $0 \le \theta < 2\pi$.
$\frac{\pi}{2}$ satisfies this condition.

**Conclusion**

The polar coordinates are $(3, \frac{\pi}{2})$.

\boxed{(3, \frac{\pi}{2})}","$\left( 3, \frac{\pi}{2} \right)$","['(3, pi/2)', '(3, \\frac{\\pi}{2})']","['(3, pi/2)', '( 3, \\frac{\\pi}{2} )']",True
"To find the value of the double sum
\[ S = \sum_{j = 1}^\infty \sum_{k = 1}^\infty \frac{1}{(j + k)^3} \]
in terms of $p = \sum_{k=1}^\infty \frac{1}{k^2}$ and $q = \sum_{k=1}^\infty \frac{1}{k^3}$, we will proceed by changing the order of summation and grouping terms based on the sum of the indices.

### Step 1: Change the Index of Summation

Let $n = j + k$. Since $j \ge 1$ and $k \ge 1$, the smallest possible value for $n$ is $1+1=2$. For a fixed integer $n \ge 2$, the possible pairs $(j, k)$ such that $j+k=n$ are:
\[ (1, n-1), (2, n-2), \dots, (n-1, 1) \]
There are exactly $n-1$ such pairs. For each of these pairs, the term in the sum is $\frac{1}{(j+k)^3} = \frac{1}{n^3}$.

Thus, we can rewrite the double sum by summing over $n$ first:
\[ S = \sum_{n=2}^\infty \sum_{\substack{j,k \ge 1 \\ j+k=n}} \frac{1}{n^3} \]
Since there are $n-1$ terms for each $n$, this becomes:
\[ S = \sum_{n=2}^\infty (n-1) \frac{1}{n^3} \]

### Step 2: Simplify the General Term

We can split the fraction $\frac{n-1}{n^3}$ into two separate terms:
\[ \frac{n-1}{n^3} = \frac{n}{n^3} - \frac{1}{n^3} = \frac{1}{n^2} - \frac{1}{n^3} \]

Substituting this back into the sum:
\[ S = \sum_{n=2}^\infty \left( \frac{1}{n^2} - \frac{1}{n^3} \right) \]
By linearity of summation, we can separate this into two sums:
\[ S = \sum_{n=2}^\infty \frac{1}{n^2} - \sum_{n=2}^\infty \frac{1}{n^3} \]

### Step 3: Relate to $p$ and $q$

Recall the definitions given in the problem:
\[ p = \sum_{k=1}^\infty \frac{1}{k^2} = 1 + \sum_{k=2}^\infty \frac{1}{k^2} \]
\[ q = \sum_{k=1}^\infty \frac{1}{k^3} = 1 + \sum_{k=2}^\infty \frac{1}{k^3} \]

From these equations, we can express the sums starting from $k=2$ as:
\[ \sum_{n=2}^\infty \frac{1}{n^2} = p - 1 \]
\[ \sum_{n=2}^\infty \frac{1}{n^3} = q - 1 \]

### Step 4: Final Calculation

Substitute these expressions back into the equation for $S$:
\[ S = (p - 1) - (q - 1) \]
\[ S = p - 1 - q + 1 \]
\[ S = p - q \]

### Conclusion

The double sum can be written in terms of $p$ and $q$ as:
\[ \sum_{j = 1}^\infty \sum_{k = 1}^\infty \frac{1}{(j + k)^3} = p - q \]

\boxed{p - q}",$p - q$,"['p - q', 'p - q']","['p - q', 'p - q']",True
"To find the value of $f(-2) + f(-1) + f(0)$ for the function $f(x) = \frac{3x-2}{x-2}$, we will evaluate the function at each of the specified points and then sum the results.

**Step 1: Evaluate $f(-2)$**

Substitute $x = -2$ into the function:
$$ f(-2) = \frac{3(-2) - 2}{-2 - 2} $$
$$ f(-2) = \frac{-6 - 2}{-4} $$
$$ f(-2) = \frac{-8}{-4} $$
$$ f(-2) = 2 $$

**Step 2: Evaluate $f(-1)$**

Substitute $x = -1$ into the function:
$$ f(-1) = \frac{3(-1) - 2}{-1 - 2} $$
$$ f(-1) = \frac{-3 - 2}{-3} $$
$$ f(-1) = \frac{-5}{-3} $$
$$ f(-1) = \frac{5}{3} $$

**Step 3: Evaluate $f(0)$**

Substitute $x = 0$ into the function:
$$ f(0) = \frac{3(0) - 2}{0 - 2} $$
$$ f(0) = \frac{0 - 2}{-2} $$
$$ f(0) = \frac{-2}{-2} $$
$$ f(0) = 1 $$

**Step 4: Sum the values**

Now, we add the three results together:
$$ f(-2) + f(-1) + f(0) = 2 + \frac{5}{3} + 1 $$

Combine the integers first:
$$ 2 + 1 = 3 $$

Add the fraction:
$$ 3 + \frac{5}{3} $$

To add these, convert 3 to a fraction with a denominator of 3:
$$ 3 = \frac{9}{3} $$

So,
$$ \frac{9}{3} + \frac{5}{3} = \frac{9 + 5}{3} = \frac{14}{3} $$

The result is already in simplest form as a common fraction.

\boxed{\frac{14}{3}}",$\frac{14}{3}$,"['14/3', '\\frac{14}{3}']","['14/3', '\\frac{14}{3}']",True
"To find the number of positive whole-number divisors of 196, we can follow these steps:

### Step 1: Prime Factorization of 196

First, we determine the prime factorization of the number 196.

1.  Since 196 is an even number, it is divisible by 2:
    $$196 \div 2 = 98$$
2.  98 is also even, so we divide by 2 again:
    $$98 \div 2 = 49$$
3.  Now we have 49. We know that $49 = 7 \times 7$, and 7 is a prime number.
    $$49 = 7^2$$

So, combining these factors, the prime factorization of 196 is:
$$196 = 2 \times 2 \times 7 \times 7 = 2^2 \times 7^2$$

### Step 2: Use the Divisor Counting Formula

If the prime factorization of a number $n$ is given by $n = p_1^{e_1} \times p_2^{e_2} \times \dots \times p_k^{e_k}$, then the total number of positive divisors of $n$, denoted as $d(n)$, is calculated by multiplying the successors of the exponents:
$$d(n) = (e_1 + 1)(e_2 + 1)\dots(e_k + 1)$$

For $196 = 2^2 \times 7^2$:
- The exponent of the prime factor 2 is $2$.
- The exponent of the prime factor 7 is $2$.

Applying the formula:
$$d(196) = (2 + 1)(2 + 1)$$
$$d(196) = 3 \times 3$$
$$d(196) = 9$$

### Step 3: Verification by Listing Divisors

Let's list all the divisors to verify the result. The divisors are formed by combinations of $2^a \times 7^b$ where $0 \le a \le 2$ and $0 \le b \le 2$.

-   $a=0, b=0 \Rightarrow 2^0 \times 7^0 = 1$
-   $a=1, b=0 \Rightarrow 2^1 \times 7^0 = 2$
-   $a=2, b=0 \Rightarrow 2^2 \times 7^0 = 4$
-   $a=0, b=1 \Rightarrow 2^0 \times 7^1 = 7$
-   $a=1, b=1 \Rightarrow 2^1 \times 7^1 = 14$
-   $a=2, b=1 \Rightarrow 2^2 \times 7^1 = 28$
-   $a=0, b=2 \Rightarrow 2^0 \times 7^2 = 49$
-   $a=1, b=2 \Rightarrow 2^1 \times 7^2 = 98$
-   $a=2, b=2 \Rightarrow 2^2 \times 7^2 = 196$

The divisors are: 1, 2, 4, 7, 14, 28, 49, 98, 196.
Counting them, we find there are exactly 9 divisors.

### Conclusion

The number of positive whole-number divisors of 196 is 9.

\boxed{9}",$9$,"['9', '9']","['9', '9']",True
"To determine which student has the greatest average speed, we need to analyze the relationship between distance and time as presented in the graph.

**1. Understand the Graph**
*   The horizontal axis (x-axis) represents **time**.
*   The vertical axis (y-axis) represents **distance**.
*   The average speed of a student is calculated as:
    $$ \text{Speed} = \frac{\text{Distance}}{\text{Time}} $$
*   Geometrically, on a distance-time graph, the speed corresponds to the slope of the line segment connecting the origin $(0,0)$ to the student's data point. A steeper slope indicates a greater speed. Alternatively, we can simply calculate the ratio $\frac{y}{x}$ for each point.

**2. Extract Data Points**
Let's estimate the coordinates $(t, d)$ for each student from the provided Asymptote code and visual representation:

*   **Evelyn**: The dot is at approximately $x = 1.25$ and $y = 4.5$.
*   **Briana**: The dot is at approximately $x = 2.5$ and $y = 2.2$.
*   **Carla**: The dot is at approximately $x = 4.25$ and $y = 5.2$.
*   **Debra**: The dot is at approximately $x = 5.6$ and $y = 2.8$.
*   **Angela**: The dot is at approximately $x = 6.8$ and $y = 1.4$.

**3. Calculate Average Speeds**
Now, we calculate the speed ($\frac{d}{t}$) for each student:

*   **Evelyn**:
    $$ \text{Speed} = \frac{4.5}{1.25} = 3.6 $$

*   **Briana**:
    $$ \text{Speed} = \frac{2.2}{2.5} = 0.88 $$

*   **Carla**:
    $$ \text{Speed} = \frac{5.2}{4.25} \approx 1.22 $$

*   **Debra**:
    $$ \text{Speed} = \frac{2.8}{5.6} = 0.5 $$

*   **Angela**:
    $$ \text{Speed} = \frac{1.4}{6.8} \approx 0.21 $$

**4. Compare the Results**
Comparing the calculated speeds:
*   Evelyn: $3.6$
*   Briana: $0.88$
*   Carla: $\approx 1.22$
*   Debra: $0.5$
*   Angela: $\approx 0.21$

Evelyn has the highest value. Visually, this makes sense because her point is the highest up relative to its horizontal position (closest to the y-axis while being high on the y-axis), indicating the steepest slope from the origin.

**Conclusion**
Evelyn has the greatest average speed.

\boxed{Evelyn}",$\text{Evelyn}$,"['E*e*l*n*v*y', 'Evelyn']","['evelyn', '\\text{Evelyn}']",True
"To find the perimeter of the regular hexagon, we will follow these steps:

1.  **Determine the side length of the equilateral triangle.**
    The problem states that the regular hexagon is divided into six equilateral triangles. An equilateral triangle has three sides of equal length. Let $s$ be the side length of one of these triangles.
    
    The perimeter of one equilateral triangle is given as 21 inches. Therefore:
    $$3s = 21$$
    
    Solving for $s$:
    $$s = \frac{21}{3} = 7 \text{ inches}$$

2.  **Determine the side length of the regular hexagon.**
    A regular hexagon can be divided into six equilateral triangles by drawing lines from the center to each vertex. The sides of these triangles that form the boundary of the hexagon are the sides of the hexagon itself. Therefore, the side length of the regular hexagon is equal to the side length of the equilateral triangle.
    
    So, the side length of the hexagon is also $7$ inches.

3.  **Calculate the perimeter of the regular hexagon.**
    A regular hexagon has 6 equal sides. Let $P_{hex}$ be the perimeter of the hexagon.
    $$P_{hex} = 6 \times s$$
    $$P_{hex} = 6 \times 7$$
    $$P_{hex} = 42 \text{ inches}$$

**Conclusion:**
The perimeter of the regular hexagon is 42 inches.

\boxed{42}",$42$,"['42', '42']","['42', '42']",True
"To find the smallest positive perfect cube that can be written as the sum of three consecutive integers, we will proceed with the following logical steps:

### Step 1: Express the sum of three consecutive integers algebraically

Let the three consecutive integers be $n-1$, $n$, and $n+1$, where $n$ is an integer.
The sum $S$ of these three integers is:
$$ S = (n-1) + n + (n+1) $$
$$ S = 3n $$

So, the sum of any three consecutive integers is always a multiple of 3.

### Step 2: Set the sum equal to a perfect cube

We are looking for a number that is both a perfect cube and equal to this sum. Let the perfect cube be $k^3$, where $k$ is a positive integer.
Therefore, we have the equation:
$$ k^3 = 3n $$

This implies that $k^3$ must be divisible by 3.

### Step 3: Determine the properties of $k$

If a perfect cube $k^3$ is divisible by a prime number $p$, then the base $k$ must also be divisible by $p$.
*   Proof: Let the prime factorization of $k$ be $p_1^{a_1} p_2^{a_2} \dots$. Then $k^3 = p_1^{3a_1} p_2^{3a_2} \dots$. For $k^3$ to be divisible by 3, the exponent of the prime factor 3 in the prime factorization of $k^3$ must be at least 1. Since the exponents in $k^3$ are multiples of 3, the smallest positive multiple of 3 is 3. This means the exponent of 3 in $k$ must be at least 1. Thus, $k$ is divisible by 3.

So, $k$ must be a multiple of 3. Let $k = 3m$ for some positive integer $m$.

### Step 4: Find the smallest positive integer $k$

We want the **smallest** positive perfect cube. This corresponds to the smallest positive integer $k$.
Since $k$ must be a multiple of 3, the possible values for $k$ are $3, 6, 9, \dots$.

The smallest positive value is $k = 3$.

### Step 5: Calculate the perfect cube and verify

Let's test $k = 3$:
$$ k^3 = 3^3 = 27 $$

Now, we check if 27 can be written as the sum of three consecutive integers.
From Step 1, we know the sum is $3n$. So:
$$ 27 = 3n $$
$$ n = 9 $$

The three consecutive integers are $n-1, n, n+1$, which are:
$$ 8, 9, 10 $$

Let's verify the sum:
$$ 8 + 9 + 10 = 27 $$

Since $27 = 3^3$, it is a perfect cube.
Since $8, 9, 10$ are consecutive integers, the condition is satisfied.

Is there a smaller positive perfect cube?
The positive perfect cubes are $1^3=1$, $2^3=8$, $3^3=27$, etc.
*   $1$: Is $1$ divisible by 3? No. ($1 = 3n \implies n=1/3$, not an integer).
*   $8$: Is $8$ divisible by 3? No. ($8 = 3n \implies n=8/3$, not an integer).
*   $27$: Is $27$ divisible by 3? Yes. ($27 = 3n \implies n=9$, an integer).

Thus, 27 is the smallest.

### Conclusion

The smallest positive perfect cube that can be written as the sum of three consecutive integers is 27.

\boxed{27}",$27$,"['27', '27']","['27', '27']",True
"To find the angle between two lines in 3D space, we need to determine their direction vectors and then use the dot product formula.

### Step 1: Determine the direction vector of the first line

The first line is defined by the equation:
\[ 2x = 3y = -z \]

Let this common value be equal to a parameter $t$.
\[ 2x = t \implies x = \frac{t}{2} \]
\[ 3y = t \implies y = \frac{t}{3} \]
\[ -z = t \implies z = -t \]

So, the position vector $\mathbf{r}_1$ for any point on this line can be written as:
\[ \mathbf{r}_1 = \left( \frac{1}{2}, \frac{1}{3}, -1 \right)t \]

The direction vector $\mathbf{v}_1$ is the coefficient of $t$:
\[ \mathbf{v}_1 = \left( \frac{1}{2}, \frac{1}{3}, -1 \right) \]

To make calculations easier, we can scale this vector by the least common multiple of the denominators (which is 6) to get an integer vector parallel to $\mathbf{v}_1$. Let's call this scaled vector $\mathbf{u}_1$:
\[ \mathbf{u}_1 = 6 \cdot \left( \frac{1}{2}, \frac{1}{3}, -1 \right) = (3, 2, -6) \]

### Step 2: Determine the direction vector of the second line

The second line is defined by the equation:
\[ 6x = -y = -4z \]

Let this common value be equal to a parameter $s$.
\[ 6x = s \implies x = \frac{s}{6} \]
\[ -y = s \implies y = -s \]
\[ -4z = s \implies z = -\frac{s}{4} \]

So, the position vector $\mathbf{r}_2$ for any point on this line can be written as:
\[ \mathbf{r}_2 = \left( \frac{1}{6}, -1, -\frac{1}{4} \right)s \]

The direction vector $\mathbf{v}_2$ is the coefficient of $s$:
\[ \mathbf{v}_2 = \left( \frac{1}{6}, -1, -\frac{1}{4} \right) \]

Similarly, we can scale this vector to eliminate fractions. The least common multiple of the denominators 6 and 4 is 12. Let's call this scaled vector $\mathbf{u}_2$:
\[ \mathbf{u}_2 = 12 \cdot \left( \frac{1}{6}, -1, -\frac{1}{4} \right) = (2, -12, -3) \]

### Step 3: Calculate the angle between the direction vectors

The angle $\theta$ between two lines is given by the angle between their direction vectors. The formula for the cosine of the angle $\theta$ between two vectors $\mathbf{u}_1$ and $\mathbf{u}_2$ is:
\[ \cos \theta = \frac{|\mathbf{u}_1 \cdot \mathbf{u}_2|}{\|\mathbf{u}_1\| \|\mathbf{u}_2\|} \]
Note: We take the absolute value of the dot product because the angle between two lines is typically defined as the acute angle (between $0^\circ$ and $90^\circ$).

**1. Calculate the dot product $\mathbf{u}_1 \cdot \mathbf{u}_2$:**
\[ \mathbf{u}_1 = (3, 2, -6) \]
\[ \mathbf{u}_2 = (2, -12, -3) \]
\[ \mathbf{u}_1 \cdot \mathbf{u}_2 = (3)(2) + (2)(-12) + (-6)(-3) \]
\[ \mathbf{u}_1 \cdot \mathbf{u}_2 = 6 - 24 + 18 \]
\[ \mathbf{u}_1 \cdot \mathbf{u}_2 = 0 \]

**2. Interpret the result:**
Since the dot product is 0, the vectors are orthogonal (perpendicular).
\[ \cos \theta = 0 \]
\[ \theta = 90^\circ \]

Even though we don't need to calculate the magnitudes since the numerator is zero, for completeness:
\[ \|\mathbf{u}_1\| = \sqrt{3^2 + 2^2 + (-6)^2} = \sqrt{9 + 4 + 36} = \sqrt{49} = 7 \]
\[ \|\mathbf{u}_2\| = \sqrt{2^2 + (-12)^2 + (-3)^2} = \sqrt{4 + 144 + 9} = \sqrt{157} \]
\[ \cos \theta = \frac{|0|}{7 \sqrt{157}} = 0 \]

### Conclusion

The dot product of the direction vectors is zero, which means the lines are perpendicular. Therefore, the angle between them is $90^\circ$.

\boxed{90}",$90^\circ$,"['90', '90']","['90', '90^\\circ']",True
"To find the distance between two points $(x_1, y_1)$ and $(x_2, y_2)$ in a coordinate plane, we use the distance formula:

$$ d = \sqrt{(x_2 - x_1)^2 + (y_2 - y_1)^2} $$

**Step 1: Identify the coordinates of the points.**
Let $(x_1, y_1) = (2, -6)$ and $(x_2, y_2) = (-4, 3)$.

**Step 2: Substitute the coordinates into the distance formula.**
$$ d = \sqrt{(-4 - 2)^2 + (3 - (-6))^2} $$

**Step 3: Simplify the expressions inside the parentheses.**
$$ x_2 - x_1 = -4 - 2 = -6 $$
$$ y_2 - y_1 = 3 - (-6) = 3 + 6 = 9 $$

So, the equation becomes:
$$ d = \sqrt{(-6)^2 + (9)^2} $$

**Step 4: Square the differences.**
$$ (-6)^2 = 36 $$
$$ (9)^2 = 81 $$

So,
$$ d = \sqrt{36 + 81} $$

**Step 5: Add the numbers inside the square root.**
$$ d = \sqrt{117} $$

**Step 6: Simplify the radical.**
To express the answer in simplest radical form, we need to find the largest perfect square factor of 117.
The factors of 117 are 1, 3, 9, 13, 39, 117.
The largest perfect square factor is 9.

$$ 117 = 9 \times 13 $$

Therefore:
$$ d = \sqrt{9 \times 13} $$
$$ d = \sqrt{9} \times \sqrt{13} $$
$$ d = 3\sqrt{13} $$

The distance between the points is $3\sqrt{13}$.

\boxed{3\sqrt{13}}",$3\sqrt{13}$,"['3*sqrt(13)', '3\\sqrt{13}']","['3*sqrt(13)', '3\\sqrt{13}']",True
"To determine how many distinct values can be obtained from the expression $2 \cdot 3 \cdot 4 \cdot 5 + 1$ by inserting parentheses, we must analyze all possible ways to parenthesize the expression.

The expression consists of four numbers ($2, 3, 4, 5$) connected by multiplication operators, followed by an addition of $1$. The structure is essentially a sequence of operations on the numbers $2, 3, 4, 5$ and then adding $1$. However, the parentheses can change the order of operations between the multiplications and the addition.

Let the expression be $E = 2 \cdot 3 \cdot 4 \cdot 5 + 1$.
The operators are $\cdot, \cdot, \cdot, +$.
The numbers are $2, 3, 4, 5, 1$.

Since multiplication is associative, the grouping of purely multiplicative terms does not change their product. For example, $(2 \cdot 3) \cdot 4 = 2 \cdot (3 \cdot 4) = 24$. The critical factor is where the addition operator $+$ is applied relative to the multiplications. The addition can effectively ""split"" the sequence of numbers $2, 3, 4, 5$ into two parts: a left part that is multiplied together and a right part that is multiplied together, and then these two products are added. Or, the addition could be nested deeper.

Let's list all structurally distinct ways to insert parentheses. The expression has 5 operands: $2, 3, 4, 5, 1$. The operators are fixed in position: $2 \cdot 3 \cdot 4 \cdot 5 + 1$.
We can view this as a binary tree with leaves $2, 3, 4, 5, 1$ and internal nodes $\cdot, \cdot, \cdot, +$. The structure of the tree determines the value.

Let's categorize the possible parenthesizations based on the position of the final operation (the root of the expression tree). The final operation must be either a multiplication or an addition.

**Case 1: The final operation is Addition (+)**
This means the expression is of the form $A + B$, where $A$ is a product of some prefix of $\{2, 3, 4, 5\}$ and $B$ is a product of the remaining suffix of $\{2, 3, 4, 5\}$ combined with $1$? No, the $+1$ is at the end.
Actually, the expression is $2 \cdot 3 \cdot 4 \cdot 5 + 1$. The $+$ is between the term resulting from $2 \cdot 3 \cdot 4 \cdot 5$ and the number $1$.
However, parentheses can group the $1$ with the preceding numbers.
Let's look at the possible splits for the addition operator. The addition operator is the last one in the sequence of operators if we consider standard precedence, but parentheses can make it the root.
If the root is $+$, the expression looks like $(\dots) + (\dots)$.
Since the $+$ is physically between $5$ and $1$, the right operand of the $+$ must involve $1$. The left operand must involve $2, 3, 4, 5$.
Wait, can the $+$ be inside a multiplication? Yes.
Example: $2 \cdot (3 \cdot (4 \cdot (5 + 1)))$. Here the root is $\cdot$.
So we need to consider all full binary trees with leaves $2, 3, 4, 5, 1$ in that order, with operators $\cdot, \cdot, \cdot, +$ assigned to the internal nodes in that order from left to right? No, the operators are fixed between specific numbers.
The expression is $2 \cdot 3 \cdot 4 \cdot 5 + 1$.
The operators are:
1. $\cdot$ between 2 and 3
2. $\cdot$ between 3 and 4
3. $\cdot$ between 4 and 5
4. $+$ between 5 and 1

Let's enumerate the possible parenthesizations systematically. There are 5 numbers, so there are $C_4 = 14$ ways to parenthesize a sequence of 5 numbers with 4 binary operators. However, the operators are not all the same. Three are $\cdot$ and one is $+$.
Let's list the 14 Catalan structures for 5 operands and calculate the value for each.
The operands are $x_1=2, x_2=3, x_3=4, x_4=5, x_5=1$.
The operators are $op_1=\cdot, op_2=\cdot, op_3=\cdot, op_4=+$.

The 14 parenthesizations (using standard notation where $((ab)c)d$ etc.):

1.  $((((2 \cdot 3) \cdot 4) \cdot 5) + 1)$
    Value: $((24 \cdot 5) + 1) = 120 + 1 = 121$.

2.  $(((2 \cdot 3) \cdot (4 \cdot 5)) + 1)$
    Value: $(24 \cdot 20) + 1 = 480 + 1 = 481$.

3.  $(((2 \cdot (3 \cdot 4)) \cdot 5) + 1)$
    Value: $((2 \cdot 12) \cdot 5) + 1 = (24 \cdot 5) + 1 = 120 + 1 = 121$. (Same as 1)

4.  $((2 \cdot ((3 \cdot 4) \cdot 5)) + 1)$
    Value: $(2 \cdot (12 \cdot 5)) + 1 = (2 \cdot 60) + 1 = 120 + 1 = 121$. (Same as 1)

5.  $((2 \cdot 3) \cdot ((4 \cdot 5) + 1))$
    Value: $6 \cdot (20 + 1) = 6 \cdot 21 = 126$.

6.  $((2 \cdot (3 \cdot 4)) \cdot (5 + 1))$
    Value: $(2 \cdot 12) \cdot 6 = 24 \cdot 6 = 144$.

7.  $(2 \cdot ((3 \cdot 4) \cdot (5 + 1)))$
    Value: $2 \cdot (12 \cdot 6) = 2 \cdot 72 = 144$. (Same as 6)

8.  $((2 \cdot 3) \cdot (4 \cdot (5 + 1)))$
    Value: $6 \cdot (4 \cdot 6) = 6 \cdot 24 = 144$. (Same as 6)

9.  $(2 \cdot (3 \cdot (4 \cdot (5 + 1))))$
    Value: $2 \cdot (3 \cdot (4 \cdot 6)) = 2 \cdot (3 \cdot 24) = 2 \cdot 72 = 144$. (Same as 6)

10. $((2 \cdot 3) \cdot 4) \cdot (5 + 1)$ -- Wait, this structure is $((A \cdot B) \cdot C) \cdot D$? No, the last operator is $+$.
    Let's re-evaluate the structures where the root is $\cdot$.
    If the root is $\cdot$, the expression is $A \cdot B$. The $+$ must be inside $A$ or inside $B$.
    Since the $+$ is the 4th operator, it splits the operands into a left set and a right set.
    The possible splits for the root operator being $\cdot$ are:
    - Root $\cdot$ splits after $x_1$: $(2) \cdot (3 \cdot 4 \cdot 5 + 1)$. The sub-expression $3 \cdot 4 \cdot 5 + 1$ can be parenthesized in $C_3=5$ ways.
    - Root $\cdot$ splits after $x_2$: $(2 \cdot 3) \cdot (4 \cdot 5 + 1)$. The sub-expression $4 \cdot 5 + 1$ can be parenthesized in $C_2=2$ ways.
    - Root $\cdot$ splits after $x_3$: $(2 \cdot 3 \cdot 4) \cdot (5 + 1)$. The sub-expression $5 + 1$ is just $6$. The left part $2 \cdot 3 \cdot 4$ can be parenthesized in $C_2=2$ ways.
    - Root $\cdot$ splits after $x_4$: $(2 \cdot 3 \cdot 4 \cdot 5) \cdot (1)$. This is impossible because the operator between 5 and 1 is $+$, not $\cdot$. So the root cannot be $\cdot$ splitting after $x_4$.
    - Root $+$ splits after $x_4$: $(2 \cdot 3 \cdot 4 \cdot 5) + (1)$. The left part can be parenthesized in $C_3=5$ ways.

    Let's calculate the values for these groups.

    **Group A: Root is $+$**
    Structure: $(2 \cdot 3 \cdot 4 \cdot 5) + 1$.
    The term $2 \cdot 3 \cdot 4 \cdot 5$ is always $120$ regardless of internal parentheses because multiplication is associative.
    So, Value = $120 + 1 = 121$.
    This covers cases 1, 2, 3, 4 from my previous list?
    Let's check Case 2: $((2 \cdot 3) \cdot (4 \cdot 5)) + 1 = 24 \cdot 20 + 1 = 481$.
    Ah, my previous assumption that ""multiplication is associative so the product is always 120"" is correct for the *value* of the product, but wait.
    $2 \cdot 3 \cdot 4 \cdot 5 = 120$.
    $((2 \cdot 3) \cdot (4 \cdot 5)) = 24 \cdot 20 = 480$.
    Why is $480 \neq 120$?
    Because $2 \cdot 3 \cdot 4 \cdot 5$ means $2 \times 3 \times 4 \times 5$.
    $2 \times 3 = 6$. $4 \times 5 = 20$. $6 \times 20 = 120$.
    My calculation in Case 2 was: $24 \cdot 20$.
    $2 \cdot 3 = 6$.
    $4 \cdot 5 = 20$.
    $6 \cdot 20 = 120$.
    Where did I get 24?
    $2 \cdot 3 \cdot 4 = 24$.
    In Case 2: $((2 \cdot 3) \cdot (4 \cdot 5))$.
    Left part: $2 \cdot 3 = 6$.
    Right part: $4 \cdot 5 = 20$.
    Product: $6 \cdot 20 = 120$.
    So Case 2 value is $120 + 1 = 121$.
    
    Let's re-verify Case 2 carefully.
    Expression: $((2 \cdot 3) \cdot (4 \cdot 5)) + 1$.
    Inner parens: $2 \cdot 3 = 6$. $4 \cdot 5 = 20$.
    Next: $6 \cdot 20 = 120$.
    Final: $120 + 1 = 121$.
    
    So, for any parenthesization where the root is $+$, the left side is a product of $2,3,4,5$. Since multiplication is associative and commutative (though order is fixed, associativity holds), the product is always $2 \cdot 3 \cdot 4 \cdot 5 = 120$.
    Therefore, all parenthesizations where the final operation is $+$ yield **121**.
    
    How many such structures are there?
    The root is $+$. The left child is a tree for $2,3,4,5$ with operators $\cdot, \cdot, \cdot$. There are $C_3 = 5$ such trees.
    The right child is the leaf $1$.
    So there are 5 structures yielding 121.
    Values: $\{121\}$.

    **Group B: Root is $\cdot$**
    The root operator is one of the multiplications.
    The expression is $A \cdot B$.
    The operator $+$ must be contained entirely within $A$ or entirely within $B$.
    
    **Subcase B1: The $+$ is in the right operand $B$.**
    This means the split for the root $\cdot$ is before the $+$.
    The operators are $\cdot_1, \cdot_2, \cdot_3, +_4$.
    If the root is $\cdot_1$ (between 2 and 3):
    $A = 2$.
    $B = 3 \cdot 4 \cdot 5 + 1$.
    $B$ can be parenthesized in $C_3 = 5$ ways.
    Let's evaluate the possible values of $B = 3 \cdot 4 \cdot 5 + 1$.
    The structures for $B$ (operands 3,4,5,1; ops $\cdot, \cdot, +$):
    1. $((3 \cdot 4) \cdot 5) + 1 = 60 + 1 = 61$.
       Total Value: $2 \cdot 61 = 122$.
    2. $(3 \cdot (4 \cdot 5)) + 1 = 60 + 1 = 61$.
       Total Value: $2 \cdot 61 = 122$.
    3. $(3 \cdot 4) \cdot (5 + 1) = 12 \cdot 6 = 72$.
       Total Value: $2 \cdot 72 = 144$.
    4. $3 \cdot ((4 \cdot 5) + 1) = 3 \cdot (20 + 1) = 3 \cdot 21 = 63$.
       Total Value: $2 \cdot 63 = 126$.
    5. $3 \cdot (4 \cdot (5 + 1)) = 3 \cdot (4 \cdot 6) = 3 \cdot 24 = 72$.
       Total Value: $2 \cdot 72 = 144$.
    
    Distinct values from Subcase B1: $\{122, 144, 126\}$.

    **Subcase B2: The root is $\cdot_2$ (between 3 and 4).**
    This implies the split is after 3.
    $A = 2 \cdot 3$.
    $B = 4 \cdot 5 + 1$.
    $A$ is fixed as $6$ (only one way to parenthesize 2 numbers).
    $B$ can be parenthesized in $C_2 = 2$ ways.
    Structures for $B$ (operands 4,5,1; ops $\cdot, +$):
    1. $(4 \cdot 5) + 1 = 20 + 1 = 21$.
       Total Value: $6 \cdot 21 = 126$.
    2. $4 \cdot (5 + 1) = 4 \cdot 6 = 24$.
       Total Value: $6 \cdot 24 = 144$.
    
    Distinct values from Subcase B2: $\{126, 144\}$.
    These are already in the set from B1.

    **Subcase B3: The root is $\cdot_3$ (between 4 and 5).**
    This implies the split is after 4.
    $A = 2 \cdot 3 \cdot 4$.
    $B = 5 + 1$.
    $B$ is fixed as $6$.
    $A$ can be parenthesized in $C_2 = 2$ ways.
    Structures for $A$ (operands 2,3,4; ops $\cdot, \cdot$):
    1. $(2 \cdot 3) \cdot 4 = 6 \cdot 4 = 24$.
       Total Value: $24 \cdot 6 = 144$.
    2. $2 \cdot (3 \cdot 4) = 2 \cdot 12 = 24$.
       Total Value: $24 \cdot 6 = 144$.
    
    Distinct values from Subcase B3: $\{144\}$.
    Already in the set.

    **Subcase B4: The root is $+$?**
    We already covered this in Group A. The root cannot be $\cdot$ splitting after 5 because the operator is $+$.

    **Are there any other structures?**
    We covered:
    - Root $+$: Value 121.
    - Root $\cdot_1$: Values 122, 126, 144.
    - Root $\cdot_2$: Values 126, 144.
    - Root $\cdot_3$: Value 144.

    Let's double check if I missed any parenthesizations.
    Total Catalan number $C_4 = 14$.
    Group A (Root +): 5 structures.
    Group B1 (Root $\cdot_1$): 5 structures.
    Group B2 (Root $\cdot_2$): 2 structures.
    Group B3 (Root $\cdot_3$): 2 structures.
    Total: $5 + 5 + 2 + 2 = 14$.
    All structures are accounted for.

    Let's list the distinct values found:
    1.  From Group A: **121**
    2.  From Group B1: **122**, **126**, **144**
    3.  From Group B2: **126**, **144** (no new values)
    4.  From Group B3: **144** (no new values)

    The set of distinct values is $\{121, 122, 126, 144\}$.

    Let's re-verify the calculations to be absolutely sure.

    **Value 121:**
    Expression: $2 \cdot 3 \cdot 4 \cdot 5 + 1$.
    Standard order: $120 + 1 = 121$.
    Any grouping where the $+$ is the last operation:
    $((2 \cdot 3) \cdot (4 \cdot 5)) + 1 = 120 + 1 = 121$.
    Correct.

    **Value 122:**
    Expression: $2 \cdot (3 \cdot 4 \cdot 5 + 1)$.
    Inner: $3 \cdot 4 \cdot 5 + 1 = 60 + 1 = 61$.
    Outer: $2 \cdot 61 = 122$.
    Correct.

    **Value 126:**
    Expression: $2 \cdot (3 \cdot (4 \cdot 5 + 1))$ or $(2 \cdot 3) \cdot (4 \cdot 5 + 1)$.
    Let's check $2 \cdot (3 \cdot (4 \cdot 5 + 1))$:
    Inner: $4 \cdot 5 + 1 = 21$.
    Next: $3 \cdot 21 = 63$.
    Outer: $2 \cdot 63 = 126$.
    Let's check $(2 \cdot 3) \cdot (4 \cdot 5 + 1)$:
    Left: $6$.
    Right: $21$.
    Product: $126$.
    Correct.

    **Value 144:**
    Expression: $2 \cdot (3 \cdot (4 \cdot (5 + 1)))$ or $(2 \cdot 3 \cdot 4) \cdot (5 + 1)$.
    Let's check $2 \cdot (3 \cdot (4 \cdot (5 + 1)))$:
    Inner: $5 + 1 = 6$.
    Next: $4 \cdot 6 = 24$.
    Next: $3 \cdot 24 = 72$.
    Outer: $2 \cdot 72 = 144$.
    Let's check $(2 \cdot 3 \cdot 4) \cdot (5 + 1)$:
    Left: $24$.
    Right: $6$.
    Product: $144$.
    Correct.

    Are there any other possibilities?
    What about $2 \cdot 3 \cdot (4 \cdot 5 + 1)$?
    This corresponds to Root $\cdot_2$? No.
    $2 \cdot 3 \cdot (4 \cdot 5 + 1)$ is parsed as $(2 \cdot 3) \cdot (4 \cdot 5 + 1)$ due to left-associativity of $\cdot$ if no parens, but with parens around the second part, it's effectively Root $\cdot_2$ splitting into $2 \cdot 3$ and $4 \cdot 5 + 1$.
    Wait, the structure $2 \cdot 3 \cdot (4 \cdot 5 + 1)$ implies the root is the $\cdot$ between 3 and the group $(4 \cdot 5 + 1)$.
    Left operand: $2 \cdot 3 = 6$.
    Right operand: $4 \cdot 5 + 1 = 21$.
    Result: $126$.
    This is covered in Subcase B2.

    What about $2 \cdot (3 \cdot 4 \cdot (5 + 1))$?
    Root $\cdot_1$.
    Left: 2.
    Right: $3 \cdot 4 \cdot (5 + 1)$.
    Inside Right: Root $\cdot$ between 4 and $(5+1)$? Or between 3 and $4 \cdot (5+1)$?
    If $3 \cdot (4 \cdot (5 + 1))$:
    $5+1=6$. $4 \cdot 6 = 24$. $3 \cdot 24 = 72$.
    Total: $2 \cdot 72 = 144$.
    If $(3 \cdot 4) \cdot (5 + 1)$:
    $12 \cdot 6 = 72$.
    Total: $2 \cdot 72 = 144$.
    Covered in Subcase B1.

    What about $(2 \cdot 3 \cdot 4 \cdot 5) + 1$?
    Covered in Group A.

    Is it possible to get a value like $2 \cdot 3 \cdot 4 \cdot (5 + 1)$?
    This is $24 \cdot 6 = 144$. Covered.

    Is it possible to get $2 \cdot (3 \cdot 4 \cdot 5) + 1$?
    This is $120 + 1 = 121$. Covered.

    Let's check if any other combination yields a different number.
    The possible values for the sub-expression $3 \cdot 4 \cdot 5 + 1$ were 61, 72, 63.
    Multiplied by 2: 122, 144, 126.
    The possible values for the sub-expression $4 \cdot 5 + 1$ were 21, 24.
    Multiplied by $2 \cdot 3 = 6$: 126, 144.
    The possible values for the sub-expression $5 + 1$ was 6.
    Multiplied by $2 \cdot 3 \cdot 4 = 24$: 144.
    The value for $2 \cdot 3 \cdot 4 \cdot 5 + 1$ was 121.

    So the distinct values are indeed 121, 122, 126, 144.
    Count = 4.

    Let's quickly check if I missed any ""crossing"" parentheses.
    Parentheses must be well-formed.
    The structures are defined by the binary tree topology.
    We enumerated all 14 topologies.
    
    Topologies and Values:
    1. $((((2 \cdot 3) \cdot 4) \cdot 5) + 1) = 121$
    2. $(((2 \cdot 3) \cdot (4 \cdot 5)) + 1) = 121$
    3. $(((2 \cdot (3 \cdot 4)) \cdot 5) + 1) = 121$
    4. $((2 \cdot ((3 \cdot 4) \cdot 5)) + 1) = 121$
    5. $((2 \cdot 3) \cdot ((4 \cdot 5) + 1)) = 6 \cdot 21 = 126$
    6. $((2 \cdot 3) \cdot (4 \cdot (5 + 1))) = 6 \cdot 24 = 144$
    7. $(2 \cdot (3 \cdot ((4 \cdot 5) + 1))) = 2 \cdot (3 \cdot 21) = 126$
    8. $(2 \cdot (3 \cdot (4 \cdot (5 + 1)))) = 2 \cdot (3 \cdot 24) = 144$
    9. $((2 \cdot (3 \cdot 4)) \cdot (5 + 1)) = 24 \cdot 6 = 144$
    10. $(2 \cdot ((3 \cdot 4) \cdot (5 + 1))) = 2 \cdot (12 \cdot 6) = 144$
    11. $((2 \cdot 3) \cdot 4) \cdot (5 + 1)$ -- Wait, this is not a valid full parenthesization of 5 items with 4 ops in the standard list?
       Let's map the 14 Catalan structures properly.
       
       Let $T(n)$ be the set of trees for $n$ leaves.
       $n=5$.
       Split at root $k$ (left has $k$ leaves, right has $5-k$ leaves).
       
       $k=1$: Left leaf 2. Right tree for 3,4,5,1.
       Root op is $\cdot$ (between 2 and 3).
       Right tree structures (5 types):
       a) $((3 \cdot 4) \cdot 5) + 1 \rightarrow 61$. Val: $2 \cdot 61 = 122$.
       b) $(3 \cdot (4 \cdot 5)) + 1 \rightarrow 61$. Val: $2 \cdot 61 = 122$.
       c) $(3 \cdot 4) \cdot (5 + 1) \rightarrow 72$. Val: $2 \cdot 72 = 144$.
       d) $3 \cdot ((4 \cdot 5) + 1) \rightarrow 63$. Val: $2 \cdot 63 = 126$.
       e) $3 \cdot (4 \cdot (5 + 1)) \rightarrow 72$. Val: $2 \cdot 72 = 144$.
       
       $k=2$: Left tree for 2,3. Right tree for 4,5,1.
       Root op is $\cdot$ (between 3 and 4).
       Left tree: $2 \cdot 3 = 6$.
       Right tree structures (2 types):
       a) $(4 \cdot 5) + 1 \rightarrow 21$. Val: $6 \cdot 21 = 126$.
       b) $4 \cdot (5 + 1) \rightarrow 24$. Val: $6 \cdot 24 = 144$.
       
       $k=3$: Left tree for 2,3,4. Right tree for 5,1.
       Root op is $\cdot$ (between 4 and 5).
       Right tree: $5 + 1 = 6$.
       Left tree structures (2 types):
       a) $(2 \cdot 3) \cdot 4 \rightarrow 24$. Val: $24 \cdot 6 = 144$.
       b) $2 \cdot (3 \cdot 4) \rightarrow 24$. Val: $24 \cdot 6 = 144$.
       
       $k=4$: Left tree for 2,3,4,5. Right leaf 1.
       Root op is $+$ (between 5 and 1).
       Left tree structures (5 types):
       All evaluate to $2 \cdot 3 \cdot 4 \cdot 5 = 120$.
       Val: $120 + 1 = 121$.

    The values are:
    From $k=1$: 122, 144, 126.
    From $k=2$: 126, 144.
    From $k=3$: 144.
    From $k=4$: 121.

    Distinct values: 121, 122, 126, 144.
    Total count: 4.

\boxed{4}",$4$,"['4', '4']","['4', '4']",True
"To find the least positive integer multiple of 30 that can be written with only the digits 0 and 2, we must satisfy the divisibility rules for 30.

A number is divisible by 30 if and only if it is divisible by both 10 and 3.
Since $30 = 10 \times 3$ and $\gcd(10, 3) = 1$, these conditions are independent.

**Step 1: Divisibility by 10**
For a number to be divisible by 10, its last digit (units digit) must be 0.
The allowed digits are 0 and 2. Therefore, the number must end in 0.
Let the number be $N$. So, $N$ looks like $\dots d_2 d_1 0$, where $d_i \in \{0, 2\}$.

**Step 2: Divisibility by 3**
For a number to be divisible by 3, the sum of its digits must be divisible by 3.
Let the digits of $N$ be $d_k, d_{k-1}, \dots, d_1, 0$.
The sum of the digits is $S = d_k + d_{k-1} + \dots + d_1 + 0$.
Since each non-zero digit $d_i$ is 2, let $m$ be the count of the digit 2 in the number.
Then the sum of the digits is $S = 2m$.
For $N$ to be divisible by 3, $S$ must be a multiple of 3.
So, $2m$ must be divisible by 3.
Since 2 and 3 are coprime, $m$ must be divisible by 3.
Therefore, the number of 2s in the integer must be a multiple of 3 (i.e., $m = 3, 6, 9, \dots$).

**Step 3: Finding the Least Positive Integer**
To find the *least* positive integer, we want the number with the fewest digits possible. If there are multiple numbers with the same number of digits, we want the one with the smallest value (which means placing smaller digits in higher place values, but since our digits are only 0 and 2, and the leading digit cannot be 0, the leading digit must be 2).

Let's test the possible values for $m$ (the count of 2s):

*   **Case $m=3$**: The number contains exactly three 2s and some number of 0s.
    To minimize the number, we should minimize the total number of digits. The minimum number of digits occurs when we have no extra 0s other than the one required at the end.
    So, the digits are three 2s and one 0.
    The last digit must be 0.
    The remaining digits are three 2s.
    To make the number as small as possible, we arrange the non-zero digits in ascending order of place value? No, to make the number smallest, we want the most significant digits to be as small as possible. However, all non-zero digits are 2. The only variation is the position of the 0.
    The digits available are $\{2, 2, 2, 0\}$.
    The last digit is fixed as 0.
    The first three digits are $2, 2, 2$.
    So the number is $2220$.
    Let's check if we can have fewer digits.
    Total digits = $m + (\text{number of zeros})$.
    We need at least one 0 at the end.
    If $m=3$, minimum digits = $3 + 1 = 4$.
    The number formed by digits $\{2, 2, 2, 0\}$ ending in 0 is $2220$.
    Is there a smaller 4-digit number?
    The first digit must be 2 (cannot be 0).
    The last digit must be 0.
    The middle two digits must be 2s to satisfy the count of three 2s.
    So, $2220$ is the unique 4-digit number formed by three 2s and one 0 ending in 0.

    Let's verify if a number with fewer digits is possible.
    If the number has 1 digit: Must be 0 or 2. 0 is not positive. 2 is not divisible by 10.
    If the number has 2 digits: Ends in 0. Options: 20. Sum of digits = 2. Not divisible by 3.
    If the number has 3 digits: Ends in 0. Options: 220, 200.
    - 220: Sum = 4. Not divisible by 3.
    - 200: Sum = 2. Not divisible by 3.
    
    So, 4 digits is the minimum length.
    The candidate is 2220.

    Let's double check if we can have a smaller number with more digits? No, a number with more digits is always larger than a number with fewer digits (for positive integers).
    Let's double check if there is a smaller 4-digit number.
    The digits must be from $\{0, 2\}$.
    Must end in 0.
    Sum of digits must be divisible by 3.
    Possible 4-digit numbers ending in 0 with digits 0,2:
    - 2220: Sum = 6. Divisible by 3. $2220 / 30 = 74$. This works.
    - 2200: Sum = 4. Not divisible by 3.
    - 2020: Sum = 4. Not divisible by 3.
    - 2000: Sum = 2. Not divisible by 3.
    
    Are there any other combinations?
    We established $m$ must be a multiple of 3.
    For 4 digits, max $m$ is 3 (since one digit is 0).
    If $m=0$, number is 0000 (not positive).
    So $m=3$ is the only option for 4 digits.
    The arrangement must end in 0. The other three digits are 2.
    So the number is 2220.

**Conclusion:**
The least positive integer multiple of 30 using only digits 0 and 2 is 2220.

\boxed{2220}",$2220$,"['2220', '2220']","['2220', '2220']",True
"To find the value of $p(8)$, we are given that $p(x)$ is a polynomial of degree 5 satisfying:
\[ p(n) = \frac{n}{n^2 - 1} \quad \text{for } n = 2, 3, 4, 5, 6, 7. \]

### Step 1: Analyze the structure of the problem

Let $f(x) = \frac{x}{x^2 - 1}$. The condition is $p(n) = f(n)$ for $n \in \{2, 3, 4, 5, 6, 7\}$.
Notice that $f(x)$ has vertical asymptotes at $x = 1$ and $x = -1$. The polynomial $p(x)$ approximates this rational function at 6 specific points. Since $p(x)$ is of degree 5, it is uniquely determined by these 6 points.

We can construct an auxiliary polynomial to exploit the roots. Consider the polynomial:
\[ Q(x) = (x^2 - 1)p(x) - x \]
Let's analyze the degree and roots of $Q(x)$.
Since $p(x)$ is of degree 5, $(x^2 - 1)p(x)$ is of degree $2 + 5 = 7$. Thus, $Q(x)$ is a polynomial of degree at most 7.

For each $n \in \{2, 3, 4, 5, 6, 7\}$, we have:
\[ p(n) = \frac{n}{n^2 - 1} \implies (n^2 - 1)p(n) = n \implies (n^2 - 1)p(n) - n = 0 \]
So, $Q(n) = 0$ for $n = 2, 3, 4, 5, 6, 7$. This gives us 6 roots.

Are there other roots?
Let's check $x = 1$ and $x = -1$.
$Q(1) = (1^2 - 1)p(1) - 1 = 0 \cdot p(1) - 1 = -1 \neq 0$.
$Q(-1) = ((-1)^2 - 1)p(-1) - (-1) = 0 \cdot p(-1) + 1 = 1 \neq 0$.
So $x=1$ and $x=-1$ are not roots of $Q(x)$.

However, we know $Q(x)$ has degree at most 7. We have found 6 roots. To determine $Q(x)$ completely, we need more information or a different approach. The standard Lagrange interpolation or Newton form might be tedious. Let's look for a simpler auxiliary polynomial.

### Step 2: Construct a better auxiliary polynomial

Let's define a new polynomial $R(x)$ such that its roots are related to the given points.
Consider the expression:
\[ (x^2 - 1)p(x) - x \]
We established this is degree 7. Let's call it $H(x)$.
$H(x) = (x^2 - 1)p(x) - x$.
Roots of $H(x)$ are $2, 3, 4, 5, 6, 7$.
So, $H(x) = (x-2)(x-3)(x-4)(x-5)(x-6)(x-7) \cdot L(x)$, where $L(x)$ is a polynomial of degree $7-6=1$.
Let $L(x) = Ax + B$.
So,
\[ (x^2 - 1)p(x) - x = (Ax + B) \prod_{k=2}^{7} (x - k) \]
Let $P_6(x) = \prod_{k=2}^{7} (x - k) = (x-2)(x-3)(x-4)(x-5)(x-6)(x-7)$.
Then,
\[ (x^2 - 1)p(x) = x + (Ax + B)P_6(x) \]

We need to determine constants $A$ and $B$.
We can use the values at $x = 1$ and $x = -1$ because the term $(x^2 - 1)p(x)$ vanishes at these points.

**At $x = 1$:**
\[ (1^2 - 1)p(1) = 1 + (A(1) + B)P_6(1) \]
\[ 0 = 1 + (A + B)P_6(1) \]
Calculate $P_6(1)$:
\[ P_6(1) = (1-2)(1-3)(1-4)(1-5)(1-6)(1-7) \]
\[ P_6(1) = (-1)(-2)(-3)(-4)(-5)(-6) = 720 \]
So,
\[ 1 + 720(A + B) = 0 \implies A + B = -\frac{1}{720} \quad \text{(Equation 1)} \]

**At $x = -1$:**
\[ ((-1)^2 - 1)p(-1) = -1 + (A(-1) + B)P_6(-1) \]
\[ 0 = -1 + (-A + B)P_6(-1) \]
Calculate $P_6(-1)$:
\[ P_6(-1) = (-1-2)(-1-3)(-1-4)(-1-5)(-1-6)(-1-7) \]
\[ P_6(-1) = (-3)(-4)(-5)(-6)(-7)(-8) \]
\[ P_6(-1) = 3 \cdot 4 \cdot 5 \cdot 6 \cdot 7 \cdot 8 = 20160 \]
So,
\[ -1 + 20160(B - A) = 0 \implies B - A = \frac{1}{20160} \quad \text{(Equation 2)} \]

### Step 3: Solve for A and B

We have the system:
1) $A + B = -\frac{1}{720}$
2) $-A + B = \frac{1}{20160}$

Adding the two equations:
\[ 2B = -\frac{1}{720} + \frac{1}{20160} \]
Find a common denominator. Note that $20160 / 720 = 28$.
\[ -\frac{1}{720} = -\frac{28}{20160} \]
\[ 2B = -\frac{28}{20160} + \frac{1}{20160} = -\frac{27}{20160} \]
\[ B = -\frac{27}{40320} \]
Simplify the fraction:
$27 = 3^3$, $40320 = 20160 \times 2 = 8!$.
$40320 / 27$: $4+0+3+2+0=9$, so divisible by 9.
$40320 / 9 = 4480$.
$27 / 9 = 3$.
So, $B = -\frac{3}{4480}$.

Subtracting Equation 2 from Equation 1:
\[ 2A = -\frac{1}{720} - \frac{1}{20160} \]
\[ 2A = -\frac{28}{20160} - \frac{1}{20160} = -\frac{29}{20160} \]
\[ A = -\frac{29}{40320} \]

So, $A = -\frac{29}{40320}$ and $B = -\frac{27}{40320}$.
Let's keep the denominator as 40320 for now to avoid errors.
$A = -\frac{29}{40320}$, $B = -\frac{27}{40320}$.

### Step 4: Calculate $p(8)$

We want to find $p(8)$. Using the relation:
\[ (x^2 - 1)p(x) = x + (Ax + B)P_6(x) \]
Set $x = 8$:
\[ (8^2 - 1)p(8) = 8 + (8A + B)P_6(8) \]
\[ 63 p(8) = 8 + (8A + B)P_6(8) \]

First, calculate $P_6(8)$:
\[ P_6(8) = (8-2)(8-3)(8-4)(8-5)(8-6)(8-7) \]
\[ P_6(8) = 6 \cdot 5 \cdot 4 \cdot 3 \cdot 2 \cdot 1 = 720 \]

Next, calculate $8A + B$:
\[ 8A + B = 8\left(-\frac{29}{40320}\right) + \left(-\frac{27}{40320}\right) \]
\[ 8A + B = \frac{-232 - 27}{40320} = \frac{-259}{40320} \]

Now substitute back into the equation for $p(8)$:
\[ 63 p(8) = 8 + \left( \frac{-259}{40320} \right) (720) \]

Simplify the term $\frac{720}{40320}$:
\[ \frac{720}{40320} = \frac{72}{4032} = \frac{1}{56} \]
(Check: $56 \times 720 = 56 \times 72 \times 10 = 4032 \times 10 = 40320$. Correct.)

So,
\[ 63 p(8) = 8 + (-259) \cdot \frac{1}{56} \]
\[ 63 p(8) = 8 - \frac{259}{56} \]

Simplify $\frac{259}{56}$:
Both are divisible by 7.
$259 = 7 \times 37$.
$56 = 7 \times 8$.
So, $\frac{259}{56} = \frac{37}{8}$.

\[ 63 p(8) = 8 - \frac{37}{8} \]
\[ 63 p(8) = \frac{64}{8} - \frac{37}{8} = \frac{27}{8} \]

Solve for $p(8)$:
\[ p(8) = \frac{27}{8 \cdot 63} \]
Simplify the fraction:
$27$ and $63$ are both divisible by 9.
$27 = 9 \times 3$.
$63 = 9 \times 7$.
\[ p(8) = \frac{3}{8 \cdot 7} = \frac{3}{56} \]

### Verification

Let's double check the calculations.
1. Roots of $H(x)$: $2,3,4,5,6,7$. Correct.
2. $H(x) = (x^2-1)p(x) - x$. Degree 7. Correct.
3. $H(x) = (Ax+B)P_6(x)$. Correct.
4. $P_6(1) = 720$. Correct.
5. $P_6(-1) = 20160$. Correct.
6. $A+B = -1/720$. Correct.
7. $B-A = 1/20160$. Correct.
8. $2B = -28/20160 + 1/20160 = -27/20160 \implies B = -27/40320$. Correct.
9. $2A = -28/20160 - 1/20160 = -29/20160 \implies A = -29/40320$. Correct.
10. $P_6(8) = 720$. Correct.
11. $8A+B = (-232-27)/40320 = -259/40320$. Correct.
12. Term $(8A+B)P_6(8) = \frac{-259}{40320} \cdot 720 = \frac{-259}{56} = -\frac{37}{8}$. Correct.
13. $63 p(8) = 8 - 37/8 = 27/8$. Correct.
14. $p(8) = \frac{27}{8 \cdot 63} = \frac{3}{8 \cdot 7} = \frac{3}{56}$. Correct.

The value is $\frac{3}{56}$.

\boxed{\frac{3}{56}}",$\frac{3}{56}$,"['3/56', '\\frac{3}{56}']","['3/56', '\\frac{3}{56}']",True
"To find the sum of the proper divisors of the sum of the proper divisors of 284, we will proceed step by step.

**Step 1: Find the proper divisors of 284.**

First, we determine the prime factorization of 284.
$284$ is even, so we divide by 2:
$284 \div 2 = 142$
$142 \div 2 = 71$
71 is a prime number.
So, the prime factorization of 284 is $2^2 \times 71^1$.

The divisors of 284 are generated by combinations of these prime factors:
$1, 2, 4, 71, 142, 284$.

The **proper divisors** are all divisors excluding the number itself (284).
So, the proper divisors of 284 are: $1, 2, 4, 71, 142$.

**Step 2: Calculate the sum of the proper divisors of 284.**

Let $S_1$ be the sum of the proper divisors of 284.
$$ S_1 = 1 + 2 + 4 + 71 + 142 $$
$$ S_1 = 7 + 71 + 142 $$
$$ S_1 = 78 + 142 $$
$$ S_1 = 220 $$

So, the sum of the proper divisors of 284 is 220.

**Step 3: Find the proper divisors of 220.**

Now we need to find the proper divisors of 220.
First, find the prime factorization of 220.
$220 = 22 \times 10 = (2 \times 11) \times (2 \times 5) = 2^2 \times 5^1 \times 11^1$.

The divisors of 220 can be found by listing them systematically:
- Divisors from $2^0, 2^1, 2^2$: $1, 2, 4$
- Multiply by 5: $5, 10, 20$
- Multiply by 11: $11, 22, 44$
- Multiply by $5 \times 11 = 55$: $55, 110, 220$

The complete list of divisors is: $1, 2, 4, 5, 10, 11, 20, 22, 44, 55, 110, 220$.

The **proper divisors** exclude 220 itself.
So, the proper divisors of 220 are: $1, 2, 4, 5, 10, 11, 20, 22, 44, 55, 110$.

**Step 4: Calculate the sum of the proper divisors of 220.**

Let $S_2$ be the sum of the proper divisors of 220.
$$ S_2 = 1 + 2 + 4 + 5 + 10 + 11 + 20 + 22 + 44 + 55 + 110 $$

Let's group them to make addition easier:
- $1 + 2 + 4 + 5 = 12$
- $10 + 11 = 21$
- $20 + 22 = 42$
- $44 + 55 = 99$
- $110$

Summing these groups:
$$ 12 + 21 = 33 $$
$$ 33 + 42 = 75 $$
$$ 75 + 99 = 174 $$
$$ 174 + 110 = 284 $$

Alternatively, we can use the sum of divisors formula $\sigma(n)$.
$\sigma(220) = \sigma(2^2)\sigma(5^1)\sigma(11^1)$
$\sigma(2^2) = 1 + 2 + 4 = 7$
$\sigma(5^1) = 1 + 5 = 6$
$\sigma(11^1) = 1 + 11 = 12$
$\sigma(220) = 7 \times 6 \times 12 = 42 \times 12 = 504$

The sum of proper divisors is $\sigma(220) - 220$:
$$ 504 - 220 = 284 $$

**Conclusion:**

The sum of the proper divisors of 284 is 220.
The sum of the proper divisors of 220 is 284.
(Note: 220 and 284 are an amicable pair).

The final answer is 284.

\boxed{284}",$284$,"['284', '284']","['284', '284']",True
"To find the height of the cylinder, we will use the formula for the volume of a cylinder and the information provided in the problem statement and the diagram.

**1. Identify the given information:**
*   The volume of the cylinder ($V$) is $45\pi$ cubic cm.
*   From the diagram, the radius of the base ($r$) is given as $3$ cm.
*   We need to find the height ($h$).

**2. Recall the formula for the volume of a cylinder:**
The volume $V$ of a cylinder is calculated using the formula:
$$ V = \pi r^2 h $$
where:
*   $r$ is the radius of the base
*   $h$ is the height

**3. Substitute the known values into the formula:**
$$ 45\pi = \pi (3)^2 h $$

**4. Solve for $h$:**
First, square the radius:
$$ 3^2 = 9 $$

So the equation becomes:
$$ 45\pi = \pi (9) h $$
$$ 45\pi = 9\pi h $$

Next, divide both sides by $9\pi$ to isolate $h$:
$$ h = \frac{45\pi}{9\pi} $$

Cancel out $\pi$ from the numerator and denominator:
$$ h = \frac{45}{9} $$

Perform the division:
$$ h = 5 $$

**Conclusion:**
The height of the cylinder is 5 centimeters.

\boxed{5}",$5$,"['5', '5']","['5', '5']",True
"To find the length of side $DE$, we will analyze the given right-angled triangle $\triangle DEF$ and use trigonometric ratios.

**1. Identify the properties of the triangle:**
From the Asymptote code and the diagram description:
*   There is a right angle at vertex $E$ (indicated by `rightanglemark(D,E,F,15)`). Thus, $\triangle DEF$ is a right-angled triangle with the right angle at $E$.
*   The side $EF$ has a length of $7$ (indicated by `label(""$7$"",(E+F)/2,W)`).
*   We are given that $\sin D = 0.7$.

**2. Set up the trigonometric ratio:**
In a right-angled triangle, the sine of an angle is defined as the ratio of the length of the opposite side to the length of the hypotenuse.
For angle $D$:
*   The side opposite to angle $D$ is $EF$.
*   The hypotenuse is the side opposite the right angle $E$, which is $DF$.

So, the formula is:
$$ \sin D = \frac{\text{Opposite}}{\text{Hypotenuse}} = \frac{EF}{DF} $$

**3. Calculate the length of the hypotenuse $DF$:**
We know $\sin D = 0.7$ and $EF = 7$. Substituting these values into the equation:
$$ 0.7 = \frac{7}{DF} $$

Solving for $DF$:
$$ DF = \frac{7}{0.7} $$
$$ DF = \frac{70}{7} $$
$$ DF = 10 $$

**4. Calculate the length of side $DE$:**
Now that we have the lengths of the hypotenuse ($DF = 10$) and one leg ($EF = 7$), we can use the Pythagorean theorem to find the other leg ($DE$).
The Pythagorean theorem states:
$$ DE^2 + EF^2 = DF^2 $$

Substitute the known values:
$$ DE^2 + 7^2 = 10^2 $$
$$ DE^2 + 49 = 100 $$

Subtract 49 from both sides:
$$ DE^2 = 100 - 49 $$
$$ DE^2 = 51 $$

Take the square root of both sides:
$$ DE = \sqrt{51} $$

**Alternative Method using Cosine:**
We know $\sin D = 0.7 = \frac{7}{10}$.
Using the identity $\sin^2 D + \cos^2 D = 1$:
$$ (0.7)^2 + \cos^2 D = 1 $$
$$ 0.49 + \cos^2 D = 1 $$
$$ \cos^2 D = 0.51 $$
$$ \cos D = \sqrt{0.51} $$

In $\triangle DEF$, $\cos D = \frac{\text{Adjacent}}{\text{Hypotenuse}} = \frac{DE}{DF}$.
$$ \frac{DE}{10} = \sqrt{0.51} $$
$$ DE = 10 \sqrt{0.51} = \sqrt{100 \cdot 0.51} = \sqrt{51} $$

Both methods yield the same result.

**Final Answer:**
The length of $DE$ is $\sqrt{51}$.

\boxed{\sqrt{51}}",$\sqrt{51}$,"['sqrt(51)', '\\sqrt{51}']","['sqrt(51)', '\\sqrt{51}']",True
"To find the complex number $w$, which is the result of rotating $z$ around $c$ by an angle of $\frac{\pi}{4}$ counter-clockwise, we can use the formula for rotation in the complex plane.

The formula for rotating a point $z$ around a center $c$ by an angle $\theta$ is:
$$ w - c = (z - c) e^{i\theta} $$
$$ w = c + (z - c) e^{i\theta} $$

Given:
- $z = 2 + \sqrt{2} - (3 + 3\sqrt{2})i$
- $c = 2 - 3i$
- $\theta = \frac{\pi}{4}$

**Step 1: Calculate the vector $z - c$.**

$$ z - c = [2 + \sqrt{2} - (3 + 3\sqrt{2})i] - [2 - 3i] $$

Group the real and imaginary parts:
$$ \text{Real part: } (2 + \sqrt{2}) - 2 = \sqrt{2} $$
$$ \text{Imaginary part: } -(3 + 3\sqrt{2}) - (-3) = -3 - 3\sqrt{2} + 3 = -3\sqrt{2} $$

So,
$$ z - c = \sqrt{2} - 3\sqrt{2}i $$
$$ z - c = \sqrt{2}(1 - 3i) $$

**Step 2: Determine the rotation factor $e^{i\theta}$.**

For $\theta = \frac{\pi}{4}$:
$$ e^{i\frac{\pi}{4}} = \cos\left(\frac{\pi}{4}\right) + i\sin\left(\frac{\pi}{4}\right) = \frac{\sqrt{2}}{2} + i\frac{\sqrt{2}}{2} = \frac{\sqrt{2}}{2}(1 + i) $$

**Step 3: Calculate $(z - c) e^{i\frac{\pi}{4}}$.**

$$ (z - c) e^{i\frac{\pi}{4}} = [\sqrt{2}(1 - 3i)] \cdot \left[ \frac{\sqrt{2}}{2}(1 + i) \right] $$

Combine the constants:
$$ \sqrt{2} \cdot \frac{\sqrt{2}}{2} = \frac{2}{2} = 1 $$

Now multiply the complex terms:
$$ 1 \cdot (1 - 3i)(1 + i) $$
$$ = 1(1) + 1(i) - 3i(1) - 3i(i) $$
$$ = 1 + i - 3i - 3i^2 $$

Since $i^2 = -1$:
$$ = 1 - 2i - 3(-1) $$
$$ = 1 - 2i + 3 $$
$$ = 4 - 2i $$

So, the rotated vector is $4 - 2i$.

**Step 4: Calculate $w$.**

$$ w = c + (z - c) e^{i\frac{\pi}{4}} $$
$$ w = (2 - 3i) + (4 - 2i) $$

Group real and imaginary parts:
$$ \text{Real part: } 2 + 4 = 6 $$
$$ \text{Imaginary part: } -3 - 2 = -5 $$

$$ w = 6 - 5i $$

**Conclusion:**

The complex number $w$ is $6 - 5i$.

\boxed{6 - 5i}",$6 - 5i$,"['-1*5*i + 6', '6 - 5i']","['-1*5*i + 6', '6 - 5i']",True
"To compute the sum $1-2+3-4+5- \dots +99-100$, we can look for a pattern by grouping the terms.

**Step 1: Group the terms**
The series has 100 terms. We can group them into pairs of two consecutive terms:
$$ (1 - 2) + (3 - 4) + (5 - 6) + \dots + (99 - 100) $$

**Step 2: Evaluate each pair**
Let's calculate the value of each pair:
$$ 1 - 2 = -1 $$
$$ 3 - 4 = -1 $$
$$ 5 - 6 = -1 $$
$$ \vdots $$
$$ 99 - 100 = -1 $$

Each pair sums to $-1$.

**Step 3: Count the number of pairs**
The total number of terms in the series is 100 (from 1 to 100).
Since we are grouping them into pairs of 2, the number of pairs is:
$$ \frac{100}{2} = 50 $$

So, there are 50 pairs, and each pair equals $-1$.

**Step 4: Calculate the total sum**
The total sum is the number of pairs multiplied by the value of each pair:
$$ 50 \times (-1) = -50 $$

**Alternative Method (Arithmetic Progression):**
We can split the sum into positive and negative terms:
$$ S = (1 + 3 + 5 + \dots + 99) - (2 + 4 + 6 + \dots + 100) $$

The sum of the first $n$ odd numbers is $n^2$. Here, the odd numbers go from 1 to 99. The number of terms is $\frac{99-1}{2} + 1 = 50$.
Sum of odds $= 50^2 = 2500$.

The sum of the first $n$ even numbers is $n(n+1)$. Here, the even numbers go from 2 to 100. The number of terms is $\frac{100-2}{2} + 1 = 50$.
Sum of evens $= 50(50+1) = 50 \times 51 = 2550$.

Total Sum $= 2500 - 2550 = -50$.

Both methods yield the same result.

\boxed{-50}",$-50$,"['-50', '-50']","['-50', '-50']",True
"To find the smallest possible value of $c$, we need to determine the parameters $a, b, c,$ and $d$ of the function $y = a \sin(bx + c) + d$ from the given graph and the provided Asymptote code.

**Step 1: Analyze the Asymptote Code**

The code explicitly defines the function being plotted:
```asy
real f(real x)
{
    return 2*sin(3*x + pi) + 1;
}
```
This tells us that the specific function graphed is:
$$ y = 2 \sin(3x + \pi) + 1 $$

Comparing this to the general form $y = a \sin(bx + c) + d$, we can identify the parameters used in the code:
- $a = 2$
- $b = 3$
- $c_{code} = \pi$
- $d = 1$

However, the problem asks for the **smallest possible value of $c$** given that $a, b, c, d$ are **positive constants**. The parameter $c$ in the sine function represents a phase shift. The sine function is periodic, so there are infinitely many values of $c$ that produce the same graph. Specifically, $\sin(\theta) = \sin(\theta + 2k\pi)$ for any integer $k$. Therefore, the argument $bx + c$ can be replaced by $bx + c + 2k\pi$ without changing the graph.

So, the general form for the phase constant $c$ is:
$$ c = c_{code} + 2k\pi = \pi + 2k\pi $$
where $k$ is an integer.

**Step 2: Verify Parameters from the Graph (Optional but good for confirmation)**

Let's verify the parameters $a, b, d$ from the visual features of the graph described by the code and standard trigonometric properties.
1.  **Vertical Shift ($d$) and Amplitude ($a$):**
    -   The maximum value of the function is $d + a$.
    -   The minimum value of the function is $d - a$.
    -   From the code, max $= 1 + 2 = 3$ and min $= 1 - 2 = -1$.
    -   Looking at the labels on the y-axis, the graph oscillates between $y=3$ and $y=-1$.
    -   Midline $d = \frac{3 + (-1)}{2} = 1$.
    -   Amplitude $a = \frac{3 - (-1)}{2} = 2$.
    -   Since $a$ and $d$ must be positive, $a=2$ and $d=1$ are valid.

2.  **Frequency ($b$):**
    -   The period $T$ is given by $T = \frac{2\pi}{b}$.
    -   From the code, $b=3$, so $T = \frac{2\pi}{3}$.
    -   Let's check the graph. The function is $y = 2\sin(3x+\pi)+1 = -2\sin(3x)+1$.
    -   At $x=0$, $y = -2(0)+1 = 1$. This is the midline.
    -   The next time it crosses the midline going upwards?
        -   $\sin(3x+\pi) = 0 \implies 3x+\pi = n\pi \implies 3x = (n-1)\pi \implies x = \frac{n-1}{3}\pi$.
        -   For $n=1, x=0$. Slope is derivative $6\cos(3x+\pi)$. At $x=0$, slope is $6\cos(\pi) = -6$ (going down).
        -   For $n=2, x=\pi/3$. Slope is $6\cos(2\pi) = 6$ (going up).
        -   So the period is the distance between consecutive points with the same phase, e.g., from $x=0$ (midline, going down) to $x=2\pi/3$ (midline, going down).
        -   Distance $= 2\pi/3$. This matches $b=3$.
    -   Since $b$ must be positive, $b=3$ is valid.

**Step 3: Determine the Smallest Positive $c$**

We established that the function can be written as:
$$ y = 2 \sin(3x + c) + 1 $$
We know that the graph corresponds to the phase shift where the argument is effectively $3x + \pi$.
So, we must have:
$$ 3x + c \equiv 3x + \pi \pmod{2\pi} $$
$$ c = \pi + 2k\pi $$
for some integer $k$.

The problem states that $c$ is a **positive constant**. We need to find the smallest positive value for $c$.
Let's test integer values for $k$:
-   If $k = 0$, $c = \pi$. Since $\pi \approx 3.14 > 0$, this is a valid positive constant.
-   If $k = -1$, $c = \pi - 2\pi = -\pi$. This is negative, so it's not allowed.
-   If $k = 1$, $c = \pi + 2\pi = 3\pi$. This is positive but larger than $\pi$.

Are there other possibilities?
The general solution for $\sin(A) = \sin(B)$ is $A = B + 2k\pi$ or $A = \pi - B + 2k\pi$.
Here, our reference function is $y = 2\sin(3x+\pi)+1$.
So we are solving for $c$ in $2\sin(3x+c)+1 = 2\sin(3x+\pi)+1$.
This implies $\sin(3x+c) = \sin(3x+\pi)$.
Case 1: $3x + c = 3x + \pi + 2k\pi \implies c = \pi + 2k\pi$.
Case 2: $3x + c = \pi - (3x + \pi) + 2k\pi = -3x + 2k\pi$.
This would imply $c = -6x + 2k\pi$, which depends on $x$. Since $c$ is a constant, this case yields no solution.

Thus, the only possible values for $c$ are of the form $\pi + 2k\pi$.
We require $c > 0$.
The values are $\dots, -\pi, \pi, 3\pi, 5\pi, \dots$
The smallest positive value is $\pi$.

**Conclusion:**

The parameters are $a=2, b=3, d=1$. The phase constant $c$ satisfies $c = \pi + 2k\pi$ for integers $k$. The smallest positive value is obtained when $k=0$, which gives $c = \pi$.

\boxed{\pi}",$\pi$,"['pi', '\\pi']","['pi', '\\pi']",True
"To find the value of $x$, we will analyze the geometric properties given in the problem and the diagram.

**1. Analyze the Geometry and Given Information**
*   **Parallel Lines:** The segment through $A$ (let's call the line containing it $L_1$) is parallel to the segment $\overline{BC}$ (which lies on line $L_2$). So, $L_1 \parallel L_2$.
*   **Isosceles Triangle:** We are given that $AB = BC$. This means triangle $\triangle ABC$ is an isosceles triangle with the equal sides being $AB$ and $BC$. Consequently, the base angles opposite these sides are equal. That is, $\angle BAC = \angle BCA$.
*   **Given Angle:** The angle labeled $124^{\circ}$ is at vertex $A$. Looking at the diagram, this angle is formed by the horizontal line through $A$ and the segment $AB$. Specifically, it is the interior angle on the left side of the transversal $AB$ relative to the parallel lines. Let's define the points more clearly based on the `asy` code:
    *   Point $A$ is at $(2,3)$.
    *   Point $B$ is at $(4,0)$.
    *   Point $C$ is at $(8,0)$.
    *   The line through $A$ is horizontal ($y=3$).
    *   The line through $B$ and $C$ is horizontal ($y=0$).
    *   The angle $124^{\circ}$ is marked at $A$, between the ray extending to the left from $A$ and the segment $AB$. Wait, let's look closer at the label position. The label ""$124^{\circ}$"" is at $(2,3)$ with direction `SW` (South-West). The angle arc usually indicates the interior angle. In standard geometry problems of this type, an angle like this often refers to the obtuse angle formed by the transversal $AB$ and the parallel line. Let's assume the angle between the ray $A \to \text{Left}$ and segment $AB$ is $124^{\circ}$? Or is it the angle between the ray $A \to \text{Right}$ and segment $AB$?
    *   Let's check the coordinates. Vector $AB = (4-2, 0-3) = (2, -3)$. Vector $A \to \text{Left} = (-1, 0)$. The angle between $(-1,0)$ and $(2,-3)$ is obtuse. Vector $A \to \text{Right} = (1, 0)$. The angle between $(1,0)$ and $(2,-3)$ is acute. Since $124^{\circ}$ is obtuse, the angle labeled $124^{\circ}$ is the angle between the segment $AB$ and the part of the parallel line extending to the **left** of $A$. Let's call a point to the left of $A$ on the line $D$. So $\angle DAB = 124^{\circ}$.

**2. Determine Angles using Parallel Line Properties**
*   Since the line through $A$ is parallel to the line through $BC$, and $AB$ is a transversal:
    *   The angle $\angle DAB$ and the angle $\angle ABC$ are **consecutive interior angles** (or same-side interior angles) if we consider the transversal connecting the parallel lines. However, a more direct relationship is with alternate interior angles.
    *   Let's find the angle $\angle ABC$. The angle $\angle DAB = 124^{\circ}$. The angle adjacent to it on the straight line at $A$ is $\angle EAB$ (where $E$ is to the right of $A$). So, $\angle EAB = 180^{\circ} - 124^{\circ} = 56^{\circ}$.
    *   Since line $AE$ (right side) is parallel to line $BC$ (right side), and $AB$ is the transversal, the alternate interior angles are equal. Therefore, $\angle ABC = \angle EAB = 56^{\circ}$.
    *   Alternatively, using consecutive interior angles: The angle $\angle DAB$ ($124^{\circ}$) and $\angle ABC$ are consecutive interior angles? No, $D$ is left, $C$ is right. Let's stick to the alternate interior angle logic which is robust.
        *   Angle between transversal $AB$ and parallel line at $A$ (acute side) = $180^{\circ} - 124^{\circ} = 56^{\circ}$.
        *   Therefore, the alternate interior angle at $B$, which is $\angle ABC$, is also $56^{\circ}$.

**3. Use Isosceles Triangle Properties**
*   We established that $\triangle ABC$ is isosceles with $AB = BC$.
*   Therefore, the base angles are equal: $\angle BAC = \angle BCA$.
*   The sum of angles in $\triangle ABC$ is $180^{\circ}$.
    $$ \angle ABC + \angle BAC + \angle BCA = 180^{\circ} $$
    $$ 56^{\circ} + 2(\angle BCA) = 180^{\circ} $$
    $$ 2(\angle BCA) = 180^{\circ} - 56^{\circ} $$
    $$ 2(\angle BCA) = 124^{\circ} $$
    $$ \angle BCA = 62^{\circ} $$
*   So, $\angle BCA = 62^{\circ}$ and $\angle BAC = 62^{\circ}$.

**4. Determine $x$**
*   The variable $x$ represents an angle at vertex $A$. Looking at the diagram, $x^{\circ}$ is labeled near the segment $AC$ and the horizontal line through $A$. Specifically, the label is at $(4.5, 3)$ with direction `S` (South). This position is between the segment $AC$ and the horizontal line to the right of $A$.
*   Let's verify the position. The angle $x$ is the angle between the segment $AC$ and the ray extending to the right from $A$ (let's call it ray $AE$). So, $x = \angle CAE$.
*   We know that the line $AE$ is parallel to the line $BC$.
*   Consider the transversal $AC$ intersecting the parallel lines $AE$ and $BC$.
*   The angle $\angle CAE$ (which is $x$) and the angle $\angle ACB$ (which is $\angle BCA$) are **alternate interior angles**.
*   Therefore, $x = \angle BCA$.
*   From step 3, we found $\angle BCA = 62^{\circ}$.
*   Thus, $x = 62$.

**Alternative Check:**
*   We know $\angle EAB = 56^{\circ}$ (calculated in step 2).
*   We know $\angle BAC = 62^{\circ}$ (calculated in step 3).
*   The angle $x$ is $\angle CAE$.
*   From the diagram, ray $AB$ is to the left of ray $AC$? Let's check slopes.
    *   Slope $AB = -3/2 = -1.5$.
    *   Slope $AC$: $A=(2,3)$, $C=(8,0)$. Slope $= (0-3)/(8-2) = -3/6 = -0.5$.
    *   Since $-1.5 < -0.5$, the line $AB$ is steeper downwards than $AC$.
    *   The angle of $AB$ with the positive x-axis is roughly $-56^{\circ}$ (or $304^{\circ}$).
    *   The angle of $AC$ with the positive x-axis is roughly $-26.5^{\circ}$ (or $333.5^{\circ}$).
    *   Wait, let's look at the angles relative to the horizontal line to the right ($0^{\circ}$).
    *   Angle of $AB$ below horizontal: $\tan(\theta_1) = 3/2 \Rightarrow \theta_1 \approx 56.3^{\circ}$. So $\angle EAB \approx 56.3^{\circ}$.
    *   Angle of $AC$ below horizontal: $\tan(\theta_2) = 3/6 = 0.5 \Rightarrow \theta_2 \approx 26.6^{\circ}$. So $\angle EAC \approx 26.6^{\circ}$.
    *   This contradicts my previous calculation. Let's re-read the diagram carefully.
    *   The label $x$ is at $(4.5, 3)$. The segment $AC$ goes from $(2,3)$ to $(8,0)$. The segment $AB$ goes from $(2,3)$ to $(4,0)$.
    *   The angle $x$ is marked between the horizontal line and the segment... which one?
    *   The label $x$ is placed under the horizontal line, between the vertical projection of the midpoint of AC? No, it's just generally in the region.
    *   Let's look at the angle arcs if they were drawn. Usually, $x$ is the angle $\angle CAE$ (angle between $AC$ and the parallel line to the right).
    *   Let's re-evaluate the geometry based on the standard interpretation of such diagrams.
    *   Angle $124^{\circ}$ is $\angle DAB$ (Left-Horizontal to $AB$).
    *   Then $\angle EAB$ (Right-Horizontal to $AB$) $= 180 - 124 = 56^{\circ}$.
    *   Since $AB=BC$, $\triangle ABC$ is isosceles.
    *   Angle $\angle ABC$?
        *   Line $BC$ is horizontal. Line $AB$ makes an angle of $56^{\circ}$ with the horizontal (alternate interior to $\angle EAB$). So $\angle ABC = 56^{\circ}$.
    *   Base angles of $\triangle ABC$: $\angle BAC = \angle BCA = (180 - 56)/2 = 62^{\circ}$.
    *   Now, what is $x$?
        *   $x$ is the angle between the horizontal line through $A$ and the segment $AC$.
        *   Is it $\angle DAC$ or $\angle EAC$?
        *   Visually, $AC$ is less steep than $AB$. $AB$ goes to $(4,0)$, $AC$ goes to $(8,0)$.
        *   Angle $\angle EAB = 56^{\circ}$.
        *   Angle $\angle BAC = 62^{\circ}$.
        *   Therefore, the total angle from the right-horizontal to $AC$ is $\angle EAC = \angle EAB + \angle BAC$?
        *   Let's check the position of $C$ relative to $B$. $B$ is at $x=4$, $C$ is at $x=8$. $A$ is at $x=2$.
        *   Vector $AB = (2, -3)$. Vector $AC = (6, -3)$.
        *   Angle of $AB$ with positive x-axis: $\arctan(-3/2) \approx -56.3^{\circ}$.
        *   Angle of $AC$ with positive x-axis: $\arctan(-3/6) \approx -26.6^{\circ}$.
        *   The angle $\angle EAB$ is the magnitude $56.3^{\circ}$.
        *   The angle $\angle EAC$ is the magnitude $26.6^{\circ}$.
        *   Wait, the geometric calculation $\angle BAC = 62^{\circ}$ implies that the angle *between* the segments $AB$ and $AC$ is $62^{\circ}$.
        *   Let's check: Angle($AB$) - Angle($AC$) = $-56.3 - (-26.6) = -29.7^{\circ}$. The difference is $\approx 30^{\circ}$.
        *   My calculated $\angle BAC$ was $62^{\circ}$. There is a discrepancy. Why?
        *   Let's re-read the parallel condition. ""$\overline{BC}$ is parallel to the segment through $A$"".
        *   Let's re-calculate $\angle ABC$.
            *   Transversal $AB$ intersects parallel lines.
            *   Angle $\angle DAB = 124^{\circ}$.
            *   Angle $\angle ABC$ and $\angle DAB$ are consecutive interior angles?
                *   $D$ is left of $A$. $B$ is right of the projection of $A$? No, $B$ is at $x=4$, $A$ is at $x=2$. So $B$ is to the right.
                *   The interior angles on the same side of the transversal are $\angle DAB$ and $\angle AB...$? No.
                *   Let's use the Z-angle (Alternate Interior).
                *   Extend the line through $A$ to the right to point $E$.
                *   $\angle EAB + \angle DAB = 180^{\circ} \Rightarrow \angle EAB = 56^{\circ}$.
                *   Since $AE \parallel BC$, $\angle EAB = \angle ABC$ (Alternate Interior Angles).
                *   So $\angle ABC = 56^{\circ}$. This part is correct.
            *   Triangle $ABC$ is isosceles with $AB=BC$.
            *   So $\angle BAC = \angle BCA = (180 - 56)/2 = 62^{\circ}$. This part is correct.
            *   Now, let's look at the angles at $A$.
            *   We have ray $AE$ (horizontal right).
            *   We have ray $AB$. Angle $\angle EAB = 56^{\circ}$.
            *   We have ray $AC$.
            *   Where is ray $AC$ relative to $AB$?
            *   In the triangle, the vertices are $A, B, C$.
            *   Angle $\angle BAC = 62^{\circ}$.
            *   So the angle between ray $AB$ and ray $AC$ is $62^{\circ}$.
            *   Is ray $AC$ ""above"" or ""below"" ray $AB$?
            *   $B$ is at $(4,0)$, $C$ is at $(8,0)$. $A$ is at $(2,3)$.
            *   Slope $AB = -1.5$. Slope $AC = -0.5$.
            *   Ray $AB$ is steeper. Ray $AC$ is flatter.
            *   Both go downwards.
            *   Angle of $AB$ below horizontal is $\approx 56^{\circ}$.
            *   Angle of $AC$ below horizontal is $\approx 27^{\circ}$.
            *   The angle between them is $56 - 27 = 29^{\circ}$.
            *   But the triangle geometry says the angle between them is $62^{\circ}$.
            *   **Contradiction!** The coordinates in the `asy` code might not be perfectly consistent with the geometric constraints ($AB=BC$ and parallel lines) if drawn freely, OR I am misinterpreting the diagram's labels.
            *   Let's check if $AB=BC$ holds for the coordinates.
                *   $A=(2,3), B=(4,0) \Rightarrow AB = \sqrt{(4-2)^2 + (0-3)^2} = \sqrt{4+9} = \sqrt{13}$.
                *   $B=(4,0), C=(8,0) \Rightarrow BC = \sqrt{(8-4)^2 + 0} = 4$.
                *   $\sqrt{13} \approx 3.6$. $BC = 4$. They are not equal.
                *   **Conclusion:** The diagram is **not to scale** and the coordinates are just for placement. We must rely **only** on the geometric statements:
                    1.  Line through $A$ $\parallel$ Line through $BC$.
                    2.  $AB = BC$.
                    3.  Angle at $A$ (obtuse, left side) is $124^{\circ}$.
                    4.  Find $x$.

**Re-evaluating based on Geometric Logic Only:**

1.  **Identify Angles at A:**
    Let the line through $A$ be $L_A$ and the line through $BC$ be $L_B$. $L_A \parallel L_B$.
    Let $D$ be a point on $L_A$ to the left of $A$, and $E$ be a point on $L_A$ to the right of $A$.
    Given $\angle DAB = 124^{\circ}$.
    Then $\angle EAB = 180^{\circ} - 124^{\circ} = 56^{\circ}$.

2.  **Identify Angles at B:**
    Since $L_A \parallel L_B$, the alternate interior angle to $\angle EAB$ is $\angle ABC$ (assuming $C$ is to the right of $B$, which is standard for such diagrams and implied by the label order $A,B,C$ and the visual).
    So, $\angle ABC = \angle EAB = 56^{\circ}$.

3.  **Analyze Triangle ABC:**
    Given $AB = BC$, $\triangle ABC$ is isosceles.
    The angles opposite the equal sides are equal: $\angle BAC = \angle BCA$.
    Sum of angles in $\triangle ABC$:
    $\angle ABC + \angle BAC + \angle BCA = 180^{\circ}$
    $56^{\circ} + 2\angle BCA = 180^{\circ}$
    $2\angle BCA = 124^{\circ}$
    $\angle BCA = 62^{\circ}$.
    So, $\angle BAC = 62^{\circ}$.

4.  **Identify x:**
    $x$ is the angle labeled at $A$. Looking at the diagram, $x$ is the angle between the segment $AC$ and the horizontal line.
    Which side of the horizontal line?
    The label $x$ is positioned to the right of the vertical line dropping from $A$? No, it's under the segment $AC$.
    Usually, in these ""zigzag"" or parallel line problems, $x$ represents the acute angle the transversal $AC$ makes with the parallel line.
    Let's determine the position of ray $AC$ relative to ray $AE$ (horizontal right).
    We know $\angle EAB = 56^{\circ}$.
    We know $\angle BAC = 62^{\circ}$.
    Does ray $AC$ lie inside $\angle EAB$ or outside?
    Visually in the diagram:
    $A$ is top-left. $B$ is bottom-middle. $C$ is bottom-right.
    Ray $AB$ goes down-right.
    Ray $AC$ goes down-right, but less steeply (since $C$ is further right).
    Therefore, ray $AC$ is between ray $AE$ (horizontal right) and ray $AB$?
    Let's check the angles.
    Angle of $AB$ with horizontal right ($AE$) is $56^{\circ}$.
    Angle of $AC$ with horizontal right ($AE$) is $x$.
    The angle between $AB$ and $AC$ is $\angle BAC = 62^{\circ}$.
    
    Case 1: Ray $AC$ is ""above"" Ray $AB$ (closer to horizontal).
    Then $\angle EAB = \angle EAC + \angle CAB$.
    $56^{\circ} = x + 62^{\circ}$.
    $x = 56 - 62 = -6^{\circ}$. Impossible.
    
    Case 2: Ray $AB$ is ""above"" Ray $AC$ (closer to horizontal)?
    Then $\angle EAC = \angle EAB + \angle BAC$.
    $x = 56^{\circ} + 62^{\circ} = 118^{\circ}$.
    This would mean $AC$ is steeper than $AB$? No, if $x=118$, it's obtuse. But $AC$ goes to the right, so the angle with the right-horizontal should be acute.
    
    Let's re-read the diagram structure.
    Maybe $C$ is to the **left** of $B$?
    If $C$ is to the left of $B$, then $\angle ABC$ is still $56^{\circ}$?
    If $C$ is left of $B$, the triangle ""folds back"".
    Let's look at the `asy` code again: `draw((2,3)--(8,0));` is $AC$. `draw((2,3)--(4,0));` is $AB$.
    $x$-coord of $C$ (8) > $x$-coord of $B$ (4). So $C$ is to the right of $B$.
    
    So why did the angle addition fail?
    Let's look at the angles relative to the **Left** horizontal ($AD$).
    $\angle DAB = 124^{\circ}$.
    $\angle DAC = \angle DAB + \angle BAC$? Or $\angle DAB - \angle BAC$?
    Ray $AB$ is at $124^{\circ}$ from Left-Horizontal.
    Ray $AC$ is... where?
    Since $C$ is further right than $B$, ray $AC$ is ""flatter"" than ray $AB$.
    ""Flatter"" means closer to the horizontal.
    So the angle from Left-Horizontal to $AC$ should be **larger** than $124^{\circ}$?
    No.
    Angle $0^{\circ}$ is Right. Angle $180^{\circ}$ is Left.
    Ray $AB$: Angle from Right is $56^{\circ}$ (down). So angle from Left is $180-56=124^{\circ}$. Correct.
    Ray $AC$: Angle from Right is $x$ (down).
    Since $AC$ is flatter, $x < 56^{\circ}$.
    The angle between $AB$ and $AC$ is $\angle BAC = 62^{\circ}$.
    So, Angle($AB$) - Angle($AC$) = $62^{\circ}$?
    $56^{\circ} - x = 62^{\circ} \Rightarrow x = -6^{\circ}$. Still impossible.
    
    **Is it possible that $\angle ABC$ is not $56^{\circ}$?**
    Let's re-evaluate the parallel line angle transfer.
    Line $L_A \parallel L_B$. Transversal $AB$.
    $\angle DAB = 124^{\circ}$ (Left side).
    Interior angles on the same side sum to $180^{\circ}$.
    The interior angle at $B$ on the left side is $\angle AB...$?
    Let's define the angle $\angle ABC$ carefully.
    $B$ is the vertex. $A$ is up-left. $C$ is right.
    The angle $\angle ABC$ is the interior angle of the triangle.
    The line $BC$ is horizontal.
    The angle $\angle EBA$ (angle between $BA$ and Right-Horizontal at $B$) is equal to $\angle DAB$? No.
    Alternate Interior Angles:
    Angle between $AB$ and Left-Horizontal at $A$ ($124^{\circ}$) is equal to Angle between $BA$ and Right-Horizontal at $B$?
    Let's draw a Z.
    Top bar goes Left ($D$). Transversal $AB$. Bottom bar goes Right ($C$).
    The angles inside the Z are $\angle DAB$ and $\angle ABC$?
    No, the Z shape is $D-A-B-C$.
    The angle $\angle DAB$ and $\angle ABC$ are **Alternate Interior Angles**.
    Therefore, $\angle ABC = \angle DAB = 124^{\circ}$.
    
    **Let's test this hypothesis.**
    If $\angle ABC = 124^{\circ}$:
    Triangle $ABC$ is isosceles with $AB=BC$.
    Base angles $\angle BAC = \angle BCA = (180 - 124)/2 = 56/2 = 28^{\circ}$.
    
    Now find $x$.
    $x$ is the angle between $AC$ and the horizontal line at $A$.
    Let's find the angle of $AC$ relative to the horizontal.
    We know $\angle BCA = 28^{\circ}$.
    Since $L_A \parallel L_B$, the alternate interior angle to $\angle BCA$ is the angle between $AC$ and the Left-Horizontal at $A$? Or Right-Horizontal?
    Z-shape: $A-C-B$? No.
    Transversal $AC$. Parallel lines at $A$ and $C$.
    Angle $\angle BCA$ is the angle between $CB$ (Left from $C$? No, $B$ is left of $C$) and $CA$.
    Wait, $B$ is at $x=4$, $C$ is at $x=8$. So vector $CB$ points Left.
    So $\angle BCA$ is the angle between the Left-Horizontal at $C$ and the segment $CA$.
    Therefore, the alternate interior angle at $A$ is the angle between the Right-Horizontal at $A$ and the segment $AC$.
    So $x = \angle BCA = 28^{\circ}$.
    
    Let's double check the ""Alternate Interior"" claim for $\angle ABC$.
    Line 1: Horizontal through $A$.
    Line 2: Horizontal through $B$.
    Transversal: $AB$.
    Angle $\angle DAB$ is formed by Ray $AD$ (Left) and Segment $AB$.
    Angle $\angle ABC$ is formed by Segment $BA$ and Ray $BC$ (Right).
    Are these Alternate Interior?
    Imagine the Z. Top stroke goes Left ($D$). Diagonal goes $A$ to $B$. Bottom stroke goes Right ($C$).
    Yes, the angles ""inside"" the elbows of the Z are equal.
    So $\angle ABC = \angle DAB = 124^{\circ}$.
    
    This seems much more consistent with the visual ""obtuse"" look of angle $B$ in many such diagrams, although in the provided `asy` code, the coordinates make it acute. But we established the coordinates are not to scale.
    Let's check the visual cue in the `asy` code again.
    `label(""$124^{\circ}$"",(2,3),SW);` -> Angle at A, left side.
    `label(""$x^{\circ}$"",(4.5,3),S);` -> Angle at A, right side?
    If $x=28$, it is acute.
    If $x=62$ (from previous wrong assumption), it is acute.
    
    Let's re-verify the ""Z-angle"" logic.
    Parallel lines $L_1, L_2$. Transversal $T$.
    Angle $\alpha$ between $T$ and $L_1$ (Left side).
    Angle $\beta$ between $T$ and $L_2$ (Right side).
    These are Alternate Interior Angles. $\alpha = \beta$.
    Here, $\alpha = 124^{\circ}$.
    So $\angle ABC = 124^{\circ}$.
    
    Is $\angle ABC$ the angle inside the triangle?
    The triangle is $ABC$. The vertices are $A, B, C$.
    The angle at vertex $B$ is $\angle ABC$.
    The ray $BC$ is part of the line $L_2$.
    The ray $BA$ is the transversal.
    So yes, $\angle ABC = 124^{\circ}$.
    
    Then, in $\triangle ABC$:
    $AB = BC \implies \angle BAC = \angle BCA$.
    Sum $= 180^{\circ}$.
    $124 + 2\angle BCA = 180$.
    $2\angle BCA = 56$.
    $\angle BCA = 28^{\circ}$.
    
    Now, what is $x$?
    $x$ is the angle at $A$.
    From the diagram, $x$ is the angle between the horizontal line and $AC$.
    Specifically, looking at the label position $(4.5, 3)$, it is to the right of $A(2,3)$.
    So $x$ is the angle between Ray $AE$ (Right) and Segment $AC$.
    Let's find this angle using parallel lines again.
    Transversal $AC$.
    Angle $\angle BCA = 28^{\circ}$. This is the angle between Ray $CB$ (Left) and Segment $CA$.
    Wait. $B$ is to the left of $C$. So Ray $CB$ points Left.
    So $\angle BCA$ is the angle between Left-Horizontal and $AC$.
    The alternate interior angle to this is the angle between Right-Horizontal at $A$ and $AC$.
    So $x = \angle BCA = 28^{\circ}$.
    
    Let's double check this alternate interior relationship.
    Z-shape: $E-A-C-B$.
    Top stroke $AE$ (Right). Diagonal $AC$. Bottom stroke $CB$ (Left).
    Angles inside: $\angle EAC$ and $\angle ACB$.
    Yes, they are equal.
    So $x = 28^{\circ}$.

    **Let's sanity check with the other interpretation ($\angle ABC = 56^{\circ}$).**
    Why did I think $\angle ABC = 56^{\circ}$ earlier?
    I assumed $\angle EAB = 56^{\circ}$ and that $\angle ABC$ was alternate interior to $\angle EAB$.
    Z-shape: $E-A-B-?$
    If the bottom ray was to the **Left** of $B$, then $\angle ABC$ (with $C$ left of $B$) would be $56^{\circ}$.
    But $C$ is to the **Right** of $B$.
    So the angle $\angle ABC$ involves the ray $BC$ (Right).
    The angle alternate interior to $\angle EAB$ (Right-Horizontal at A) is the angle with the **Left**-Horizontal at B.
    Let's call a point $F$ to the left of $B$. $\angle FBA = \angle EAB = 56^{\circ}$.
    Then $\angle ABC$ (angle with Right-Horizontal) $= 180^{\circ} - \angle FBA = 180 - 56 = 124^{\circ}$.
    
    So, both methods lead to $\angle ABC = 124^{\circ}$.
    Method 1: $\angle DAB$ (Left) and $\angle ABC$ (Right) are Alternate Interior. Equal. $124^{\circ}$.
    Method 2: $\angle EAB$ (Right) and $\angle FBA$ (Left) are Alternate Interior. Equal ($56^{\circ}$). $\angle ABC$ is supplementary to $\angle FBA$. $180-56=124^{\circ}$.
    
    So $\angle ABC = 124^{\circ}$ is correct.
    
    Then $\angle BCA = 28^{\circ}$.
    Then $x = 28^{\circ}$.

    **Final Answer Formulation:**
    1.  Identify that the line through $A$ is parallel to $BC$.
    2.  Identify $\angle DAB = 124^{\circ}$ where $D$ is to the left of $A$.
    3.  Determine $\angle ABC$. Since $D-A-B-C$ forms a ""Z"" shape (Left-Top to Right-Bottom), $\angle ABC$ and $\angle DAB$ are alternate interior angles. Thus, $\angle ABC = 124^{\circ}$.
    4.  Use the isosceles triangle property ($AB=BC$) to find base angles. $\angle BAC = \angle BCA = (180^{\circ} - 124^{\circ}) / 2 = 28^{\circ}$.
    5.  Determine $x$. $x$ is the angle between the horizontal line at $A$ (right side) and $AC$. By alternate interior angles with transversal $AC$ and parallel lines, $x = \angle BCA$ (since $\angle BCA$ is the angle with the left-horizontal at $C$, and $x$ is with the right-horizontal at $A$... wait).
    
    Let's re-verify the $x$ vs $\angle BCA$ relation.
    $\angle BCA$ is angle between $CB$ (Left) and $CA$.
    $x$ is angle between $AE$ (Right) and $AC$.
    Are these alternate interior?
    Line 1: Right ($AE$). Line 2: Left ($CB$).
    Transversal: $AC$.
    Yes, they are alternate interior angles.
    So $x = \angle BCA = 28^{\circ}$.

    The number of degrees represented by $x$ is 28.

\boxed{28}",$28$,"['28', '28']","['28', '28']",True
"To find the smallest possible value of $a$ such that all roots of the equation
\[ x^3 + ax^2 + ax + 1 = 0 \]
are real, we proceed with the following steps.

### Step 1: Analyze the Structure of the Equation

The given equation is a reciprocal equation (also known as a palindromic polynomial) because the coefficients are symmetric: $1, a, a, 1$.
Notice that $x = -1$ is not a root unless $-1 + a - a + 1 = 0$, which is always true? Let's check:
$(-1)^3 + a(-1)^2 + a(-1) + 1 = -1 + a - a + 1 = 0$.
So, $x = -1$ is always a root of this equation for any $a$.

Since $x = -1$ is a root, we can factor $(x+1)$ out of the polynomial. Let's perform polynomial division or factorization by grouping:
\[ x^3 + ax^2 + ax + 1 = x^2(x+1) + a(x+1) + (x+1) - x \]
Wait, let's group terms differently:
\[ x^3 + 1 + ax^2 + ax = (x+1)(x^2 - x + 1) + ax(x+1) \]
\[ = (x+1) [ x^2 - x + 1 + ax ] \]
\[ = (x+1) [ x^2 + (a-1)x + 1 ] \]

So, the original cubic equation can be written as:
\[ (x+1)(x^2 + (a-1)x + 1) = 0 \]

### Step 2: Determine Conditions for Real Roots

The roots of the cubic equation are $x_1 = -1$ and the roots of the quadratic factor:
\[ x^2 + (a-1)x + 1 = 0 \]

For all roots of the original cubic equation to be real, the roots of this quadratic equation must also be real.
Let the quadratic equation be $Ax^2 + Bx + C = 0$ with $A=1$, $B=a-1$, and $C=1$.
The condition for the roots to be real is that the discriminant $\Delta$ must be non-negative:
\[ \Delta = B^2 - 4AC \ge 0 \]

Substituting the coefficients:
\[ (a-1)^2 - 4(1)(1) \ge 0 \]
\[ (a-1)^2 - 4 \ge 0 \]
\[ (a-1)^2 \ge 4 \]

### Step 3: Solve the Inequality for $a$

Taking the square root of both sides, we get:
\[ |a-1| \ge 2 \]

This inequality splits into two cases:
1.  $a - 1 \ge 2 \implies a \ge 3$
2.  $a - 1 \le -2 \implies a \le -1$

The problem states that $a$ is a **positive** real number ($a > 0$).
Therefore, we discard the case $a \le -1$.
The valid range for $a$ is:
\[ a \ge 3 \]

### Step 4: Verify the Smallest Value

The smallest possible value in the range $a \ge 3$ is $a = 3$.

Let's verify this solution. If $a = 3$, the equation becomes:
\[ x^3 + 3x^2 + 3x + 1 = 0 \]
This is a perfect cube:
\[ (x+1)^3 = 0 \]
The roots are $x = -1, -1, -1$, which are all real.

If we chose a value slightly less than 3, say $a = 2.9$, then $(a-1)^2 = (1.9)^2 = 3.61 < 4$, so the discriminant would be negative, resulting in complex roots. Thus, $a=3$ is indeed the minimum.

### Conclusion

The smallest possible value of $a$ is 3.

\boxed{3}",$3$,"['3', '3']","['3', '3']",True
"To evaluate the expression $(1+2i)6-3i$, we will follow the order of operations (PEMDAS/BODMAS), performing multiplication before subtraction.

**Step 1: Perform the multiplication**
Distribute the $6$ to both terms inside the parentheses:
$$ (1+2i) \cdot 6 = 1 \cdot 6 + 2i \cdot 6 $$
$$ = 6 + 12i $$

**Step 2: Perform the subtraction**
Now, subtract $3i$ from the result obtained in Step 1:
$$ (6 + 12i) - 3i $$

Group the real parts and the imaginary parts:
$$ 6 + (12i - 3i) $$
$$ 6 + 9i $$

**Conclusion**
The simplified complex number is $6 + 9i$.

\boxed{6+9i}",$6+9i$,"['9*i + 6', '6+9i']","['9*i + 6', '6+9i']",True
"To find the greatest integer less than $(\sqrt{7} + \sqrt{5})^6$, we can use the method of conjugate surds.

Let $x = \sqrt{7} + \sqrt{5}$ and $y = \sqrt{7} - \sqrt{5}$.
We want to evaluate $x^6$.

Consider the sum $S = x^6 + y^6$.
Since $x$ and $y$ are roots of a quadratic equation with integer coefficients, $x^n + y^n$ will be an integer for any positive integer $n$.

First, let's find the quadratic equation satisfied by $x$ and $y$.
$$ x = \sqrt{7} + \sqrt{5} $$
$$ y = \sqrt{7} - \sqrt{5} $$

Calculate the sum and product of $x$ and $y$:
$$ x + y = (\sqrt{7} + \sqrt{5}) + (\sqrt{7} - \sqrt{5}) = 2\sqrt{7} $$
$$ xy = (\sqrt{7} + \sqrt{5})(\sqrt{7} - \sqrt{5}) = 7 - 5 = 2 $$

Let $u = x^2$ and $v = y^2$. Then:
$$ u + v = x^2 + y^2 = (x+y)^2 - 2xy = (2\sqrt{7})^2 - 2(2) = 28 - 4 = 24 $$
$$ uv = x^2 y^2 = (xy)^2 = 2^2 = 4 $$

So, $u$ and $v$ are roots of the quadratic equation:
$$ t^2 - (u+v)t + uv = 0 \implies t^2 - 24t + 4 = 0 $$

We want to find $x^6 + y^6 = u^3 + v^3$.
Let $S_n = u^n + v^n$. We know $S_1 = 24$ and $S_0 = u^0 + v^0 = 1 + 1 = 2$.
The recurrence relation for $S_n$ is derived from the characteristic equation $t^2 - 24t + 4 = 0$:
$$ S_{n} = 24 S_{n-1} - 4 S_{n-2} $$

We need $S_3 = u^3 + v^3$.
First, calculate $S_2$:
$$ S_2 = 24 S_1 - 4 S_0 = 24(24) - 4(2) = 576 - 8 = 568 $$
Alternatively, $S_2 = u^2 + v^2 = (u+v)^2 - 2uv = 24^2 - 2(4) = 576 - 8 = 568$.

Now, calculate $S_3$:
$$ S_3 = 24 S_2 - 4 S_1 $$
$$ S_3 = 24(568) - 4(24) $$
$$ S_3 = 24(568 - 4) $$
$$ S_3 = 24(564) $$

Let's compute $24 \times 564$:
$$ 24 \times 564 = 24(500 + 60 + 4) $$
$$ = 12000 + 1440 + 96 $$
$$ = 13440 + 96 $$
$$ = 13536 $$

So, $x^6 + y^6 = 13536$.
This means:
$$ (\sqrt{7} + \sqrt{5})^6 + (\sqrt{7} - \sqrt{5})^6 = 13536 $$
$$ (\sqrt{7} + \sqrt{5})^6 = 13536 - (\sqrt{7} - \sqrt{5})^6 $$

Now we need to estimate the value of $y^6 = (\sqrt{7} - \sqrt{5})^6$.
First, estimate $\sqrt{7} - \sqrt{5}$.
We know $\sqrt{7} \approx 2.646$ and $\sqrt{5} \approx 2.236$.
$$ \sqrt{7} - \sqrt{5} \approx 2.646 - 2.236 = 0.41 $$
More precisely, let's bound it.
$2.6 < \sqrt{7} < 2.7$ and $2.2 < \sqrt{5} < 2.3$.
Actually, $\sqrt{7} \approx 2.6457$ and $\sqrt{5} \approx 2.2361$.
Difference $\approx 0.4096$.

Let's check if $y < 1$.
$\sqrt{7} < \sqrt{9} = 3$ and $\sqrt{5} > \sqrt{4} = 2$, so $\sqrt{7} - \sqrt{5} < 3 - 2 = 1$.
Also $\sqrt{7} > 2.6$ and $\sqrt{5} < 2.24$ (since $2.24^2 = 5.0176 > 5$), so $\sqrt{7} - \sqrt{5} > 2.6 - 2.24 = 0.36$.
So $0.36 < y < 1$.
Therefore, $0 < y^6 < 1$.

Let's get a tighter bound to ensure $y^6$ is not extremely close to 1 or 0 in a way that affects the integer part, although since $y < 0.5$, $y^6 < (0.5)^6 = \frac{1}{64} \approx 0.015$.
Let's verify $y < 0.5$.
$y = \sqrt{7} - \sqrt{5}$.
Is $\sqrt{7} - \sqrt{5} < 0.5$?
$\sqrt{7} < \sqrt{5} + 0.5$
Square both sides:
$7 < 5 + \sqrt{5} + 0.25$
$7 < 5.25 + \sqrt{5}$
$1.75 < \sqrt{5}$
Square again:
$1.75^2 = (7/4)^2 = 49/16 = 3.0625$.
Since $3.0625 < 5$, the inequality holds.
So $y < 0.5$.
Consequently, $y^6 < (0.5)^6 = \frac{1}{64} \approx 0.0156$.

So, we have:
$$ (\sqrt{7} + \sqrt{5})^6 = 13536 - y^6 $$
Since $0 < y^6 < 0.0156$,
$$ 13536 - 0.0156 < (\sqrt{7} + \sqrt{5})^6 < 13536 $$
$$ 13535.9844 < (\sqrt{7} + \sqrt{5})^6 < 13536 $$

The greatest integer less than $(\sqrt{7} + \sqrt{5})^6$ is the floor of this value.
$\lfloor (\sqrt{7} + \sqrt{5})^6 \rfloor = 13535$.

The question asks for the ""greatest integer less than"" the number. This is equivalent to $\lfloor x \rfloor$ if $x$ is not an integer, or $x-1$ if $x$ is an integer. Since $(\sqrt{7} + \sqrt{5})^6$ is not an integer (it is $13536 - \epsilon$), the greatest integer strictly less than it is $13535$.

Answer: 13535

\boxed{13535}",$13535$,"['13535', '13535']","['13535', '13535']",True
"To find the value of $x$, we need to set up equations based on the information provided about Denali's and Nate's pay.

**1. Define Variables and Pay Structure**

Let $D$ be the number of dogs Denali walks.
Let $N$ be the number of dogs Nate walks.
Let $k$ be the pay per dog. Since they are paid for each dog they walk, their total pay is proportional to the number of dogs.

*   Denali's initial pay: $P_D = k \cdot D$
*   Nate's initial pay: $P_N = k \cdot N$

The ratio of Denali's pay to Nate's pay is:
$$ \frac{P_D}{P_N} = \frac{k \cdot D}{k \cdot N} = \frac{D}{N} $$

Initially, $D = 16$ and $N = 12$. So the initial ratio is $\frac{16}{12} = \frac{4}{3}$. However, the problem states that the ratio *would be the same* under two specific hypothetical scenarios. It does not necessarily mean the ratio is equal to the initial ratio, but rather that the ratio in Scenario 1 is equal to the ratio in Scenario 2. Let's re-read carefully: ""The ratio of Denali's pay to Nate's pay would be the same if [Scenario 1] or if [Scenario 2]."" This implies:
$$ \text{Ratio in Scenario 1} = \text{Ratio in Scenario 2} $$

**2. Analyze Scenario 1**

""Denali started walking $4x$ more dogs and Nate stayed at $12$ dogs.""

*   New number of dogs for Denali ($D_1$): $16 + 4x$
*   New number of dogs for Nate ($N_1$): $12$

The ratio of Denali's pay to Nate's pay in this scenario ($R_1$) is:
$$ R_1 = \frac{16 + 4x}{12} $$

**3. Analyze Scenario 2**

""$x$ of Nate's dogs were reassigned to Denali.""

*   New number of dogs for Denali ($D_2$): $16 + x$ (Denali gains $x$ dogs)
*   New number of dogs for Nate ($N_2$): $12 - x$ (Nate loses $x$ dogs)

The ratio of Denali's pay to Nate's pay in this scenario ($R_2$) is:
$$ R_2 = \frac{16 + x}{12 - x} $$

**4. Set Up the Equation**

The problem states that these two ratios are the same:
$$ R_1 = R_2 $$
$$ \frac{16 + 4x}{12} = \frac{16 + x}{12 - x} $$

**5. Solve for $x$**

First, simplify the left side if possible, or cross-multiply. Let's cross-multiply to eliminate fractions:
$$ (16 + 4x)(12 - x) = 12(16 + x) $$

Expand the left side:
$$ 16(12) - 16(x) + 4x(12) - 4x(x) = 192 - 16x + 48x - 4x^2 $$
$$ 192 + 32x - 4x^2 $$

Expand the right side:
$$ 12(16) + 12(x) = 192 + 12x $$

Set the expanded sides equal to each other:
$$ 192 + 32x - 4x^2 = 192 + 12x $$

Subtract 192 from both sides:
$$ 32x - 4x^2 = 12x $$

Rearrange the terms to form a quadratic equation equal to zero:
$$ 32x - 12x - 4x^2 = 0 $$
$$ 20x - 4x^2 = 0 $$

Factor out $4x$:
$$ 4x(5 - x) = 0 $$

This gives two possible solutions:
1.  $4x = 0 \implies x = 0$
2.  $5 - x = 0 \implies x = 5$

The problem states that $x \neq 0$. Therefore, we discard $x = 0$.

So, $x = 5$.

**6. Verification**

Let's check if $x = 5$ works.

*   **Scenario 1:**
    *   Denali's dogs: $16 + 4(5) = 16 + 20 = 36$
    *   Nate's dogs: $12$
    *   Ratio $R_1 = \frac{36}{12} = 3$

*   **Scenario 2:**
    *   Denali's dogs: $16 + 5 = 21$
    *   Nate's dogs: $12 - 5 = 7$
    *   Ratio $R_2 = \frac{21}{7} = 3$

Since $R_1 = R_2 = 3$, the solution is correct.

\boxed{5}",$5$,"['5', '5']","['5', '5']",True
"To find all values of $x$ that satisfy the equation $x = \sqrt{11-2x} + 4$, we will follow these steps:

### Step 1: Isolate the radical term
First, we move the constant term to the left side to isolate the square root:
$$ x - 4 = \sqrt{11-2x} $$

### Step 2: Determine the domain constraints
For the equation to have real solutions, two conditions must be met:
1. The expression inside the square root must be non-negative:
   $$ 11 - 2x \ge 0 \implies 2x \le 11 \implies x \le \frac{11}{2} = 5.5 $$
2. Since the square root function $\sqrt{11-2x}$ yields a non-negative result, the left side of the equation must also be non-negative:
   $$ x - 4 \ge 0 \implies x \ge 4 $$

Combining these, any valid solution must satisfy:
$$ 4 \le x \le 5.5 $$

### Step 3: Square both sides
Now, we square both sides of the equation to eliminate the square root:
$$ (x - 4)^2 = (\sqrt{11-2x})^2 $$
$$ x^2 - 8x + 16 = 11 - 2x $$

### Step 4: Solve the resulting quadratic equation
Rearrange the terms to form a standard quadratic equation $ax^2 + bx + c = 0$:
$$ x^2 - 8x + 2x + 16 - 11 = 0 $$
$$ x^2 - 6x + 5 = 0 $$

Factor the quadratic equation:
$$ (x - 5)(x - 1) = 0 $$

This gives two potential solutions:
$$ x = 5 \quad \text{or} \quad x = 1 $$

### Step 5: Verify the solutions
We must check these potential solutions against the original equation and the domain constraints derived in Step 2 ($4 \le x \le 5.5$).

**Check $x = 5$:**
- Domain check: $4 \le 5 \le 5.5$ (Valid)
- Substitute into the original equation:
  $$ \text{LHS} = 5 $$
  $$ \text{RHS} = \sqrt{11 - 2(5)} + 4 = \sqrt{11 - 10} + 4 = \sqrt{1} + 4 = 1 + 4 = 5 $$
  $$ \text{LHS} = \text{RHS} $$
  So, $x = 5$ is a valid solution.

**Check $x = 1$:**
- Domain check: $1 < 4$ (Invalid, as $x$ must be $\ge 4$)
- Substitute into the original equation to see why it fails:
  $$ \text{LHS} = 1 $$
  $$ \text{RHS} = \sqrt{11 - 2(1)} + 4 = \sqrt{9} + 4 = 3 + 4 = 7 $$
  $$ 1 \neq 7 $$
  So, $x = 1$ is an extraneous solution.

### Conclusion
The only value of $x$ that satisfies the equation is $5$.

\boxed{5}",$x=5$,"['5', '5']","['Eq(x, 5)', 'x=5']",True
"To find the minimal compound interest rate, we need to model the future value of the savings account.

**1. Understand the Cash Flow**
The worker deposits $\$20,000$ at the end of each year. This is an ordinary annuity.
- Deposit 1: End of Year 1
- Deposit 2: End of Year 2
- Deposit 3: End of Year 3

Let $r$ be the annual compound interest rate (expressed as a decimal).
Let $P = 20,000$ be the annual deposit.
Let $FV$ be the future value of the account at the end of Year 3.

**2. Calculate the Future Value of Each Deposit**
- The first deposit is made at the end of Year 1. It earns interest for 2 years (during Year 2 and Year 3).
  $$FV_1 = 20,000(1+r)^2$$
- The second deposit is made at the end of Year 2. It earns interest for 1 year (during Year 3).
  $$FV_2 = 20,000(1+r)^1$$
- The third deposit is made at the end of Year 3. It earns interest for 0 years.
  $$FV_3 = 20,000(1+r)^0 = 20,000$$

**3. Set Up the Equation**
The total amount in the account at the end of Year 3 is the sum of the future values of the individual deposits. We want this total to be at least $\$66,200$. To find the *minimal* rate, we set the total equal to $\$66,200$.

$$20,000(1+r)^2 + 20,000(1+r) + 20,000 = 66,200$$

**4. Solve for $r$**
First, divide the entire equation by $20,000$ to simplify:

$$(1+r)^2 + (1+r) + 1 = \frac{66,200}{20,000}$$

Calculate the right-hand side:
$$\frac{66,200}{20,000} = \frac{662}{200} = 3.31$$

So, the equation becomes:
$$(1+r)^2 + (1+r) + 1 = 3.31$$

Let $x = 1+r$. The equation is now a quadratic equation in terms of $x$:
$$x^2 + x + 1 = 3.31$$
$$x^2 + x - 2.31 = 0$$

Use the quadratic formula to solve for $x$:
$$x = \frac{-b \pm \sqrt{b^2 - 4ac}}{2a}$$
Here, $a = 1$, $b = 1$, and $c = -2.31$.

$$x = \frac{-1 \pm \sqrt{1^2 - 4(1)(-2.31)}}{2}$$
$$x = \frac{-1 \pm \sqrt{1 + 9.24}}{2}$$
$$x = \frac{-1 \pm \sqrt{10.24}}{2}$$

Calculate $\sqrt{10.24}$:
Since $3.2^2 = 10.24$, $\sqrt{10.24} = 3.2$.

$$x = \frac{-1 \pm 3.2}{2}$$

This gives two possible solutions for $x$:
1. $x_1 = \frac{-1 + 3.2}{2} = \frac{2.2}{2} = 1.1$
2. $x_2 = \frac{-1 - 3.2}{2} = \frac{-4.2}{2} = -2.1$

Since $x = 1+r$ and the interest rate $r$ must be greater than $-1$ (and typically positive for savings accounts), we discard the negative solution.
So, $x = 1.1$.

Now, solve for $r$:
$$1 + r = 1.1$$
$$r = 0.1$$

**5. Convert to Percentage**
The interest rate $r$ is $0.1$. To express this as a percentage:
$$0.1 \times 100\% = 10\%$$

The question asks for the answer as a percentage without the percent sign.

Answer: 10

\boxed{10}",$10$,"['10', '10']","['10', '10']",True
"To find all integers $n$ such that $f(n) = n$, we first need to determine the explicit form of the function $f(x)$ using the given functional equation:
\[ f(x) + f(y) = f(x + y) - xy - 1 \]
for all real numbers $x$ and $y$.

### Step 1: Determine the form of $f(x)$

Let's substitute specific values to find properties of $f(x)$.

**Find $f(0)$:**
Set $x = 0$ and $y = 0$ in the equation:
\[ f(0) + f(0) = f(0 + 0) - 0 \cdot 0 - 1 \]
\[ 2f(0) = f(0) - 1 \]
\[ f(0) = -1 \]

**Find a general expression for $f(x)$:**
The term $-xy$ suggests that $f(x)$ might be a quadratic polynomial. Let's assume $f(x) = ax^2 + bx + c$.
We already know $f(0) = -1$, so substituting $x=0$ into the polynomial gives $c = -1$.
So, $f(x) = ax^2 + bx - 1$.

Let's substitute this form into the original functional equation to determine $a$ and $b$.
LHS:
\[ f(x) + f(y) = (ax^2 + bx - 1) + (ay^2 + by - 1) = a(x^2 + y^2) + b(x + y) - 2 \]

RHS:
\[ f(x + y) - xy - 1 = a(x + y)^2 + b(x + y) - 1 - xy - 1 \]
\[ = a(x^2 + 2xy + y^2) + b(x + y) - 2 - xy \]
\[ = a(x^2 + y^2) + 2axy + b(x + y) - xy - 2 \]

Equating LHS and RHS:
\[ a(x^2 + y^2) + b(x + y) - 2 = a(x^2 + y^2) + 2axy + b(x + y) - xy - 2 \]

Subtract $a(x^2 + y^2) + b(x + y) - 2$ from both sides:
\[ 0 = 2axy - xy \]
\[ 0 = xy(2a - 1) \]

For this to hold for all real numbers $x$ and $y$, we must have:
\[ 2a - 1 = 0 \implies a = \frac{1}{2} \]

So far, $f(x) = \frac{1}{2}x^2 + bx - 1$.

**Use the condition $f(1) = 1$ to find $b$:**
\[ f(1) = \frac{1}{2}(1)^2 + b(1) - 1 = 1 \]
\[ \frac{1}{2} + b - 1 = 1 \]
\[ b - \frac{1}{2} = 1 \]
\[ b = \frac{3}{2} \]

Thus, the function is:
\[ f(x) = \frac{1}{2}x^2 + \frac{3}{2}x - 1 \]

Let's verify this solution.
LHS: $f(x) + f(y) = \frac{1}{2}x^2 + \frac{3}{2}x - 1 + \frac{1}{2}y^2 + \frac{3}{2}y - 1 = \frac{1}{2}(x^2+y^2) + \frac{3}{2}(x+y) - 2$.
RHS: $f(x+y) - xy - 1 = \frac{1}{2}(x+y)^2 + \frac{3}{2}(x+y) - 1 - xy - 1$
$= \frac{1}{2}(x^2+2xy+y^2) + \frac{3}{2}(x+y) - 2 - xy$
$= \frac{1}{2}x^2 + xy + \frac{1}{2}y^2 + \frac{3}{2}(x+y) - 2 - xy$
$= \frac{1}{2}(x^2+y^2) + \frac{3}{2}(x+y) - 2$.
LHS = RHS. The function is correct.

### Step 2: Solve for integers $n$ such that $f(n) = n$

We set $f(n) = n$:
\[ \frac{1}{2}n^2 + \frac{3}{2}n - 1 = n \]

Multiply the entire equation by 2 to clear the denominators:
\[ n^2 + 3n - 2 = 2n \]

Rearrange into a standard quadratic equation form:
\[ n^2 + 3n - 2n - 2 = 0 \]
\[ n^2 + n - 2 = 0 \]

Factor the quadratic equation:
\[ (n + 2)(n - 1) = 0 \]

The solutions are:
\[ n = -2 \quad \text{or} \quad n = 1 \]

Both $-2$ and $1$ are integers.

### Step 3: Verification

Check $n = 1$:
$f(1) = \frac{1}{2}(1)^2 + \frac{3}{2}(1) - 1 = \frac{1}{2} + \frac{3}{2} - 1 = 2 - 1 = 1$.
Since $f(1) = 1$, this is a solution.

Check $n = -2$:
$f(-2) = \frac{1}{2}(-2)^2 + \frac{3}{2}(-2) - 1 = \frac{1}{2}(4) - 3 - 1 = 2 - 3 - 1 = -2$.
Since $f(-2) = -2$, this is a solution.

### Conclusion

The integers $n$ such that $f(n) = n$ are $-2$ and $1$.

\boxed{-2, 1}","$1,-2$","['{-2, 1}', '-2, 1']","['{-2, 1}', '1,-2']",True
"To solve the problem of finding the number of ways 7 people can sit around a round table such that no two of the 3 specific people (Pierre, Rosa, and Thomas) sit next to each other, we can use the method of **complementary counting** or the **gap method**. The gap method is often more direct for ""no two adjacent"" constraints in circular permutations.

### Step 1: Understand the Setup
- Total people: $7$
- Specific people (let's call them Group A): Pierre ($P$), Rosa ($R$), Thomas ($T$). There are $3$ people in this group.
- Other people (let's call them Group B): The remaining $7 - 3 = 4$ people. Let's call them $O_1, O_2, O_3, O_4$.
- Constraint: No two people from Group A can sit next to each other.
- Circular Permutation: Rotations are considered identical.

### Step 2: Arrange the ""Other"" People (Group B)
First, we arrange the 4 people from Group B around the round table.
The number of ways to arrange $n$ distinct items in a circle is $(n-1)!$.
So, the number of ways to arrange the 4 ""other"" people is:
$$ (4 - 1)! = 3! = 6 \text{ ways} $$

Let's visualize these 4 people sitting in a circle. This arrangement creates 4 distinct spaces or ""gaps"" between them where the people from Group A can be placed.
$$ \_ O_1 \_ O_2 \_ O_3 \_ O_4 \_ $$
(Note: In a circle, the gap after $O_4$ connects back to $O_1$.)

### Step 3: Place the Specific People (Group A) into the Gaps
To ensure that no two people from Group A sit next to each other, we must place each of the 3 people ($P, R, T$) into a separate gap among the 4 available gaps created by Group B.

1.  **Choose the gaps**: We need to choose 3 gaps out of the 4 available gaps. The number of ways to choose 3 gaps from 4 is given by the combination formula $\binom{n}{k}$:
    $$ \binom{4}{3} = 4 \text{ ways} $$

2.  **Arrange the people in the chosen gaps**: Once the 3 gaps are selected, we need to place Pierre, Rosa, and Thomas into these specific gaps. Since the people are distinct, the order matters. The number of ways to arrange 3 distinct people in 3 specific spots is $3!$:
    $$ 3! = 3 \times 2 \times 1 = 6 \text{ ways} $$

So, the total number of ways to place Group A into the gaps relative to a fixed arrangement of Group B is:
$$ \binom{4}{3} \times 3! = 4 \times 6 = 24 \text{ ways} $$

### Step 4: Calculate the Total Number of Arrangements
The total number of valid seating arrangements is the product of the number of ways to arrange Group B and the number of ways to place Group A into the gaps.

$$ \text{Total Ways} = (\text{Ways to arrange Group B}) \times (\text{Ways to place Group A}) $$
$$ \text{Total Ways} = 6 \times 24 $$

Let's compute the product:
$$ 6 \times 24 = 144 $$

### Alternative Method: Complementary Counting (Verification)
Total circular permutations of 7 people is $(7-1)! = 6! = 720$.

Let $S$ be the set of all arrangements.
Let $A$ be the property that $P$ and $R$ are adjacent.
Let $B$ be the property that $R$ and $T$ are adjacent.
Let $C$ be the property that $P$ and $T$ are adjacent.

We want to find the number of arrangements where none of these properties hold: $N(\text{None}) = |S| - |A \cup B \cup C|$.
Using the Principle of Inclusion-Exclusion:
$$ |A \cup B \cup C| = (|A| + |B| + |C|) - (|A \cap B| + |A \cap C| + |B \cap C|) + |A \cap B \cap C| $$

1.  **Calculate $|A|$ (P and R adjacent)**:
    Treat $(PR)$ as a single unit. We now have 6 units: $\{ (PR), T, O_1, O_2, O_3, O_4 \}$.
    Circular arrangements of 6 units: $(6-1)! = 120$.
    Internal arrangement of $(PR)$: $2! = 2$.
    $|A| = 120 \times 2 = 240$.
    Similarly, $|B| = 240$ and $|C| = 240$.
    Sum = $240 + 240 + 240 = 720$.

2.  **Calculate $|A \cap B|$ (P-R adjacent AND R-T adjacent)**:
    This implies the block is $(PRT)$ or $(TRP)$. Essentially, P, R, T are all together in a block of 3.
    Treat $\{P,R,T\}$ as a single unit. We have 5 units: $\{ (PRT), O_1, O_2, O_3, O_4 \}$.
    Circular arrangements of 5 units: $(5-1)! = 24$.
    Internal arrangements of P, R, T such that P-R and R-T are adjacent: The block must be $P-R-T$ or $T-R-P$. So, 2 internal arrangements.
    $|A \cap B| = 24 \times 2 = 48$.
    Similarly, $|A \cap C|$ (P-R and P-T adjacent $\rightarrow$ R-P-T or T-P-R) = 48.
    And $|B \cap C|$ (R-T and P-T adjacent $\rightarrow$ R-T-P or P-T-R) = 48.
    Sum = $48 + 48 + 48 = 144$.

3.  **Calculate $|A \cap B \cap C|$ (All pairs adjacent)**:
    This requires P, R, T to be mutually adjacent. In a linear arrangement of 3 people, only the middle person is adjacent to both others. In a circle of 3, everyone is adjacent to everyone. However, we are placing them into a larger circle. For P, R, T to be pairwise adjacent, they must form a contiguous block of 3.
    Wait, the condition ""P and R adjacent"", ""R and T adjacent"", ""P and T adjacent"" simultaneously means they form a triangle. In a linear seating of a subset, this is impossible unless they are the only 3 people. But here they are part of 7.
    Actually, $A \cap B \cap C$ means P is next to R, R is next to T, and P is next to T. This implies the three people sit together in a block of 3, e.g., $P-R-T$. In this block, P is next to R, R is next to T. Is P next to T? No, unless the block wraps around, which it doesn't in the context of the larger circle unless $N=3$.
    Let's re-evaluate.
    $A$: P next to R.
    $B$: R next to T.
    $C$: P next to T.
    If P is next to R and R is next to T, the sequence is $P-R-T$ or $T-R-P$. In $P-R-T$, P is NOT next to T (unless there are only 3 people). So $A \cap B$ does not imply $C$.
    Therefore, $A \cap B \cap C$ is the set of arrangements where P is next to R, R is next to T, AND P is next to T. This is only possible if the three people occupy 3 consecutive seats and the ""ends"" touch, which is impossible in a circle of 7 unless the other 4 people are squeezed out, which they aren't.
    Actually, let's look at the structure. If P, R, T are in a block $P-R-T$, P is adjacent to R, R is adjacent to T. P is adjacent to the person on the other side (say $O_1$). T is adjacent to the person on the other side (say $O_2$). P is not adjacent to T.
    So, is it possible for all three conditions to be true?
    Condition A: P, R neighbors.
    Condition B: R, T neighbors.
    Condition C: P, T neighbors.
    This requires P, R, T to form a clique of size 3 in the adjacency graph. In a simple cycle graph (the table), the maximum clique size is 2 (an edge). You cannot have 3 distinct nodes all pairwise adjacent in a simple cycle of length $>3$.
    Therefore, $|A \cap B \cap C| = 0$.

    So, $|A \cup B \cup C| = 720 - 144 + 0 = 576$.
    
    The number of arrangements with NO adjacent pairs from Group A is:
    $$ |S| - |A \cup B \cup C| = 720 - 576 = 144 $$

Both methods yield the same result.

### Conclusion
The number of ways 7 people can sit around a round table such that no two of Pierre, Rosa, and Thomas sit next to each other is 144.

\boxed{144}",$144$,"['144', '144']","['144', '144']",True
"To find the profit, we need to calculate the total revenue generated from selling the items and then subtract the total cost of baking them.

**Step 1: Calculate the revenue from cookies.**
The math club sold 54 cookies at a rate of 3 for $\$1$.
First, determine how many sets of 3 cookies were sold:
$$ \frac{54 \text{ cookies}}{3 \text{ cookies/set}} = 18 \text{ sets} $$
Since each set costs $\$1$, the revenue from cookies is:
$$ 18 \text{ sets} \times \$1/\text{set} = \$18 $$

**Step 2: Calculate the revenue from cupcakes.**
The math club sold 20 cupcakes at $\$2$ each.
$$ 20 \text{ cupcakes} \times \$2/\text{cupcake} = \$40 $$

**Step 3: Calculate the revenue from brownies.**
The math club sold 35 brownies at $\$1$ each.
$$ 35 \text{ brownies} \times \$1/\text{brownie} = \$35 $$

**Step 4: Calculate the total revenue.**
Add the revenue from all three items:
$$ \text{Total Revenue} = \$18 (\text{cookies}) + \$40 (\text{cupcakes}) + \$35 (\text{brownies}) $$
$$ \text{Total Revenue} = \$18 + \$40 + \$35 = \$93 $$

**Step 5: Calculate the profit.**
Profit is defined as Total Revenue minus Total Cost. The problem states that the cost to bake the items was $\$15$.
$$ \text{Profit} = \text{Total Revenue} - \text{Total Cost} $$
$$ \text{Profit} = \$93 - \$15 $$
$$ \text{Profit} = \$78 $$

The math club's profit was $\$78$.

\boxed{78}",$78$,"['78', '78']","['78', '78']",True
"To find the resulting complex number after a $90^\circ$ counter-clockwise rotation around the origin, we can use the properties of complex number multiplication.

### Step 1: Understand Rotation in the Complex Plane
Rotating a complex number $z$ by an angle $\theta$ counter-clockwise around the origin is equivalent to multiplying $z$ by $e^{i\theta}$.

For a rotation of $90^\circ$ (or $\frac{\pi}{2}$ radians), the multiplier is:
$$ e^{i\frac{\pi}{2}} = \cos\left(\frac{\pi}{2}\right) + i\sin\left(\frac{\pi}{2}\right) $$

We know that:
$$ \cos\left(\frac{\pi}{2}\right) = 0 $$
$$ \sin\left(\frac{\pi}{2}\right) = 1 $$

Therefore:
$$ e^{i\frac{\pi}{2}} = 0 + 1i = i $$

So, rotating a complex number by $90^\circ$ counter-clockwise is simply multiplying that number by $i$.

### Step 2: Apply the Rotation
The given complex number is $z = 7 + 2i$.
We multiply $z$ by $i$:
$$ z' = (7 + 2i) \cdot i $$

Distribute the $i$:
$$ z' = 7i + 2i^2 $$

Recall that $i^2 = -1$. Substitute this value into the equation:
$$ z' = 7i + 2(-1) $$
$$ z' = 7i - 2 $$

### Step 3: Format the Result
Standard form for a complex number is $a + bi$. Rearranging the terms:
$$ z' = -2 + 7i $$

### Alternative Geometric Check
A $90^\circ$ counter-clockwise rotation maps a point $(x, y)$ to $(-y, x)$.
The complex number $7 + 2i$ corresponds to the point $(7, 2)$.
Applying the transformation:
$$ (7, 2) \rightarrow (-2, 7) $$
This corresponds to the complex number $-2 + 7i$.

### Conclusion
The resulting complex number is $-2 + 7i$.

\boxed{-2 + 7i}",$-2 + 7i$,"['7*i - 2', '-2 + 7i']","['7*i - 2', '-2 + 7i']",True
"To determine the number of different battalions that can be sent, we need to calculate the number of ways to choose the required soldiers from the available pool for each class. This is a combination problem because the order in which the soldiers are selected does not matter.

**1. Calculate the number of ways to choose the upper class soldiers:**

*   Total available upper class soldiers ($n_U$) = 5
*   Required upper class soldiers ($k_U$) = 4

The number of ways to choose 4 soldiers from 5 is given by the combination formula $\binom{n}{k} = \frac{n!}{k!(n-k)!}$:

$$ \binom{5}{4} = \frac{5!}{4!(5-4)!} = \frac{5!}{4!1!} = \frac{5 \times 4 \times 3 \times 2 \times 1}{(4 \times 3 \times 2 \times 1) \times 1} = 5 $$

So, there are **5** ways to choose the upper class soldiers.

**2. Calculate the number of ways to choose the lower class soldiers:**

*   Total available lower class soldiers ($n_L$) = 10
*   Required lower class soldiers ($k_L$) = 8

The number of ways to choose 8 soldiers from 10 is:

$$ \binom{10}{8} = \frac{10!}{8!(10-8)!} = \frac{10!}{8!2!} $$

Using the property $\binom{n}{k} = \binom{n}{n-k}$, we know that $\binom{10}{8} = \binom{10}{2}$, which is easier to calculate:

$$ \binom{10}{2} = \frac{10 \times 9}{2 \times 1} = \frac{90}{2} = 45 $$

So, there are **45** ways to choose the lower class soldiers.

**3. Calculate the total number of different battalions:**

Since the choice of upper class soldiers and lower class soldiers are independent events, we multiply the number of ways for each class to find the total number of combinations:

$$ \text{Total Battalions} = (\text{Ways to choose Upper Class}) \times (\text{Ways to choose Lower Class}) $$
$$ \text{Total Battalions} = 5 \times 45 $$
$$ \text{Total Battalions} = 225 $$

**Conclusion:**

There are 225 different battalions that can be sent.

\boxed{225}",$225$,"['225', '225']","['225', '225']",True
"To find the product of $6_8 \cdot 7_8$ and express the answer in base $8$, we can follow these steps:

### Step 1: Convert the numbers from base 8 to base 10
The subscript $_8$ indicates that the numbers are in octal (base 8).
- The number $6_8$ represents the value $6$ in base 10.
- The number $7_8$ represents the value $7$ in base 10.

### Step 2: Perform the multiplication in base 10
Multiply the base 10 values:
$$ 6 \times 7 = 42 $$
So, the product in base 10 is $42_{10}$.

### Step 3: Convert the result from base 10 back to base 8
To convert $42_{10}$ to base 8, we divide by 8 and keep track of the remainders.

1. Divide 42 by 8:
   $$ 42 \div 8 = 5 \text{ with a remainder of } 2 $$
   ($5 \times 8 = 40$, and $42 - 40 = 2$)

2. The quotient is 5, which is less than 8, so we stop here. The digits of the base 8 number are the final quotient followed by the remainder.

   - The most significant digit is the quotient: $5$
   - The least significant digit is the remainder: $2$

Thus, $42_{10} = 52_8$.

### Verification
We can also perform the multiplication directly in base 8.
In base 8, the digits are $0, 1, 2, 3, 4, 5, 6, 7$.
$6 \times 7 = 42$ in decimal.
We need to represent $42$ in base 8.
$42 = 5 \times 8^1 + 2 \times 8^0$.
So, the digits are $5$ and $2$.
Therefore, $6_8 \cdot 7_8 = 52_8$.

\boxed{52_8}",$52_8$,"['52', '52_8']","['52', '52_8']",True
"To simplify the square root $\sqrt{242}$, we need to find the largest perfect square factor of 242.

**Step 1: Find the prime factorization of 242.**
First, we notice that 242 is an even number, so it is divisible by 2:
$$ 242 \div 2 = 121 $$

Next, we look at 121. We know that $11 \times 11 = 121$, so 121 is a perfect square ($11^2$).
Thus, the prime factorization of 242 is:
$$ 242 = 2 \times 11^2 $$

**Step 2: Apply the property of square roots.**
We can rewrite the square root using the factors found above:
$$ \sqrt{242} = \sqrt{121 \times 2} $$

Using the property $\sqrt{a \times b} = \sqrt{a} \times \sqrt{b}$, we get:
$$ \sqrt{242} = \sqrt{121} \times \sqrt{2} $$

**Step 3: Simplify the perfect square.**
Since $\sqrt{121} = 11$, we substitute this value back into the expression:
$$ \sqrt{242} = 11 \times \sqrt{2} $$

So, the simplified form is:
$$ 11\sqrt{2} $$

\boxed{11\sqrt{2}}",$11\sqrt2$,"['11*sqrt(2)', '11\\sqrt{2}']","['11*sqrt(2)', '11\\sqrt{2}']",True
