task_id,answer,gold
MATH-500/0,"To convert the point $(x, y) = (0, 3)$ from rectangular coordinates to polar coordinates $(r, \theta)$, we use the following relationships:

1.  $r = \sqrt{x^2 + y^2}$
2.  $\tan \theta = \frac{y}{x}$ (with adjustments based on the quadrant)

**Step 1: Calculate $r$**

Given $x = 0$ and $y = 3$:
$$ r = \sqrt{0^2 + 3^2} = \sqrt{9} = 3 $$
Since the problem requires $r > 0$, we have $r = 3$.

**Step 2: Calculate $\theta$**

The point $(0, 3)$ lies on the positive $y$-axis.
*   The angle corresponding to the positive $x$-axis is $0$.
*   The angle corresponding to the positive $y$-axis is $\frac{\pi}{2}$.
*   The angle corresponding to the negative $x$-axis is $\pi$.
*   The angle corresponding to the negative $y$-axis is $\frac{3\pi}{2}$.

Since the point is on the positive $y$-axis, the angle $\theta$ is $\frac{\pi}{2}$.

We must ensure that $0 \le \theta < 2\pi$.
$\frac{\pi}{2}$ satisfies this condition.

**Conclusion**

The polar coordinates are $(3, \frac{\pi}{2})$.

\boxed{(3, \frac{\pi}{2})}","$\left( 3, \frac{\pi}{2} \right)$"
MATH-500/1,"To find the value of the double sum
\[ S = \sum_{j = 1}^\infty \sum_{k = 1}^\infty \frac{1}{(j + k)^3} \]
in terms of $p = \sum_{k=1}^\infty \frac{1}{k^2}$ and $q = \sum_{k=1}^\infty \frac{1}{k^3}$, we will proceed by changing the order of summation and grouping terms based on the sum of the indices.

### Step 1: Change the Index of Summation

Let $n = j + k$. Since $j \ge 1$ and $k \ge 1$, the smallest possible value for $n$ is $1+1=2$. For a fixed integer $n \ge 2$, the possible pairs $(j, k)$ such that $j+k=n$ are:
\[ (1, n-1), (2, n-2), \dots, (n-1, 1) \]
There are exactly $n-1$ such pairs. For each pair, the term in the sum is $\frac{1}{(j+k)^3} = \frac{1}{n^3}$.

Thus, we can rewrite the double sum by summing over $n$ first:
\[ S = \sum_{n=2}^\infty \sum_{\substack{j,k \ge 1 \\ j+k=n}} \frac{1}{n^3} \]
Since there are $n-1$ terms for each $n$, this becomes:
\[ S = \sum_{n=2}^\infty \frac{n-1}{n^3} \]

### Step 2: Split the Sum

We can split the fraction $\frac{n-1}{n^3}$ into two parts:
\[ \frac{n-1}{n^3} = \frac{n}{n^3} - \frac{1}{n^3} = \frac{1}{n^2} - \frac{1}{n^3} \]
Substituting this back into the expression for $S$:
\[ S = \sum_{n=2}^\infty \left( \frac{1}{n^2} - \frac{1}{n^3} \right) \]
By linearity of convergent series, we can separate this into two sums:
\[ S = \sum_{n=2}^\infty \frac{1}{n^2} - \sum_{n=2}^\infty \frac{1}{n^3} \]

### Step 3: Relate to $p$ and $q$

Recall the definitions given in the problem:
\[ p = \sum_{k=1}^\infty \frac{1}{k^2} = 1 + \sum_{k=2}^\infty \frac{1}{k^2} \]
\[ q = \sum_{k=1}^\infty \frac{1}{k^3} = 1 + \sum_{k=2}^\infty \frac{1}{k^3} \]

From these definitions, we can express the sums starting from $n=2$ as:
\[ \sum_{n=2}^\infty \frac{1}{n^2} = p - 1 \]
\[ \sum_{n=2}^\infty \frac{1}{n^3} = q - 1 \]

### Step 4: Final Calculation

Substitute these expressions back into the equation for $S$:
\[ S = (p - 1) - (q - 1) \]
\[ S = p - 1 - q + 1 \]
\[ S = p - q \]

### Conclusion

The double sum can be written in terms of $p$ and $q$ as:
\[ \sum_{j = 1}^\infty \sum_{k = 1}^\infty \frac{1}{(j + k)^3} = p - q \]

\boxed{p - q}",$p - q$
MATH-500/2,"To find the value of $f(-2) + f(-1) + f(0)$ for the function $f(x) = \frac{3x-2}{x-2}$, we will evaluate the function at each of the specified points and then sum the results.

**Step 1: Evaluate $f(-2)$**

Substitute $x = -2$ into the function:
$$ f(-2) = \frac{3(-2) - 2}{-2 - 2} $$
$$ f(-2) = \frac{-6 - 2}{-4} $$
$$ f(-2) = \frac{-8}{-4} $$
$$ f(-2) = 2 $$

**Step 2: Evaluate $f(-1)$**

Substitute $x = -1$ into the function:
$$ f(-1) = \frac{3(-1) - 2}{-1 - 2} $$
$$ f(-1) = \frac{-3 - 2}{-3} $$
$$ f(-1) = \frac{-5}{-3} $$
$$ f(-1) = \frac{5}{3} $$

**Step 3: Evaluate $f(0)$**

Substitute $x = 0$ into the function:
$$ f(0) = \frac{3(0) - 2}{0 - 2} $$
$$ f(0) = \frac{0 - 2}{-2} $$
$$ f(0) = \frac{-2}{-2} $$
$$ f(0) = 1 $$

**Step 4: Sum the values**

Now, we add the three results together:
$$ f(-2) + f(-1) + f(0) = 2 + \frac{5}{3} + 1 $$

Combine the integers first:
$$ 2 + 1 = 3 $$

Add the fraction:
$$ 3 + \frac{5}{3} $$

To add these, convert 3 to a fraction with a denominator of 3:
$$ 3 = \frac{9}{3} $$

So,
$$ \frac{9}{3} + \frac{5}{3} = \frac{9 + 5}{3} = \frac{14}{3} $$

The result is already in simplest form as a common fraction.

\boxed{\frac{14}{3}}",$\frac{14}{3}$
MATH-500/3,"To find the number of positive whole-number divisors of 196, we can follow these steps:

### Step 1: Prime Factorization of 196

First, we determine the prime factorization of the number 196.

1.  Since 196 is an even number, we can divide it by 2:
    $$196 \div 2 = 98$$
2.  98 is also even, so we divide by 2 again:
    $$98 \div 2 = 49$$
3.  Now we have 49. We know that $49 = 7 \times 7$, or $7^2$.

So, the prime factorization of 196 is:
$$196 = 2 \times 2 \times 7 \times 7 = 2^2 \times 7^2$$

### Step 2: Use the Divisor Counting Formula

If the prime factorization of a number $n$ is given by $n = p_1^{e_1} \times p_2^{e_2} \times \dots \times p_k^{e_k}$, then the total number of positive divisors of $n$, denoted as $d(n)$, is calculated by multiplying the successors of the exponents:
$$d(n) = (e_1 + 1)(e_2 + 1)\dots(e_k + 1)$$

For $196 = 2^2 \times 7^2$:
- The exponent of the prime factor 2 is $2$.
- The exponent of the prime factor 7 is $2$.

Applying the formula:
$$d(196) = (2 + 1)(2 + 1)$$
$$d(196) = 3 \times 3$$
$$d(196) = 9$$

### Step 3: Verification by Listing Divisors

Let's list all the divisors to verify the result. The divisors are formed by combinations of the prime factors $2^0, 2^1, 2^2$ and $7^0, 7^1, 7^2$.

1.  $2^0 \times 7^0 = 1 \times 1 = 1$
2.  $2^1 \times 7^0 = 2 \times 1 = 2$
3.  $2^2 \times 7^0 = 4 \times 1 = 4$
4.  $2^0 \times 7^1 = 1 \times 7 = 7$
5.  $2^1 \times 7^1 = 2 \times 7 = 14$
6.  $2^2 \times 7^1 = 4 \times 7 = 28$
7.  $2^0 \times 7^2 = 1 \times 49 = 49$
8.  $2^1 \times 7^2 = 2 \times 49 = 98$
9.  $2^2 \times 7^2 = 4 \times 49 = 196$

The divisors are: 1, 2, 4, 7, 14, 28, 49, 98, 196.
Counting them, we find there are exactly 9 divisors.

### Conclusion

The number of positive whole-number divisors of 196 is 9.

\boxed{9}",$9$
MATH-500/4,"To determine which student has the greatest average speed, we need to analyze the relationship between distance and time as presented in the graph.

**1. Understand the Graph**
*   The horizontal axis (x-axis) represents **time**.
*   The vertical axis (y-axis) represents **distance**.
*   The average speed of a student is calculated as:
    $$ \text{Speed} = \frac{\text{Distance}}{\text{Time}} $$
*   Geometrically, on a distance-time graph, the speed corresponds to the slope of the line segment connecting the origin $(0,0)$ to the student's data point. A steeper slope indicates a higher speed. Alternatively, we can simply calculate the ratio $\frac{y}{x}$ for each point.

**2. Extract Data Points**
Let's estimate the coordinates $(t, d)$ for each student from the provided Asymptote code and visual representation:

*   **Evelyn**: The dot is at approximately $x = 1.25$ and $y = 4.5$.
*   **Briana**: The dot is at approximately $x = 2.5$ and $y = 2.2$.
*   **Carla**: The dot is at approximately $x = 4.25$ and $y = 5.2$.
*   **Debra**: The dot is at approximately $x = 5.6$ and $y = 2.8$.
*   **Angela**: The dot is at approximately $x = 6.8$ and $y = 1.4$.

**3. Calculate Average Speeds**
Now, we calculate the speed ($\frac{d}{t}$) for each student:

*   **Evelyn**:
    $$ \text{Speed} = \frac{4.5}{1.25} = 3.6 $$

*   **Briana**:
    $$ \text{Speed} = \frac{2.2}{2.5} = 0.88 $$

*   **Carla**:
    $$ \text{Speed} = \frac{5.2}{4.25} \approx 1.22 $$

*   **Debra**:
    $$ \text{Speed} = \frac{2.8}{5.6} = 0.5 $$

*   **Angela**:
    $$ \text{Speed} = \frac{1.4}{6.8} \approx 0.21 $$

**4. Compare the Results**
*   Evelyn: $3.6$
*   Briana: $0.88$
*   Carla: $\approx 1.22$
*   Debra: $0.5$
*   Angela: $\approx 0.21$

Evelyn has the highest value. Visually, this makes sense because her point is the highest up relative to its horizontal position (closest to the y-axis while being high on the y-axis), indicating she covered the most distance in the least amount of time.

**Conclusion**
Evelyn has the greatest average speed.

\boxed{Evelyn}",$\text{Evelyn}$
MATH-500/5,"To find the perimeter of the regular hexagon, we will follow these steps:

1.  **Determine the side length of the equilateral triangle.**
    The problem states that the regular hexagon is divided into six equilateral triangles. An equilateral triangle has three sides of equal length. Let $s$ be the side length of one of these triangles.
    
    The perimeter of one equilateral triangle is given as 21 inches. Therefore:
    $$3s = 21$$
    
    Solving for $s$:
    $$s = \frac{21}{3} = 7 \text{ inches}$$

2.  **Determine the side length of the regular hexagon.**
    A regular hexagon can be divided into six equilateral triangles by drawing lines from the center to each vertex. The sides of these triangles that form the boundary of the hexagon are the sides of the hexagon itself. Therefore, the side length of the regular hexagon is equal to the side length of the equilateral triangle.
    
    So, the side length of the hexagon is also $7$ inches.

3.  **Calculate the perimeter of the regular hexagon.**
    A regular hexagon has 6 equal sides. Let $P_{hex}$ be the perimeter of the hexagon.
    $$P_{hex} = 6 \times s$$
    $$P_{hex} = 6 \times 7$$
    $$P_{hex} = 42 \text{ inches}$$

**Conclusion:**
The perimeter of the regular hexagon is 42 inches.

\boxed{42}",$42$
MATH-500/6,"To find the smallest positive perfect cube that can be written as the sum of three consecutive integers, we will proceed with the following logical steps:

### Step 1: Express the sum of three consecutive integers algebraically

Let the three consecutive integers be $n-1$, $n$, and $n+1$, where $n$ is an integer.
The sum $S$ of these three integers is:
$$ S = (n-1) + n + (n+1) $$
$$ S = 3n $$

So, the sum of any three consecutive integers is always a multiple of 3.

### Step 2: Set the sum equal to a perfect cube

We are looking for a number that is both a perfect cube and equal to this sum. Let the perfect cube be $k^3$, where $k$ is a positive integer.
Therefore, we have the equation:
$$ k^3 = 3n $$

This implies that $k^3$ must be divisible by 3.

### Step 3: Determine the properties of $k$

If a perfect cube $k^3$ is divisible by a prime number $p$, then the base $k$ must also be divisible by $p$.
*   Proof: Let the prime factorization of $k$ be $p_1^{a_1} p_2^{a_2} \dots$. Then $k^3 = p_1^{3a_1} p_2^{3a_2} \dots$. For $k^3$ to be divisible by 3, the exponent of the prime factor 3 in the prime factorization of $k^3$ must be at least 1. Since the exponents in $k^3$ are multiples of 3, the smallest positive multiple of 3 is 3. This means the exponent of 3 in $k$ must be at least 1. Thus, $k$ is divisible by 3.

So, $k$ must be a multiple of 3. Let $k = 3m$ for some positive integer $m$.

### Step 4: Find the smallest positive integer $k$

We want the **smallest** positive perfect cube. This corresponds to the smallest positive integer $k$.
Since $k$ must be a multiple of 3, the possible values for $k$ are $3, 6, 9, \dots$.

The smallest positive value is $k = 3$.

### Step 5: Calculate the perfect cube and verify

Let's test $k = 3$:
$$ k^3 = 3^3 = 27 $$

Now, we check if 27 can be written as the sum of three consecutive integers.
From Step 1, we know the sum is $3n$. So:
$$ 27 = 3n $$
$$ n = 9 $$

The three consecutive integers are $n-1, n, n+1$, which are:
$$ 8, 9, 10 $$

Let's verify the sum:
$$ 8 + 9 + 10 = 27 $$

Since $27 = 3^3$, it is a perfect cube.
Since $8, 9, 10$ are consecutive integers, the condition is satisfied.

Is there a smaller positive perfect cube?
The positive perfect cubes are $1^3=1$, $2^3=8$, $3^3=27$, etc.
*   $1$: Is $1$ divisible by 3? No. ($1 = 3n \implies n=1/3$, not an integer).
*   $8$: Is $8$ divisible by 3? No. ($8 = 3n \implies n=8/3$, not an integer).
*   $27$: Is $27$ divisible by 3? Yes. ($27 = 3n \implies n=9$, an integer).

Thus, 27 is the smallest.

### Conclusion

The smallest positive perfect cube that can be written as the sum of three consecutive integers is 27.

\boxed{27}",$27$
MATH-500/7,"To find the angle between two lines in 3D space, we need to determine their direction vectors and then use the dot product formula.

### Step 1: Determine the direction vector of the first line

The first line is defined by the equation:
\[ 2x = 3y = -z \]

Let this common value be equal to a parameter $t$.
\[ 2x = t \implies x = \frac{t}{2} \]
\[ 3y = t \implies y = \frac{t}{3} \]
\[ -z = t \implies z = -t \]

So, the position vector $\mathbf{r}_1$ for any point on this line can be written as:
\[ \mathbf{r}_1 = \left( \frac{1}{2}, \frac{1}{3}, -1 \right) t \]

The direction vector $\mathbf{v}_1$ is the coefficient of $t$:
\[ \mathbf{v}_1 = \left( \frac{1}{2}, \frac{1}{3}, -1 \right) \]

To make calculations easier, we can scale this vector by the least common multiple of the denominators (which is 6) to get an integer vector parallel to $\mathbf{v}_1$. Let's call this scaled vector $\mathbf{u}_1$:
\[ \mathbf{u}_1 = 6 \cdot \left( \frac{1}{2}, \frac{1}{3}, -1 \right) = (3, 2, -6) \]

### Step 2: Determine the direction vector of the second line

The second line is defined by the equation:
\[ 6x = -y = -4z \]

Let this common value be equal to a parameter $s$.
\[ 6x = s \implies x = \frac{s}{6} \]
\[ -y = s \implies y = -s \]
\[ -4z = s \implies z = -\frac{s}{4} \]

So, the position vector $\mathbf{r}_2$ for any point on this line can be written as:
\[ \mathbf{r}_2 = \left( \frac{1}{6}, -1, -\frac{1}{4} \right) s \]

The direction vector $\mathbf{v}_2$ is the coefficient of $s$:
\[ \mathbf{v}_2 = \left( \frac{1}{6}, -1, -\frac{1}{4} \right) \]

Similarly, we can scale this vector to eliminate fractions. The least common multiple of the denominators 6 and 4 is 12. Let's call this scaled vector $\mathbf{u}_2$:
\[ \mathbf{u}_2 = 12 \cdot \left( \frac{1}{6}, -1, -\frac{1}{4} \right) = (2, -12, -3) \]

### Step 3: Calculate the angle between the direction vectors

The angle $\theta$ between two lines is given by the angle between their direction vectors. The formula for the cosine of the angle $\theta$ between two vectors $\mathbf{u}_1$ and $\mathbf{u}_2$ is:
\[ \cos \theta = \frac{|\mathbf{u}_1 \cdot \mathbf{u}_2|}{\|\mathbf{u}_1\| \|\mathbf{u}_2\|} \]
Note: We take the absolute value of the dot product because the angle between two lines is typically defined as the acute angle (between $0^\circ$ and $90^\circ$).

**1. Calculate the dot product $\mathbf{u}_1 \cdot \mathbf{u}_2$:**
\[ \mathbf{u}_1 = (3, 2, -6) \]
\[ \mathbf{u}_2 = (2, -12, -3) \]
\[ \mathbf{u}_1 \cdot \mathbf{u}_2 = (3)(2) + (2)(-12) + (-6)(-3) \]
\[ \mathbf{u}_1 \cdot \mathbf{u}_2 = 6 - 24 + 18 \]
\[ \mathbf{u}_1 \cdot \mathbf{u}_2 = 0 \]

**2. Interpret the result:**
Since the dot product is 0, the vectors are orthogonal (perpendicular).
\[ \cos \theta = 0 \]
\[ \theta = 90^\circ \]

Even though we don't need to calculate the magnitudes since the numerator is zero, for completeness:
\[ \|\mathbf{u}_1\| = \sqrt{3^2 + 2^2 + (-6)^2} = \sqrt{9 + 4 + 36} = \sqrt{49} = 7 \]
\[ \|\mathbf{u}_2\| = \sqrt{2^2 + (-12)^2 + (-3)^2} = \sqrt{4 + 144 + 9} = \sqrt{157} \]
\[ \cos \theta = \frac{0}{7\sqrt{157}} = 0 \]

### Conclusion

The dot product of the direction vectors is zero, which means the lines are perpendicular. Therefore, the angle between them is $90^\circ$.

\boxed{90}",$90^\circ$
MATH-500/8,"To find the distance between two points $(x_1, y_1)$ and $(x_2, y_2)$ in a coordinate plane, we use the distance formula:

$$ d = \sqrt{(x_2 - x_1)^2 + (y_2 - y_1)^2} $$

**Step 1: Identify the coordinates of the points.**
Let $(x_1, y_1) = (2, -6)$ and $(x_2, y_2) = (-4, 3)$.

**Step 2: Substitute the coordinates into the distance formula.**
$$ d = \sqrt{(-4 - 2)^2 + (3 - (-6))^2} $$

**Step 3: Simplify the expressions inside the parentheses.**
$$ x_2 - x_1 = -4 - 2 = -6 $$
$$ y_2 - y_1 = 3 - (-6) = 3 + 6 = 9 $$

So, the equation becomes:
$$ d = \sqrt{(-6)^2 + (9)^2} $$

**Step 4: Square the differences.**
$$ (-6)^2 = 36 $$
$$ (9)^2 = 81 $$

So, the equation becomes:
$$ d = \sqrt{36 + 81} $$

**Step 5: Add the numbers inside the square root.**
$$ d = \sqrt{117} $$

**Step 6: Simplify the radical.**
To express the answer in simplest radical form, we need to find the largest perfect square factor of 117.
The factors of 117 are 1, 3, 9, 13, 39, 117.
The largest perfect square factor is 9.

We can rewrite 117 as $9 \times 13$:
$$ d = \sqrt{9 \times 13} $$

Using the property $\sqrt{a \cdot b} = \sqrt{a} \cdot \sqrt{b}$:
$$ d = \sqrt{9} \cdot \sqrt{13} $$
$$ d = 3\sqrt{13} $$

The distance between the points is $3\sqrt{13}$.

\boxed{3\sqrt{13}}",$3\sqrt{13}$
MATH-500/9,"To determine how many distinct values can be obtained from the expression $2 \cdot 3 \cdot 4 \cdot 5 + 1$ by inserting parentheses, we must analyze all possible ways to parenthesize the expression.

The expression consists of four numbers ($2, 3, 4, 5$) connected by multiplication operators, followed by an addition of $1$. The structure is essentially a sequence of operations on the numbers $2, 3, 4, 5$ and then adding $1$. However, the parentheses can change the order of operations between the multiplications and the addition.

Let the expression be $E = 2 \cdot 3 \cdot 4 \cdot 5 + 1$.
The operators are $\cdot, \cdot, \cdot, +$.
The numbers are $2, 3, 4, 5, 1$.

Since multiplication is associative, the grouping of purely multiplicative terms does not change their product. For example, $(2 \cdot 3) \cdot 4 = 2 \cdot (3 \cdot 4) = 24$. The critical factor is where the addition operator $+$ is applied relative to the multiplications. The addition can only happen after some subset of the multiplications have been evaluated, or it can be part of a larger multiplicative term.

Let's break down the possible structures based on the position of the addition. The expression can be viewed as a binary tree where the leaves are the numbers $2, 3, 4, 5, 1$ and the internal nodes are operators. The last operation performed must be either a multiplication or an addition.

**Case 1: The last operation is Addition.**
This means the expression is of the form $A + B$, where $A$ is a product of some prefix of $\{2, 3, 4, 5\}$ and $B$ is the remaining part. However, since the $+1$ is at the end, the structure is effectively $(\text{Product of some subset of } \{2,3,4,5\}) + (\text{Product of the rest combined with 1?})$.
Actually, let's look at the standard interpretation of inserting parentheses into $2 \cdot 3 \cdot 4 \cdot 5 + 1$.
The operators are fixed in position: $2 \cdot 3 \cdot 4 \cdot 5 + 1$.
We can insert parentheses to change the order.
The possible ""split points"" for the final operation are:
1.  The final operation is $+$. This implies the expression is $X + Y$. Since the $+$ is between $5$ and $1$, $Y$ must involve $1$. But wait, the $+$ is specifically between the term ending in 5 and the term 1.
    Let's re-evaluate. The expression is a string of tokens: $2, \cdot, 3, \cdot, 4, \cdot, 5, +, 1$.
    Parentheses can group these tokens.
    
    Let's consider the possible values by analyzing the structure of the expression tree. The root of the tree can be either the last multiplication or the addition.

    **Scenario A: The root is the Addition ($+$).**
    This means the expression is evaluated as $(\text{Expression involving } 2,3,4,5) + 1$.
    The sub-expression involving $2,3,4,5$ consists only of multiplications. Since multiplication is associative, any parenthesization of $2 \cdot 3 \cdot 4 \cdot 5$ results in the same value:
    $2 \cdot 3 \cdot 4 \cdot 5 = 120$.
    So, one possible value is $120 + 1 = 121$.
    *Value 1: 121*

    **Scenario B: The root is a Multiplication ($\cdot$).**
    This means the expression is of the form $A \cdot B$.
    The operators are $\cdot, \cdot, \cdot, +$.
    The last operation being a multiplication implies that the addition $+1$ is contained within one of the operands $A$ or $B$.
    
    Let's look at the possible splits for the final multiplication. The expression has three multiplication signs. Let's denote the positions of the multiplications as $m_1$ (between 2 and 3), $m_2$ (between 3 and 4), $m_3$ (between 4 and 5). The addition is after 5.
    
    The possible final multiplications are:
    
    1.  **Final op is $m_3$ (between 4 and 5):**
        Structure: $(2 \cdot 3 \cdot 4) \cdot (5 + 1)$? No, the $+$ is after 5.
        The expression is $2 \cdot 3 \cdot 4 \cdot 5 + 1$.
        If the last operation is the multiplication between 4 and 5, the structure must be $(2 \cdot 3 \cdot 4) \cdot (5 + 1)$ is invalid because the $+$ is not between 4 and 5.
        Wait, let's look at the example given: $(2 \cdot (3 \cdot 4)) \cdot (5 + 1) = 144$.
        Here, the last operation is the multiplication between the group $(2 \cdot 3 \cdot 4)$ and the group $(5+1)$.
        Is this valid?
        Original: $2 \cdot 3 \cdot 4 \cdot 5 + 1$.
        Parenthesized: $(2 \cdot 3 \cdot 4) \cdot (5 + 1)$.
        This requires interpreting the string as $2 \cdot 3 \cdot 4 \cdot (5 + 1)$.
        Yes, we can insert parentheses around $5+1$.
        So, Value = $(2 \cdot 3 \cdot 4) \cdot (5 + 1) = 24 \cdot 6 = 144$.
        *Value 2: 144*

    2.  **Final op is $m_2$ (between 3 and 4):**
        Structure: $(2 \cdot 3) \cdot (4 \cdot 5 + 1)$?
        Let's check if this parenthesization is possible.
        We need to group $4 \cdot 5 + 1$.
        Expression: $2 \cdot 3 \cdot (4 \cdot 5 + 1)$.
        This is valid.
        Value = $6 \cdot (20 + 1) = 6 \cdot 21 = 126$.
        *Value 3: 126*
        
        Are there other ways to split at $m_2$?
        What about $(2 \cdot 3 \cdot 4) \dots$? No, the split is at the operator between 3 and 4.
        Left side: $2 \cdot 3$. Right side: $4 \cdot 5 + 1$.
        Could the right side be grouped differently?
        $4 \cdot (5 + 1)$?
        Expression: $2 \cdot 3 \cdot (4 \cdot (5 + 1))$.
        This is effectively the same as splitting at $m_3$ inside the right operand, but the *final* operation of the whole expression is still the multiplication between 3 and 4?
        Let's trace: $2 \cdot 3 \cdot (4 \cdot (5 + 1))$.
        Inner: $5+1=6$.
        Next: $4 \cdot 6 = 24$.
        Next: $3 \cdot 24 = 72$.
        Next: $2 \cdot 72 = 144$.
        This yields 144, which we already found. The ""final operation"" of the entire expression tree is the multiplication between 2 and 3? No.
        Let's define the ""final operation"" as the root of the expression tree.
        
        Let's systematically list all valid binary tree structures for the operands $2, 3, 4, 5, 1$ with operators $\cdot, \cdot, \cdot, +$ in that order.
        
        The operators are fixed in sequence: $op_1=\cdot, op_2=\cdot, op_3=\cdot, op_4=+$.
        The operands are $n_1=2, n_2=3, n_3=4, n_4=5, n_5=1$.
        
        We can choose any operator to be the root of the expression tree.
        
        **Root is $op_4$ (+):**
        Left child: Expression for $2,3,4,5$ with ops $\cdot,\cdot,\cdot$.
        Right child: $1$.
        Value: $(2 \cdot 3 \cdot 4 \cdot 5) + 1 = 120 + 1 = 121$.
        
        **Root is $op_3$ ($\cdot$ between 4 and 5):**
        Left child: Expression for $2,3,4$ with ops $\cdot,\cdot$.
        Right child: Expression for $5,1$ with op $+$.
        Left Value: $2 \cdot 3 \cdot 4 = 24$.
        Right Value: $5 + 1 = 6$.
        Total Value: $24 \cdot 6 = 144$.
        
        **Root is $op_2$ ($\cdot$ between 3 and 4):**
        Left child: Expression for $2,3$ with op $\cdot$.
        Right child: Expression for $4,5,1$ with ops $\cdot,+$.
        Left Value: $2 \cdot 3 = 6$.
        Right Child possibilities for $4 \cdot 5 + 1$:
        a) Root is $+$: $(4 \cdot 5) + 1 = 20 + 1 = 21$.
           Total Value: $6 \cdot 21 = 126$.
        b) Root is $\cdot$ (between 4 and 5): $4 \cdot (5 + 1) = 4 \cdot 6 = 24$.
           Total Value: $6 \cdot 24 = 144$. (Duplicate)
           
        **Root is $op_1$ ($\cdot$ between 2 and 3):**
        Left child: $2$.
        Right child: Expression for $3,4,5,1$ with ops $\cdot,\cdot,+$.
        Right Child possibilities for $3 \cdot 4 \cdot 5 + 1$:
        We need to evaluate all parenthesizations of $3 \cdot 4 \cdot 5 + 1$.
        Let $E' = 3 \cdot 4 \cdot 5 + 1$.
        
        Sub-case 1: Root of $E'$ is $+$ (between 5 and 1).
        Value: $(3 \cdot 4 \cdot 5) + 1 = 60 + 1 = 61$.
        Total Value: $2 \cdot 61 = 122$.
        
        Sub-case 2: Root of $E'$ is $\cdot$ (between 4 and 5).
        Left: $3 \cdot 4 = 12$.
        Right: $5 + 1 = 6$.
        Value: $12 \cdot 6 = 72$.
        Total Value: $2 \cdot 72 = 144$. (Duplicate)
        
        Sub-case 3: Root of $E'$ is $\cdot$ (between 3 and 4).
        Left: $3$.
        Right: Expression for $4,5,1$ with ops $\cdot,+$.
        Right possibilities for $4 \cdot 5 + 1$:
        a) Root $+$: $(4 \cdot 5) + 1 = 21$.
           Value: $3 \cdot 21 = 63$.
           Total Value: $2 \cdot 63 = 126$. (Duplicate)
        b) Root $\cdot$: $4 \cdot (5 + 1) = 24$.
           Value: $3 \cdot 24 = 72$.
           Total Value: $2 \cdot 72 = 144$. (Duplicate)

    Let's summarize the unique values found:
    1.  From Root $op_4$: **121**
    2.  From Root $op_3$: **144**
    3.  From Root $op_2$, Right child Root $+$: **126**
    4.  From Root $op_1$, Right child Root $+$: **122**
    
    Let's double check if there are any other structures.
    The possible roots are the 4 operators.
    
    -   **Root $+$**:
        $ (2 \cdot 3 \cdot 4 \cdot 5) + 1 = 121 $.
        
    -   **Root $\cdot$ (last mult, between 4 and 5)**:
        $ (2 \cdot 3 \cdot 4) \cdot (5 + 1) = 24 \cdot 6 = 144 $.
        
    -   **Root $\cdot$ (middle mult, between 3 and 4)**:
        $ (2 \cdot 3) \cdot (4 \cdot 5 + 1) $.
        The term $(4 \cdot 5 + 1)$ can be:
        -   $(4 \cdot 5) + 1 = 21 \implies 6 \cdot 21 = 126$.
        -   $4 \cdot (5 + 1) = 24 \implies 6 \cdot 24 = 144$.
        
    -   **Root $\cdot$ (first mult, between 2 and 3)**:
        $ 2 \cdot (3 \cdot 4 \cdot 5 + 1) $.
        The term $(3 \cdot 4 \cdot 5 + 1)$ can be:
        -   $(3 \cdot 4 \cdot 5) + 1 = 61 \implies 2 \cdot 61 = 122$.
        -   $(3 \cdot 4) \cdot (5 + 1) = 12 \cdot 6 = 72 \implies 2 \cdot 72 = 144$.
        -   $3 \cdot (4 \cdot 5 + 1)$.
            -   $3 \cdot ((4 \cdot 5) + 1) = 3 \cdot 21 = 63 \implies 2 \cdot 63 = 126$.
            -   $3 \cdot (4 \cdot (5 + 1)) = 3 \cdot 24 = 72 \implies 2 \cdot 72 = 144$.

    So the set of values is $\{121, 144, 126, 122\}$.
    
    Let's verify if any other interpretations exist.
    Could we have something like $2 \cdot (3 \cdot (4 \cdot 5 + 1))$?
    This falls under Root $\cdot$ (between 2 and 3).
    Right child is $3 \cdot (4 \cdot 5 + 1)$.
    Inside right child, root is $\cdot$ (between 3 and 4).
    Right sub-child is $4 \cdot 5 + 1$.
    If $4 \cdot 5 + 1$ is $(4 \cdot 5) + 1 = 21$, then $3 \cdot 21 = 63$, then $2 \cdot 63 = 126$.
    If $4 \cdot 5 + 1$ is $4 \cdot (5 + 1) = 24$, then $3 \cdot 24 = 72$, then $2 \cdot 72 = 144$.
    These are already counted.

    Are there any other groupings?
    What about $(2 \cdot 3) \cdot 4 \cdot (5 + 1)$?
    This is $6 \cdot 4 \cdot 6 = 144$.
    Structure: Root is $\cdot$ (between 4 and 5? No, between 4 and the group $5+1$? No, the operators are fixed).
    Let's trace $(2 \cdot 3) \cdot 4 \cdot (5 + 1)$.
    This implies the expression is $((2 \cdot 3) \cdot 4) \cdot (5 + 1)$.
    Root is the multiplication between 4 and $(5+1)$. This is the ""Root $\cdot$ (between 4 and 5)"" case.
    Left child: $(2 \cdot 3) \cdot 4 = 24$.
    Right child: $5 + 1 = 6$.
    Result: 144. Already counted.

    What about $2 \cdot (3 \cdot 4) \cdot (5 + 1)$?
    Same as above, just different internal grouping of the left side. Result 144.

    What about $2 \cdot 3 \cdot (4 \cdot (5 + 1))$?
    Root is $\cdot$ (between 3 and 4).
    Left: $2 \cdot 3 = 6$.
    Right: $4 \cdot (5 + 1) = 24$.
    Result: $6 \cdot 24 = 144$. Already counted.

    What about $(2 \cdot 3 \cdot 4 \cdot 5) + 1$?
    Result 121. Already counted.

    What about $2 \cdot (3 \cdot (4 \cdot 5 + 1))$?
    Root $\cdot$ (2,3).
    Right: $3 \cdot (4 \cdot 5 + 1)$.
    If $4 \cdot 5 + 1 = 21$, Right = 63. Total = 126.
    If $4 \cdot 5 + 1 = 24$, Right = 72. Total = 144.
    Already counted.

    What about $2 \cdot ((3 \cdot 4 \cdot 5) + 1)$?
    Root $\cdot$ (2,3).
    Right: $(3 \cdot 4 \cdot 5) + 1 = 61$.
    Total: $2 \cdot 61 = 122$.
    Already counted.

    What about $(2 \cdot 3) \cdot (4 \cdot 5 + 1)$?
    Root $\cdot$ (3,4).
    Left: 6.
    Right: 21.
    Total: 126.
    Already counted.

    What about $2 \cdot 3 \cdot 4 \cdot 5 + 1$ with no extra parentheses?
    Standard order: $120 + 1 = 121$.

    Are there any other values?
    Let's check if we missed any structural possibilities.
    The expression is $n_1 \cdot n_2 \cdot n_3 \cdot n_4 + n_5$.
    The possible values are generated by choosing a ""split"" point for the addition.
    The addition $+1$ can be:
    1.  Outside all multiplications: $(2 \cdot 3 \cdot 4 \cdot 5) + 1 = 121$.
    2.  Inside the last multiplication term: $(2 \cdot 3 \cdot 4) \cdot (5 + 1) = 144$.
    3.  Inside the second-to-last multiplication term: $(2 \cdot 3) \cdot (4 \cdot 5 + 1)$.
        Here, $4 \cdot 5 + 1$ can be $(4 \cdot 5) + 1 = 21$ or $4 \cdot (5 + 1) = 24$.
        Values: $6 \cdot 21 = 126$ and $6 \cdot 24 = 144$.
    4.  Inside the first multiplication term: $2 \cdot (3 \cdot 4 \cdot 5 + 1)$.
        Here, $3 \cdot 4 \cdot 5 + 1$ can be:
        -   $(3 \cdot 4 \cdot 5) + 1 = 61 \implies 2 \cdot 61 = 122$.
        -   $(3 \cdot 4) \cdot (5 + 1) = 72 \implies 2 \cdot 72 = 144$.
        -   $3 \cdot (4 \cdot 5 + 1)$.
            -   $3 \cdot ((4 \cdot 5) + 1) = 63 \implies 2 \cdot 63 = 126$.
            -   $3 \cdot (4 \cdot (5 + 1)) = 72 \implies 2 \cdot 72 = 144$.

    The distinct values are:
    -   121
    -   144
    -   126
    -   122

    Let's quickly check if any other combination is possible.
    Could we have $2 \cdot (3 \cdot 4 + 5) \cdot 1$? No, the $+1$ is fixed at the end. The operator is $+1$, not $+5$.
    The expression is strictly $2 \cdot 3 \cdot 4 \cdot 5 + 1$.
    The numbers are 2, 3, 4, 5, 1.
    The operators are $\cdot, \cdot, \cdot, +$.
    
    Is it possible to have $(2 \cdot 3 + 4) \dots$? No, the $+$ is only between 5 and 1.
    So the addition can only involve the 1.
    This means the term being added is always 1, or 1 is part of a multiplicative factor.
    Essentially, we are calculating $P \cdot (5+1)$ or $P \cdot 5 + 1$ or $P \cdot (4 \cdot 5 + 1)$ etc.
    
    Let $S_k$ be the product of the first $k$ numbers $2, \dots, k+1$.
    $S_1 = 2$
    $S_2 = 6$
    $S_3 = 24$
    $S_4 = 120$
    
    The expression can be viewed as:
    $S_4 + 1 = 121$.
    
    Or, the $+1$ is grouped with 5:
    $S_3 \cdot (5+1) = 24 \cdot 6 = 144$.
    
    Or, the $+1$ is grouped with $4 \cdot 5$:
    $S_2 \cdot (4 \cdot 5 + 1)$.
    $4 \cdot 5 + 1$ can be $21$ or $4(6)=24$.
    $6 \cdot 21 = 126$.
    $6 \cdot 24 = 144$.
    
    Or, the $+1$ is grouped with $3 \cdot 4 \cdot 5$:
    $2 \cdot (3 \cdot 4 \cdot 5 + 1)$.
    $3 \cdot 4 \cdot 5 + 1$ can be:
    -   $60 + 1 = 61 \implies 2 \cdot 61 = 122$.
    -   $12 \cdot 6 = 72 \implies 2 \cdot 72 = 144$.
    -   $3 \cdot (20 + 1) = 63 \implies 2 \cdot 63 = 126$.
    -   $3 \cdot (4 \cdot 6) = 72 \implies 2 \cdot 72 = 144$.

    The set of values is $\{121, 122, 126, 144\}$.
    There are 4 distinct values.

    Final check:
    1.  $2 \cdot 3 \cdot 4 \cdot 5 + 1 = 121$
    2.  $2 \cdot (3 \cdot 4 \cdot 5 + 1) = 2 \cdot 61 = 122$
    3.  $2 \cdot 3 \cdot (4 \cdot 5 + 1) = 6 \cdot 21 = 126$
    4.  $2 \cdot 3 \cdot 4 \cdot (5 + 1) = 24 \cdot 6 = 144$
    
    Other parenthesizations yield duplicates:
    -   $2 \cdot (3 \cdot (4 \cdot 5 + 1)) = 2 \cdot 63 = 126$
    -   $2 \cdot ((3 \cdot 4) \cdot (5 + 1)) = 2 \cdot 72 = 144$
    -   $(2 \cdot 3) \cdot (4 \cdot (5 + 1)) = 6 \cdot 24 = 144$
    -   $2 \cdot (3 \cdot 4 \cdot (5 + 1)) = 2 \cdot 72 = 144$

    The distinct values are 121, 122, 126, 144.
    Count = 4.

\boxed{4}",$4$
MATH-500/10,"To find the least positive integer multiple of 30 that can be written with only the digits 0 and 2, we need to satisfy the divisibility rules for 30.

A number is divisible by 30 if and only if it is divisible by both 10 and 3.
Since $30 = 10 \times 3$ and $\gcd(10, 3) = 1$, these conditions are independent.

**Step 1: Divisibility by 10**
For a number to be divisible by 10, its last digit (units digit) must be 0.
The allowed digits are 0 and 2. Therefore, the number must end in 0.
Let the number be $N$. So, $N$ looks like $\dots d_2 d_1 0$, where $d_i \in \{0, 2\}$.

**Step 2: Divisibility by 3**
For a number to be divisible by 3, the sum of its digits must be divisible by 3.
Let the digits of $N$ be $d_k, d_{k-1}, \dots, d_1, 0$.
The sum of the digits is $S = d_k + d_{k-1} + \dots + d_1 + 0$.
Since each non-zero digit $d_i$ is 2, let $m$ be the count of the digit 2 in the number.
Then the sum of the digits is $S = 2m$.
For $N$ to be divisible by 3, $S$ must be a multiple of 3.
So, $2m$ must be divisible by 3.
Since 2 and 3 are coprime, $m$ must be divisible by 3.
Therefore, the number of 2s in the integer must be a multiple of 3 (i.e., $m = 3, 6, 9, \dots$).

**Step 3: Finding the Least Positive Integer**
To find the *least* positive integer, we want the number with the fewest digits possible. If there are multiple numbers with the same number of digits, we want the one with the smallest value (which means placing smaller digits in higher place values, but since our digits are only 0 and 2, and the leading digit cannot be 0, the leading digit must be 2).

Let's test the possible values for $m$ (the count of 2s):

*   **Case $m=3$**: The number contains exactly three 2s and some number of 0s.
    To minimize the number, we should minimize the total number of digits. The minimum number of digits occurs when we have no extra 0s other than the one required at the end.
    So, the digits are three 2s and one 0.
    The last digit must be 0.
    The remaining digits are three 2s.
    To make the number as small as possible, we arrange the non-zero digits in ascending order of place value? No, to make the number smallest, we want the most significant digits to be as small as possible. However, all non-zero digits are 2. So the arrangement of the 2s doesn't change the value relative to each other, but their position relative to the 0 matters.
    Wait, the digits are fixed: three 2s and one 0.
    The last digit is 0.
    The preceding digits are 2, 2, 2.
    So the number is $2220$.
    Let's check if we can have fewer digits.
    Total digits = $m + (\text{number of zeros})$.
    We need at least one 0 at the end.
    So minimum digits = $3 + 1 = 4$.
    The number formed by three 2s and one 0, ending in 0, is $2220$.
    Is there a smaller number with 4 digits?
    The digits must be $\{2, 2, 2, 0\}$.
    Possible permutations ending in 0:
    - $2220$
    - $2202$ (ends in 2, not divisible by 10)
    - $2022$ (ends in 2, not divisible by 10)
    - $0222$ (not a 4-digit number, effectively 222, which is not divisible by 10)
    So, $2220$ is the only candidate with 4 digits using three 2s.

    Let's verify $2220$:
    - Digits are only 0 and 2? Yes.
    - Divisible by 10? Yes, ends in 0.
    - Divisible by 3? Sum of digits = $2+2+2+0 = 6$, which is divisible by 3. Yes.
    - So $2220$ is divisible by 30.

    Could there be a smaller number with more digits? No, a number with more digits is always larger than a number with fewer digits (assuming positive integers).
    Could there be a smaller number with the same number of digits?
    We established that for $m=3$, the digits are 2,2,2,0. The only valid arrangement ending in 0 is 2220.
    
    What if $m=0$?
    Sum of digits = 0. Divisible by 3.
    Number consists of only 0s. The least positive integer cannot be 0. So $m \ge 1$.
    But $m$ must be a multiple of 3. So $m \ge 3$.

    Therefore, the minimum number of 2s is 3.
    The minimum number of digits is $3 \text{ (twos)} + 1 \text{ (zero)} = 4$.
    The smallest number formed by these digits ending in 0 is 2220.

Let's double check if a number with $m=3$ but more zeros could be smaller?
No, adding zeros increases the number of digits, making the number larger (e.g., 20220 > 2220).
What if we arrange the digits differently for $m=3$?
The digits are 2, 2, 2, 0.
Positions: $d_3 d_2 d_1 d_0$.
$d_0 = 0$.
$d_3, d_2, d_1$ are 2, 2, 2.
So the number is $2220$.

Is it possible to have a number with fewer than 4 digits?
If digits = 1: 0 (not positive), 2 (not div by 10).
If digits = 2: 20 (sum=2, not div by 3), 00 (0), 02 (2), 22 (not div by 10).
If digits = 3: Ends in 0. Digits $\{2, 2, 0\}$ or $\{2, 0, 0\}$ or $\{0, 0, 0\}$.
- $\{2, 2, 0\}$: Sum = 4 (not div by 3). Number 220.
- $\{2, 0, 0\}$: Sum = 2 (not div by 3). Number 200.
- $\{0, 0, 0\}$: 0.
So no 3-digit solution.

Thus, the least positive integer is 2220.

\boxed{2220}",$2220$
MATH-500/11,"To find the value of $p(8)$, we are given that $p(x)$ is a polynomial of degree 5 satisfying:
\[ p(n) = \frac{n}{n^2 - 1} \quad \text{for } n = 2, 3, 4, 5, 6, 7. \]

### Step 1: Analyze the structure of the problem

Let $f(x) = \frac{x}{x^2 - 1}$. The condition is $p(n) = f(n)$ for $n \in \{2, 3, 4, 5, 6, 7\}$.
Notice that $f(x)$ has vertical asymptotes at $x = 1$ and $x = -1$. The polynomial $p(x)$ approximates this rational function at 6 specific points. Since $p(x)$ is of degree 5, it is uniquely determined by these 6 points.

We can construct an auxiliary polynomial to exploit the roots. Consider the polynomial:
\[ Q(x) = (x^2 - 1)p(x) - x \]
Let's analyze the degree and roots of $Q(x)$.
Since $p(x)$ is of degree 5, $(x^2 - 1)p(x)$ is of degree $2 + 5 = 7$. Thus, $Q(x)$ is a polynomial of degree at most 7.

For each $n \in \{2, 3, 4, 5, 6, 7\}$, we have:
\[ p(n) = \frac{n}{n^2 - 1} \implies (n^2 - 1)p(n) = n \implies (n^2 - 1)p(n) - n = 0 \]
So, $Q(n) = 0$ for $n = 2, 3, 4, 5, 6, 7$.
This means that $(x-2)(x-3)(x-4)(x-5)(x-6)(x-7)$ is a factor of $Q(x)$.

Let $R(x) = (x-2)(x-3)(x-4)(x-5)(x-6)(x-7)$. This is a polynomial of degree 6.
Since $Q(x)$ has degree at most 7, we can write:
\[ Q(x) = (Ax + B) R(x) \]
where $A$ and $B$ are constants to be determined.
So,
\[ (x^2 - 1)p(x) - x = (Ax + B) \prod_{k=2}^{7} (x - k) \]
\[ (x^2 - 1)p(x) = x + (Ax + B) \prod_{k=2}^{7} (x - k) \]

### Step 2: Determine constants A and B

The polynomial $p(x)$ is well-defined for all $x$, including $x = 1$ and $x = -1$. Therefore, the right-hand side of the equation must be divisible by $(x^2 - 1) = (x-1)(x+1)$. This implies that the expression on the right must vanish at $x = 1$ and $x = -1$.

Let $S(x) = x + (Ax + B) R(x)$. We require $S(1) = 0$ and $S(-1) = 0$.

**Condition 1: $S(1) = 0$**
\[ 1 + (A(1) + B) R(1) = 0 \]
First, calculate $R(1)$:
\[ R(1) = (1-2)(1-3)(1-4)(1-5)(1-6)(1-7) \]
\[ R(1) = (-1)(-2)(-3)(-4)(-5)(-6) \]
\[ R(1) = 1 \cdot 2 \cdot 3 \cdot 4 \cdot 5 \cdot 6 = 720 \]
So,
\[ 1 + (A + B)(720) = 0 \implies A + B = -\frac{1}{720} \quad \text{(Eq. 1)} \]

**Condition 2: $S(-1) = 0$**
\[ -1 + (A(-1) + B) R(-1) = 0 \]
First, calculate $R(-1)$:
\[ R(-1) = (-1-2)(-1-3)(-1-4)(-1-5)(-1-6)(-1-7) \]
\[ R(-1) = (-3)(-4)(-5)(-6)(-7)(-8) \]
\[ R(-1) = 3 \cdot 4 \cdot 5 \cdot 6 \cdot 7 \cdot 8 \]
\[ R(-1) = 720 \cdot 7 \cdot 8 = 720 \cdot 56 = 40320 \]
So,
\[ -1 + (-A + B)(40320) = 0 \implies -A + B = \frac{1}{40320} \quad \text{(Eq. 2)} \]

Now we solve the system for $A$ and $B$:
1) $A + B = -\frac{1}{720}$
2) $-A + B = \frac{1}{40320}$

Adding (1) and (2):
\[ 2B = -\frac{1}{720} + \frac{1}{40320} \]
Note that $40320 = 56 \times 720$. So $\frac{1}{720} = \frac{56}{40320}$.
\[ 2B = -\frac{56}{40320} + \frac{1}{40320} = -\frac{55}{40320} \]
\[ B = -\frac{55}{80640} \]

Subtracting (2) from (1):
\[ 2A = -\frac{1}{720} - \frac{1}{40320} = -\frac{56}{40320} - \frac{1}{40320} = -\frac{57}{40320} \]
\[ A = -\frac{57}{80640} \]

We can simplify these fractions, but let's keep the denominator $80640$ for now to avoid errors.
$A = -\frac{57}{80640}$, $B = -\frac{55}{80640}$.

### Step 3: Calculate $p(8)$

We want to find $p(8)$. Using the relation:
\[ (x^2 - 1)p(x) = x + (Ax + B) R(x) \]
Set $x = 8$:
\[ (8^2 - 1)p(8) = 8 + (8A + B) R(8) \]
\[ 63 p(8) = 8 + (8A + B) R(8) \]

First, calculate $R(8)$:
\[ R(8) = (8-2)(8-3)(8-4)(8-5)(8-6)(8-7) \]
\[ R(8) = 6 \cdot 5 \cdot 4 \cdot 3 \cdot 2 \cdot 1 = 720 \]

Next, calculate $8A + B$:
\[ 8A + B = 8\left(-\frac{57}{80640}\right) + \left(-\frac{55}{80640}\right) \]
\[ 8A + B = \frac{-456 - 55}{80640} = \frac{-511}{80640} \]

Now substitute back into the equation for $p(8)$:
\[ 63 p(8) = 8 + \left( \frac{-511}{80640} \right) (720) \]

Simplify the term $\frac{720}{80640}$:
\[ \frac{720}{80640} = \frac{72}{8064} = \frac{1}{112} \]
(Check: $112 \times 720 = 112 \times 72 \times 10 = 8064 \times 10 = 80640$. Correct.)

So,
\[ 63 p(8) = 8 + (-511) \left( \frac{1}{112} \right) \]
\[ 63 p(8) = 8 - \frac{511}{112} \]

Simplify the fraction $\frac{511}{112}$:
Both are divisible by 7.
$511 = 7 \times 73$
$112 = 7 \times 16$
So, $\frac{511}{112} = \frac{73}{16}$.

\[ 63 p(8) = 8 - \frac{73}{16} \]
\[ 63 p(8) = \frac{128}{16} - \frac{73}{16} \]
\[ 63 p(8) = \frac{55}{16} \]

Finally, solve for $p(8)$:
\[ p(8) = \frac{55}{16 \times 63} \]

Check for simplification.
$55 = 5 \times 11$.
$16 = 2^4$.
$63 = 9 \times 7 = 3^2 \times 7$.
There are no common factors between the numerator (55) and the denominator ($16 \times 63 = 1008$).

Thus,
\[ p(8) = \frac{55}{1008} \]

### Alternative Verification using Lagrange Interpolation Logic

Let's double check the logic.
The polynomial $p(x)$ interpolates $f(x) = \frac{x}{x^2-1}$ at $x=2,3,4,5,6,7$.
The error term for interpolation is related to the $(n+1)$-th derivative, but here we used an algebraic identity which is exact.
The identity $(x^2-1)p(x) - x = (Ax+B)R(x)$ is robust.
The values $A$ and $B$ were derived from the conditions that $p(x)$ is a polynomial (no poles at $\pm 1$).
$R(1) = 720$, $R(-1) = 40320$.
$A+B = -1/720$.
$-A+B = 1/40320$.
$2B = -55/40320 \implies B = -55/80640$.
$2A = -57/40320 \implies A = -57/80640$.
$8A+B = (-456-55)/80640 = -511/80640$.
$R(8) = 720$.
Term added to 8 is $(-511/80640) * 720 = -511/112 = -73/16$.
$8 - 73/16 = (128-73)/16 = 55/16$.
$63 p(8) = 55/16$.
$p(8) = 55 / (16*63) = 55/1008$.

The calculation holds.

\boxed{\frac{55}{1008}}",$\frac{3}{56}$
MATH-500/12,"To find the sum of the proper divisors of the sum of the proper divisors of 284, we will proceed step by step.

**Step 1: Find the proper divisors of 284.**

First, we determine the prime factorization of 284.
$284$ is even, so we divide by 2:
$284 \div 2 = 142$
$142 \div 2 = 71$
71 is a prime number.
So, the prime factorization of 284 is $2^2 \times 71^1$.

The divisors of 284 are generated by combinations of these prime factors:
$1, 2, 4, 71, 142, 284$.

The **proper divisors** are all divisors excluding the number itself (284).
So, the proper divisors of 284 are: $1, 2, 4, 71, 142$.

**Step 2: Calculate the sum of the proper divisors of 284.**

Let $S_1$ be the sum of the proper divisors of 284.
$$ S_1 = 1 + 2 + 4 + 71 + 142 $$
$$ S_1 = 7 + 71 + 142 $$
$$ S_1 = 78 + 142 $$
$$ S_1 = 220 $$

So, the sum of the proper divisors of 284 is 220.

**Step 3: Find the proper divisors of 220.**

Now we need to find the proper divisors of 220.
First, find the prime factorization of 220.
$220 = 22 \times 10 = (2 \times 11) \times (2 \times 5) = 2^2 \times 5^1 \times 11^1$.

The divisors of 220 are:
- From $2^0, 2^1, 2^2$: $1, 2, 4$
- Multiply by $5^0, 5^1$: $1, 5$
- Multiply by $11^0, 11^1$: $1, 11$

Let's list them systematically:
1. $1$
2. $2$
3. $4$
4. $5$
5. $10$ ($2 \times 5$)
6. $11$
7. $20$ ($4 \times 5$)
8. $22$ ($2 \times 11$)
9. $44$ ($4 \times 11$)
10. $55$ ($5 \times 11$)
11. $110$ ($2 \times 5 \times 11$)
12. $220$ ($4 \times 5 \times 11$)

The **proper divisors** of 220 are all divisors except 220 itself:
$1, 2, 4, 5, 10, 11, 20, 22, 44, 55, 110$.

**Step 4: Calculate the sum of the proper divisors of 220.**

Let $S_2$ be the sum of the proper divisors of 220.
$$ S_2 = 1 + 2 + 4 + 5 + 10 + 11 + 20 + 22 + 44 + 55 + 110 $$

Let's group them for easier addition:
- $1 + 2 + 4 + 5 = 12$
- $10 + 11 = 21$
- $20 + 22 = 42$
- $44 + 55 = 99$
- $110$

Summing these groups:
$$ 12 + 21 = 33 $$
$$ 33 + 42 = 75 $$
$$ 75 + 99 = 174 $$
$$ 174 + 110 = 284 $$

Alternatively, we can use the sum of divisors formula $\sigma(n)$.
$\sigma(220) = \sigma(2^2)\sigma(5^1)\sigma(11^1)$
$\sigma(2^2) = 1 + 2 + 4 = 7$
$\sigma(5^1) = 1 + 5 = 6$
$\sigma(11^1) = 1 + 11 = 12$
$\sigma(220) = 7 \times 6 \times 12 = 42 \times 12 = 504$

The sum of proper divisors is $\sigma(220) - 220$:
$$ 504 - 220 = 284 $$

**Conclusion:**

The sum of the proper divisors of 284 is 220.
The sum of the proper divisors of 220 is 284.

This pair (284, 220) is a famous amicable pair.

The final answer is \boxed{284}.",$284$
MATH-500/13,"To find the height of the cylinder, we will use the formula for the volume of a cylinder and the information provided in the problem statement and the diagram.

**1. Identify the given information:**
*   The volume of the cylinder ($V$) is $45\pi$ cubic cm.
*   From the diagram, the radius ($r$) of the base is given as $3$ cm.
*   We need to find the height ($h$) of the cylinder.

**2. Recall the formula for the volume of a cylinder:**
The volume $V$ of a cylinder is calculated using the formula:
$$ V = \pi r^2 h $$
where:
*   $r$ is the radius of the base
*   $h$ is the height

**3. Substitute the known values into the formula:**
$$ 45\pi = \pi (3)^2 h $$

**4. Solve for $h$:**
First, square the radius:
$$ 3^2 = 9 $$

So the equation becomes:
$$ 45\pi = \pi (9) h $$
$$ 45\pi = 9\pi h $$

Next, divide both sides by $9\pi$ to isolate $h$:
$$ h = \frac{45\pi}{9\pi} $$

Cancel out $\pi$ from the numerator and denominator:
$$ h = \frac{45}{9} $$

Perform the division:
$$ h = 5 $$

**Conclusion:**
The height of the cylinder is 5 centimeters.

\boxed{5}",$5$
MATH-500/14,"To find the length of side $DE$, we will analyze the given right-angled triangle $\triangle DEF$ and use trigonometric ratios.

**1. Identify the properties of the triangle:**
From the Asymptote code and the diagram description:
*   There is a right angle at vertex $E$ (indicated by `rightanglemark(D,E,F,15)`). Thus, $\triangle DEF$ is a right-angled triangle with the right angle at $E$.
*   The side $EF$ has a length of $7$ (indicated by `label(""$7$"",(E+F)/2,W)`).
*   We are given that $\sin D = 0.7$.

**2. Set up the trigonometric ratio:**
In a right-angled triangle, the sine of an angle is defined as the ratio of the length of the opposite side to the length of the hypotenuse.
For angle $D$:
*   The side opposite to angle $D$ is $EF$.
*   The hypotenuse is the side opposite the right angle $E$, which is $DF$.

So, the formula is:
$$ \sin D = \frac{\text{Opposite}}{\text{Hypotenuse}} = \frac{EF}{DF} $$

**3. Calculate the length of the hypotenuse $DF$:**
We know $\sin D = 0.7$ and $EF = 7$. Substituting these values into the equation:
$$ 0.7 = \frac{7}{DF} $$

Solving for $DF$:
$$ DF = \frac{7}{0.7} $$
$$ DF = \frac{70}{7} $$
$$ DF = 10 $$

**4. Calculate the length of side $DE$:**
Now that we have the lengths of the hypotenuse $DF$ and one leg $EF$, we can use the Pythagorean theorem to find the other leg $DE$.
The Pythagorean theorem states:
$$ DE^2 + EF^2 = DF^2 $$

Substitute the known values ($EF = 7$ and $DF = 10$):
$$ DE^2 + 7^2 = 10^2 $$
$$ DE^2 + 49 = 100 $$

Subtract 49 from both sides:
$$ DE^2 = 100 - 49 $$
$$ DE^2 = 51 $$

Take the square root of both sides:
$$ DE = \sqrt{51} $$

**Alternative Method using Cosine:**
We know $\sin D = 0.7 = \frac{7}{10}$.
Using the identity $\sin^2 D + \cos^2 D = 1$:
$$ (0.7)^2 + \cos^2 D = 1 $$
$$ 0.49 + \cos^2 D = 1 $$
$$ \cos^2 D = 0.51 $$
$$ \cos D = \sqrt{0.51} $$

In $\triangle DEF$, $\cos D = \frac{\text{Adjacent}}{\text{Hypotenuse}} = \frac{DE}{DF}$.
We found $DF = 10$.
$$ \frac{DE}{10} = \sqrt{0.51} $$
$$ DE = 10 \sqrt{0.51} = \sqrt{100 \cdot 0.51} = \sqrt{51} $$

Both methods yield the same result.

\boxed{\sqrt{51}}",$\sqrt{51}$
MATH-500/15,"To find the complex number $w$, which is the result of rotating $z$ around $c$ by an angle of $\frac{\pi}{4}$ counter-clockwise, we can use the formula for rotation in the complex plane.

The formula for rotating a point $z$ around a center $c$ by an angle $\theta$ is:
$$ w - c = (z - c) e^{i\theta} $$
$$ w = c + (z - c) e^{i\theta} $$

Given:
- $z = 2 + \sqrt{2} - (3 + 3\sqrt{2})i$
- $c = 2 - 3i$
- $\theta = \frac{\pi}{4}$

**Step 1: Calculate the vector $z - c$.**

$$ z - c = [2 + \sqrt{2} - (3 + 3\sqrt{2})i] - [2 - 3i] $$

Group the real and imaginary parts:
$$ \text{Real part: } (2 + \sqrt{2}) - 2 = \sqrt{2} $$
$$ \text{Imaginary part: } -(3 + 3\sqrt{2}) - (-3) = -3 - 3\sqrt{2} + 3 = -3\sqrt{2} $$

So,
$$ z - c = \sqrt{2} - 3\sqrt{2}i $$
$$ z - c = \sqrt{2}(1 - 3i) $$

**Step 2: Determine the rotation factor $e^{i\theta}$.**

For $\theta = \frac{\pi}{4}$:
$$ e^{i\frac{\pi}{4}} = \cos\left(\frac{\pi}{4}\right) + i\sin\left(\frac{\pi}{4}\right) = \frac{\sqrt{2}}{2} + i\frac{\sqrt{2}}{2} = \frac{\sqrt{2}}{2}(1 + i) $$

**Step 3: Calculate $(z - c) e^{i\frac{\pi}{4}}$.**

$$ (z - c) e^{i\frac{\pi}{4}} = [\sqrt{2}(1 - 3i)] \cdot \left[ \frac{\sqrt{2}}{2}(1 + i) \right] $$

Combine the constants:
$$ \sqrt{2} \cdot \frac{\sqrt{2}}{2} = \frac{2}{2} = 1 $$

Now multiply the complex terms:
$$ 1 \cdot (1 - 3i)(1 + i) $$
$$ = 1(1) + 1(i) - 3i(1) - 3i(i) $$
$$ = 1 + i - 3i - 3i^2 $$

Since $i^2 = -1$:
$$ = 1 - 2i - 3(-1) $$
$$ = 1 - 2i + 3 $$
$$ = 4 - 2i $$

So, the rotated vector is $4 - 2i$.

**Step 4: Calculate $w$.**

$$ w = c + (z - c) e^{i\frac{\pi}{4}} $$
$$ w = (2 - 3i) + (4 - 2i) $$

Group real and imaginary parts:
$$ \text{Real part: } 2 + 4 = 6 $$
$$ \text{Imaginary part: } -3 - 2 = -5 $$

$$ w = 6 - 5i $$

**Conclusion:**

The complex number $w$ is $6 - 5i$.

\boxed{6 - 5i}",$6 - 5i$
MATH-500/16,"To compute the sum $1-2+3-4+5- \dots +99-100$, we can look for a pattern by grouping the terms.

**Step 1: Group the terms**
The series has 100 terms. We can group them into pairs of two consecutive terms:
$$ (1 - 2) + (3 - 4) + (5 - 6) + \dots + (99 - 100) $$

**Step 2: Evaluate each pair**
Let's calculate the value of each pair:
$$ 1 - 2 = -1 $$
$$ 3 - 4 = -1 $$
$$ 5 - 6 = -1 $$
$$ \vdots $$
$$ 99 - 100 = -1 $$

Each pair sums to $-1$.

**Step 3: Count the number of pairs**
The total number of terms in the series is 100 (from 1 to 100).
Since we are grouping them into pairs of 2, the number of pairs is:
$$ \frac{100}{2} = 50 $$

So, there are 50 pairs, and each pair equals $-1$.

**Step 4: Calculate the total sum**
The total sum is the number of pairs multiplied by the value of each pair:
$$ 50 \times (-1) = -50 $$

**Alternative Method (Arithmetic Progression):**
We can split the sum into positive and negative terms:
$$ S = (1 + 3 + 5 + \dots + 99) - (2 + 4 + 6 + \dots + 100) $$

The sum of the first $n$ odd numbers is $n^2$. Here, the odd numbers go from 1 to 99. The number of terms is $\frac{99-1}{2} + 1 = 50$.
Sum of odds $= 50^2 = 2500$.

The sum of the first $n$ even numbers is $n(n+1)$. Here, the even numbers go from 2 to 100. The number of terms is $\frac{100-2}{2} + 1 = 50$.
Sum of evens $= 50(50+1) = 50 \times 51 = 2550$.

Total Sum $= 2500 - 2550 = -50$.

Both methods yield the same result.

\boxed{-50}",$-50$
MATH-500/17,"To find the smallest possible value of $c$, we need to determine the parameters $a, b, c,$ and $d$ of the function $y = a \sin(bx + c) + d$ from the given graph and the provided Asymptote code.

**Step 1: Analyze the Asymptote Code**

The code explicitly defines the function being plotted:
```asy
real f(real x)
{
    return 2*sin(3*x + pi) + 1;
}
```
This tells us that the specific function graphed is:
$$ y = 2 \sin(3x + \pi) + 1 $$

Comparing this to the general form $y = a \sin(bx + c) + d$, we can identify the parameters used in the code:
- $a = 2$
- $b = 3$
- $c_{code} = \pi$
- $d = 1$

However, the problem asks for the **smallest possible value** of $c$ given that $a, b, c, d$ are positive constants. The sine function is periodic, and the phase shift can be represented by multiple values of $c$. We need to find the general form of $c$ and then determine the smallest positive value.

**Step 2: Determine Parameters from the Graph Properties**

Let's verify the parameters by analyzing the graph's features (amplitude, period, vertical shift).

1.  **Vertical Shift ($d$) and Amplitude ($a$):**
    -   The maximum value of the function is $y_{max} = 2$.
    -   The minimum value of the function is $y_{min} = -2$? No, looking at the code `2*sin(...) + 1`, the max is $2(1)+1=3$ and min is $2(-1)+1=-1$.
    -   Let's check the labels on the y-axis. The graph oscillates between $y=3$ and $y=-1$.
    -   Midline $d = \frac{y_{max} + y_{min}}{2} = \frac{3 + (-1)}{2} = 1$. So, $d=1$.
    -   Amplitude $a = \frac{y_{max} - y_{min}}{2} = \frac{3 - (-1)}{2} = 2$. So, $a=2$.
    -   Both $a$ and $d$ are positive, which satisfies the condition.

2.  **Period and Frequency ($b$):**
    -   The standard period of $\sin(x)$ is $2\pi$.
    -   From the code, the argument is $3x + \pi$. The coefficient of $x$ is $b=3$.
    -   The period $T = \frac{2\pi}{b} = \frac{2\pi}{3}$.
    -   Let's verify from the graph. The graph completes a full cycle from a peak to the next peak.
        -   One peak is at $x = -\frac{\pi}{3}$? Let's solve $3x + \pi = \frac{\pi}{2} + 2k\pi$.
        -   $3x = -\frac{\pi}{2} + 2k\pi \implies x = -\frac{\pi}{6} + \frac{2k\pi}{3}$.
        -   For $k=0$, $x = -\pi/6$. For $k=1$, $x = -\pi/6 + 2\pi/3 = 3\pi/6 = \pi/2$.
        -   Distance between peaks: $\pi/2 - (-\pi/6) = 3\pi/6 + \pi/6 = 4\pi/6 = 2\pi/3$. This matches $b=3$.
    -   So, $b=3$. This is a positive constant.

3.  **Phase Shift ($c$):**
    -   The function is given as $y = 2 \sin(3x + c) + 1$.
    -   We know the function plotted is equivalent to $y = 2 \sin(3x + \pi) + 1$.
    -   Therefore, the argument of the sine function must satisfy:
        $$ 3x + c = 3x + \pi + 2k\pi $$
        for any integer $k$.
    -   This implies:
        $$ c = \pi + 2k\pi $$
        $$ c = (2k + 1)\pi $$

**Step 3: Find the Smallest Positive Value of $c$**

The problem states that $c$ is a **positive constant**. We need to find the smallest $c > 0$ from the set of possible values derived above.

The possible values for $c$ are:
-   If $k = 0$, $c = \pi$.
-   If $k = 1$, $c = 3\pi$.
-   If $k = -1$, $c = -\pi$ (not positive).
-   If $k = -2$, $c = -3\pi$ (not positive).

Since $c$ must be positive, the possible values are $\pi, 3\pi, 5\pi, \dots$.

The smallest of these values is $\pi$.

**Alternative Check:**
Could the function be represented with a different $b$?
The problem states $a, b, c, d$ are constants. Usually, in such problems, $b$ is determined by the period. The period is fixed by the graph. $b = \frac{2\pi}{T}$. Since the graph shows a specific period, $b$ is fixed at 3.
Could the sine function be written as a negative sine or cosine?
The form is strictly $a \sin(bx+c)$.
We established $y = 2 \sin(3x + \pi) + 1$.
Using the identity $\sin(\theta + \pi) = -\sin(\theta)$, we could write $y = -2 \sin(3x) + 1$. But the form requires $a > 0$. Here $a=2$, so we must keep the positive amplitude.
Thus, we must stick to the form $2 \sin(3x + c) + 1$.
The phase shift is determined by the position of the wave.
At $x=0$, $y = 2 \sin(c) + 1$.
From the graph/code, at $x=0$, $y = 2 \sin(\pi) + 1 = 1$.
Also, the slope at $x=0$ is $y' = 2 \cdot 3 \cos(3(0) + c) = 6 \cos(c)$.
From the code function $f(x) = 2 \sin(3x+\pi)+1$, $f'(x) = 6 \cos(3x+\pi)$.
$f'(0) = 6 \cos(\pi) = -6$.
So we need $\sin(c) = 0$ and $\cos(c) = -1$.
The solutions for $\sin(c)=0$ are $c = k\pi$.
The solutions for $\cos(c)=-1$ are $c = \pi, 3\pi, 5\pi, \dots$ (odd multiples of $\pi$).
So $c = (2k+1)\pi$.
For $c > 0$, the smallest value is when $k=0$, which gives $c = \pi$.

**Conclusion:**

The parameters are $a=2, b=3, d=1$.
The phase constant $c$ must satisfy $c = \pi + 2k\pi$ for integer $k$.
Given $c > 0$, the smallest value is $\pi$.

\boxed{\pi}",$\pi$
MATH-500/18,"To find the value of $x$, we will analyze the geometric properties given in the problem and the diagram.

**1. Analyze the Geometry and Given Information**
*   **Parallel Lines:** The segment through $A$ (let's call the line containing it $L_1$) is parallel to the segment $\overline{BC}$ (which lies on line $L_2$). So, $L_1 \parallel L_2$.
*   **Isosceles Triangle:** We are given that $AB = BC$. This means triangle $\triangle ABC$ is an isosceles triangle with the equal sides being $AB$ and $BC$. Consequently, the base angles opposite these sides are equal. That is, $\angle BAC = \angle BCA$.
*   **Given Angle:** The angle labeled $124^{\circ}$ is at vertex $A$. Looking at the diagram, this angle is formed by the horizontal line through $A$ and the segment $AC$. Specifically, it is the interior angle on the left side of the transversal $AC$ relative to the parallel lines. Let's define the points more clearly based on the `asy` code:
    *   Point $A$ is at $(2,3)$.
    *   Point $B$ is at $(4,0)$.
    *   Point $C$ is at $(8,0)$.
    *   The line through $A$ is horizontal ($y=3$).
    *   The line through $B$ and $C$ is horizontal ($y=0$).
    *   The angle $124^{\circ}$ is marked at $A$, between the ray extending to the left from $A$ and the segment $AC$. Wait, let's look closer at the label position. The label ""$124^{\circ}$"" is at $(2,3)$ with direction `SW` (South-West). The angle arc usually indicates the interior angle. In standard geometry problems of this type, an angle like this often refers to the angle between the parallel line and the transversal. Let's assume the angle given is $\angle (Line_{left}, AC) = 124^{\circ}$. Or is it $\angle (Line_{right}, AC)$?
    *   Let's re-examine the `asy` code: `label(""$124^{\circ}$"",(2,3),SW);`. The point is $A(2,3)$. The segment $AC$ goes from $(2,3)$ to $(8,0)$. The vector $\vec{AC} = (6, -3)$. The horizontal line to the left is vector $(-1, 0)$. The angle between $(-1,0)$ and $(6,-3)$ is obtuse. The angle between $(1,0)$ (right) and $(6,-3)$ is acute. Since $124^{\circ}$ is obtuse, the angle labeled $124^{\circ}$ is the angle between the ray extending to the **left** from $A$ and the segment $AC$. Let's call a point to the left of $A$ on the parallel line $D$. So, $\angle DAC = 124^{\circ}$.

**2. Step-by-Step Deduction**

*   **Step 1: Find $\angle BCA$ (or $\angle C$)**
    Since the line through $A$ is parallel to the line through $BC$, the segment $AC$ acts as a transversal.
    The angle $\angle DAC$ (angle between the leftward ray from $A$ and $AC$) and the angle $\angle BCA$ (angle between the segment $BC$ and $AC$) are **alternate interior angles**? No.
    Let's visualize the ""Z"" shape or ""C"" shape.
    The line through $A$ is parallel to line $BC$.
    Let the ray to the right of $A$ be $AE$. Then $\angle EAC$ and $\angle BCA$ are alternate interior angles, so $\angle EAC = \angle BCA$.
    The angle given is $124^{\circ}$. Based on the position ""SW"" and the geometry, it is the angle between the leftward extension of the parallel line and the segment $AC$. Let's call the point to the left $D$. So $\angle DAC = 124^{\circ}$.
    Since $D-A-E$ is a straight line, $\angle DAC + \angle EAC = 180^{\circ}$.
    Therefore, $\angle EAC = 180^{\circ} - 124^{\circ} = 56^{\circ}$.
    Since $AE \parallel BC$, the alternate interior angle $\angle BCA = \angle EAC$.
    So, $\angle BCA = 56^{\circ}$.

    *Alternative interpretation:* If the $124^{\circ}$ angle was the interior angle on the same side (consecutive interior angles), then $\angle DAC + \angle ACB = 180$ is not the rule. The rule is consecutive interior angles sum to 180. The angle inside the parallel strip on the left is $\angle DAC$? No, $D$ is outside. The interior angle at $A$ is $\angle EAC$? No, the interior region is between the parallels. The angle $\angle DAC$ is outside? No, $A$ is on the top line. The angle ""inside"" the triangle-like shape formed by transversal is usually the one we care about.
    Let's stick to the alternate interior angle logic which is robust.
    Angle between left-ray and $AC$ is $124^{\circ}$.
    Angle between right-ray and $AC$ is $180^{\circ} - 124^{\circ} = 56^{\circ}$.
    By alternate interior angles, $\angle BCA = 56^{\circ}$.

*   **Step 2: Use the Isosceles Triangle Property**
    We are given $AB = BC$. This implies that $\triangle ABC$ is isosceles with base $AC$.
    Therefore, the base angles are equal:
    $$ \angle BAC = \angle BCA $$
    From Step 1, we found $\angle BCA = 56^{\circ}$.
    So, $\angle BAC = 56^{\circ}$.

*   **Step 3: Determine Angle $x$**
    The variable $x$ is labeled at position $(4.5, 3)$ with direction `S`. Looking at the diagram, $x$ is the angle between the segment $AB$ and the horizontal line through $A$. Specifically, it looks like the angle between the segment $AB$ and the ray extending to the **right** from $A$. Let's verify this.
    The label is between the segment $AB$ and the horizontal line.
    Let's calculate the angle of segment $AB$ with the horizontal.
    We know the sum of angles in $\triangle ABC$ is $180^{\circ}$.
    $\angle ABC = 180^{\circ} - (\angle BAC + \angle BCA) = 180^{\circ} - (56^{\circ} + 56^{\circ}) = 180^{\circ} - 112^{\circ} = 68^{\circ}$.
    
    Now, let's look at the angles at vertex $A$ relative to the parallel line.
    Let the horizontal line through $A$ be line $L$. Let $A_{right}$ be the direction to the right and $A_{left}$ be the direction to the left.
    We established that the angle between $A_{right}$ and $AC$ is $56^{\circ}$ (since $\angle EAC = 56^{\circ}$).
    We also know $\angle BAC = 56^{\circ}$.
    The angle $x$ is marked between the segment $AB$ and the horizontal line. Which side?
    Looking at the coordinates:
    $A=(2,3)$, $B=(4,0)$. Vector $\vec{AB} = (2, -3)$.
    $A=(2,3)$, $C=(8,0)$. Vector $\vec{AC} = (6, -3)$.
    The horizontal vector to the right is $\vec{u} = (1, 0)$.
    The angle $\theta_{AC}$ with the horizontal right is $\arctan(-3/6) = \arctan(-0.5) \approx -26.5^{\circ}$. The magnitude is $26.5^{\circ}$. Wait, my previous calculation of $56^{\circ}$ was based on the assumption that the $124^{\circ}$ angle leads to a $56^{\circ}$ alternate interior angle. Let's re-read the diagram carefully.
    
    The label $124^{\circ}$ is at $A$. The arc is not drawn, but the position is SW. This typically denotes the angle $\angle (Left-Ray, AC)$.
    If $\angle (Left-Ray, AC) = 124^{\circ}$, then $\angle (Right-Ray, AC) = 180 - 124 = 56^{\circ}$.
    This implies the slope of $AC$ corresponds to an angle of $56^{\circ}$ below the horizontal? No, the geometric angle is $56^{\circ}$.
    So $\angle BCA = 56^{\circ}$.
    Then $\angle BAC = 56^{\circ}$.
    
    Now, what is $x$?
    $x$ is the angle labeled near the segment $AB$. The label is at $(4.5, 3)$, which is to the right of $A(2,3)$. The direction is `S` (South). This suggests $x$ is the angle between the segment $AB$ and the horizontal line to the **right** of $A$.
    Let's check the position of $B$ relative to $A$. $B$ is at $(4,0)$, $A$ is at $(2,3)$. $B$ is to the right and down from $A$.
    So the angle $x$ is the acute angle between the segment $AB$ and the horizontal ray to the right.
    
    Let's sum the angles at vertex $A$ on the upper side of the transversal? No, let's look at the angles relative to the horizontal line.
    The total angle from the Left-Ray to the Right-Ray is $180^{\circ}$.
    The angle $\angle (Left-Ray, AC) = 124^{\circ}$.
    The angle $\angle (Left-Ray, AB)$?
    We know $\angle BAC = 56^{\circ}$.
    The ray $AC$ is at $124^{\circ}$ from the Left-Ray.
    The ray $AB$ is ""inside"" the angle formed by the Left-Ray and $AC$? Or is it outside?
    Let's check the x-coordinates. $A_x = 2$. $B_x = 4$. $C_x = 8$.
    Both $B$ and $C$ are to the right of $A$.
    So both rays $AB$ and $AC$ point into the fourth quadrant (relative to A).
    The angle of $AC$ with the Right-Ray is $56^{\circ}$ (calculated as $180 - 124$).
    Wait, if $AC$ makes a $56^{\circ}$ angle with the Right-Ray, and $AB$ is to the left of $AC$ (since $B_x=4 < C_x=8$), then the angle of $AB$ with the Right-Ray should be larger?
    Let's check slopes.
    Slope $AC = -3/6 = -0.5$. Angle $\approx 26.6^{\circ}$ below horizontal.
    Slope $AB = -3/2 = -1.5$. Angle $\approx 56.3^{\circ}$ below horizontal.
    
    There is a contradiction between the coordinate geometry implied by the `asy` code and the standard ""nice number"" geometry problem logic.
    In `asy`:
    $A=(2,3), B=(4,0), C=(8,0)$.
    $AB = \sqrt{(4-2)^2 + (0-3)^2} = \sqrt{4+9} = \sqrt{13}$.
    $BC = 8-4 = 4$.
    $\sqrt{13} \neq 4$. So $AB \neq BC$ in the drawing's coordinates. The drawing is **not to scale** or the coordinates are just for placement. We must rely on the text statements: ""$AB=BC$"" and ""$124^{\circ}$"".
    
    Let's restart the angle calculation relying purely on the geometric properties stated.
    
    1.  **Parallel Lines**: Line through $A$ is parallel to Line $BC$.
    2.  **Transversal $AC$**:
        The angle given is $124^{\circ}$. Based on the label position (SW at A), this is the angle between the ray extending to the **left** from $A$ and the segment $AC$. Let's call the left ray $AL$ and the right ray $AR$.
        $\angle LAC = 124^{\circ}$.
        Since $AL$ and $AR$ form a straight line, $\angle RAC = 180^{\circ} - 124^{\circ} = 56^{\circ}$.
        Because $AR \parallel BC$, the alternate interior angle $\angle BCA = \angle RAC = 56^{\circ}$.
    
    3.  **Isosceles Triangle $\triangle ABC$**:
        Given $AB = BC$.
        This implies $\angle BAC = \angle BCA$.
        Therefore, $\angle BAC = 56^{\circ}$.
    
    4.  **Finding $x$**:
        $x$ is the angle labeled at $A$. The label is positioned to the right of the vertical line through $A$? No, it's at $(4.5, 3)$, which is to the right of $A(2,3)$. The label is $x^{\circ}$. The arc usually indicates the angle between the segment $AB$ and the horizontal line.
        Which horizontal ray?
        The angle $x$ is visually acute.
        Let's determine the angle of $AB$ with the horizontal.
        We know the angle of $AC$ with the right-horizontal ray $AR$ is $56^{\circ}$.
        We know $\angle BAC = 56^{\circ}$.
        The ray $AB$ lies between the ray $AL$ (left) and ray $AC$? Or between $AR$ and $AC$?
        Let's look at the triangle orientation. $B$ is to the left of $C$. $A$ is to the left of both?
        In the diagram, $A$ is at $x=2$, $B$ at $x=4$, $C$ at $x=8$.
        So $B$ is between $A$ and $C$ horizontally? No, $A$ is leftmost.
        Ray $AC$ goes to the right. Ray $AB$ goes to the right.
        Angle $\angle RAC = 56^{\circ}$.
        Angle $\angle BAC = 56^{\circ}$.
        Since $B$ is to the left of $C$ (x=4 vs x=8), the ray $AB$ is ""steeper"" or ""more to the left"" than $AC$?
        Actually, let's look at the angles from the Right Ray $AR$.
        $\angle RAC = 56^{\circ}$.
        The angle $\angle RAB$ would be $\angle RAC + \angle CAB$? Or $\angle RAC - \angle CAB$?
        Since $B$ is to the left of $C$, the ray $AB$ is counter-clockwise from $AC$?
        Let's check the position. $A$ is top-left. $C$ is bottom-right. $B$ is bottom-middle.
        Vector $AC$ is roughly $(6, -3)$. Vector $AB$ is roughly $(2, -3)$.
        Angle of $AC$ with horizontal right: $\alpha$. $\tan \alpha = 3/6 = 0.5$.
        Angle of $AB$ with horizontal right: $\beta$. $\tan \beta = 3/2 = 1.5$.
        $\beta > \alpha$.
        So $\angle RAB > \angle RAC$.
        This means $\angle RAB = \angle RAC + \angle CAB$?
        Let's verify the geometry.
        $\angle RAC$ is the angle between Right-Ray and $AC$.
        $\angle CAB$ is the angle between $AC$ and $AB$.
        Since $AB$ is to the left of $AC$ (closer to vertical), the angle from the Right-Ray to $AB$ is the sum of the angle from Right-Ray to $AC$ and the angle from $AC$ to $AB$.
        So, $\angle RAB = \angle RAC + \angle BAC$.
        $\angle RAB = 56^{\circ} + 56^{\circ} = 112^{\circ}$.
        
        Is $x$ this angle $\angle RAB$?
        The label $x$ is shown as an acute angle in the diagram?
        Let's look at the `asy` label: `label(""$x^{\circ}$"",(4.5,3),S);`.
        The position $(4.5, 3)$ is to the right of $A(2,3)$.
        The angle marked is likely the interior angle between the segment $AB$ and the horizontal line segment to the **right**?
        If $\angle RAB = 112^{\circ}$, that is obtuse.
        However, looking at the diagram, the angle $x$ is marked between the segment $AB$ and the horizontal line. Visually, in the provided `asy` code, the line $AB$ goes from $(2,3)$ to $(4,0)$. The horizontal line is $y=3$. The angle between them is acute?
        Slope of $AB$ is $-1.5$. Angle is $\arctan(1.5) \approx 56^{\circ}$.
        Wait, if the drawing is representative of the angles, then $x$ is acute.
        But my calculation gave $112^{\circ}$. Why?
        
        Let's re-evaluate the position of the rays.
        $\angle LAC = 124^{\circ}$. This is the angle from the Left-Ray to $AC$.
        This implies $AC$ is in the 4th quadrant relative to A?
        Left-Ray is $180^{\circ}$. $180 - 124 = 56^{\circ}$ from the Right-Ray?
        Yes, $\angle RAC = 56^{\circ}$.
        
        Now, where is $AB$?
        We found $\angle BAC = 56^{\circ}$.
        Does $AB$ lie between $AL$ and $AC$, or between $AR$ and $AC$?
        In the diagram, $B$ is to the left of $C$.
        $A$ is at $(2,3)$. $B$ is at $(4,0)$. $C$ is at $(8,0)$.
        Ray $AC$ points to $(6, -3)$.
        Ray $AB$ points to $(2, -3)$.
        Angle of $AC$ with Right-Ray ($0^{\circ}$): Let's say $-\theta_1$.
        Angle of $AB$ with Right-Ray ($0^{\circ}$): Let's say $-\theta_2$.
        Since $B$ is closer to the vertical line through $A$ than $C$ is? No, $B_x - A_x = 2$. $C_x - A_x = 6$.
        So $AB$ is steeper.
        The angle with the horizontal is larger for $AB$.
        So $\angle RAB > \angle RAC$.
        Therefore, $\angle RAB = \angle RAC + \angle CAB = 56 + 56 = 112^{\circ}$.
        
        If $x$ represents $\angle RAB$, then $x = 112$.
        But $112^{\circ}$ is obtuse. The label $x$ in the diagram is placed in a way that might suggest an acute angle?
        Let's look at the label position again: `(4.5,3)`. This is to the right of $A$.
        The angle arc is not explicitly drawn in the text description, but usually, if an angle is labeled $x$ inside the triangle or adjacent to it, we need to be careful.
        However, there is another possibility.
        What if the $124^{\circ}$ angle is $\angle (Right-Ray, AC)$?
        If $\angle RAC = 124^{\circ}$, then $\angle BCA = 124^{\circ}$ (alternate interior)? No, consecutive interior angles sum to 180.
        If $\angle RAC = 124^{\circ}$, then $\angle BCA = 180 - 124 = 56^{\circ}$? No.
        If $AR \parallel BC$, and $AC$ is transversal:
        $\angle RAC$ and $\angle BCA$ are alternate interior angles. So $\angle BCA = \angle RAC$.
        If $\angle RAC = 124^{\circ}$, then $\angle BCA = 124^{\circ}$.
        Then $\triangle ABC$ has base angles $124^{\circ}$? Sum $> 180$. Impossible.
        So $\angle RAC$ cannot be $124^{\circ}$.
        
        What if the $124^{\circ}$ is $\angle (Left-Ray, AB)$?
        Label is at $A$, near $AC$? The label ""$124^{\circ}$"" is at `(2,3),SW`. The segment $AC$ goes to the right. The segment $AB$ goes to the right.
        The SW direction suggests the angle is in the bottom-left quadrant relative to A?
        But both B and C are to the right of A.
        So the angle must be measured from the Left-Ray (pointing West) to the segment.
        Angle from West to $AC$ is $124^{\circ}$. This matches our previous deduction.
        
        So, $\angle RAC = 56^{\circ}$.
        $\angle BCA = 56^{\circ}$.
        $\angle BAC = 56^{\circ}$.
        
        Now, what is $x$?
        $x$ is the angle between $AB$ and the horizontal.
        We calculated $\angle RAB = 112^{\circ}$.
        Is it possible $x$ is the angle with the **Left** Ray?
        $\angle LAB = 180^{\circ} - \angle RAB = 180^{\circ} - 112^{\circ} = 68^{\circ}$.
        
        Let's look at the diagram visually.
        The angle $x$ is marked between the segment $AB$ and the horizontal line.
        The label is at $(4.5, 3)$. This is to the right of $A$.
        Usually, labels are placed inside the angle they measure.
        If the label is to the right of $A$, it is likely measuring the angle with the Right-Ray.
        But $112^{\circ}$ is obtuse.
        Let's check the slope of $AB$ again.
        If $AB=BC$, and $\angle C = 56$, $\angle A = 56$, $\angle B = 68$.
        In the diagram, $AB$ looks steeper than $AC$.
        Angle of $AC$ with horizontal is $56^{\circ}$.
        Angle of $AB$ with horizontal is $56+56=112^{\circ}$?
        Wait. The angle $\angle BAC$ is the angle *between* the segments $AB$ and $AC$.
        The angle of $AC$ with the horizontal right is $56^{\circ}$.
        The angle of $AB$ with the horizontal right is $\theta$.
        The difference $|\theta - 56^{\circ}| = 56^{\circ}$.
        So $\theta$ is either $0^{\circ}$ or $112^{\circ}$.
        $\theta=0$ would mean $AB$ is horizontal, which is false.
        So $\theta = 112^{\circ}$.
        This means the angle between $AB$ and the Right-Ray is $112^{\circ}$.
        The angle between $AB$ and the Left-Ray is $180 - 112 = 68^{\circ}$.
        
        Which one is $x$?
        Look at the label position: `(4.5,3)`.
        $A$ is at $x=2$.
        The label is at $x=4.5$.
        This is to the right of $A$.
        However, the angle $x$ is visually acute in many such diagrams?
        Let's look at the `asy` code for the angle arc. There is no arc drawn for $x$.
        But there is an arc for $124$? No, just a label.
        
        Let's reconsider the standard configuration.
        Often, $x$ is the angle $\angle ABC$? No, $x$ is at $A$.
        Is it possible that $x$ is $\angle LAB$?
        If $x$ were $\angle LAB$, the label would likely be on the left side of $A$.
        The label is on the right side.
        This suggests $x$ is the angle with the Right-Ray.
        So $x = 112$?
        
        Let's double check if I made a mistake in ""Alternate Interior Angles"".
        Line 1: $y=3$. Line 2: $y=0$.
        Transversal $AC$.
        Angle between Left-Ray ($180^{\circ}$) and $AC$ is $124^{\circ}$.
        So angle of $AC$ is $180 - 124 = 56^{\circ}$ below the horizontal?
        Yes, slope angle is $-56^{\circ}$? No, geometric angle is $56^{\circ}$.
        So $\angle (Right-Ray, AC) = 56^{\circ}$.
        Alternate interior angle at $C$: $\angle (Left-Ray-at-C, CA) = 56^{\circ}$?
        The angle $\angle BCA$ is the interior angle of the triangle.
        The line $BC$ is horizontal.
        The transversal $AC$ cuts parallel lines.
        The angle $\angle RAC$ (Right-Ray at A, AC) and $\angle BCA$ (Left-Ray at C? No, segment CB is to the left of C? No, B is at 4, C is at 8. So vector CB is $(-4, 0)$, i.e., Left).
        So $\angle BCA$ is the angle between $CB$ (Left) and $CA$.
        Alternate interior angles are equal.
        Angle between Right-Ray at A and AC = Angle between Left-Ray at C and CA.
        So $\angle BCA = 56^{\circ}$. Correct.
        
        Triangle $ABC$: $AB=BC \implies \angle BAC = \angle BCA = 56^{\circ}$.
        
        Angle of $AB$ with Right-Ray at A:
        We know $\angle (Right-Ray, AC) = 56^{\circ}$.
        We know $\angle (AC, AB) = 56^{\circ}$.
        Since $B$ is to the left of $C$, the ray $AB$ is ""more left"" than $AC$.
        So we add the angles from the Right-Ray?
        Angle(Right, AB) = Angle(Right, AC) + Angle(AC, AB) = $56 + 56 = 112^{\circ}$.
        
        So the angle between $AB$ and the Right-Ray is $112^{\circ}$.
        The angle between $AB$ and the Left-Ray is $180 - 112 = 68^{\circ}$.
        
        Now, look at the label $x$.
        It is at $(4.5, 3)$.
        If $x$ is the angle marked, is it the acute or obtuse one?
        In the diagram, the segment $AB$ goes down and right.
        The angle with the horizontal right is obtuse ($112^{\circ}$).
        The angle with the horizontal left is acute ($68^{\circ}$).
        Usually, variables like $x$ in such diagrams refer to the acute angle unless specified otherwise, OR they refer to the angle explicitly bounded by the arc.
        Without an arc, we rely on position.
        The label is to the right.
        However, $112$ is a valid number of degrees.
        
        Let's check if there's an alternative interpretation.
        What if $124^{\circ}$ is $\angle ABC$? No, label is at A.
        What if $AB=AC$? No, $AB=BC$.
        
        Let's consider the source or similar problems.
        Often, the angle $x$ is the one ""inside"" the parallel strip on the right?
        If $x$ is the angle between $AB$ and the parallel line, and it's labeled on the right, it's $112^{\circ}$.
        
        However, let's look at the visual representation in the `asy` code again.
        `draw((2,3)--(4,0));` -> Segment AB.
        `label(""$x^{\circ}$"",(4.5,3),S);`
        The point $(4.5, 3)$ is to the right of $A(2,3)$.
        The angle $x$ is likely $\angle (Right-Ray, AB)$.
        Value: $112$.
        
        Is it possible that $x$ is $\angle ABC$?
        No, the label is at $A$'s y-level.
        
        Is it possible that $x$ is the angle $\angle LAB$?
        If the label was at $(0,3)$, it would be left.
        
        Let's assume the question asks for the value of $x$ as depicted.
        If the diagram shows an acute angle, then $x=68$.
        If the diagram shows an obtuse angle, then $x=112$.
        In the `asy` code, the line $AB$ has slope $-1.5$. The angle with the positive x-axis is $\approx 123^{\circ}$?
        $\arctan(-1.5) \approx -56.3^{\circ}$.
        Angle with positive x-axis is $180 - 56.3 = 123.7^{\circ}$?
        Wait.
        Vector $AB = (2, -3)$.
        Angle $\theta$ such that $\tan \theta = -3/2$.
        $\theta \approx -56.3^{\circ}$.
        The geometric angle with the Right-Ray is $56.3^{\circ}$.
        Wait, my previous geometric deduction gave $112^{\circ}$.
        Why the discrepancy?
        
        Let's re-calculate the geometric angles.
        $\angle RAC = 56^{\circ}$.
        $\angle BAC = 56^{\circ}$.
        $\angle RAB = 112^{\circ}$.
        
        Let's check the coordinates again.
        $A(2,3), B(4,0)$.
        Vector $AB = (2, -3)$.
        Angle with Right-Ray $(1,0)$:
        $\cos \theta = \frac{2}{\sqrt{13}}$.
        $\theta = \arccos(2/\sqrt{13}) \approx 56.3^{\circ}$.
        
        So, in the coordinate drawing, the angle between $AB$ and the Right-Ray is $\approx 56^{\circ}$.
        But my geometric deduction says it should be $112^{\circ}$.
        Why?
        Because in the coordinate drawing, $AB \neq BC$.
        $AB = \sqrt{13} \approx 3.6$.
        $BC = 4$.
        They are close, but not equal.
        Also, in the coordinate drawing:
        Vector $AC = (6, -3)$.
        Angle with Right-Ray: $\arccos(6/\sqrt{45}) = \arccos(6/3\sqrt{5}) = \arccos(2/\sqrt{5}) \approx 26.6^{\circ}$.
        Angle $\angle BAC$ in coordinates:
        Dot product $AB \cdot AC = 2(6) + (-3)(-3) = 12 + 9 = 21$.
        $|AB||AC| = \sqrt{13} \cdot \sqrt{45} = \sqrt{585} \approx 24.2$.
        $\cos(\angle BAC) = 21 / 24.2 \approx 0.867$.
        $\angle BAC \approx 30^{\circ}$.
        
        So the drawing is **not** consistent with the text $AB=BC$ and $124^{\circ}$.
        We must ignore the coordinates' angles and trust the text.
        
        Text Logic:
        1.  Parallel lines.
        2.  $\angle (Left, AC) = 124^{\circ} \implies \angle (Right, AC) = 56^{\circ}$.
        3.  Alt. Interior $\implies \angle BCA = 56^{\circ}$.
        4.  Isosceles $AB=BC \implies \angle BAC = 56^{\circ}$.
        5.  $\angle (Right, AB) = \angle (Right, AC) + \angle CAB = 56 + 56 = 112^{\circ}$.
        
        So the angle between $AB$ and the Right-Ray is $112^{\circ}$.
        The angle between $AB$ and the Left-Ray is $68^{\circ}$.
        
        Which one is $x$?
        The label is at $(4.5, 3)$, which is to the right.
        Standard convention: The label is placed in the region of the angle.
        The region to the right of $A$ contains the angle $112^{\circ}$.
        The region to the left of $A$ contains the angle $68^{\circ}$.
        Therefore, $x = 112$.

\boxed{112}",$28$
MATH-500/19,"To find the smallest possible value of $a$ such that all roots of the equation
\[ x^3 + ax^2 + ax + 1 = 0 \]
are real, we proceed with the following steps.

### Step 1: Analyze the Structure of the Equation

The given equation is a reciprocal equation (also known as a palindromic polynomial) because the coefficients are symmetric: $1, a, a, 1$.
Notice that $x = -1$ is not a root unless $-1 + a - a + 1 = 0$, which is always true? Let's check:
$(-1)^3 + a(-1)^2 + a(-1) + 1 = -1 + a - a + 1 = 0$.
So, $x = -1$ is always a root of this equation for any $a$.

Since $x = -1$ is a root, we can factor $(x+1)$ out of the polynomial. Let's perform polynomial division or factorization by grouping:
\[ x^3 + ax^2 + ax + 1 = x^2(x+a) + 1(x+a) = (x^2+1)(x+a) \]
Wait, let's re-expand $(x^2+1)(x+a)$:
\[ (x^2+1)(x+a) = x^3 + ax^2 + x + a \]
This does not match the original equation $x^3 + ax^2 + ax + 1$. The term $ax$ in the original equation is different from $x$ in my expansion. Let's re-group carefully.

Original: $x^3 + ax^2 + ax + 1 = 0$.
Group terms:
\[ x^2(x+a) + 1(x+a) \quad \text{is incorrect because the last term is } 1, \text{ not } a. \]
Let's try grouping differently:
\[ x^3 + 1 + ax^2 + ax = (x+1)(x^2-x+1) + ax(x+1) \]
Factor out $(x+1)$:
\[ (x+1) [ (x^2-x+1) + ax ] = (x+1)(x^2 + (a-1)x + 1) = 0 \]

So, the roots of the original cubic equation are:
1. $x_1 = -1$
2. The roots of the quadratic equation $x^2 + (a-1)x + 1 = 0$.

### Step 2: Determine Conditions for Real Roots

The problem states that **all** roots of the cubic equation are real.
We already have one real root, $x_1 = -1$.
Therefore, the other two roots, which are the roots of the quadratic equation $x^2 + (a-1)x + 1 = 0$, must also be real.

For a quadratic equation $Ax^2 + Bx + C = 0$ to have real roots, its discriminant $\Delta$ must be non-negative ($\Delta \ge 0$).
Here, $A = 1$, $B = a-1$, and $C = 1$.

The discriminant is:
\[ \Delta = B^2 - 4AC = (a-1)^2 - 4(1)(1) \]
\[ \Delta = (a-1)^2 - 4 \]

For the roots to be real, we require:
\[ (a-1)^2 - 4 \ge 0 \]
\[ (a-1)^2 \ge 4 \]

Taking the square root of both sides, we get two cases:
1. $a - 1 \ge 2 \implies a \ge 3$
2. $a - 1 \le -2 \implies a \le -1$

### Step 3: Apply Constraints on $a$

The problem states that $a$ is a **positive** real number ($a > 0$).
- The condition $a \le -1$ is rejected because $a$ must be positive.
- The condition $a \ge 3$ is consistent with $a > 0$.

Thus, the possible values for $a$ are $a \in [3, \infty)$.

### Step 4: Find the Smallest Value

We are asked to find the **smallest** possible value of $a$.
From the inequality $a \ge 3$, the minimum value is $a = 3$.

Let's verify this solution.
If $a = 3$, the quadratic equation becomes:
\[ x^2 + (3-1)x + 1 = 0 \]
\[ x^2 + 2x + 1 = 0 \]
\[ (x+1)^2 = 0 \]
The roots are $x = -1$ (with multiplicity 2).
Combined with the root $x_1 = -1$ from the factorization, the roots of the original cubic equation are $-1, -1, -1$.
All roots are real.

If we chose a value slightly less than 3, say $a = 2.9$:
$\Delta = (2.9 - 1)^2 - 4 = 1.9^2 - 4 = 3.61 - 4 = -0.39 < 0$.
The roots of the quadratic part would be complex conjugates, so not all roots of the cubic would be real.

Therefore, the smallest value is indeed 3.

### Conclusion

The smallest possible value of $a$ is 3.

\boxed{3}",$3$
MATH-500/20,"To evaluate the expression $(1+2i)6-3i$, we will follow the order of operations (PEMDAS/BODMAS), performing multiplication before subtraction.

**Step 1: Perform the multiplication**
Distribute the $6$ to both terms inside the parentheses:
$$ (1+2i) \cdot 6 = 1 \cdot 6 + 2i \cdot 6 $$
$$ = 6 + 12i $$

**Step 2: Perform the subtraction**
Now, subtract $3i$ from the result obtained in Step 1:
$$ (6 + 12i) - 3i $$

Group the real parts and the imaginary parts:
$$ 6 + (12i - 3i) $$
$$ 6 + 9i $$

**Conclusion**
The simplified complex number is $6 + 9i$.

\boxed{6+9i}",$6+9i$
MATH-500/21,"To find the greatest integer less than $(\sqrt{7} + \sqrt{5})^6$, we can use the method of conjugate surds.

Let $x = \sqrt{7} + \sqrt{5}$ and $y = \sqrt{7} - \sqrt{5}$.
We want to evaluate $x^6$.

Consider the sum $S = x^6 + y^6$.
Since $x$ and $y$ are roots of a quadratic equation with integer coefficients, $x^n + y^n$ will be an integer for any positive integer $n$.

First, let's find the quadratic equation satisfied by $x$ and $y$.
$$ x = \sqrt{7} + \sqrt{5} $$
$$ y = \sqrt{7} - \sqrt{5} $$

Calculate the sum and product of $x$ and $y$:
$$ x + y = (\sqrt{7} + \sqrt{5}) + (\sqrt{7} - \sqrt{5}) = 2\sqrt{7} $$
$$ xy = (\sqrt{7} + \sqrt{5})(\sqrt{7} - \sqrt{5}) = 7 - 5 = 2 $$

Let $u = x^2$ and $v = y^2$. Then:
$$ u + v = x^2 + y^2 = (x+y)^2 - 2xy = (2\sqrt{7})^2 - 2(2) = 28 - 4 = 24 $$
$$ uv = x^2 y^2 = (xy)^2 = 2^2 = 4 $$

So, $u$ and $v$ are roots of the quadratic equation:
$$ t^2 - (u+v)t + uv = 0 \implies t^2 - 24t + 4 = 0 $$

We want to find $x^6 + y^6 = u^3 + v^3$.
Let $S_n = u^n + v^n$. We know $S_1 = 24$ and $S_0 = u^0 + v^0 = 1 + 1 = 2$.
The recurrence relation for $S_n$ is derived from the characteristic equation $t^2 - 24t + 4 = 0$:
$$ S_{n} = 24 S_{n-1} - 4 S_{n-2} $$

We need $S_3 = u^3 + v^3$.
First, calculate $S_2$:
$$ S_2 = 24 S_1 - 4 S_0 = 24(24) - 4(2) = 576 - 8 = 568 $$
Alternatively, $S_2 = u^2 + v^2 = (u+v)^2 - 2uv = 24^2 - 2(4) = 576 - 8 = 568$.

Now, calculate $S_3$:
$$ S_3 = 24 S_2 - 4 S_1 $$
$$ S_3 = 24(568) - 4(24) $$
$$ S_3 = 24(568 - 4) $$
$$ S_3 = 24(564) $$

Let's compute $24 \times 564$:
$$ 24 \times 564 = 24(500 + 60 + 4) $$
$$ = 12000 + 1440 + 96 $$
$$ = 13440 + 96 $$
$$ = 13536 $$

So, $x^6 + y^6 = 13536$.
This means:
$$ (\sqrt{7} + \sqrt{5})^6 + (\sqrt{7} - \sqrt{5})^6 = 13536 $$
$$ (\sqrt{7} + \sqrt{5})^6 = 13536 - (\sqrt{7} - \sqrt{5})^6 $$

Now we need to estimate the value of $y^6 = (\sqrt{7} - \sqrt{5})^6$.
First, estimate $y = \sqrt{7} - \sqrt{5}$.
We know $\sqrt{7} \approx 2.646$ and $\sqrt{5} \approx 2.236$.
$$ y \approx 2.646 - 2.236 = 0.41 $$
More precisely, we can bound $y$.
$$ \sqrt{7} < 2.65 \quad (\text{since } 2.65^2 = 7.0225) $$
$$ \sqrt{5} > 2.23 \quad (\text{since } 2.23^2 = 4.9729) $$
So $y < 2.65 - 2.23 = 0.42$.
Also,
$$ \sqrt{7} > 2.64 \quad (\text{since } 2.64^2 = 6.9696) $$
$$ \sqrt{5} < 2.24 \quad (\text{since } 2.24^2 = 5.0176) $$
So $y > 2.64 - 2.24 = 0.40$.
Thus, $0.40 < y < 0.42$.

Now consider $y^6$.
$$ y^6 < (0.42)^6 $$
$$ 0.42^2 = 0.1764 $$
$$ 0.42^3 = 0.1764 \times 0.42 \approx 0.074 $$
$$ 0.42^6 = (0.42^3)^2 \approx (0.074)^2 \approx 0.0055 $$

Let's check the lower bound to be sure it's positive and small.
$$ y^6 > (0.40)^6 = (4 \times 10^{-1})^6 = 4096 \times 10^{-6} = 0.004096 $$
So, $0.004 < y^6 < 0.006$.

Therefore:
$$ (\sqrt{7} + \sqrt{5})^6 = 13536 - y^6 $$
Since $0 < y^6 < 1$, we have:
$$ 13536 - 1 < 13536 - y^6 < 13536 $$
$$ 13535 < (\sqrt{7} + \sqrt{5})^6 < 13536 $$

The value of $(\sqrt{7} + \sqrt{5})^6$ is slightly less than 13536.
The greatest integer less than this value is 13535.

\boxed{13535}",$13535$
MATH-500/22,"To find the value of $x$, we need to set up equations based on the information provided about Denali's and Nate's pay.

**1. Define Variables and Pay Structure**

Let $D$ be the number of dogs Denali walks.
Let $N$ be the number of dogs Nate walks.
Let $k$ be the pay per dog. Since they are paid for each dog they walk, their total pay is proportional to the number of dogs.

*   Denali's initial pay: $P_D = k \cdot D$
*   Nate's initial pay: $P_N = k \cdot N$

The ratio of Denali's pay to Nate's pay is:
$$ \frac{P_D}{P_N} = \frac{k \cdot D}{k \cdot N} = \frac{D}{N} $$

Initially, $D = 16$ and $N = 12$. So the initial ratio is $\frac{16}{12} = \frac{4}{3}$. However, the problem states that the ratio *would be the same* under two specific hypothetical scenarios. It does not state that the initial ratio is the one being compared, but rather that the ratio resulting from Scenario 1 is equal to the ratio resulting from Scenario 2. Let's re-read carefully: ""The ratio of Denali's pay to Nate's pay would be the same if [Scenario 1] or if [Scenario 2]."" This implies:
$$ \text{Ratio in Scenario 1} = \text{Ratio in Scenario 2} $$

**2. Analyze Scenario 1**

""Denali started walking $4x$ more dogs and Nate stayed at $12$ dogs.""

*   New number of dogs for Denali ($D_1$): $16 + 4x$
*   New number of dogs for Nate ($N_1$): $12$

The ratio of Denali's pay to Nate's pay in this scenario ($R_1$) is:
$$ R_1 = \frac{16 + 4x}{12} $$

**3. Analyze Scenario 2**

""$x$ of Nate's dogs were reassigned to Denali.""

*   New number of dogs for Denali ($D_2$): $16 + x$ (Denali gains $x$ dogs)
*   New number of dogs for Nate ($N_2$): $12 - x$ (Nate loses $x$ dogs)

The ratio of Denali's pay to Nate's pay in this scenario ($R_2$) is:
$$ R_2 = \frac{16 + x}{12 - x} $$

**4. Set Up the Equation**

The problem states that these two ratios are the same:
$$ R_1 = R_2 $$
$$ \frac{16 + 4x}{12} = \frac{16 + x}{12 - x} $$

**5. Solve for $x$**

First, simplify the left side if possible, or cross-multiply. Let's cross-multiply to eliminate fractions:
$$ (16 + 4x)(12 - x) = 12(16 + x) $$

Expand the left side:
$$ 16(12) - 16(x) + 4x(12) - 4x(x) = 192 - 16x + 48x - 4x^2 $$
$$ 192 + 32x - 4x^2 $$

Expand the right side:
$$ 12(16) + 12(x) = 192 + 12x $$

Set the expanded sides equal to each other:
$$ 192 + 32x - 4x^2 = 192 + 12x $$

Subtract 192 from both sides:
$$ 32x - 4x^2 = 12x $$

Rearrange the terms to form a quadratic equation equal to zero:
$$ 32x - 12x - 4x^2 = 0 $$
$$ 20x - 4x^2 = 0 $$

Factor out $4x$:
$$ 4x(5 - x) = 0 $$

This gives two possible solutions:
1.  $4x = 0 \implies x = 0$
2.  $5 - x = 0 \implies x = 5$

The problem states that $x \neq 0$. Therefore, we discard $x = 0$.

So, $x = 5$.

**6. Verification**

Let's check if $x = 5$ works.

*   **Scenario 1:**
    *   Denali's dogs: $16 + 4(5) = 16 + 20 = 36$
    *   Nate's dogs: $12$
    *   Ratio $R_1 = \frac{36}{12} = 3$

*   **Scenario 2:**
    *   Denali's dogs: $16 + 5 = 21$
    *   Nate's dogs: $12 - 5 = 7$
    *   Ratio $R_2 = \frac{21}{7} = 3$

Since $R_1 = R_2 = 3$, the solution is correct.

\boxed{5}",$5$
MATH-500/23,"To find all values of $x$ that satisfy the equation $x = \sqrt{11-2x} + 4$, we will follow these steps:

### Step 1: Isolate the radical term
First, we move the constant term to the left side to isolate the square root:
$$ x - 4 = \sqrt{11-2x} $$

### Step 2: Determine the domain constraints
For the equation to have real solutions, two conditions must be met:
1. The expression inside the square root must be non-negative:
   $$ 11 - 2x \ge 0 \implies 2x \le 11 \implies x \le \frac{11}{2} = 5.5 $$
2. Since the square root function $\sqrt{11-2x}$ yields a non-negative result, the left side of the equation must also be non-negative:
   $$ x - 4 \ge 0 \implies x \ge 4 $$

Combining these, any valid solution must satisfy:
$$ 4 \le x \le 5.5 $$

### Step 3: Square both sides
Now, we square both sides of the equation to eliminate the square root:
$$ (x - 4)^2 = (\sqrt{11-2x})^2 $$
$$ x^2 - 8x + 16 = 11 - 2x $$

### Step 4: Solve the resulting quadratic equation
Rearrange the terms to form a standard quadratic equation $ax^2 + bx + c = 0$:
$$ x^2 - 8x + 2x + 16 - 11 = 0 $$
$$ x^2 - 6x + 5 = 0 $$

Factor the quadratic equation:
$$ (x - 5)(x - 1) = 0 $$

This gives two potential solutions:
$$ x = 5 \quad \text{or} \quad x = 1 $$

### Step 5: Verify the solutions
We must check these potential solutions against the original equation and the domain constraints derived in Step 2 ($4 \le x \le 5.5$).

**Check $x = 5$:**
- Domain check: $4 \le 5 \le 5.5$ (Valid)
- Substitute into the original equation:
  $$ \text{LHS} = 5 $$
  $$ \text{RHS} = \sqrt{11 - 2(5)} + 4 = \sqrt{11 - 10} + 4 = \sqrt{1} + 4 = 1 + 4 = 5 $$
  $$ \text{LHS} = \text{RHS} $$
  So, $x = 5$ is a valid solution.

**Check $x = 1$:**
- Domain check: $1 < 4$ (Invalid, as $x$ must be $\ge 4$)
- Substitute into the original equation to see why it fails:
  $$ \text{LHS} = 1 $$
  $$ \text{RHS} = \sqrt{11 - 2(1)} + 4 = \sqrt{9} + 4 = 3 + 4 = 7 $$
  $$ 1 \neq 7 $$
  So, $x = 1$ is an extraneous solution.

### Conclusion
The only value of $x$ that satisfies the equation is $5$.

\boxed{5}",$x=5$
MATH-500/24,"To find the minimal compound interest rate, we need to model the future value of the savings account.

**1. Understand the Cash Flow**
The worker deposits $\$20,000$ at the end of each year. This is an ordinary annuity.
- Deposit 1: End of Year 1
- Deposit 2: End of Year 2
- Deposit 3: End of Year 3

Let $r$ be the annual compound interest rate (expressed as a decimal).
Let $P = 20,000$ be the annual deposit.
Let $FV$ be the future value of the account at the end of Year 3.

**2. Calculate the Future Value of Each Deposit**
- The first deposit is made at the end of Year 1. It earns interest for 2 years (during Year 2 and Year 3).
  $$FV_1 = 20,000(1+r)^2$$
- The second deposit is made at the end of Year 2. It earns interest for 1 year (during Year 3).
  $$FV_2 = 20,000(1+r)^1$$
- The third deposit is made at the end of Year 3. It earns interest for 0 years.
  $$FV_3 = 20,000(1+r)^0 = 20,000$$

**3. Set Up the Equation**
The total amount in the account at the end of Year 3 is the sum of the future values of the individual deposits. We want this total to be at least $\$66,200$. To find the *minimal* rate, we set the total equal to $\$66,200$.

$$20,000(1+r)^2 + 20,000(1+r) + 20,000 = 66,200$$

**4. Solve for $r$**
First, divide the entire equation by $20,000$ to simplify:

$$(1+r)^2 + (1+r) + 1 = \frac{66,200}{20,000}$$

Calculate the right-hand side:
$$\frac{66,200}{20,000} = \frac{662}{200} = 3.31$$

So, the equation becomes:
$$(1+r)^2 + (1+r) + 1 = 3.31$$

Let $x = 1+r$. The equation is now a quadratic equation in terms of $x$:
$$x^2 + x + 1 = 3.31$$
$$x^2 + x - 2.31 = 0$$

Use the quadratic formula to solve for $x$:
$$x = \frac{-b \pm \sqrt{b^2 - 4ac}}{2a}$$
Here, $a = 1$, $b = 1$, and $c = -2.31$.

$$x = \frac{-1 \pm \sqrt{1^2 - 4(1)(-2.31)}}{2}$$
$$x = \frac{-1 \pm \sqrt{1 + 9.24}}{2}$$
$$x = \frac{-1 \pm \sqrt{10.24}}{2}$$

Calculate $\sqrt{10.24}$:
Since $3.2^2 = 10.24$, $\sqrt{10.24} = 3.2$.

$$x = \frac{-1 \pm 3.2}{2}$$

This gives two possible solutions for $x$:
1. $x_1 = \frac{-1 + 3.2}{2} = \frac{2.2}{2} = 1.1$
2. $x_2 = \frac{-1 - 3.2}{2} = \frac{-4.2}{2} = -2.1$

Since $x = 1+r$ and the interest rate $r$ must be greater than $-1$ (and typically positive for savings accounts), we discard the negative solution.
So, $x = 1.1$.

Now, solve for $r$:
$$1 + r = 1.1$$
$$r = 0.1$$

**5. Convert to Percentage**
The interest rate $r$ is $0.1$. To express this as a percentage:
$$0.1 \times 100\% = 10\%$$

The question asks for the answer as a percentage without the percent sign.

Answer: 10

\boxed{10}",$10$
MATH-500/25,"To find all integers $n$ such that $f(n) = n$, we first need to determine the explicit form of the function $f(x)$ using the given functional equation:
\[ f(x) + f(y) = f(x + y) - xy - 1 \]
for all real numbers $x$ and $y$.

### Step 1: Determine the form of $f(x)$

Let's substitute specific values to find properties of $f(x)$.

**Find $f(0)$:**
Set $x = 0$ and $y = 0$ in the equation:
\[ f(0) + f(0) = f(0 + 0) - 0 \cdot 0 - 1 \]
\[ 2f(0) = f(0) - 1 \]
\[ f(0) = -1 \]

**Find a general expression for $f(x)$:**
The term $-xy$ suggests that $f(x)$ might be a quadratic polynomial. Let's assume $f(x) = ax^2 + bx + c$.
We already know $f(0) = -1$, so substituting $x=0$ into the polynomial gives $c = -1$.
So, $f(x) = ax^2 + bx - 1$.

Let's substitute this form into the original functional equation to determine $a$ and $b$.
LHS:
\[ f(x) + f(y) = (ax^2 + bx - 1) + (ay^2 + by - 1) = a(x^2 + y^2) + b(x + y) - 2 \]

RHS:
\[ f(x + y) - xy - 1 = a(x + y)^2 + b(x + y) - 1 - xy - 1 \]
\[ = a(x^2 + 2xy + y^2) + b(x + y) - 2 - xy \]
\[ = a(x^2 + y^2) + 2axy + b(x + y) - xy - 2 \]

Equating LHS and RHS:
\[ a(x^2 + y^2) + b(x + y) - 2 = a(x^2 + y^2) + 2axy + b(x + y) - xy - 2 \]

Subtract $a(x^2 + y^2) + b(x + y) - 2$ from both sides:
\[ 0 = 2axy - xy \]
\[ 0 = xy(2a - 1) \]

For this to hold for all real numbers $x$ and $y$, we must have:
\[ 2a - 1 = 0 \implies a = \frac{1}{2} \]

So far, $f(x) = \frac{1}{2}x^2 + bx - 1$.

**Use the condition $f(1) = 1$ to find $b$:**
\[ f(1) = \frac{1}{2}(1)^2 + b(1) - 1 = 1 \]
\[ \frac{1}{2} + b - 1 = 1 \]
\[ b - \frac{1}{2} = 1 \]
\[ b = \frac{3}{2} \]

Thus, the function is:
\[ f(x) = \frac{1}{2}x^2 + \frac{3}{2}x - 1 \]

Let's verify this solution.
LHS: $f(x) + f(y) = \frac{1}{2}x^2 + \frac{3}{2}x - 1 + \frac{1}{2}y^2 + \frac{3}{2}y - 1 = \frac{1}{2}(x^2+y^2) + \frac{3}{2}(x+y) - 2$.
RHS: $f(x+y) - xy - 1 = \frac{1}{2}(x+y)^2 + \frac{3}{2}(x+y) - 1 - xy - 1$
$= \frac{1}{2}(x^2+2xy+y^2) + \frac{3}{2}(x+y) - 2 - xy$
$= \frac{1}{2}x^2 + xy + \frac{1}{2}y^2 + \frac{3}{2}(x+y) - 2 - xy$
$= \frac{1}{2}(x^2+y^2) + \frac{3}{2}(x+y) - 2$.
LHS = RHS. The function is correct.

### Step 2: Solve for integers $n$ such that $f(n) = n$

We set $f(n) = n$:
\[ \frac{1}{2}n^2 + \frac{3}{2}n - 1 = n \]

Multiply the entire equation by 2 to clear the denominators:
\[ n^2 + 3n - 2 = 2n \]

Rearrange into a standard quadratic equation form:
\[ n^2 + 3n - 2n - 2 = 0 \]
\[ n^2 + n - 2 = 0 \]

Factor the quadratic equation:
\[ (n + 2)(n - 1) = 0 \]

The solutions are:
\[ n = -2 \quad \text{or} \quad n = 1 \]

Both $-2$ and $1$ are integers.

### Step 3: Verification

Check $n = 1$:
$f(1) = \frac{1}{2}(1)^2 + \frac{3}{2}(1) - 1 = \frac{1}{2} + \frac{3}{2} - 1 = 2 - 1 = 1$.
Since $f(1) = 1$, this is a solution.

Check $n = -2$:
$f(-2) = \frac{1}{2}(-2)^2 + \frac{3}{2}(-2) - 1 = \frac{1}{2}(4) - 3 - 1 = 2 - 3 - 1 = -2$.
Since $f(-2) = -2$, this is a solution.

The integers satisfying the condition are $-2$ and $1$.

\boxed{-2, 1}","$1,-2$"
MATH-500/26,"To solve the problem of finding the number of ways 7 people can sit around a round table such that no two of the 3 specific people (Pierre, Rosa, and Thomas) sit next to each other, we can use the method of **complementary counting** or the **gap method**. The gap method is often more direct for ""no two adjacent"" constraints in circular permutations.

### Step 1: Understand the Setup
- Total people: $7$
- Specific people (let's call them Group A): Pierre ($P$), Rosa ($R$), Thomas ($T$). There are $3$ people in this group.
- Other people (let's call them Group B): The remaining $7 - 3 = 4$ people. Let's call them $O_1, O_2, O_3, O_4$.
- Constraint: No two people from Group A can sit next to each other.
- Circular Permutation: Rotations are considered identical.

### Step 2: Arrange the ""Other"" People (Group B)
First, we arrange the 4 people from Group B around the round table.
The number of ways to arrange $n$ distinct items in a circle is $(n-1)!$.
So, the number of ways to arrange the 4 ""other"" people is:
$$ (4 - 1)! = 3! = 6 \text{ ways} $$

Let's visualize these 4 people seated. They create 4 distinct spaces or ""gaps"" between them where the people from Group A can be placed.
$$ \_ O_1 \_ O_2 \_ O_3 \_ O_4 \_ $$
(Note: In a circle, the gap after $O_4$ connects back to $O_1$.)

### Step 3: Place the Specific People (Group A) into the Gaps
To ensure that no two people from Group A sit next to each other, we must place each of the 3 people ($P, R, T$) into a separate gap among the 4 available gaps created by Group B.

1.  **Choose the gaps**: We need to choose 3 gaps out of the 4 available gaps. The number of ways to choose 3 gaps from 4 is given by the combination formula $\binom{n}{k}$:
    $$ \binom{4}{3} = 4 \text{ ways} $$

2.  **Arrange the specific people**: Once the 3 gaps are chosen, we need to arrange the 3 distinct people ($P, R, T$) into these 3 chosen gaps. The number of ways to arrange 3 distinct items in 3 specific spots is $3!$:
    $$ 3! = 3 \times 2 \times 1 = 6 \text{ ways} $$

So, the number of ways to place Group A into the gaps is:
$$ \binom{4}{3} \times 3! = 4 \times 6 = 24 \text{ ways} $$

### Step 4: Calculate the Total Number of Arrangements
The total number of valid seating arrangements is the product of the number of ways to arrange Group B and the number of ways to place Group A into the gaps.

$$ \text{Total Ways} = (\text{Ways to arrange Group B}) \times (\text{Ways to place Group A}) $$
$$ \text{Total Ways} = 6 \times 24 $$

Calculating the product:
$$ 6 \times 24 = 144 $$

### Alternative Method: Complementary Counting (Verification)
Let's verify this result using complementary counting.
Total circular permutations of 7 people = $(7-1)! = 6! = 720$.

We subtract the arrangements where at least two of $P, R, T$ are adjacent.
Let $S$ be the set of all arrangements.
Let $A$ be the set where $P$ and $R$ are adjacent.
Let $B$ be the set where $R$ and $T$ are adjacent.
Let $C$ be the set where $P$ and $T$ are adjacent.

We want to find $|S| - |A \cup B \cup C|$.
By the Principle of Inclusion-Exclusion:
$$ |A \cup B \cup C| = (|A| + |B| + |C|) - (|A \cap B| + |A \cap C| + |B \cap C|) + |A \cap B \cap C| $$

1.  **Calculate $|A|$ (P and R adjacent)**:
    Treat $(PR)$ as a single unit. Now we have 6 entities: $\{ (PR), T, O_1, O_2, O_3, O_4 \}$.
    Circular arrangements of 6 entities = $(6-1)! = 120$.
    Inside the unit $(PR)$, they can be arranged in $2! = 2$ ways ($PR$ or $RP$).
    So, $|A| = 120 \times 2 = 240$.
    Similarly, $|B| = 240$ and $|C| = 240$.
    Sum = $240 + 240 + 240 = 720$.

2.  **Calculate $|A \cap B|$ (P adjacent to R AND R adjacent to T)**:
    This implies the block is $(PRT)$ or $(TRP)$. Essentially, all three are together in a block of 3.
    Treat $\{P, R, T\}$ as a single unit. Now we have 5 entities: $\{ (PRT), O_1, O_2, O_3, O_4 \}$.
    Circular arrangements of 5 entities = $(5-1)! = 24$.
    Inside the block, the order must be $P-R-T$ or $T-R-P$ to satisfy both adjacencies involving R?
    Wait, $A \cap B$ means $P$ next to $R$ AND $R$ next to $T$. The possible orders for the triplet are $PRT$ and $TRP$. So there are 2 internal arrangements.
    So, $|A \cap B| = 24 \times 2 = 48$.
    Similarly, $|A \cap C|$ (P next to R and P next to T) implies block $RPT$ or $TPR$. $|A \cap C| = 48$.
    Similarly, $|B \cap C|$ (R next to T and P next to T) implies block $RTP$ or $PTR$. $|B \cap C| = 48$.
    Sum = $48 + 48 + 48 = 144$.

3.  **Calculate $|A \cap B \cap C|$ (All pairs adjacent)**:
    This means $P$ next to $R$, $R$ next to $T$, and $P$ next to $T$. This is only possible if all three sit together in a block.
    The arrangements are the same as above: blocks $PRT$ and $TRP$ etc.
    Actually, $A \cap B \cap C$ is the set where all three are mutually adjacent. In a linear sense, this forms a block of 3.
    The number of such arrangements is the same as calculated for the intersections of two conditions because if P is next to R and R is next to T, P and T are not necessarily next to each other unless they are in a block of 3.
    Wait, let's look closer.
    $A$: P,R adjacent.
    $B$: R,T adjacent.
    $C$: P,T adjacent.
    $A \cap B \cap C$ requires all three pairs to be adjacent. In a circle of 7, if P, R, T are distinct seats, P cannot be adjacent to both R and T unless R and T are on opposite sides of P. But R and T must also be adjacent. This forms a triangle of adjacency, which is impossible in a 1D circular seating unless the group size is 3. Since there are other people, P, R, T cannot all be pairwise adjacent.
    Therefore, $|A \cap B \cap C| = 0$.

    Let's re-evaluate $|A \cap B|$.
    $A \cap B$ means P is next to R, and R is next to T. This forms a chain $P-R-T$ or $T-R-P$.
    Does this imply P is next to T? No.
    So $A \cap B$ does not imply $C$.
    The intersection of all three sets $A \cap B \cap C$ requires P next to R, R next to T, AND P next to T.
    If P is next to R and P is next to T, then R and T are the neighbors of P. For R and T to be adjacent, they must be next to each other. This would require the seats to be arranged such that P is between R and T, and R is next to T. This is only possible if there are only 3 people at the table. With 7 people, R and T cannot be adjacent if they are both adjacent to P (unless the table has only 3 seats).
    Thus, $|A \cap B \cap C| = 0$.

    So, $|A \cup B \cup C| = 720 - 144 + 0 = 576$.
    
    Valid arrangements = Total - Invalid
    $$ 720 - 576 = 144 $$

Both methods yield the same result.

### Conclusion
The number of ways 7 people can sit around a round table such that no two of Pierre, Rosa, and Thomas sit next to each other is 144.

\boxed{144}",$144$
MATH-500/27,"To find the profit, we need to calculate the total revenue generated from selling the items and then subtract the total cost of baking them.

**Step 1: Calculate the revenue from cookies.**
The math club sold 54 cookies at a rate of 3 for $\$1$.
First, determine how many sets of 3 cookies were sold:
$$ \frac{54 \text{ cookies}}{3 \text{ cookies/set}} = 18 \text{ sets} $$
Since each set costs $\$1$, the revenue from cookies is:
$$ 18 \text{ sets} \times \$1/\text{set} = \$18 $$

**Step 2: Calculate the revenue from cupcakes.**
The math club sold 20 cupcakes at $\$2$ each.
$$ 20 \text{ cupcakes} \times \$2/\text{cupcake} = \$40 $$

**Step 3: Calculate the revenue from brownies.**
The math club sold 35 brownies at $\$1$ each.
$$ 35 \text{ brownies} \times \$1/\text{brownie} = \$35 $$

**Step 4: Calculate the total revenue.**
Add the revenue from all three items:
$$ \text{Total Revenue} = \$18 (\text{cookies}) + \$40 (\text{cupcakes}) + \$35 (\text{brownies}) $$
$$ \text{Total Revenue} = \$18 + \$40 + \$35 $$
$$ \text{Total Revenue} = \$58 + \$35 $$
$$ \text{Total Revenue} = \$93 $$

**Step 5: Calculate the profit.**
Profit is defined as Total Revenue minus Total Cost. The problem states that the cost to bake the items was $\$15$.
$$ \text{Profit} = \text{Total Revenue} - \text{Total Cost} $$
$$ \text{Profit} = \$93 - \$15 $$
$$ \text{Profit} = \$78 $$

The math club's profit was $\$78$.

\boxed{78}",$78$
MATH-500/28,"To find the resulting complex number after a $90^\circ$ counter-clockwise rotation around the origin, we can use the properties of complex number multiplication.

### Step 1: Understand Rotation in the Complex Plane
Rotating a complex number $z$ by an angle $\theta$ counter-clockwise around the origin is equivalent to multiplying $z$ by $e^{i\theta}$.

For a rotation of $90^\circ$ (or $\frac{\pi}{2}$ radians), the multiplier is:
$$ e^{i\frac{\pi}{2}} = \cos\left(\frac{\pi}{2}\right) + i\sin\left(\frac{\pi}{2}\right) = 0 + i(1) = i $$

Therefore, rotating a complex number $z$ by $90^\circ$ counter-clockwise is simply multiplying $z$ by $i$.

### Step 2: Apply the Rotation
The given complex number is $z = 7 + 2i$.
We multiply this by $i$:
$$ z' = (7 + 2i) \cdot i $$

### Step 3: Perform the Multiplication
Distribute $i$ across the terms:
$$ z' = 7i + 2i^2 $$

Recall that $i^2 = -1$. Substitute this value into the equation:
$$ z' = 7i + 2(-1) $$
$$ z' = 7i - 2 $$

### Step 4: Format the Result
Standard form for a complex number is $a + bi$. Rearranging the terms:
$$ z' = -2 + 7i $$

### Alternative Method: Geometric Interpretation
In the complex plane, the complex number $7 + 2i$ corresponds to the point $(7, 2)$.
A $90^\circ$ counter-clockwise rotation transforms a point $(x, y)$ to $(-y, x)$.
Here, $x = 7$ and $y = 2$.
So, the new coordinates are $(-2, 7)$.
This corresponds to the complex number $-2 + 7i$.

### Conclusion
The resulting complex number is $-2 + 7i$.

\boxed{-2 + 7i}",$-2 + 7i$
MATH-500/29,"To determine the number of different battalions that can be sent, we need to calculate the number of ways to choose the required soldiers from the available pool for each class. This is a combination problem because the order in which the soldiers are selected does not matter.

**1. Calculate the number of ways to choose the upper class soldiers:**

*   Total available upper class soldiers ($n_U$) = 5
*   Required upper class soldiers ($k_U$) = 4

The number of ways to choose 4 soldiers from 5 is given by the combination formula $\binom{n}{k} = \frac{n!}{k!(n-k)!}$:

$$ \binom{5}{4} = \frac{5!}{4!(5-4)!} = \frac{5!}{4!1!} = \frac{5 \times 4 \times 3 \times 2 \times 1}{(4 \times 3 \times 2 \times 1) \times 1} = 5 $$

So, there are **5** ways to choose the upper class soldiers.

**2. Calculate the number of ways to choose the lower class soldiers:**

*   Total available lower class soldiers ($n_L$) = 10
*   Required lower class soldiers ($k_L$) = 8

The number of ways to choose 8 soldiers from 10 is:

$$ \binom{10}{8} = \frac{10!}{8!(10-8)!} = \frac{10!}{8!2!} $$

Using the property $\binom{n}{k} = \binom{n}{n-k}$, we know that $\binom{10}{8} = \binom{10}{2}$, which is easier to calculate:

$$ \binom{10}{2} = \frac{10 \times 9}{2 \times 1} = \frac{90}{2} = 45 $$

So, there are **45** ways to choose the lower class soldiers.

**3. Calculate the total number of different battalions:**

Since the choice of upper class soldiers and lower class soldiers are independent events, we multiply the number of ways for each class to find the total number of combinations:

$$ \text{Total Battalions} = (\text{Ways to choose Upper Class}) \times (\text{Ways to choose Lower Class}) $$
$$ \text{Total Battalions} = 5 \times 45 $$
$$ \text{Total Battalions} = 225 $$

**Conclusion:**

There are 225 different battalions that can be sent.

\boxed{225}",$225$
MATH-500/30,"To find the product of $6_8 \cdot 7_8$ and express the answer in base $8$, we can follow these steps:

### Step 1: Convert the numbers from base 8 to base 10
The subscript $_8$ indicates that the numbers are in octal (base 8).
- The number $6_8$ represents the value $6$ in base 10.
- The number $7_8$ represents the value $7$ in base 10.

### Step 2: Perform the multiplication in base 10
Multiply the base 10 values:
$$ 6 \times 7 = 42 $$
So, the product in base 10 is $42_{10}$.

### Step 3: Convert the result from base 10 back to base 8
To convert $42_{10}$ to base 8, we divide by 8 and keep track of the remainders.

1. Divide 42 by 8:
   $$ 42 \div 8 = 5 \text{ with a remainder of } 2 $$
   ($5 \times 8 = 40$, and $42 - 40 = 2$)

2. The quotient is 5, which is less than 8, so we stop here. The digits of the base 8 number are the final quotient followed by the remainder.

   - The most significant digit is the quotient: $5$
   - The least significant digit is the remainder: $2$

Thus, $42_{10} = 52_8$.

### Verification
We can also perform the multiplication directly in base 8.
In base 8, the digits are $0, 1, 2, 3, 4, 5, 6, 7$.
$6 \times 7 = 42$ in decimal.
We need to represent $42$ in base 8.
$42 = 5 \times 8^1 + 2 \times 8^0$.
So, the digits are $5$ and $2$.
Therefore, $6_8 \cdot 7_8 = 52_8$.

\boxed{52_8}",$52_8$
MATH-500/31,"To simplify the square root $\sqrt{242}$, we need to find the largest perfect square factor of 242.

**Step 1: Find the prime factorization of 242.**
First, we notice that 242 is an even number, so it is divisible by 2:
$$ 242 \div 2 = 121 $$

Next, we look at 121. We know that $11 \times 11 = 121$, so 121 is a perfect square ($11^2$).
Thus, the prime factorization of 242 is:
$$ 242 = 2 \times 11^2 $$

**Step 2: Apply the property of square roots.**
We can rewrite the square root using the factors found above:
$$ \sqrt{242} = \sqrt{121 \times 2} $$

Using the property $\sqrt{a \times b} = \sqrt{a} \times \sqrt{b}$, we get:
$$ \sqrt{242} = \sqrt{121} \times \sqrt{2} $$

**Step 3: Simplify the perfect square.**
Since $\sqrt{121} = 11$, we substitute this value back into the expression:
$$ \sqrt{242} = 11 \times \sqrt{2} $$
$$ \sqrt{242} = 11\sqrt{2} $$

The number 2 has no perfect square factors other than 1, so $\sqrt{2}$ cannot be simplified further.

**Final Answer:**
$$ \boxed{11\sqrt{2}} $$",$11\sqrt2$
