original_answer,gold_answer,extracted_answer,extracted_gold,is_correct
"To convert the point $(x, y) = (0, 3)$ from rectangular coordinates to polar coordinates $(r, \theta)$, we use the following relationships:

1.  $r = \sqrt{x^2 + y^2}$
2.  $\tan \theta = \frac{y}{x}$ (with adjustments based on the quadrant)

**Step 1: Calculate $r$**

Given $x = 0$ and $y = 3$:
$$ r = \sqrt{0^2 + 3^2} = \sqrt{9} = 3 $$
Since the problem requires $r > 0$, we have $r = 3$.

**Step 2: Calculate $\theta$**

The point $(0, 3)$ lies on the positive $y$-axis.
*   The angle corresponding to the positive $x$-axis is $0$.
*   The angle corresponding to the positive $y$-axis is $\frac{\pi}{2}$.
*   The angle corresponding to the negative $x$-axis is $\pi$.
*   The angle corresponding to the negative $y$-axis is $\frac{3\pi}{2}$.

Since the point is on the positive $y$-axis, the angle $\theta$ is $\frac{\pi}{2}$.

We must ensure that $0 \le \theta < 2\pi$.
$\frac{\pi}{2}$ satisfies this condition.

**Conclusion**

The polar coordinates are $(3, \frac{\pi}{2})$.

\boxed{(3, \frac{\pi}{2})}","$\left( 3, \frac{\pi}{2} \right)$","['(3, pi/2)', '(3, \\frac{\\pi}{2})']","['(3, pi/2)', '( 3, \\frac{\\pi}{2} )']",True
"To find the value of the double sum
\[ S = \sum_{j = 1}^\infty \sum_{k = 1}^\infty \frac{1}{(j + k)^3} \]
in terms of $p = \sum_{k=1}^\infty \frac{1}{k^2}$ and $q = \sum_{k=1}^\infty \frac{1}{k^3}$, we will proceed by changing the order of summation and grouping terms based on the sum of the indices.

### Step 1: Change the Index of Summation

Let $n = j + k$. Since $j \ge 1$ and $k \ge 1$, the smallest possible value for $n$ is $1+1=2$. For a fixed integer $n \ge 2$, the possible pairs $(j, k)$ such that $j+k=n$ are:
\[ (1, n-1), (2, n-2), \dots, (n-1, 1) \]
There are exactly $n-1$ such pairs.

We can rewrite the double sum by summing over $n$ first. The term $\frac{1}{(j+k)^3}$ becomes $\frac{1}{n^3}$ for each pair. Since there are $n-1$ pairs for each $n$, the sum becomes:
\[ S = \sum_{n=2}^\infty (n-1) \frac{1}{n^3} \]

### Step 2: Simplify the General Term

We can split the fraction $\frac{n-1}{n^3}$ into two separate terms:
\[ \frac{n-1}{n^3} = \frac{n}{n^3} - \frac{1}{n^3} = \frac{1}{n^2} - \frac{1}{n^3} \]

Substituting this back into the expression for $S$:
\[ S = \sum_{n=2}^\infty \left( \frac{1}{n^2} - \frac{1}{n^3} \right) \]

By linearity of summation, we can separate this into two sums:
\[ S = \sum_{n=2}^\infty \frac{1}{n^2} - \sum_{n=2}^\infty \frac{1}{n^3} \]

### Step 3: Relate to $p$ and $q$

Recall the definitions given in the problem:
\[ p = \sum_{k=1}^\infty \frac{1}{k^2} = 1 + \sum_{k=2}^\infty \frac{1}{k^2} \]
\[ q = \sum_{k=1}^\infty \frac{1}{k^3} = 1 + \sum_{k=2}^\infty \frac{1}{k^3} \]

From these definitions, we can express the sums starting from $n=2$ as:
\[ \sum_{n=2}^\infty \frac{1}{n^2} = p - 1 \]
\[ \sum_{n=2}^\infty \frac{1}{n^3} = q - 1 \]

### Step 4: Final Calculation

Substitute these expressions back into the equation for $S$:
\[ S = (p - 1) - (q - 1) \]
\[ S = p - 1 - q + 1 \]
\[ S = p - q \]

Thus, the double sum can be written as $p - q$.

\boxed{p - q}",$p - q$,"['p - q', 'p - q']","['p - q', 'p - q']",True
"To find the value of $f(-2) + f(-1) + f(0)$ for the function $f(x) = \frac{3x-2}{x-2}$, we will evaluate the function at each of the specified points and then sum the results.

**Step 1: Evaluate $f(-2)$**

Substitute $x = -2$ into the function:
$$ f(-2) = \frac{3(-2) - 2}{-2 - 2} $$
$$ f(-2) = \frac{-6 - 2}{-4} $$
$$ f(-2) = \frac{-8}{-4} $$
$$ f(-2) = 2 $$

**Step 2: Evaluate $f(-1)$**

Substitute $x = -1$ into the function:
$$ f(-1) = \frac{3(-1) - 2}{-1 - 2} $$
$$ f(-1) = \frac{-3 - 2}{-3} $$
$$ f(-1) = \frac{-5}{-3} $$
$$ f(-1) = \frac{5}{3} $$

**Step 3: Evaluate $f(0)$**

Substitute $x = 0$ into the function:
$$ f(0) = \frac{3(0) - 2}{0 - 2} $$
$$ f(0) = \frac{0 - 2}{-2} $$
$$ f(0) = \frac{-2}{-2} $$
$$ f(0) = 1 $$

**Step 4: Sum the values**

Now, we add the three results together:
$$ f(-2) + f(-1) + f(0) = 2 + \frac{5}{3} + 1 $$

Combine the integers first:
$$ 2 + 1 = 3 $$

Add the fraction:
$$ 3 + \frac{5}{3} $$

To add these, convert 3 to a fraction with a denominator of 3:
$$ 3 = \frac{9}{3} $$

So,
$$ \frac{9}{3} + \frac{5}{3} = \frac{9 + 5}{3} = \frac{14}{3} $$

The result is already in simplest form as a common fraction.

\boxed{\frac{14}{3}}",$\frac{14}{3}$,"['14/3', '\\frac{14}{3}']","['14/3', '\\frac{14}{3}']",True
"To find the number of positive whole-number divisors of 196, we can follow these steps:

### Step 1: Prime Factorization of 196

First, we determine the prime factorization of the number 196.

1.  Since 196 is an even number, we can divide it by 2:
    $$196 \div 2 = 98$$
2.  98 is also even, so we divide by 2 again:
    $$98 \div 2 = 49$$
3.  Now we have 49. We know that $49 = 7 \times 7$, or $7^2$.

So, the prime factorization of 196 is:
$$196 = 2 \times 2 \times 7 \times 7 = 2^2 \times 7^2$$

### Step 2: Use the Divisor Counting Formula

If the prime factorization of a number $n$ is given by $n = p_1^{e_1} \times p_2^{e_2} \times \dots \times p_k^{e_k}$, then the total number of positive divisors of $n$, denoted as $d(n)$, is calculated by multiplying the successors of the exponents:
$$d(n) = (e_1 + 1)(e_2 + 1)\dots(e_k + 1)$$

For $196 = 2^2 \times 7^2$:
- The exponent of the prime factor 2 is $2$.
- The exponent of the prime factor 7 is $2$.

Applying the formula:
$$d(196) = (2 + 1)(2 + 1)$$
$$d(196) = 3 \times 3$$
$$d(196) = 9$$

### Step 3: Verification by Listing Divisors

Let's list all the divisors to verify the result. The divisors are formed by combinations of the prime factors $2^0, 2^1, 2^2$ and $7^0, 7^1, 7^2$.

1.  $2^0 \times 7^0 = 1 \times 1 = 1$
2.  $2^1 \times 7^0 = 2 \times 1 = 2$
3.  $2^2 \times 7^0 = 4 \times 1 = 4$
4.  $2^0 \times 7^1 = 1 \times 7 = 7$
5.  $2^1 \times 7^1 = 2 \times 7 = 14$
6.  $2^2 \times 7^1 = 4 \times 7 = 28$
7.  $2^0 \times 7^2 = 1 \times 49 = 49$
8.  $2^1 \times 7^2 = 2 \times 49 = 98$
9.  $2^2 \times 7^2 = 4 \times 49 = 196$

The divisors are: 1, 2, 4, 7, 14, 28, 49, 98, 196.
Counting them, we find there are exactly 9 divisors.

### Conclusion

The number of positive whole-number divisors of 196 is 9.

\boxed{9}",$9$,"['9', '9']","['9', '9']",True
"To determine which student has the greatest average speed, we need to analyze the relationship between distance and time as presented in the graph.

**1. Understand the Graph**
*   The horizontal axis (x-axis) represents **time**.
*   The vertical axis (y-axis) represents **distance**.
*   The average speed of a student is calculated as:
    $$ \text{Speed} = \frac{\text{Distance}}{\text{Time}} $$
*   Geometrically, on a distance-time graph, the speed corresponds to the slope of the line segment connecting the origin $(0,0)$ to the student's data point. A steeper slope indicates a higher speed. Alternatively, we can simply calculate the ratio $\frac{y}{x}$ for each point.

**2. Extract Data Points**
Let's estimate the coordinates $(t, d)$ for each student from the provided Asymptote code and visual representation:

*   **Evelyn**: The dot is at approximately $x = 1.25$ and $y = 4.5$.
*   **Briana**: The dot is at approximately $x = 2.5$ and $y = 2.2$.
*   **Carla**: The dot is at approximately $x = 4.25$ and $y = 5.2$.
*   **Debra**: The dot is at approximately $x = 5.6$ and $y = 2.8$.
*   **Angela**: The dot is at approximately $x = 6.8$ and $y = 1.4$.

**3. Calculate Average Speeds**
Now, we calculate the speed ($\frac{d}{t}$) for each student:

*   **Evelyn**:
    $$ \text{Speed} = \frac{4.5}{1.25} = 3.6 $$

*   **Briana**:
    $$ \text{Speed} = \frac{2.2}{2.5} = 0.88 $$

*   **Carla**:
    $$ \text{Speed} = \frac{5.2}{4.25} \approx 1.22 $$

*   **Debra**:
    $$ \text{Speed} = \frac{2.8}{5.6} = 0.5 $$

*   **Angela**:
    $$ \text{Speed} = \frac{1.4}{6.8} \approx 0.21 $$

**4. Compare the Results**
*   Evelyn: $3.6$
*   Briana: $0.88$
*   Carla: $\approx 1.22$
*   Debra: $0.5$
*   Angela: $\approx 0.21$

Evelyn has the highest value. Visually, this makes sense because her point is the highest up relative to its horizontal position (closest to the y-axis while being high on the y-axis), indicating she covered the most distance in the least amount of time.

**Conclusion**
Evelyn has the greatest average speed.

\boxed{Evelyn}",$\text{Evelyn}$,"['E*e*l*n*v*y', 'Evelyn']","['evelyn', '\\text{Evelyn}']",True
"To find the perimeter of the regular hexagon, we will follow these steps:

1.  **Determine the side length of the equilateral triangle.**
    The problem states that the regular hexagon is divided into six equilateral triangles. An equilateral triangle has three sides of equal length. Let $s$ be the side length of one of these triangles.
    
    The perimeter of one equilateral triangle is given as 21 inches. Therefore:
    $$3s = 21$$
    
    Solving for $s$:
    $$s = \frac{21}{3} = 7 \text{ inches}$$

2.  **Determine the side length of the regular hexagon.**
    A regular hexagon can be divided into six equilateral triangles by drawing lines from the center to each vertex. The sides of these triangles that form the boundary of the hexagon are the sides of the hexagon itself. Therefore, the side length of the regular hexagon is equal to the side length of the equilateral triangle.
    
    So, the side length of the hexagon is also $7$ inches.

3.  **Calculate the perimeter of the regular hexagon.**
    A regular hexagon has 6 equal sides. Let $P_{hex}$ be the perimeter of the hexagon.
    $$P_{hex} = 6 \times s$$
    $$P_{hex} = 6 \times 7$$
    $$P_{hex} = 42 \text{ inches}$$

**Conclusion:**
The perimeter of the regular hexagon is 42 inches.

\boxed{42}",$42$,"['42', '42']","['42', '42']",True
"To find the smallest positive perfect cube that can be written as the sum of three consecutive integers, we will proceed with the following logical steps:

### Step 1: Express the sum of three consecutive integers algebraically

Let the three consecutive integers be $n-1$, $n$, and $n+1$, where $n$ is an integer.
The sum $S$ of these three integers is:
$$ S = (n-1) + n + (n+1) $$
$$ S = 3n $$

So, the sum of any three consecutive integers is always a multiple of 3.

### Step 2: Set the sum equal to a perfect cube

We are looking for a number that is both a perfect cube and equal to this sum. Let the perfect cube be $k^3$, where $k$ is a positive integer.
Therefore, we have the equation:
$$ k^3 = 3n $$

This implies that $k^3$ must be divisible by 3.

### Step 3: Determine the properties of $k$

If a perfect cube $k^3$ is divisible by a prime number $p$, then the base $k$ must also be divisible by $p$.
*   Proof: Let the prime factorization of $k$ be $p_1^{a_1} p_2^{a_2} \dots$. Then $k^3 = p_1^{3a_1} p_2^{3a_2} \dots$. For $k^3$ to be divisible by 3, the exponent of the prime factor 3 in the prime factorization of $k^3$ must be at least 1. Since the exponents in $k^3$ are multiples of 3, the smallest positive multiple of 3 is 3. This means the exponent of 3 in $k$ must be at least 1. Thus, $k$ is divisible by 3.

So, $k$ must be a multiple of 3. Let $k = 3m$ for some positive integer $m$.

### Step 4: Find the smallest positive integer $k$

We want the **smallest** positive perfect cube. This corresponds to the smallest positive integer $k$.
Since $k$ must be a multiple of 3, the possible values for $k$ are $3, 6, 9, \dots$.

The smallest positive value is $k = 3$.

### Step 5: Calculate the perfect cube and verify

Let's test $k = 3$:
$$ k^3 = 3^3 = 27 $$

Now, we check if 27 can be written as the sum of three consecutive integers.
From Step 1, we know the sum is $3n$. So:
$$ 27 = 3n $$
$$ n = 9 $$

The three consecutive integers are $n-1, n, n+1$, which are:
$$ 8, 9, 10 $$

Let's verify the sum:
$$ 8 + 9 + 10 = 27 $$

Since $27 = 3^3$, it is a perfect cube.
Since $8, 9, 10$ are consecutive integers, the condition is satisfied.

Is there a smaller positive perfect cube?
The positive perfect cubes are $1^3=1$, $2^3=8$, $3^3=27$, etc.
*   $1$: Is $1$ divisible by 3? No. ($1 = 3n \implies n=1/3$, not an integer).
*   $8$: Is $8$ divisible by 3? No. ($8 = 3n \implies n=8/3$, not an integer).
*   $27$: Is $27$ divisible by 3? Yes. ($27 = 3n \implies n=9$, an integer).

Thus, 27 is the smallest.

### Conclusion

The smallest positive perfect cube that can be written as the sum of three consecutive integers is 27.

\boxed{27}",$27$,"['27', '27']","['27', '27']",True
"To find the angle between the two lines, we first need to determine the direction vectors for each line.

### Step 1: Find the direction vector of the first line

The equation for the first line is given by:
\[ 2x = 3y = -z \]

Let this common value be equal to a parameter $t$. Then we can write:
\[ 2x = t \implies x = \frac{t}{2} \]
\[ 3y = t \implies y = \frac{t}{3} \]
\[ -z = t \implies z = -t \]

So, the position vector $\mathbf{r}_1$ of any point on this line can be written as:
\[ \mathbf{r}_1 = \left( \frac{1}{2}, \frac{1}{3}, -1 \right) t \]

The direction vector $\mathbf{v}_1$ is the coefficient of $t$:
\[ \mathbf{v}_1 = \left( \frac{1}{2}, \frac{1}{3}, -1 \right) \]

To make calculations easier, we can scale this vector by multiplying by the least common multiple of the denominators (which is 6) to get integer components. This does not change the direction of the line.
\[ \mathbf{v}_1' = 6 \cdot \left( \frac{1}{2}, \frac{1}{3}, -1 \right) = (3, 2, -6) \]

### Step 2: Find the direction vector of the second line

The equation for the second line is given by:
\[ 6x = -y = -4z \]

Let this common value be equal to a parameter $s$. Then we can write:
\[ 6x = s \implies x = \frac{s}{6} \]
\[ -y = s \implies y = -s \]
\[ -4z = s \implies z = -\frac{s}{4} \]

So, the position vector $\mathbf{r}_2$ of any point on this line can be written as:
\[ \mathbf{r}_2 = \left( \frac{1}{6}, -1, -\frac{1}{4} \right) s \]

The direction vector $\mathbf{v}_2$ is the coefficient of $s$:
\[ \mathbf{v}_2 = \left( \frac{1}{6}, -1, -\frac{1}{4} \right) \]

Similarly, we can scale this vector to get integer components. The least common multiple of the denominators 6 and 4 is 12.
\[ \mathbf{v}_2' = 12 \cdot \left( \frac{1}{6}, -1, -\frac{1}{4} \right) = (2, -12, -3) \]

### Step 3: Calculate the angle between the direction vectors

Let $\theta$ be the angle between the two lines. The angle between two lines is defined as the acute angle between their direction vectors. We use the dot product formula:
\[ \cos \theta = \frac{|\mathbf{v}_1' \cdot \mathbf{v}_2'|}{\|\mathbf{v}_1'\| \|\mathbf{v}_2'\|} \]

First, calculate the dot product $\mathbf{v}_1' \cdot \mathbf{v}_2'$:
\[ \mathbf{v}_1' = (3, 2, -6) \]
\[ \mathbf{v}_2' = (2, -12, -3) \]
\[ \mathbf{v}_1' \cdot \mathbf{v}_2' = (3)(2) + (2)(-12) + (-6)(-3) \]
\[ \mathbf{v}_1' \cdot \mathbf{v}_2' = 6 - 24 + 18 \]
\[ \mathbf{v}_1' \cdot \mathbf{v}_2' = 0 \]

Since the dot product is 0, the vectors are orthogonal (perpendicular).

### Step 4: Determine the angle

If the dot product of two non-zero vectors is 0, the angle between them is $90^\circ$.

\[ \cos \theta = 0 \implies \theta = 90^\circ \]

### Conclusion

The angle between the two lines is $90^\circ$.

\boxed{90}",$90^\circ$,"['90', '90']","['90', '90^\\circ']",True
"To find the distance between two points $(x_1, y_1)$ and $(x_2, y_2)$ in a coordinate plane, we use the distance formula:

$$ d = \sqrt{(x_2 - x_1)^2 + (y_2 - y_1)^2} $$

**Step 1: Identify the coordinates of the points.**
Let $(x_1, y_1) = (2, -6)$ and $(x_2, y_2) = (-4, 3)$.

**Step 2: Substitute the coordinates into the distance formula.**
$$ d = \sqrt{(-4 - 2)^2 + (3 - (-6))^2} $$

**Step 3: Simplify the expressions inside the parentheses.**
$$ x_2 - x_1 = -4 - 2 = -6 $$
$$ y_2 - y_1 = 3 - (-6) = 3 + 6 = 9 $$

So, the equation becomes:
$$ d = \sqrt{(-6)^2 + (9)^2} $$

**Step 4: Square the differences.**
$$ (-6)^2 = 36 $$
$$ (9)^2 = 81 $$

So, the equation becomes:
$$ d = \sqrt{36 + 81} $$

**Step 5: Add the numbers inside the square root.**
$$ d = \sqrt{117} $$

**Step 6: Simplify the radical.**
To express the answer in simplest radical form, we need to find the largest perfect square factor of 117.
The factors of 117 are 1, 3, 9, 13, 39, 117.
The largest perfect square factor is 9.

$$ 117 = 9 \times 13 $$

Therefore:
$$ d = \sqrt{9 \times 13} $$
$$ d = \sqrt{9} \times \sqrt{13} $$
$$ d = 3\sqrt{13} $$

The distance between the points is $3\sqrt{13}$.

\boxed{3\sqrt{13}}",$3\sqrt{13}$,"['3*sqrt(13)', '3\\sqrt{13}']","['3*sqrt(13)', '3\\sqrt{13}']",True
"To determine how many distinct values can be obtained from the expression $2 \cdot 3 \cdot 4 \cdot 5 + 1$ by inserting parentheses, we must analyze all possible ways to parenthesize the expression.

The expression consists of four numbers ($2, 3, 4, 5$) connected by multiplication operators, followed by an addition of $1$. The structure is essentially a sequence of operations on the numbers $2, 3, 4, 5$ and then adding $1$. However, the parentheses can change the order of operations between the multiplications and the addition.

Let the expression be $E = 2 \cdot 3 \cdot 4 \cdot 5 + 1$.
The operators are $\cdot, \cdot, \cdot, +$.
The numbers are $2, 3, 4, 5, 1$.

Since multiplication is associative, the grouping of purely multiplicative terms does not change their product. For example, $(2 \cdot 3) \cdot 4 = 2 \cdot (3 \cdot 4) = 24$. The critical factor is where the addition operator $+$ is applied relative to the multiplications. The addition can only happen after some subset of the multiplications have been evaluated, or it can be part of a larger multiplicative term.

Let's break down the possible structures based on the position of the addition. The expression can be viewed as a binary tree where the leaves are the numbers $2, 3, 4, 5, 1$ and the internal nodes are operators. The last operation performed must be either a multiplication or an addition.

**Case 1: The last operation is Addition.**
This means the expression is of the form $A + B$, where $A$ is a product of some prefix of $\{2, 3, 4, 5\}$ and $B$ is the remaining part. However, since the $+1$ is at the end, the structure is effectively $(\text{Product of some subset of } \{2,3,4,5\}) + (\text{Product of the rest combined with 1?})$.
Actually, let's look at the standard interpretation of inserting parentheses into $2 \cdot 3 \cdot 4 \cdot 5 + 1$.
The operators are fixed in position: $2 \cdot 3 \cdot 4 \cdot 5 + 1$.
We can insert parentheses to change the order.
The possible ""split points"" for the final operation are:
1.  The final operation is $+$. This implies the expression is evaluated as $(\dots) + 1$ or $(\dots) + (\dots)$. But the $+1$ is at the very end. So the form is $X + 1$ or $X + Y$? No, the numbers are fixed. The expression is $2 \cdot 3 \cdot 4 \cdot 5 + 1$.
    The addition is between the term resulting from $2 \cdot 3 \cdot 4 \cdot 5$ and $1$, OR the addition is inside a multiplication.

Let's list all valid parenthesizations systematically. The expression has 5 operands: $2, 3, 4, 5, 1$.
The operators are $\cdot, \cdot, \cdot, +$.
Let's denote the expression as $E$.
The possible binary tree structures for 5 operands are given by the Catalan number $C_4 = 14$. However, many of these will yield the same value because multiplication is associative and commutative (though order of numbers is fixed, so only associativity matters for the product part). Also, the $+$ operator is distinct.

Let's categorize by the **last operation performed**.

**Category A: The last operation is Addition ($+$).**
This means the expression is split into two parts, $L + R$, where the $+$ is the root.
Since the $+$ is the 4th operator in the sequence $2 \cdot 3 \cdot 4 \cdot 5 + 1$, the split must separate the operands into a left set and a right set.
The operands are $2, 3, 4, 5, 1$.
The $+$ is between $5$ and $1$.
So, the split must be such that the left part contains $\{2, 3, 4, 5\}$ and the right part contains $\{1\}$?
Not necessarily. Parentheses can group $5$ with $1$ before multiplying by others? No, the operator between 5 and 1 is $+$.
If the last operation is $+$, then the expression is of the form $A + B$.
The operator $+$ is fixed between the term ending in 5 and the term starting with 1.
So, $A$ must be an expression formed from $2, 3, 4, 5$ using only $\cdot$.
$B$ must be an expression formed from $1$. Since there are no other operators for 1, $B=1$.
Wait, can $B$ involve other numbers? No, because the $+$ is the *last* operation. This means everything to the left of $+$ is evaluated first, and everything to the right is evaluated first, and then they are added.
The operands to the left of $+$ are $2, 3, 4, 5$. The operands to the right are $1$.
So, $A$ is any parenthesization of $2 \cdot 3 \cdot 4 \cdot 5$.
Since multiplication is associative, $2 \cdot 3 \cdot 4 \cdot 5 = 120$ regardless of parentheses.
So, if the last operation is $+$, the value is $120 + 1 = 121$.
Value: **121**.

**Category B: The last operation is Multiplication ($\cdot$).**
This means the expression is of the form $A \cdot B$.
The last operator used is one of the three $\cdot$ operators.
Let's analyze based on which $\cdot$ is the last one.

**Subcase B1: The last operation is the $\cdot$ between 4 and 5.**
Expression form: $(2 \cdot 3 \cdot 4) \cdot (5 + 1)$? No, the operator between 4 and 5 is $\cdot$. The operator between 5 and 1 is $+$.
If the last operation is the $\cdot$ between 4 and 5, then the right operand of this multiplication must be an expression involving $5$ and $1$.
The structure is $L \cdot R$.
$L$ is formed from $2, 3, 4$.
$R$ is formed from $5, 1$ with the operator $+$.
So $R = 5 + 1 = 6$.
$L$ is any parenthesization of $2 \cdot 3 \cdot 4$.
$2 \cdot 3 \cdot 4 = 24$.
So the value is $24 \cdot 6 = 144$.
Value: **144**.

**Subcase B2: The last operation is the $\cdot$ between 3 and 4.**
Expression form: $L \cdot R$.
The split is after 3.
$L$ is formed from $2, 3$.
$R$ is formed from $4, 5, 1$ with operators $\cdot, +$.
$L = 2 \cdot 3 = 6$.
$R$ is an expression from $4 \cdot 5 + 1$.
We need to find all possible values for $4 \cdot 5 + 1$ with parentheses.
Possible parenthesizations for $4 \cdot 5 + 1$:
1.  $(4 \cdot 5) + 1 = 20 + 1 = 21$.
2.  $4 \cdot (5 + 1) = 4 \cdot 6 = 24$.
So $R$ can be 21 or 24.
The total value is $L \cdot R = 6 \cdot R$.
If $R=21$, Value $= 6 \cdot 21 = 126$.
If $R=24$, Value $= 6 \cdot 24 = 144$.
Values: **126**, **144**.

**Subcase B3: The last operation is the $\cdot$ between 2 and 3.**
Expression form: $L \cdot R$.
The split is after 2.
$L$ is formed from $2$. So $L=2$.
$R$ is formed from $3, 4, 5, 1$ with operators $\cdot, \cdot, +$.
We need to find all possible values for $3 \cdot 4 \cdot 5 + 1$ with parentheses.
Let $V$ be the set of values for $3 \cdot 4 \cdot 5 + 1$.
The structure of $R$ depends on the last operation of the sub-expression $3 \cdot 4 \cdot 5 + 1$.

Let's analyze the possible values for $3 \cdot 4 \cdot 5 + 1$:
1.  Last op is $+$: $(3 \cdot 4 \cdot 5) + 1 = 60 + 1 = 61$.
2.  Last op is $\cdot$ (between 4 and 5): $(3 \cdot 4) \cdot (5 + 1) = 12 \cdot 6 = 72$.
3.  Last op is $\cdot$ (between 3 and 4): $3 \cdot (4 \cdot 5 + 1)$.
    We need values for $4 \cdot 5 + 1$.
    From Subcase B2, we know $4 \cdot 5 + 1$ can be 21 or 24.
    So, $3 \cdot 21 = 63$.
    And $3 \cdot 24 = 72$.

So the possible values for $R$ ($3 \cdot 4 \cdot 5 + 1$) are $\{61, 72, 63\}$.
Note: 72 appears twice, but it's the same value.
So $R \in \{61, 63, 72\}$.
The total value is $L \cdot R = 2 \cdot R$.
If $R=61$, Value $= 2 \cdot 61 = 122$.
If $R=63$, Value $= 2 \cdot 63 = 126$.
If $R=72$, Value $= 2 \cdot 72 = 144$.
Values: **122**, **126**, **144**.

**Are there any other cases?**
We have covered:
- Last op is $+$ (Case A).
- Last op is $\cdot$ between 4 and 5 (Case B1).
- Last op is $\cdot$ between 3 and 4 (Case B2).
- Last op is $\cdot$ between 2 and 3 (Case B3).

These cover all possible binary tree structures for the expression $2 \cdot 3 \cdot 4 \cdot 5 + 1$.
Let's double check if we missed any internal groupings.
The logic above recursively breaks down the expression based on the root operator.
- Root $+$: Left is $2 \cdot 3 \cdot 4 \cdot 5$, Right is $1$. Value 121.
- Root $\cdot$ (4,5): Left is $2 \cdot 3 \cdot 4$, Right is $5+1$. Value 144.
- Root $\cdot$ (3,4): Left is $2 \cdot 3$, Right is $4 \cdot 5 + 1$.
  - Right sub-problem $4 \cdot 5 + 1$:
    - Root $+$: $(4 \cdot 5)+1 = 21$. Total $6 \cdot 21 = 126$.
    - Root $\cdot$ (5,1 is not possible, op is +): Wait, the operators in $4 \cdot 5 + 1$ are $\cdot$ and $+$.
      - If root is $\cdot$, it must be the $\cdot$ between 4 and 5. Then Right is $5+1=6$. Left is 4. Value $4 \cdot 6 = 24$. Total $6 \cdot 24 = 144$.
- Root $\cdot$ (2,3): Left is 2, Right is $3 \cdot 4 \cdot 5 + 1$.
  - Right sub-problem $3 \cdot 4 \cdot 5 + 1$:
    - Root $+$: $(3 \cdot 4 \cdot 5)+1 = 61$. Total $2 \cdot 61 = 122$.
    - Root $\cdot$ (4,5): Left $3 \cdot 4 = 12$, Right $5+1=6$. Value $12 \cdot 6 = 72$. Total $2 \cdot 72 = 144$.
    - Root $\cdot$ (3,4): Left 3, Right $4 \cdot 5 + 1$.
      - Right sub-sub-problem $4 \cdot 5 + 1$:
        - Root $+$: 21. Value $3 \cdot 21 = 63$. Total $2 \cdot 63 = 126$.
        - Root $\cdot$: 24. Value $3 \cdot 24 = 72$. Total $2 \cdot 72 = 144$.

Let's collect all unique values found:
1.  From Case A: **121**
2.  From Case B1: **144**
3.  From Case B2: **126**, **144**
4.  From Case B3: **122**, **126**, **144**

The set of values is $\{121, 144, 126, 122\}$.

Let's verify if there are any other interpretations.
Could the addition be nested deeper?
For example, $2 \cdot (3 \cdot (4 \cdot (5 + 1)))$.
This falls under Case B3 -> Root $\cdot$ (3,4) -> Right $4 \cdot 5 + 1$ -> Root $\cdot$ (4,5) is not possible for $4 \cdot 5 + 1$ if the last op is $\cdot$ between 4 and 5?
Wait, in $4 \cdot 5 + 1$, the operators are $\cdot$ and $+$.
If the last op is $\cdot$, it is the one between 4 and 5.
Structure: $4 \cdot (5 + 1)$.
This yields 24.
Then $3 \cdot 24 = 72$.
Then $2 \cdot 72 = 144$.
This is already counted.

What about $2 \cdot (3 \cdot 4 \cdot (5 + 1))$?
This is $2 \cdot (12 \cdot 6) = 2 \cdot 72 = 144$. Counted.

What about $(2 \cdot 3) \cdot (4 \cdot (5 + 1))$?
$6 \cdot (4 \cdot 6) = 6 \cdot 24 = 144$. Counted.

What about $2 \cdot (3 \cdot (4 \cdot 5 + 1))$?
$4 \cdot 5 + 1 = 21$.
$3 \cdot 21 = 63$.
$2 \cdot 63 = 126$. Counted.

What about $(2 \cdot 3 \cdot 4) \cdot 5 + 1$?
This is standard order: $24 \cdot 5 + 1 = 120 + 1 = 121$. Counted.

What about $2 \cdot 3 \cdot (4 \cdot 5 + 1)$?
$4 \cdot 5 + 1 = 21$.
$2 \cdot 3 \cdot 21 = 6 \cdot 21 = 126$. Counted.

What about $2 \cdot (3 \cdot 4 \cdot 5 + 1)$?
$3 \cdot 4 \cdot 5 + 1 = 61$.
$2 \cdot 61 = 122$. Counted.

What about $(2 \cdot 3) \cdot 4 \cdot 5 + 1$?
$6 \cdot 4 \cdot 5 + 1 = 120 + 1 = 121$. Counted.

Is it possible to get other values?
Let's check the number of distinct parenthesizations.
The expression is $a \cdot b \cdot c \cdot d + e$.
The possible values depend on how the $+e$ is grouped.
Let $P_k$ be the product of the first $k$ numbers.
The expression can be viewed as:
1.  $P_4 + 1 = 120 + 1 = 121$.
2.  $P_3 \cdot (d + 1) = 24 \cdot 6 = 144$.
3.  $P_2 \cdot (c \cdot d + 1)$? No, the structure is $a \cdot b \cdot (c \cdot d + 1)$?
    Let's trace: $2 \cdot 3 \cdot (4 \cdot 5 + 1)$.
    Inner: $4 \cdot 5 + 1$.
    Options for inner:
    - $(4 \cdot 5) + 1 = 21$.
    - $4 \cdot (5 + 1) = 24$.
    So $2 \cdot 3 \cdot 21 = 126$.
    And $2 \cdot 3 \cdot 24 = 144$.
4.  $a \cdot (b \cdot c \cdot d + 1)$?
    Structure: $2 \cdot (3 \cdot 4 \cdot 5 + 1)$.
    Inner: $3 \cdot 4 \cdot 5 + 1$.
    Options for inner:
    - $(3 \cdot 4 \cdot 5) + 1 = 61$.
    - $(3 \cdot 4) \cdot (5 + 1) = 12 \cdot 6 = 72$.
    - $3 \cdot (4 \cdot 5 + 1)$.
      - $4 \cdot 5 + 1 = 21 \implies 3 \cdot 21 = 63$.
      - $4 \cdot (5 + 1) = 24 \implies 3 \cdot 24 = 72$.
    So inner values are $\{61, 72, 63\}$.
    Total values:
    - $2 \cdot 61 = 122$.
    - $2 \cdot 72 = 144$.
    - $2 \cdot 63 = 126$.

Are there any other structures?
The general form is determined by the position of the addition relative to the multiplications.
Let the expression be $E$.
The addition $+1$ can be:
- Outside all multiplications: $(2 \cdot 3 \cdot 4 \cdot 5) + 1 = 121$.
- Inside the last multiplication: $(2 \cdot 3 \cdot 4) \cdot (5 + 1) = 144$.
- Inside the second-to-last multiplication: $(2 \cdot 3) \cdot (4 \cdot 5 + 1)$.
  - $4 \cdot 5 + 1$ can be 21 or 24.
  - $6 \cdot 21 = 126$.
  - $6 \cdot 24 = 144$.
- Inside the first multiplication: $2 \cdot (3 \cdot 4 \cdot 5 + 1)$.
  - $3 \cdot 4 \cdot 5 + 1$ can be 61, 72, 63.
  - $2 \cdot 61 = 122$.
  - $2 \cdot 72 = 144$.
  - $2 \cdot 63 = 126$.

It seems we have exhausted all structural possibilities.
The distinct values are:
- 121
- 144
- 126
- 122

Let's double check if $126$ and $122$ are correct.
$126 = 2 \cdot 3 \cdot (4 \cdot 5 + 1) = 6 \cdot 21 = 126$. Correct.
$122 = 2 \cdot (3 \cdot 4 \cdot 5 + 1) = 2 \cdot 61 = 122$. Correct.
$144 = (2 \cdot 3 \cdot 4) \cdot (5 + 1) = 24 \cdot 6 = 144$. Correct.
$121 = 2 \cdot 3 \cdot 4 \cdot 5 + 1 = 120 + 1 = 121$. Correct.

Are there any other values?
Consider $2 \cdot (3 \cdot (4 \cdot 5 + 1))$.
$4 \cdot 5 + 1 = 21$.
$3 \cdot 21 = 63$.
$2 \cdot 63 = 126$. (Already listed)

Consider $2 \cdot (3 \cdot 4 \cdot (5 + 1))$.
$5 + 1 = 6$.
$3 \cdot 4 \cdot 6 = 72$.
$2 \cdot 72 = 144$. (Already listed)

Consider $(2 \cdot 3) \cdot (4 \cdot (5 + 1))$.
$4 \cdot 6 = 24$.
$6 \cdot 24 = 144$. (Already listed)

Consider $2 \cdot 3 \cdot 4 \cdot (5 + 1)$.
$24 \cdot 6 = 144$. (Already listed)

Consider $(2 \cdot 3 \cdot 4 \cdot 5) + 1$.
121. (Already listed)

Consider $2 \cdot (3 \cdot 4 \cdot 5 + 1)$.
$60 + 1 = 61$.
$2 \cdot 61 = 122$. (Already listed)

Consider $(2 \cdot 3) \cdot 4 \cdot 5 + 1$.
$120 + 1 = 121$. (Already listed)

Consider $2 \cdot 3 \cdot (4 \cdot 5 + 1)$.
$20 + 1 = 21$.
$6 \cdot 21 = 126$. (Already listed)

Consider $2 \cdot (3 \cdot (4 \cdot 5 + 1))$.
$21$.
$3 \cdot 21 = 63$.
$2 \cdot 63 = 126$. (Already listed)

Consider $2 \cdot (3 \cdot 4 \cdot (5 + 1))$.
$6$.
$12 \cdot 6 = 72$.
$2 \cdot 72 = 144$. (Already listed)

Consider $(2 \cdot 3) \cdot (4 \cdot 5 + 1)$.
$21$.
$6 \cdot 21 = 126$. (Already listed)

Consider $2 \cdot 3 \cdot 4 \cdot 5 + 1$ with no parentheses (standard order).
121.

Is it possible to have $2 \cdot (3 + 4) \dots$? No, the operators are fixed. We cannot change $\cdot$ to $+$. We can only insert parentheses. The operators remain $\cdot, \cdot, \cdot, +$.

So the set of values is $\{121, 122, 126, 144\}$.
There are 4 distinct values.

Let's quickly re-verify the calculation for each.
1.  $2 \cdot 3 \cdot 4 \cdot 5 + 1 = 120 + 1 = 121$.
2.  $2 \cdot (3 \cdot 4 \cdot 5 + 1) = 2 \cdot (60 + 1) = 2 \cdot 61 = 122$.
3.  $2 \cdot 3 \cdot (4 \cdot 5 + 1) = 6 \cdot (20 + 1) = 6 \cdot 21 = 126$.
4.  $(2 \cdot 3 \cdot 4) \cdot (5 + 1) = 24 \cdot 6 = 144$.
    Also $2 \cdot 3 \cdot 4 \cdot (5 + 1) = 144$.
    Also $2 \cdot (3 \cdot 4 \cdot (5 + 1)) = 144$.
    Also $(2 \cdot 3) \cdot (4 \cdot (5 + 1)) = 144$.
    Also $2 \cdot (3 \cdot (4 \cdot (5 + 1))) = 144$.

Are there any other combinations?
What about $2 \cdot (3 \cdot 4 + 5) + 1$? No, operator between 4 and 5 is $\cdot$.
What about $2 \cdot 3 + 4 \cdot 5 + 1$? No, operator between 3 and 4 is $\cdot$.

The structure is rigid. The only flexibility is the scope of the addition.
The addition $+1$ can apply to:
- Just 1 (added at the end): $120+1=121$.
- $5+1$ (multiplied by 4, 3, 2): $24 \cdot 6 = 144$.
- $4 \cdot 5 + 1$ (multiplied by 3, 2):
  - $(4 \cdot 5) + 1 = 21 \implies 6 \cdot 21 = 126$.
  - $4 \cdot (5 + 1) = 24 \implies 6 \cdot 24 = 144$.
- $3 \cdot 4 \cdot 5 + 1$ (multiplied by 2):
  - $(3 \cdot 4 \cdot 5) + 1 = 61 \implies 2 \cdot 61 = 122$.
  - $(3 \cdot 4) \cdot (5 + 1) = 72 \implies 2 \cdot 72 = 144$.
  - $3 \cdot (4 \cdot 5 + 1)$:
    - $3 \cdot 21 = 63 \implies 2 \cdot 63 = 126$.
    - $3 \cdot 24 = 72 \implies 2 \cdot 72 = 144$.

The distinct values are indeed 121, 122, 126, 144.

Total count: 4.

\boxed{4}",$4$,"['4', '4']","['4', '4']",True
"To find the least positive integer multiple of 30 that can be written with only the digits 0 and 2, we need to satisfy the divisibility rules for 30.

A number is divisible by 30 if and only if it is divisible by both 10 and 3.
Since $30 = 10 \times 3$ and $\gcd(10, 3) = 1$, these conditions are independent.

**Step 1: Divisibility by 10**
For a number to be divisible by 10, its last digit (units digit) must be 0.
The allowed digits are 0 and 2. Therefore, the number must end in 0.
Let the number be $N$. So, $N$ looks like $\dots d_2 d_1 0$, where $d_i \in \{0, 2\}$.

**Step 2: Divisibility by 3**
For a number to be divisible by 3, the sum of its digits must be divisible by 3.
Let the digits of $N$ be $d_k, d_{k-1}, \dots, d_1, 0$.
The sum of the digits is $S = d_k + d_{k-1} + \dots + d_1 + 0$.
Since each non-zero digit $d_i$ is 2, let $m$ be the count of the digit 2 in the number.
Then the sum of the digits is $S = 2m$.
For $N$ to be divisible by 3, $S$ must be a multiple of 3.
So, $2m$ must be divisible by 3.
Since 2 and 3 are coprime, $m$ must be divisible by 3.
Therefore, the number of 2s in the integer must be a multiple of 3 (i.e., $m = 3, 6, 9, \dots$).

**Step 3: Finding the Least Positive Integer**
To find the *least* positive integer, we want the number with the fewest digits possible. If there are multiple numbers with the same number of digits, we want the one with the smallest value (which means placing smaller digits in higher place values, but since our digits are only 0 and 2, and the leading digit cannot be 0, the leading digit must be 2).

Let's test the possible values for $m$ (the number of 2s):

*   **Case $m=3$**: The number contains exactly three 2s and some number of 0s.
    To minimize the number, we should minimize the total number of digits.
    The digits must include three 2s and at least one 0 (because the number must end in 0).
    So, the minimum set of digits is $\{2, 2, 2, 0\}$.
    We need to arrange these digits to form the smallest possible integer.
    - The last digit must be 0.
    - The remaining digits are $\{2, 2, 2\}$.
    - To make the number as small as possible, we place the digits in ascending order from left to right? No, for integers, fewer digits is smaller. Among numbers with the same number of digits, the one with smaller digits in the higher place values is smaller.
    - The digits available for the non-zero positions are all 2s. So the order of the 2s doesn't change the value relative to each other, but we must ensure the leading digit is not 0.
    - The digits are 2, 2, 2, 0.
    - The last digit is fixed as 0.
    - The first three digits are 2, 2, 2.
    - So the number is 2220.

    Let's check if a smaller number of digits is possible.
    - Can we have 1 digit? No, must end in 0, so 0. But 0 is not positive.
    - Can we have 2 digits? Ends in 0. Digits $\{d_1, 0\}$. $d_1 \in \{0, 2\}$. If $d_1=0$, number is 00=0 (not positive). If $d_1=2$, number is 20. Sum of digits = 2. Not divisible by 3.
    - Can we have 3 digits? Ends in 0. Digits $\{d_2, d_1, 0\}$. $d_i \in \{0, 2\}$.
      Possible numbers: 200, 220.
      - 200: Sum = 2. Not divisible by 3.
      - 220: Sum = 4. Not divisible by 3.
      - Note: We need sum of digits to be multiple of 3. With digits 0 and 2, sum is $2 \times (\text{count of 2s})$.
      - For 3 digits, max count of 2s is 2 (since last is 0). Sum = 4 or 2. Neither is divisible by 3.
    - Can we have 4 digits? Ends in 0. Digits $\{d_3, d_2, d_1, 0\}$.
      We need the sum of $d_3, d_2, d_1$ to be divisible by 3.
      Each $d_i$ is 0 or 2.
      Let $k$ be the number of 2s among $d_3, d_2, d_1$.
      Sum = $2k$. We need $2k$ divisible by 3 $\implies k$ is a multiple of 3.
      Since there are only 3 positions, $k$ can be 0 or 3.
      - If $k=0$, digits are 0,0,0,0 $\rightarrow$ 0000 = 0 (not positive).
      - If $k=3$, digits are 2,2,2,0.
        The number is formed by arranging 2, 2, 2 in the first three positions.
        The only arrangement is 2220.
        Is 2220 divisible by 30?
        $2220 / 10 = 222$.
        $222 / 3 = 74$.
        Yes, $2220 = 30 \times 74$.

    Let's double check if there's any smaller number.
    We established that the number of 2s must be a multiple of 3.
    The smallest positive multiple of 3 is 3.
    So we need at least three 2s.
    The number must end in 0.
    So the digits must include at least three 2s and one 0.
    The smallest number formed by digits $\{2, 2, 2, 0\}$ ending in 0 is 2220.
    Any number with fewer digits would have fewer than three 2s (since the last digit is 0, a 3-digit number has at most two 2s, a 2-digit number has at most one 2, a 1-digit number has zero 2s).
    - 1 digit: 0 (not positive)
    - 2 digits: 20 (sum 2, not div by 3)
    - 3 digits: 200 (sum 2), 220 (sum 4). Neither div by 3.
    - 4 digits: Smallest is 2220.

    Therefore, 2220 is the least such positive integer.

\boxed{2220}",$2220$,"['2220', '2220']","['2220', '2220']",True
"To find the value of $p(8)$, we are given that $p(x)$ is a polynomial of degree 5 satisfying:
\[ p(n) = \frac{n}{n^2 - 1} \quad \text{for } n = 2, 3, 4, 5, 6, 7. \]

### Step 1: Analyze the structure of the problem

Let $f(x) = \frac{x}{x^2 - 1}$. The condition is $p(n) = f(n)$ for $n \in \{2, 3, 4, 5, 6, 7\}$.
Notice that $f(x)$ has vertical asymptotes at $x = 1$ and $x = -1$. The polynomial $p(x)$ approximates this rational function at 6 specific points. Since $p(x)$ is of degree 5, it is uniquely determined by these 6 points.

We can construct an auxiliary polynomial to exploit the roots. Consider the polynomial:
\[ Q(x) = (x^2 - 1)p(x) - x \]
Let's analyze the degree and roots of $Q(x)$.
Since $p(x)$ is of degree 5, $(x^2 - 1)p(x)$ is of degree $2 + 5 = 7$. Thus, $Q(x)$ is a polynomial of degree at most 7.

For each $n \in \{2, 3, 4, 5, 6, 7\}$, we have:
\[ p(n) = \frac{n}{n^2 - 1} \implies (n^2 - 1)p(n) = n \implies (n^2 - 1)p(n) - n = 0 \]
So, $Q(n) = 0$ for $n = 2, 3, 4, 5, 6, 7$.
This means that $(x-2)(x-3)(x-4)(x-5)(x-6)(x-7)$ is a factor of $Q(x)$.

Let $R(x) = (x-2)(x-3)(x-4)(x-5)(x-6)(x-7)$. This is a polynomial of degree 6.
Since $Q(x)$ has degree at most 7, we can write:
\[ Q(x) = (Ax + B) R(x) \]
for some constants $A$ and $B$.

So, the equation becomes:
\[ (x^2 - 1)p(x) - x = (Ax + B) \prod_{k=2}^{7} (x - k) \]
\[ (x^2 - 1)p(x) = x + (Ax + B) \prod_{k=2}^{7} (x - k) \]

### Step 2: Determine constants A and B

We need to determine $A$ and $B$. We can use the values of $x$ where the term $(x^2 - 1)$ is zero, i.e., $x = 1$ and $x = -1$, because $p(x)$ is a polynomial and thus finite at these points. The left-hand side $(x^2 - 1)p(x)$ will be 0 at $x=1$ and $x=-1$.

**Case 1: $x = 1$**
\[ (1^2 - 1)p(1) = 1 + (A(1) + B) \prod_{k=2}^{7} (1 - k) \]
\[ 0 = 1 + (A + B) (1-2)(1-3)(1-4)(1-5)(1-6)(1-7) \]
Calculate the product:
\[ \prod_{k=2}^{7} (1 - k) = (-1)(-2)(-3)(-4)(-5)(-6) = 720 \]
So,
\[ 0 = 1 + 720(A + B) \implies A + B = -\frac{1}{720} \quad \text{--- (Eq. 1)} \]

**Case 2: $x = -1$**
\[ ((-1)^2 - 1)p(-1) = -1 + (A(-1) + B) \prod_{k=2}^{7} (-1 - k) \]
\[ 0 = -1 + (-A + B) (-1-2)(-1-3)(-1-4)(-1-5)(-1-6)(-1-7) \]
Calculate the product:
\[ \prod_{k=2}^{7} (-1 - k) = (-3)(-4)(-5)(-6)(-7)(-8) \]
There are 6 negative terms, so the result is positive.
\[ 3 \cdot 4 \cdot 5 \cdot 6 \cdot 7 \cdot 8 = 20160 \]
So,
\[ 0 = -1 + 20160(B - A) \implies B - A = \frac{1}{20160} \quad \text{--- (Eq. 2)} \]

Now we solve the system for $A$ and $B$:
1) $A + B = -\frac{1}{720}$
2) $-A + B = \frac{1}{20160}$

Adding the two equations:
\[ 2B = -\frac{1}{720} + \frac{1}{20160} \]
Find a common denominator. Note that $20160 / 720 = 28$.
\[ -\frac{1}{720} = -\frac{28}{20160} \]
\[ 2B = -\frac{28}{20160} + \frac{1}{20160} = -\frac{27}{20160} \]
\[ B = -\frac{27}{40320} = -\frac{3}{4480} \]

Subtracting Eq. 2 from Eq. 1:
\[ 2A = -\frac{1}{720} - \frac{1}{20160} = -\frac{28}{20160} - \frac{1}{20160} = -\frac{29}{20160} \]
\[ A = -\frac{29}{40320} \]

We don't necessarily need the explicit values of A and B if we just want to evaluate the expression at $x=8$. Let's look at the equation again:
\[ (x^2 - 1)p(x) = x + (Ax + B) R(x) \]
We want to find $p(8)$. Set $x = 8$:
\[ (8^2 - 1)p(8) = 8 + (8A + B) R(8) \]
\[ 63 p(8) = 8 + (8A + B) R(8) \]

First, calculate $R(8)$:
\[ R(8) = \prod_{k=2}^{7} (8 - k) = (8-2)(8-3)(8-4)(8-5)(8-6)(8-7) \]
\[ R(8) = 6 \cdot 5 \cdot 4 \cdot 3 \cdot 2 \cdot 1 = 720 \]

Next, calculate $8A + B$:
From our system:
$A + B = -\frac{1}{720}$
$B - A = \frac{1}{20160}$

We can express $8A + B$ in terms of these sums or just substitute the values.
$8A + B = 7A + (A + B) = 7A - \frac{1}{720}$.
Using $A = -\frac{29}{40320}$:
\[ 7A = 7 \left( -\frac{29}{40320} \right) = -\frac{203}{40320} \]
\[ -\frac{1}{720} = -\frac{56}{40320} \quad (\text{since } 40320 / 720 = 56) \]
\[ 8A + B = -\frac{203}{40320} - \frac{56}{40320} = -\frac{259}{40320} \]

Let's simplify $-\frac{259}{40320}$.
$259 = 7 \times 37$.
$40320 = 7 \times 5760$.
So, $8A + B = -\frac{37}{5760}$.

Now substitute back into the equation for $p(8)$:
\[ 63 p(8) = 8 + \left( -\frac{37}{5760} \right) (720) \]
\[ 63 p(8) = 8 - \frac{37 \cdot 720}{5760} \]
Note that $\frac{720}{5760} = \frac{1}{8}$.
\[ 63 p(8) = 8 - \frac{37}{8} \]
\[ 63 p(8) = \frac{64 - 37}{8} = \frac{27}{8} \]
\[ p(8) = \frac{27}{8 \cdot 63} \]
Simplify the fraction:
$27$ and $63$ are both divisible by $9$.
$27 = 9 \times 3$
$63 = 9 \times 7$
\[ p(8) = \frac{3}{8 \cdot 7} = \frac{3}{56} \]

### Alternative Check using Lagrange Interpolation Logic

Let's double check with a simpler logic or verification.
The function is $f(x) = \frac{x}{x^2-1}$.
We found $p(8) = 3/56$.
Let's check the value of $f(8)$:
$f(8) = \frac{8}{64-1} = \frac{8}{63}$.
The difference is $p(8) - f(8) = \frac{3}{56} - \frac{8}{63}$.
Common denominator for 56 and 63:
$56 = 7 \times 8$
$63 = 7 \times 9$
LCM = $7 \times 8 \times 9 = 504$.
$\frac{3}{56} = \frac{3 \times 9}{504} = \frac{27}{504}$
$\frac{8}{63} = \frac{8 \times 8}{504} = \frac{64}{504}$
Difference = $\frac{27 - 64}{504} = -\frac{37}{504}$.

Let's check the error term formula for polynomial interpolation.
$p(x) - f(x)$ is not directly applicable since $f$ is not a polynomial.
However, we established:
$(x^2-1)p(x) - x = (Ax+B)R(x)$.
At $x=8$:
$63 p(8) - 8 = (8A+B) R(8)$.
$63 p(8) = 8 + (8A+B) 720$.
We calculated $8A+B = -37/5760$.
$(8A+B) 720 = -37/8$.
$63 p(8) = 8 - 37/8 = 27/8$.
$p(8) = 27 / (8 \cdot 63) = 3 / (8 \cdot 7) = 3/56$.

The calculation holds.

### Final Answer

The value of $p(8)$ is $\frac{3}{56}$.

\boxed{\frac{3}{56}}",$\frac{3}{56}$,"['3/56', '\\frac{3}{56}']","['3/56', '\\frac{3}{56}']",True
"To find the sum of the proper divisors of the sum of the proper divisors of 284, we will proceed step by step.

**Step 1: Find the proper divisors of 284.**

First, we determine the prime factorization of 284.
$284$ is even, so we divide by 2:
$284 \div 2 = 142$
$142 \div 2 = 71$
71 is a prime number.
So, the prime factorization of 284 is $2^2 \times 71^1$.

The divisors of 284 are generated by combinations of these prime factors:
$1, 2, 4, 71, 142, 284$.

The **proper divisors** are all divisors excluding the number itself (284).
So, the proper divisors of 284 are: $1, 2, 4, 71, 142$.

**Step 2: Calculate the sum of the proper divisors of 284.**

Let $S$ be the sum of the proper divisors of 284.
$$ S = 1 + 2 + 4 + 71 + 142 $$
$$ S = 7 + 71 + 142 $$
$$ S = 78 + 142 $$
$$ S = 220 $$

So, the sum of the proper divisors of 284 is 220.
(Note: 284 and 220 are an amicable pair, meaning the sum of the proper divisors of 220 will be 284).

**Step 3: Find the proper divisors of 220.**

Now we need to find the proper divisors of 220.
First, find the prime factorization of 220.
$220 = 22 \times 10 = (2 \times 11) \times (2 \times 5) = 2^2 \times 5^1 \times 11^1$.

The divisors of 220 are:
- From $2^0, 2^1, 2^2$: $1, 2, 4$
- Multiply by $5^0, 5^1$: $1, 5$
- Multiply by $11^0, 11^1$: $1, 11$

Let's list them systematically:
1. $1$
2. $2$
3. $4$
4. $5$
5. $10$ ($2 \times 5$)
6. $11$
7. $20$ ($4 \times 5$)
8. $22$ ($2 \times 11$)
9. $44$ ($4 \times 11$)
10. $55$ ($5 \times 11$)
11. $110$ ($2 \times 5 \times 11$)
12. $220$ ($4 \times 5 \times 11$)

The **proper divisors** of 220 are all divisors except 220 itself:
$1, 2, 4, 5, 10, 11, 20, 22, 44, 55, 110$.

**Step 4: Calculate the sum of the proper divisors of 220.**

Let $T$ be the sum of the proper divisors of 220.
$$ T = 1 + 2 + 4 + 5 + 10 + 11 + 20 + 22 + 44 + 55 + 110 $$

Let's group them for easier addition:
- $1 + 2 + 4 = 7$
- $5 + 10 = 15$
- $11 + 22 = 33$
- $20 + 44 = 64$
- $55 + 110 = 165$

Summing these groups:
$$ 7 + 15 = 22 $$
$$ 22 + 33 = 55 $$
$$ 55 + 64 = 119 $$
$$ 119 + 165 = 284 $$

Alternatively, using the formula for the sum of divisors $\sigma(n)$:
$\sigma(220) = \sigma(2^2)\sigma(5^1)\sigma(11^1)$
$\sigma(2^2) = 1 + 2 + 4 = 7$
$\sigma(5^1) = 1 + 5 = 6$
$\sigma(11^1) = 1 + 11 = 12$
$\sigma(220) = 7 \times 6 \times 12 = 42 \times 12 = 504$

The sum of proper divisors is $\sigma(220) - 220$:
$$ 504 - 220 = 284 $$

**Conclusion:**

The sum of the proper divisors of 284 is 220.
The sum of the proper divisors of 220 is 284.

\boxed{284}",$284$,"['284', '284']","['284', '284']",True
"To find the height of the cylinder, we will use the formula for the volume of a cylinder and the information provided in the problem statement and the diagram.

**1. Identify the given information:**
*   The volume of the cylinder ($V$) is $45\pi$ cubic cm.
*   From the diagram, the radius ($r$) of the base is given as $3$ cm.
*   We need to find the height ($h$) of the cylinder.

**2. Recall the formula for the volume of a cylinder:**
The volume $V$ of a cylinder is calculated using the formula:
$$ V = \pi r^2 h $$
where:
*   $r$ is the radius of the base
*   $h$ is the height

**3. Substitute the known values into the formula:**
$$ 45\pi = \pi (3)^2 h $$

**4. Solve for $h$:**
First, square the radius:
$$ 3^2 = 9 $$

So the equation becomes:
$$ 45\pi = \pi (9) h $$
$$ 45\pi = 9\pi h $$

Next, divide both sides by $9\pi$ to isolate $h$:
$$ h = \frac{45\pi}{9\pi} $$

Cancel out $\pi$ from the numerator and denominator:
$$ h = \frac{45}{9} $$

Perform the division:
$$ h = 5 $$

**Conclusion:**
The height of the cylinder is 5 centimeters.

\boxed{5}",$5$,"['5', '5']","['5', '5']",True
"To find the length of side $DE$, we will analyze the given right-angled triangle $\triangle DEF$ and use trigonometric ratios.

**1. Identify the properties of the triangle:**
From the Asymptote code and the diagram description:
*   There is a right angle at vertex $E$ (indicated by `rightanglemark(D,E,F,15)`). Thus, $\triangle DEF$ is a right-angled triangle with the right angle at $E$.
*   The side $EF$ has a length of $7$ (indicated by `label(""$7$"",(E+F)/2,W)`).
*   We are given that $\sin D = 0.7$.

**2. Set up the trigonometric ratio:**
In a right-angled triangle, the sine of an angle is defined as the ratio of the length of the opposite side to the length of the hypotenuse.
For angle $D$:
*   The side opposite to angle $D$ is $EF$.
*   The hypotenuse is the side opposite the right angle $E$, which is $DF$.

So, the formula is:
$$ \sin D = \frac{\text{Opposite}}{\text{Hypotenuse}} = \frac{EF}{DF} $$

**3. Calculate the length of the hypotenuse $DF$:**
We know $\sin D = 0.7$ and $EF = 7$. Substituting these values into the equation:
$$ 0.7 = \frac{7}{DF} $$

Solving for $DF$:
$$ DF = \frac{7}{0.7} $$
$$ DF = \frac{70}{7} $$
$$ DF = 10 $$

**4. Calculate the length of side $DE$:**
Now that we have the lengths of the hypotenuse $DF$ and one leg $EF$, we can use the Pythagorean theorem to find the other leg $DE$.
The Pythagorean theorem states:
$$ DE^2 + EF^2 = DF^2 $$

Substitute the known values ($EF = 7$ and $DF = 10$):
$$ DE^2 + 7^2 = 10^2 $$
$$ DE^2 + 49 = 100 $$

Subtract 49 from both sides:
$$ DE^2 = 100 - 49 $$
$$ DE^2 = 51 $$

Take the square root of both sides:
$$ DE = \sqrt{51} $$

**Alternative Method using Cosine:**
We know $\sin D = 0.7 = \frac{7}{10}$.
Using the identity $\sin^2 D + \cos^2 D = 1$:
$$ (0.7)^2 + \cos^2 D = 1 $$
$$ 0.49 + \cos^2 D = 1 $$
$$ \cos^2 D = 0.51 $$
$$ \cos D = \sqrt{0.51} $$

In $\triangle DEF$, $\cos D = \frac{\text{Adjacent}}{\text{Hypotenuse}} = \frac{DE}{DF}$.
We found $DF = 10$.
$$ \frac{DE}{10} = \sqrt{0.51} $$
$$ DE = 10 \sqrt{0.51} = \sqrt{100 \cdot 0.51} = \sqrt{51} $$

Both methods yield the same result.

\boxed{\sqrt{51}}",$\sqrt{51}$,"['sqrt(51)', '\\sqrt{51}']","['sqrt(51)', '\\sqrt{51}']",True
"To find the complex number $w$, which is the result of rotating $z$ around $c$ by an angle of $\frac{\pi}{4}$ counter-clockwise, we can use the formula for rotation in the complex plane.

The formula for rotating a point $z$ around a center $c$ by an angle $\theta$ is:
$$ w - c = (z - c) e^{i\theta} $$
$$ w = c + (z - c) e^{i\theta} $$

Given:
- $z = 2 + \sqrt{2} - (3 + 3\sqrt{2})i$
- $c = 2 - 3i$
- $\theta = \frac{\pi}{4}$

**Step 1: Calculate the vector $z - c$.**

$$ z - c = (2 + \sqrt{2} - (3 + 3\sqrt{2})i) - (2 - 3i) $$
Group the real and imaginary parts:
$$ \text{Real part: } (2 + \sqrt{2}) - 2 = \sqrt{2} $$
$$ \text{Imaginary part: } -(3 + 3\sqrt{2}) - (-3) = -3 - 3\sqrt{2} + 3 = -3\sqrt{2} $$

So,
$$ z - c = \sqrt{2} - 3\sqrt{2}i $$
We can factor out $\sqrt{2}$:
$$ z - c = \sqrt{2}(1 - 3i) $$

**Step 2: Determine the rotation factor $e^{i\theta}$.**

For $\theta = \frac{\pi}{4}$:
$$ e^{i\frac{\pi}{4}} = \cos\left(\frac{\pi}{4}\right) + i\sin\left(\frac{\pi}{4}\right) = \frac{\sqrt{2}}{2} + i\frac{\sqrt{2}}{2} = \frac{\sqrt{2}}{2}(1 + i) $$

**Step 3: Calculate $(z - c) e^{i\theta}$.**

$$ (z - c) e^{i\frac{\pi}{4}} = [\sqrt{2}(1 - 3i)] \cdot \left[ \frac{\sqrt{2}}{2}(1 + i) \right] $$

Combine the constants:
$$ \sqrt{2} \cdot \frac{\sqrt{2}}{2} = \frac{2}{2} = 1 $$

Now multiply the complex terms:
$$ 1 \cdot (1 - 3i)(1 + i) $$
$$ = 1(1) + 1(i) - 3i(1) - 3i(i) $$
$$ = 1 + i - 3i - 3i^2 $$
Since $i^2 = -1$:
$$ = 1 - 2i - 3(-1) $$
$$ = 1 - 2i + 3 $$
$$ = 4 - 2i $$

So, the rotated vector is $4 - 2i$.

**Step 4: Calculate $w$.**

$$ w = c + (z - c) e^{i\frac{\pi}{4}} $$
$$ w = (2 - 3i) + (4 - 2i) $$
Group real and imaginary parts:
$$ \text{Real part: } 2 + 4 = 6 $$
$$ \text{Imaginary part: } -3 - 2 = -5 $$

$$ w = 6 - 5i $$

**Verification:**
Let's check the magnitudes.
$|z-c| = |\sqrt{2} - 3\sqrt{2}i| = \sqrt{2 + 18} = \sqrt{20}$.
$|w-c| = |4 - 2i| = \sqrt{16 + 4} = \sqrt{20}$.
The magnitudes are equal, which is consistent with a rotation.

Let's check the argument.
$\arg(z-c) = \arg(\sqrt{2} - 3\sqrt{2}i)$. Since real part $>0$ and imag part $<0$, it's in the 4th quadrant. $\tan \alpha = -3$.
$\arg(w-c) = \arg(4 - 2i)$. Since real part $>0$ and imag part $<0$, it's in the 4th quadrant. $\tan \beta = -1/2$.
The rotation is $\pi/4$.
$\tan(\alpha + \pi/4) = \frac{\tan \alpha + \tan(\pi/4)}{1 - \tan \alpha \tan(\pi/4)} = \frac{-3 + 1}{1 - (-3)(1)} = \frac{-2}{4} = -\frac{1}{2}$.
This matches $\tan \beta$. The calculation is correct.

Final Answer:
$$ w = 6 - 5i $$

\boxed{6 - 5i}",$6 - 5i$,"['-1*5*i + 6', '6 - 5i']","['-1*5*i + 6', '6 - 5i']",True
"To compute the sum $1-2+3-4+5- \dots +99-100$, we can look for a pattern by grouping the terms.

**Step 1: Group the terms**
The series has 100 terms. We can group them into pairs of two consecutive terms:
$$ (1 - 2) + (3 - 4) + (5 - 6) + \dots + (99 - 100) $$

**Step 2: Evaluate each pair**
Let's calculate the value of each pair:
$$ 1 - 2 = -1 $$
$$ 3 - 4 = -1 $$
$$ 5 - 6 = -1 $$
$$ \vdots $$
$$ 99 - 100 = -1 $$

Each pair sums to $-1$.

**Step 3: Count the number of pairs**
The total number of terms in the series is 100 (from 1 to 100).
Since we are grouping them into pairs of 2, the number of pairs is:
$$ \frac{100}{2} = 50 \text{ pairs} $$

**Step 4: Calculate the total sum**
Since there are 50 pairs and each pair equals $-1$, the total sum is:
$$ 50 \times (-1) = -50 $$

**Alternative Method (Arithmetic Progression):**
We can split the sum into positive and negative terms:
$$ S = (1 + 3 + 5 + \dots + 99) - (2 + 4 + 6 + \dots + 100) $$

The sum of the first $n$ odd numbers is $n^2$. Here, the odd numbers go from 1 to 99. The number of terms is $\frac{99-1}{2} + 1 = 50$.
Sum of odds $= 50^2 = 2500$.

The sum of the first $n$ even numbers is $n(n+1)$. Here, the even numbers go from 2 to 100. The number of terms is $\frac{100-2}{2} + 1 = 50$.
Sum of evens $= 50(50+1) = 50 \times 51 = 2550$.

Total Sum $= 2500 - 2550 = -50$.

Both methods yield the same result.

\boxed{-50}",$-50$,"['-50', '-50']","['-50', '-50']",True
"To find the smallest possible value of $c$, we need to determine the parameters $a, b, c,$ and $d$ of the function $y = a \sin(bx + c) + d$ from the given graph and the provided Asymptote code.

**Step 1: Analyze the Asymptote Code**

The code explicitly defines the function being plotted:
```asy
real f(real x)
{
    return 2*sin(3*x + pi) + 1;
}
```
This tells us that the specific function graphed is:
$$ y = 2 \sin(3x + \pi) + 1 $$

Comparing this to the general form $y = a \sin(bx + c) + d$, we can identify the parameters used in the code:
- $a = 2$
- $b = 3$
- $c_{code} = \pi$
- $d = 1$

However, the problem asks for the **smallest possible value** of $c$ given that $a, b, c, d$ are positive constants. The sine function is periodic, and the phase shift can be represented by multiple values of $c$. We need to find the general form of $c$ and then select the smallest positive value.

**Step 2: Determine Parameters from the Graph Properties**

Let's verify the parameters by analyzing the graph's features (amplitude, period, vertical shift).

1.  **Vertical Shift ($d$) and Amplitude ($a$):**
    -   The maximum value of the function is $y_{max} = 2$.
    -   The minimum value of the function is $y_{min} = -2$? No, looking at the code `2*sin(...) + 1`, the range of $\sin$ is $[-1, 1]$. So the range of $y$ is $[2(-1)+1, 2(1)+1] = [-1, 3]$.
    -   Let's check the labels on the y-axis. The labels are $-3, -2, -1, 1, 2, 3$. The graph oscillates between $y=-1$ and $y=3$.
    -   Midline $d = \frac{y_{max} + y_{min}}{2} = \frac{3 + (-1)}{2} = 1$. So, $d=1$.
    -   Amplitude $a = \frac{y_{max} - y_{min}}{2} = \frac{3 - (-1)}{2} = 2$. So, $a=2$.
    -   Both $a$ and $d$ are positive, which satisfies the condition.

2.  **Period and Frequency ($b$):**
    -   The standard period of $\sin(x)$ is $2\pi$.
    -   The period of $\sin(bx)$ is $T = \frac{2\pi}{b}$.
    -   From the code, $b=3$. Let's verify from the graph.
    -   The function is $y = 2 \sin(3x + \pi) + 1$.
    -   Zeros of the sine part (where $y=1$): $3x + \pi = k\pi \implies 3x = (k-1)\pi \implies x = \frac{k-1}{3}\pi$.
    -   Peaks (where $\sin=1$): $3x + \pi = \frac{\pi}{2} + 2k\pi \implies 3x = -\frac{\pi}{2} + 2k\pi \implies x = -\frac{\pi}{6} + \frac{2k\pi}{3}$.
    -   Troughs (where $\sin=-1$): $3x + \pi = \frac{3\pi}{2} + 2k\pi \implies 3x = \frac{\pi}{2} + 2k\pi \implies x = \frac{\pi}{6} + \frac{2k\pi}{3}$.
    -   The distance between consecutive peaks is $\frac{2\pi}{3}$. Thus, the period $T = \frac{2\pi}{3}$.
    -   Since $T = \frac{2\pi}{b}$, we have $\frac{2\pi}{b} = \frac{2\pi}{3} \implies b=3$.
    -   $b$ is positive, which satisfies the condition.

**Step 3: Determine the Smallest Positive Value of $c$**

The function is given as $y = 2 \sin(3x + c) + 1$.
We know from the code that one valid representation is $c = \pi$.
However, the sine function has the property $\sin(\theta) = \sin(\theta + 2k\pi)$ for any integer $k$.
Therefore, the argument inside the sine function can be shifted by multiples of $2\pi$ without changing the graph.
$$ 3x + c = 3x + \pi + 2k\pi $$
$$ c = \pi + 2k\pi $$
$$ c = (2k + 1)\pi $$

We are given that $c$ must be a **positive constant**. We need to find the smallest positive value for $c$.
Let's test integer values for $k$:
-   If $k = 0$, $c = \pi$. This is positive.
-   If $k = -1$, $c = \pi - 2\pi = -\pi$. This is negative, so it's not allowed.
-   If $k = 1$, $c = 3\pi$. This is positive but larger than $\pi$.

Is it possible to have a different $c$ due to the identity $\sin(\theta) = \sin(\pi - \theta)$?
Let's check if the form $a \sin(bx+c)$ allows for other phase shifts.
The general solution for the phase shift depends on the specific points.
At $x=0$, $y = 2 \sin(c) + 1$.
From the graph/code, at $x=0$, $y = 2 \sin(\pi) + 1 = 1$.
So, $2 \sin(c) + 1 = 1 \implies \sin(c) = 0$.
The solutions for $\sin(c) = 0$ are $c = n\pi$ for integer $n$.
Since $c > 0$, possible values are $\pi, 2\pi, 3\pi, \dots$.

However, we must also satisfy the slope or the behavior around $x=0$.
The derivative is $y' = 2b \cos(bx+c)$.
At $x=0$, $y'(0) = 2(3) \cos(c) = 6 \cos(c)$.
From the code function $y = 2 \sin(3x + \pi) + 1$, the derivative at $x=0$ is:
$y'(0) = 6 \cos(\pi) = -6$.
So we require $\cos(c) = -1$.

Let's check the candidates $c = n\pi$:
-   If $c = \pi$, $\cos(\pi) = -1$. This matches.
-   If $c = 2\pi$, $\cos(2\pi) = 1$. This does not match (slope would be positive).
-   If $c = 3\pi$, $\cos(3\pi) = -1$. This matches.

So the valid values for $c$ are $\pi, 3\pi, 5\pi, \dots$.
The set of valid positive constants $c$ is $\{ (2k+1)\pi \mid k \in \mathbb{Z}, k \ge 0 \}$.
The smallest value in this set is when $k=0$, which gives $c = \pi$.

**Conclusion:**

The parameters are $a=2, b=3, d=1$.
The phase constant $c$ must satisfy $\sin(c)=0$ and $\cos(c)=-1$ (based on the graph passing through $(0,1)$ with a negative slope).
The general solution is $c = \pi + 2k\pi$.
For $c$ to be positive, the smallest value is obtained when $k=0$.
$c = \pi$.

\boxed{\pi}",$\pi$,"['pi', '\\pi']","['pi', '\\pi']",True
"To find the value of $x$, we will analyze the geometric properties given in the problem and the diagram.

**1. Analyze the Geometry and Given Information**
*   **Parallel Lines:** The segment through $A$ (let's call the line containing it $L_1$) is parallel to the segment $\overline{BC}$ (which lies on line $L_2$). So, $L_1 \parallel L_2$.
*   **Isosceles Triangle:** We are given that $AB = BC$. This means triangle $\triangle ABC$ is an isosceles triangle with the equal sides being $AB$ and $BC$. Consequently, the base angles opposite these sides are equal. That is, $\angle BAC = \angle BCA$.
*   **Given Angle:** The angle labeled $124^{\circ}$ is at vertex $A$. Looking at the diagram, this angle is formed by the horizontal line through $A$ and the segment $AB$. Specifically, it is the interior angle on the left side of the transversal $AB$ relative to the parallel lines. Let's define the points more clearly based on the `asy` code:
    *   Point $A$ is at $(2,3)$.
    *   Point $B$ is at $(4,0)$.
    *   Point $C$ is at $(8,0)$.
    *   The line through $A$ is horizontal ($y=3$).
    *   The line through $B$ and $C$ is horizontal ($y=0$).
    *   The angle $124^{\circ}$ is marked at $A$, between the ray extending to the left from $A$ and the segment $AB$. Wait, let's look closer at the label position. The label ""$124^{\circ}$"" is at $(2,3)$ with direction `SW` (South-West). The angle arc usually indicates the interior angle. In standard geometry problems of this type, an angle like this often refers to the obtuse angle formed by the transversal and the parallel line. Let's assume the angle between the ray $A \to \text{Left}$ and segment $AB$ is $124^{\circ}$. Or, more commonly, it's the angle $\angle DAB$ where $D$ is a point to the left of $A$ on the top line. Let's verify with the coordinates.
    *   Vector $AB = (4-2, 0-3) = (2, -3)$.
    *   Vector $A \to \text{Left} = (-1, 0)$.
    *   The angle between $(-1,0)$ and $(2,-3)$: $\cos \theta = \frac{-2}{\sqrt{1}\sqrt{13}}$. This is obtuse.
    *   Let's check the other side. Vector $A \to \text{Right} = (1, 0)$. Angle between $(1,0)$ and $(2,-3)$: $\cos \phi = \frac{2}{\sqrt{13}}$. This is acute.
    *   The label $124^{\circ}$ is clearly an obtuse angle. So, the angle between the leftward horizontal ray from $A$ and the segment $AB$ is $124^{\circ}$.

**2. Step-by-Step Deduction**

*   **Step 1: Find $\angle ABC$ (Angle at B inside the triangle)**
    Let the line through $A$ be $L_1$ and the line through $BC$ be $L_2$. Since $L_1 \parallel L_2$, the consecutive interior angles (same-side interior angles) formed by the transversal $AB$ sum to $180^{\circ}$.
    The angle given is $124^{\circ}$. This angle and $\angle ABC$ are consecutive interior angles if we consider the region between the parallel lines.
    Let's be precise. Let $D$ be a point on the line through $A$ to the left of $A$. Then $\angle DAB = 124^{\circ}$.
    Since $AD \parallel BC$, the alternate interior angle to $\angle DAB$ is not directly $\angle ABC$.
    Actually, let's use the property of parallel lines. The angle $\angle DAB$ and the angle $\angle ABC$ are **consecutive interior angles** (or same-side interior angles) if $D$ and $C$ are on opposite sides of the transversal? No.
    Let's draw a Z-shape or use corresponding angles.
    Extend the line segment $AB$. The angle $\angle DAB = 124^{\circ}$.
    The angle adjacent to it on the straight line $L_1$ is $\angle EAB$ (where $E$ is to the right of $A$).
    $\angle EAB = 180^{\circ} - 124^{\circ} = 56^{\circ}$.
    Since $L_1 \parallel L_2$, the alternate interior angle to $\angle EAB$ is $\angle ABC$.
    Therefore, $\angle ABC = \angle EAB = 56^{\circ}$.

    *Alternative Check:* The angle $124^{\circ}$ and $\angle ABC$ are consecutive interior angles. Their sum is $180^{\circ}$.
    $124^{\circ} + \angle ABC = 180^{\circ} \implies \angle ABC = 56^{\circ}$.
    This holds true. So, $\angle ABC = 56^{\circ}$.

*   **Step 2: Use the Isosceles Triangle Property**
    We are given $AB = BC$. This makes $\triangle ABC$ an isosceles triangle with vertex angle at $B$.
    Therefore, the base angles $\angle BAC$ and $\angle BCA$ are equal.
    Let $\angle BAC = \angle BCA = \alpha$.
    The sum of angles in $\triangle ABC$ is $180^{\circ}$.
    $\angle ABC + \angle BAC + \angle BCA = 180^{\circ}$
    $56^{\circ} + \alpha + \alpha = 180^{\circ}$
    $2\alpha = 180^{\circ} - 56^{\circ}$
    $2\alpha = 124^{\circ}$
    $\alpha = 62^{\circ}$
    So, $\angle BCA = 62^{\circ}$ and $\angle BAC = 62^{\circ}$.

*   **Step 3: Determine $x$**
    The variable $x$ represents an angle at vertex $A$. Looking at the diagram, $x^{\circ}$ is labeled near the segment $AC$ and the horizontal line through $A$. Specifically, the label is at $(4.5, 3)$ with direction `S` (South). This position is between the segment $AC$ and the horizontal line to the right of $A$.
    Let $E$ be a point on the line through $A$ to the right of $A$. The angle $x$ is $\angle EAC$.
    
    We know that the total angle of the straight line at $A$ is $180^{\circ}$.
    The angles around $A$ on the lower side of the line $L_1$ are:
    1.  $\angle DAB = 124^{\circ}$ (Given, to the left)
    2.  $\angle BAC = 62^{\circ}$ (Calculated above)
    3.  $\angle CAE = x^{\circ}$ (To the right)
    
    Wait, do these three angles form a straight line?
    Yes, $D-A-E$ is a straight line.
    So, $\angle DAB + \angle BAC + \angle CAE = 180^{\circ}$.
    $124^{\circ} + 62^{\circ} + x = 180^{\circ}$
    $186^{\circ} + x = 180^{\circ}$
    This results in $x = -6^{\circ}$, which is impossible. This implies my interpretation of the angle positions is slightly off.

    Let's re-evaluate the position of $x$.
    The label $x$ is at $(4.5, 3)$. Point $A$ is at $(2,3)$. Point $C$ is at $(8,0)$.
    The segment $AC$ connects $(2,3)$ and $(8,0)$.
    The angle $x$ is marked ""S"" (South) at $x=4.5$. This is roughly in the middle of the horizontal span between $A$ and the projection of $C$.
    Usually, in such diagrams, $x$ is the angle between the parallel line (to the right of A) and the transversal $AC$. Let's call this angle $\angle EAC$.
    
    Let's re-calculate $\angle EAC$ using parallel line properties directly.
    We found $\angle BCA = 62^{\circ}$.
    Since line $AE$ (part of $L_1$) is parallel to line $BC$ (part of $L_2$), and $AC$ is a transversal:
    The alternate interior angles are equal.
    Therefore, $\angle EAC = \angle BCA$.
    So, $x = \angle BCA = 62^{\circ}$.

    Let's double check the previous ""straight line"" calculation error.
    $\angle DAB = 124^{\circ}$.
    $\angle BAC = 62^{\circ}$.
    Sum = $186^{\circ}$.
    This means the ray $AC$ does not lie ""below"" the line $AB$ in a way that adds up to 180 with the left-side angle.
    Let's look at the slopes.
    Slope $AB$: $(0-3)/(4-2) = -1.5$. Angle with positive x-axis: $\arctan(-1.5) \approx -56.3^{\circ}$.
    Angle with negative x-axis (left): $180 - 56.3 = 123.7^{\circ} \approx 124^{\circ}$. This matches.
    Slope $AC$: $(0-3)/(8-2) = -3/6 = -0.5$. Angle with positive x-axis: $\arctan(-0.5) \approx -26.6^{\circ}$.
    The angle $x$ is the acute angle between the horizontal line and $AC$.
    From the geometry, the angle of depression of $AC$ is $26.6^{\circ}$.
    Wait, my calculation of $\angle BCA = 62^{\circ}$ led to $x=62^{\circ}$.
    Let's check the slope calculation again.
    If $\angle BCA = 62^{\circ}$, then the angle of $AC$ with the horizontal $BC$ is $62^{\circ}$.
    Slope of $AC$ would be $\tan(180-62) = \tan(118) \approx -2.47$? No.
    In $\triangle ABC$, vertices are $A(2,3)$, $B(4,0)$, $C(8,0)$.
    $AB = \sqrt{(4-2)^2 + (0-3)^2} = \sqrt{4+9} = \sqrt{13}$.
    $BC = 8-4 = 4$.
    The problem states $AB = BC$.
    But $\sqrt{13} \approx 3.6$, and $BC = 4$. They are not equal in the coordinate drawing.
    **Crucial Point:** The diagram is likely not to scale, or the coordinates in the `asy` code are just for placement and not mathematically precise for the condition $AB=BC$. We must rely on the geometric conditions stated in the text: ""$AB = BC$"" and ""$124^{\circ}$"". The coordinates are just a sketch.

    So, we discard the coordinate slope check and stick to the geometric logic.

    **Recap of Geometric Logic:**
    1.  **Parallel Lines:** Line through $A$ is parallel to $BC$.
    2.  **Transversal $AB$:** The angle given is $124^{\circ}$. Based on the position (obtuse, left side), it is the interior angle on the same side as the triangle's interior if we consider the transversal cutting the parallels.
        Let's define the angles relative to the parallel lines.
        Let the line through $A$ be horizontal. Let the ray to the left be $AL$ and to the right be $AR$.
        $\angle LAB = 124^{\circ}$.
        Since $AL \parallel BC$ (ray to left is parallel to ray to left from B? No, lines are parallel).
        Consider transversal $AB$.
        $\angle LAB$ and $\angle ABC$ are consecutive interior angles.
        $\angle LAB + \angle ABC = 180^{\circ}$.
        $124^{\circ} + \angle ABC = 180^{\circ} \Rightarrow \angle ABC = 56^{\circ}$.
    3.  **Isosceles Triangle $\triangle ABC$:**
        $AB = BC \Rightarrow \angle BAC = \angle BCA$.
        Sum of angles in $\triangle ABC$: $\angle ABC + \angle BAC + \angle BCA = 180^{\circ}$.
        $56^{\circ} + 2\angle BCA = 180^{\circ}$.
        $2\angle BCA = 124^{\circ}$.
        $\angle BCA = 62^{\circ}$.
    4.  **Find $x$:**
        $x$ is the angle between the line through $A$ and the segment $AC$.
        Looking at the diagram, $x$ is the acute angle on the right side of $A$, between the horizontal line and $AC$.
        Let this angle be $\angle RAC$.
        Since line $AR$ (right part of line through A) is parallel to line $BC$ (right part of line through B), and $AC$ is the transversal:
        $\angle RAC$ and $\angle BCA$ are alternate interior angles.
        Therefore, $\angle RAC = \angle BCA$.
        $x = 62$.

    Let's double check if $x$ could be $\angle BAC$.
    The label $x$ is placed at $(4.5, 3)$. $A$ is at $(2,3)$. $C$ is at $(8,0)$.
    The segment $AC$ goes from $x=2$ to $x=8$.
    The angle $\angle BAC$ is inside the triangle.
    The angle $x$ is shown outside the triangle, between the top parallel line and the segment $AC$.
    Visually in the `asy` code:
    `label(""$x^{\circ}$"",(4.5,3),S);`
    This places the label below the line $y=3$, centered horizontally between $x=2$ and $x=7$ roughly.
    The angle arc is not explicitly drawn in the code, but the position suggests it's the angle between the horizontal line and the segment $AC$.
    Is it $\angle RAC$ or $\angle LAC$?
    $\angle LAC = \angle LAB + \angle BAC = 124^{\circ} + 62^{\circ} = 186^{\circ}$ (Reflex angle? No, $L, A, R$ is a line).
    Wait, $\angle LAB = 124^{\circ}$.
    $\angle BAC = 62^{\circ}$.
    The angle $\angle LAC$ (from left ray to AC) would be $124 + 62 = 186$? No.
    Let's check the orientation.
    $B$ is to the right of $A$'s vertical projection? $A=(2,3), B=(4,0)$. Yes, $B$ is to the right.
    So the vector $AB$ points down-right.
    The angle $124^{\circ}$ is labeled SW. This usually means the angle is in the SW quadrant relative to A?
    If the angle is $124^{\circ}$, and it's obtuse, it must be the angle between the Left Ray and $AB$.
    Angle of $AB$ with Left Ray:
    Vector Left: $(-1, 0)$. Vector $AB$: $(2, -3)$.
    Dot product: $-2$. Magnitudes: $1, \sqrt{13}$.
    $\cos \theta = -2/\sqrt{13} \approx -0.55$. $\theta \approx 123.7^{\circ}$.
    So yes, $\angle LAB = 124^{\circ}$.
    
    Now, where is $C$? $C=(8,0)$. $B=(4,0)$. $C$ is to the right of $B$.
    So $\triangle ABC$ has vertices $A(2,3)$, $B(4,0)$, $C(8,0)$.
    Angle $\angle ABC$ is the angle at $B$ inside the triangle.
    Vector $BA = (-2, 3)$. Vector $BC = (4, 0)$.
    Dot product: $-8$. Magnitudes: $\sqrt{13}, 4$.
    $\cos B = -8 / (4\sqrt{13}) = -2/\sqrt{13}$.
    This gives the same cosine value as angle $A$ with the left ray.
    So $\angle ABC = 123.7^{\circ}$?
    Wait. In the coordinate sketch, $AB \neq BC$.
    $AB = \sqrt{13} \approx 3.6$. $BC = 4$.
    The problem states $AB=BC$. The sketch is distorted.
    We must follow the text logic, not the coordinate geometry of the sketch.
    
    Text Logic:
    1.  $L_1 \parallel L_2$.
    2.  Transversal $AB$ creates interior angles.
    3.  Given angle $124^{\circ}$ is $\angle LAB$ (Left Ray to AB).
    4.  Consecutive interior angle $\angle ABC = 180 - 124 = 56^{\circ}$.
    5.  $\triangle ABC$ is isosceles with $AB=BC$.
    6.  Base angles $\angle BAC = \angle BCA = (180 - 56)/2 = 62^{\circ}$.
    7.  $x$ is the angle between the Right Ray ($AR$) and $AC$.
    8.  Alternate interior angles: $\angle RAC = \angle BCA$.
    9.  Therefore, $x = 62$.

    Let's verify the position of $x$ again.
    If $x$ were $\angle BAC$, it would be inside the triangle. The label is at $y=3$, which is on the line $L_1$. The angle $\angle BAC$ is between $AB$ and $AC$. The vertex is $A$. The label is shifted to the right.
    Usually, an angle labeled on the parallel line like this refers to the angle between the parallel line and the transversal ($AC$).
    Also, $\angle BAC = 62^{\circ}$.
    $\angle RAC = 62^{\circ}$.
    Interestingly, they are equal in this specific case?
    Let's check.
    $\angle LAB = 124^{\circ}$.
    $\angle BAC = 62^{\circ}$.
    $\angle RAC = x$.
    Angles on a straight line: $\angle LAB + \angle BAC + \angle RAC = 180^{\circ}$?
    $124 + 62 + x = 186 + x$.
    This sum exceeds 180. This implies that the ray $AC$ is not ""between"" $AB$ and the Right Ray in a simple additive way that sums to 180 with the Left Ray angle?
    Let's visualize the rays from $A$.
    Ray $AL$ (Left, $180^{\circ}$).
    Ray $AR$ (Right, $0^{\circ}$).
    Ray $AB$: Angle is $180 - 124 = 56^{\circ}$ below the horizontal? No.
    If $\angle LAB = 124^{\circ}$, and $L$ is at $180^{\circ}$, then the direction of $AB$ is $180 - 124 = 56^{\circ}$? No, angles are positive.
    Let's use standard polar angles.
    Ray $AR$ is $0^{\circ}$. Ray $AL$ is $180^{\circ}$.
    $B$ is below the line.
    $\angle LAB = 124^{\circ}$. So the angle of $AB$ is $180 + 124$? No, $B$ is below.
    The angle from $AL$ clockwise to $AB$ is $124^{\circ}$? Or counter-clockwise?
    Usually, geometric angles are positive magnitudes.
    If we measure from $AL$ towards the bottom, the angle is $124^{\circ}$.
    So the angle of $AB$ with $AR$ (Right Ray) is $180 - 124 = 56^{\circ}$.
    So $AB$ is at $-56^{\circ}$ (or $304^{\circ}$).
    
    Now for $AC$.
    We found $\angle BCA = 62^{\circ}$.
    Since $AR \parallel BC$, the angle of $AC$ with $AR$ (alternate interior) is equal to $\angle BCA$.
    So angle of $AC$ with $AR$ is $62^{\circ}$ downwards.
    So $AC$ is at $-62^{\circ}$ (or $298^{\circ}$).
    
    Let's check the order of rays.
    $AB$ is at $-56^{\circ}$.
    $AC$ is at $-62^{\circ}$.
    So $AC$ is ""steeper"" or further clockwise than $AB$.
    This means the ray $AB$ is between $AR$ and $AC$?
    Angle $RAB = 56^{\circ}$.
    Angle $RAC = 62^{\circ}$.
    So $\angle BAC = \angle RAC - \angle RAB = 62 - 56 = 6^{\circ}$?
    
    Let's re-read the isosceles condition.
    $AB = BC$.
    Vertex is $B$.
    Base is $AC$.
    Base angles are $\angle BAC$ and $\angle BCA$.
    We calculated $\angle ABC = 56^{\circ}$.
    Then $\angle BAC = \angle BCA = (180-56)/2 = 62^{\circ}$.
    
    So, $\angle BAC = 62^{\circ}$.
    We established $\angle RAB = 56^{\circ}$ (angle between Right Ray and AB).
    We established $\angle RAC = x$ (angle between Right Ray and AC).
    From the diagram, $C$ is to the right of $B$. $A$ is to the left.
    Slope of $AB$ is steeper than slope of $AC$?
    In the sketch: $A(2,3), B(4,0), C(8,0)$.
    Slope $AB = -1.5$. Angle $\approx -56^{\circ}$.
    Slope $AC = -0.5$. Angle $\approx -26^{\circ}$.
    Here, $AC$ is less steep. $AB$ is steeper.
    So $AC$ is closer to the horizontal.
    This contradicts the calculation derived from $AB=BC$ and $\angle ABC=56$.
    Why? Because the sketch does not satisfy $AB=BC$.
    In the sketch, $AB < BC$.
    If $AB < BC$, then $\angle BCA < \angle BAC$.
    In the sketch, $\angle BCA$ is small, $\angle BAC$ is larger.
    
    However, we must solve for the case where $AB=BC$.
    If $AB=BC$, then $\angle BAC = \angle BCA = 62^{\circ}$.
    And $\angle ABC = 56^{\circ}$.
    
    Let's determine the position of $AC$ relative to $AB$ and the horizontal.
    Angle of $AB$ with Horizontal (Right) = $56^{\circ}$ (downwards).
    Angle of $AC$ with Horizontal (Right) = $x$.
    We know $\angle BAC = 62^{\circ}$.
    Is $AC$ above or below $AB$?
    In the standard configuration where $C$ is to the right of $B$:
    The triangle ""opens"" to the right.
    $A$ is top-left. $B$ is bottom-middle. $C$ is bottom-right.
    Ray $AB$ goes down-right.
    Ray $AC$ goes down-right.
    Since $C$ is further right than $B$, and $A$ is fixed, the slope of $AC$ is generally flatter than $AB$ IF $A$ is high up.
    Let's check the angles.
    Angle of $AB$ with horizontal = $56^{\circ}$.
    Angle of $AC$ with horizontal = $x$.
    The angle between them is $\angle BAC = 62^{\circ}$.
    So, $|x - 56| = 62$?
    Case 1: $x = 56 + 62 = 118^{\circ}$. (Obtuse, points left? No, $C$ is right).
    Case 2: $x = 56 - 62 = -6^{\circ}$. (Impossible for geometric angle magnitude in this context, implies $AC$ is above horizontal? No).
    Case 3: The angle $\angle BAC$ is the difference between the angles of the rays?
    Let's look at the angles from the Left Ray.
    $\angle LAB = 124^{\circ}$.
    $\angle LAC = \angle LAB + \angle BAC = 124 + 62 = 186^{\circ}$?
    This would mean $AC$ points slightly left?
    If $\angle LAC = 186^{\circ}$, then the angle with the Right Ray is $186 - 180 = 6^{\circ}$?
    Or $360 - 186 = 174$?
    
    Let's restart the angle addition carefully.
    Line $L_1$ is horizontal.
    Ray $AL$ points Left. Ray $AR$ points Right.
    $\angle LAB = 124^{\circ}$. This is the angle between $AL$ and $AB$.
    Since $B$ is below the line, $AB$ is in the 3rd or 4th quadrant relative to A?
    If we measure clockwise from $AL$: $124^{\circ}$.
    Then the angle from $AR$ (which is $180^{\circ}$ from $AL$) to $AB$ is $180 - 124 = 56^{\circ}$.
    So $AB$ makes a $56^{\circ}$ angle with the Right Ray, downwards.
    
    Now, where is $AC$?
    We know $\angle BAC = 62^{\circ}$.
    Does $AC$ lie ""outside"" $AB$ (further from vertical) or ""inside""?
    In the diagram, $C$ is to the right of $B$.
    So the x-coordinate of $C$ is greater than $B$.
    This usually implies $AC$ is less steep than $AB$ (closer to horizontal).
    If $AC$ is closer to horizontal, its angle with the Right Ray ($x$) should be *smaller* than $56^{\circ}$.
    But we calculated $\angle BAC = 62^{\circ}$.
    If $x < 56$, then $\angle BAC = 56 - x$.
    $62 = 56 - x \implies x = -6$. Impossible.
    
    This implies that for $AB=BC$ and $\angle ABC=56$, the point $C$ must be to the *left* of $B$?
    Or my assumption about the position of $C$ relative to the angle is wrong.
    Let's check the triangle shape.
    Vertex $B$ angle is $56^{\circ}$.
    Legs $BA$ and $BC$ are equal.
    $BA$ goes up-left from $B$ to $A$.
    $BC$ goes ... where?
    $BC$ is on the horizontal line.
    So $BC$ is either to the left or right of $B$.
    The diagram shows $C$ to the right of $B$.
    So vector $BC$ is $(1, 0)$.
    Vector $BA$ is $(-2, 3)$ in the sketch, but generally up-left.
    Angle of $BA$ with $BC$ (Right) is $180 - 56 = 124^{\circ}$?
    No, $\angle ABC$ is the interior angle.
    If $BC$ is to the right, and $BA$ is up-left, the angle is obtuse?
    In the sketch, $\angle ABC$ is obtuse?
    $A(2,3), B(4,0), C(8,0)$.
    Vector $BA = (-2, 3)$. Vector $BC = (4, 0)$.
    Dot product $-8$. Cosine negative. Angle is obtuse ($\approx 124^{\circ}$).
    
    **Contradiction Detected:**
    In the sketch, $\angle ABC$ is obtuse ($\approx 124^{\circ}$).
    But my calculation from parallel lines gave $\angle ABC = 56^{\circ}$.
    Why?
    $\angle LAB = 124^{\circ}$.
    $L$ is Left. $B$ is Right-Down.
    Angle between Left and Right-Down is obtuse.
    Consecutive interior angle $\angle ABC$?
    Transversal $AB$.
    Parallel lines $L_1, L_2$.
    Angle $\angle LAB$ (Left, Up/Down?) and $\angle ABC$ (Right, Up/Down?).
    Let's use Z-angles (Alternate Interior).
    Angle between $AB$ and Right Ray at $A$ ($\angle RAB$) is $180 - 124 = 56^{\circ}$.
    Alternate interior angle at $B$ is the angle between $BA$ and Left Ray at $B$ ($\angle L'BA$).
    So $\angle L'BA = 56^{\circ}$.
    The angle $\angle ABC$ is the angle between $BA$ and $BC$.
    $BC$ is to the Right.
    So $\angle ABC = 180 - \angle L'BA = 180 - 56 = 124^{\circ}$.
    
    **Correction:**
    $\angle ABC = 124^{\circ}$.
    
    Let's re-run the triangle calculation with $\angle ABC = 124^{\circ}$.
    1.  $\triangle ABC$ is isosceles with $AB = BC$.
    2.  Vertex angle $\angle B = 124^{\circ}$.
    3.  Base angles $\angle BAC = \angle BCA = (180 - 124) / 2 = 56 / 2 = 28^{\circ}$.
    
    Now find $x$.
    $x$ is the angle between the Right Ray at $A$ and $AC$.
    We know $\angle RAB = 56^{\circ}$ (calculated earlier: $180 - 124$).
    We know $\angle BAC = 28^{\circ}$.
    Where is $AC$?
    $C$ is to the right of $B$.
    Slope of $AB$ is steeper than $AC$?
    Angle of $AB$ with Horizontal = $56^{\circ}$.
    Angle of $AC$ with Horizontal = $x$.
    Since $C$ is further right, $AC$ is flatter.
    So $x < 56^{\circ}$.
    Also, $\angle BAC$ is the angle between $AB$ and $AC$.
    So $\angle BAC = \angle RAB - \angle RAC = 56 - x$.
    $28 = 56 - x$.
    $x = 28^{\circ}$.
    
    Let's verify with Alternate Interior Angles.
    $\angle BCA = 28^{\circ}$.
    $AC$ is transversal.
    Alternate interior angle to $\angle BCA$ is $\angle RAC$ (Angle between Right Ray and AC).
    So $x = \angle BCA = 28^{\circ}$.
    
    This is consistent.
    
    **Final Check:**
    1.  Given $\angle LAB = 124^{\circ}$.
    2.  $\angle RAB = 180 - 124 = 56^{\circ}$.
    3.  Parallel lines $\implies$ Alternate Interior Angle $\angle L'BA = 56^{\circ}$ (Angle between Left Ray at B and BA).
    4.  $\angle ABC$ is angle between $BA$ and $BC$ (Right Ray at B).
    5.  $\angle ABC = 180 - 56 = 124^{\circ}$.
    6.  $\triangle ABC$ isosceles ($AB=BC$) $\implies \angle BCA = (180 - 124)/2 = 28^{\circ}$.
    7.  $x$ is angle between Right Ray at A and $AC$.
    8.  Alternate Interior Angle $\implies x = \angle BCA = 28^{\circ}$.

    The value is 28.

\boxed{28}",$28$,"['28', '28']","['28', '28']",True
"To find the smallest possible value of $a$ such that all roots of the equation
\[ x^3 + ax^2 + ax + 1 = 0 \]
are real, we proceed with the following steps.

### Step 1: Analyze the Structure of the Equation

The given equation is a reciprocal equation (also known as a palindromic polynomial) because the coefficients are symmetric: $1, a, a, 1$.
Notice that $x = -1$ is not a root unless $-1 + a - a + 1 = 0$, which is always true. Wait, let's check:
If $x = -1$, then $(-1)^3 + a(-1)^2 + a(-1) + 1 = -1 + a - a + 1 = 0$.
So, $x = -1$ is always a root of this equation for any real number $a$.

Since $x = -1$ is a root, we can factor $(x+1)$ out of the polynomial. Let's perform polynomial division or factorization by grouping:
\[ x^3 + ax^2 + ax + 1 = x^2(x+1) + a(x+1) + (x+1) - x \]
This grouping is slightly messy. Let's use standard grouping:
\[ x^3 + 1 + ax^2 + ax = (x+1)(x^2 - x + 1) + ax(x+1) \]
\[ = (x+1) [ x^2 - x + 1 + ax ] \]
\[ = (x+1) [ x^2 + (a-1)x + 1 ] \]

So, the equation becomes:
\[ (x+1) [ x^2 + (a-1)x + 1 ] = 0 \]

The roots of the original cubic equation are:
1. $x_1 = -1$
2. The roots of the quadratic equation $x^2 + (a-1)x + 1 = 0$.

### Step 2: Condition for Real Roots

The problem states that **all** roots of the cubic equation are real.
We already know $x_1 = -1$ is real. Therefore, the other two roots, which are the roots of the quadratic factor $x^2 + (a-1)x + 1 = 0$, must also be real.

For a quadratic equation $Ax^2 + Bx + C = 0$ to have real roots, its discriminant $\Delta$ must be non-negative ($\Delta \ge 0$).
Here, $A = 1$, $B = a-1$, and $C = 1$.

The discriminant is:
\[ \Delta = B^2 - 4AC = (a-1)^2 - 4(1)(1) \]
\[ \Delta = (a-1)^2 - 4 \]

For the roots to be real, we require:
\[ (a-1)^2 - 4 \ge 0 \]
\[ (a-1)^2 \ge 4 \]

Taking the square root of both sides, we get:
\[ |a-1| \ge 2 \]

This inequality splits into two cases:
1. $a - 1 \ge 2 \implies a \ge 3$
2. $a - 1 \le -2 \implies a \le -1$

### Step 3: Apply Constraints on $a$

The problem states that $a$ is a **positive** real number ($a > 0$).
Let's examine the two cases derived above:
1. $a \ge 3$: This range contains positive numbers.
2. $a \le -1$: This range contains only negative numbers. Since $a$ must be positive, this case is discarded.

Therefore, the condition for all roots to be real, given $a > 0$, is:
\[ a \ge 3 \]

### Step 4: Determine the Smallest Value

We are asked to find the **smallest** possible value of $a$.
From the inequality $a \ge 3$, the minimum value is $a = 3$.

Let's verify this solution.
If $a = 3$, the equation is:
\[ x^3 + 3x^2 + 3x + 1 = 0 \]
This can be written as:
\[ (x+1)^3 = 0 \]
The roots are $x = -1, -1, -1$. All three roots are real. Thus, $a=3$ is a valid solution.

If we chose a value slightly less than 3, say $a = 2.9$, then:
\[ \Delta = (2.9 - 1)^2 - 4 = (1.9)^2 - 4 = 3.61 - 4 = -0.39 < 0 \]
The quadratic factor would have complex conjugate roots, so not all roots of the cubic would be real.

Thus, the smallest possible value is indeed 3.

### Conclusion

The smallest possible value of $a$ is 3.

\boxed{3}",$3$,"['3', '3']","['3', '3']",True
"To evaluate the expression $(1+2i)6-3i$, we will follow the order of operations (PEMDAS/BODMAS), performing multiplication before subtraction.

**Step 1: Perform the multiplication**
Distribute the $6$ to both terms inside the parentheses:
$$ (1+2i) \cdot 6 = 1 \cdot 6 + 2i \cdot 6 $$
$$ = 6 + 12i $$

**Step 2: Perform the subtraction**
Now, subtract $3i$ from the result obtained in Step 1:
$$ (6 + 12i) - 3i $$

Group the real parts and the imaginary parts:
$$ 6 + (12i - 3i) $$
$$ 6 + 9i $$

**Conclusion**
The simplified complex number is $6 + 9i$.

\boxed{6+9i}",$6+9i$,"['9*i + 6', '6+9i']","['9*i + 6', '6+9i']",True
"To find the greatest integer less than $(\sqrt{7} + \sqrt{5})^6$, we can use the method of conjugate surds.

Let $x = \sqrt{7} + \sqrt{5}$ and $y = \sqrt{7} - \sqrt{5}$.
We want to evaluate $x^6$.

Consider the sum $S = x^6 + y^6$.
Since $x$ and $y$ are roots of a quadratic equation with integer coefficients, $x^n + y^n$ will be an integer for any positive integer $n$.

First, let's find the quadratic equation satisfied by $x$ and $y$.
$$ x = \sqrt{7} + \sqrt{5} $$
$$ y = \sqrt{7} - \sqrt{5} $$

Calculate the sum and product of $x$ and $y$:
$$ x + y = (\sqrt{7} + \sqrt{5}) + (\sqrt{7} - \sqrt{5}) = 2\sqrt{7} $$
$$ xy = (\sqrt{7} + \sqrt{5})(\sqrt{7} - \sqrt{5}) = 7 - 5 = 2 $$

Let $u = x^2$ and $v = y^2$. Then:
$$ u + v = x^2 + y^2 = (x+y)^2 - 2xy = (2\sqrt{7})^2 - 2(2) = 28 - 4 = 24 $$
$$ uv = x^2 y^2 = (xy)^2 = 2^2 = 4 $$

So, $u$ and $v$ are roots of the quadratic equation:
$$ t^2 - (u+v)t + uv = 0 \implies t^2 - 24t + 4 = 0 $$

We want to find $x^6 + y^6 = u^3 + v^3$.
Let $S_n = u^n + v^n$. We know $S_1 = 24$ and $S_0 = u^0 + v^0 = 1 + 1 = 2$.
The recurrence relation for $S_n$ is derived from the characteristic equation $t^2 - 24t + 4 = 0$:
$$ S_{n} = 24 S_{n-1} - 4 S_{n-2} $$

We need $S_3 = u^3 + v^3$.
First, calculate $S_2$:
$$ S_2 = 24 S_1 - 4 S_0 = 24(24) - 4(2) = 576 - 8 = 568 $$
Alternatively, $S_2 = u^2 + v^2 = (u+v)^2 - 2uv = 24^2 - 2(4) = 576 - 8 = 568$.

Now, calculate $S_3$:
$$ S_3 = 24 S_2 - 4 S_1 $$
$$ S_3 = 24(568) - 4(24) $$
$$ S_3 = 24(568 - 4) $$
$$ S_3 = 24(564) $$

Let's compute $24 \times 564$:
$$ 24 \times 564 = 24(500 + 60 + 4) $$
$$ = 12000 + 1440 + 96 $$
$$ = 13440 + 96 $$
$$ = 13536 $$

So, $x^6 + y^6 = 13536$.
This means:
$$ (\sqrt{7} + \sqrt{5})^6 + (\sqrt{7} - \sqrt{5})^6 = 13536 $$
$$ (\sqrt{7} + \sqrt{5})^6 = 13536 - (\sqrt{7} - \sqrt{5})^6 $$

Now we need to estimate the value of $y^6 = (\sqrt{7} - \sqrt{5})^6$.
First, estimate $\sqrt{7} - \sqrt{5}$.
We know $\sqrt{7} \approx 2.646$ and $\sqrt{5} \approx 2.236$.
$$ \sqrt{7} - \sqrt{5} \approx 2.646 - 2.236 = 0.41 $$
More precisely, let's bound it.
$2.6 < \sqrt{7} < 2.7$ and $2.2 < \sqrt{5} < 2.3$.
Actually, $\sqrt{7} \approx 2.6457$ and $\sqrt{5} \approx 2.2361$.
Difference $\approx 0.4096$.

Let's check if $y < 1$.
$\sqrt{7} < \sqrt{9} = 3$ and $\sqrt{5} > \sqrt{4} = 2$, so $\sqrt{7} - \sqrt{5} < 3 - 2 = 1$.
Also $\sqrt{7} > 2.6$ and $\sqrt{5} < 2.24$ (since $2.24^2 = 5.0176 > 5$), so $\sqrt{7} - \sqrt{5} > 2.6 - 2.24 = 0.36$.
So $0.36 < y < 1$.
Therefore, $0 < y^6 < 1$.

Let's get a tighter bound to ensure $y^6$ is not extremely close to 1 or 0 in a way that affects the integer part, although since $y < 0.5$, $y^6 < (0.5)^6 = \frac{1}{64} \approx 0.015$.
Let's verify $y < 0.5$.
Is $\sqrt{7} - \sqrt{5} < 0.5$?
$\sqrt{7} < \sqrt{5} + 0.5$
Square both sides:
$7 < 5 + \sqrt{5} + 0.25$
$1.75 < \sqrt{5}$
Square again:
$1.75^2 = 3.0625 < 5$.
This is true. So $y < 0.5$.
Thus, $0 < y^6 < (0.5)^6 = \frac{1}{64} \approx 0.0156$.

So,
$$ (\sqrt{7} + \sqrt{5})^6 = 13536 - y^6 $$
Since $0 < y^6 < 0.02$, we have:
$$ 13536 - 0.02 < (\sqrt{7} + \sqrt{5})^6 < 13536 $$
$$ 13535.98 < (\sqrt{7} + \sqrt{5})^6 < 13536 $$

The greatest integer less than $(\sqrt{7} + \sqrt{5})^6$ is the floor of this value.
$\lfloor (\sqrt{7} + \sqrt{5})^6 \rfloor = 13535$.

The question asks for the ""greatest integer less than"" the number. This is equivalent to $\lfloor x \rfloor$ if $x$ is not an integer. Since $x$ is irrational (sum of rational and irrational), it is not an integer.
So the answer is 13535.

\boxed{13535}",$13535$,"['13535', '13535']","['13535', '13535']",True
"To find the value of $x$, we need to set up equations based on the information provided about Denali's and Nate's pay.

**1. Define Variables and Pay Structure**

Let $D$ be the number of dogs Denali walks.
Let $N$ be the number of dogs Nate walks.
Let $k$ be the pay per dog. Since they are paid for each dog they walk, their total pay is proportional to the number of dogs.

*   Denali's initial pay: $P_D = k \cdot D$
*   Nate's initial pay: $P_N = k \cdot N$

The ratio of Denali's pay to Nate's pay is:
$$ \frac{P_D}{P_N} = \frac{k \cdot D}{k \cdot N} = \frac{D}{N} $$

Initially, $D = 16$ and $N = 12$. So the initial ratio is $\frac{16}{12} = \frac{4}{3}$. However, the problem states that the ratio *would be the same* under two specific hypothetical scenarios. It does not necessarily mean the ratio is equal to the initial ratio, but rather that the ratio in Scenario 1 is equal to the ratio in Scenario 2. Let's re-read carefully: ""The ratio of Denali's pay to Nate's pay would be the same if [Scenario 1] or if [Scenario 2]."" This implies:
$$ \text{Ratio in Scenario 1} = \text{Ratio in Scenario 2} $$

**2. Analyze Scenario 1**

""Denali started walking $4x$ more dogs and Nate stayed at $12$ dogs.""

*   New number of dogs for Denali ($D_1$): $16 + 4x$
*   New number of dogs for Nate ($N_1$): $12$

The ratio of Denali's pay to Nate's pay in this scenario ($R_1$) is:
$$ R_1 = \frac{16 + 4x}{12} $$

**3. Analyze Scenario 2**

""$x$ of Nate's dogs were reassigned to Denali.""

*   New number of dogs for Denali ($D_2$): $16 + x$ (Denali gains $x$ dogs)
*   New number of dogs for Nate ($N_2$): $12 - x$ (Nate loses $x$ dogs)

The ratio of Denali's pay to Nate's pay in this scenario ($R_2$) is:
$$ R_2 = \frac{16 + x}{12 - x} $$

**4. Set Up the Equation**

The problem states that these two ratios are the same:
$$ R_1 = R_2 $$
$$ \frac{16 + 4x}{12} = \frac{16 + x}{12 - x} $$

**5. Solve for $x$**

First, simplify the left side if possible, or cross-multiply. Let's cross-multiply to eliminate fractions:
$$ (16 + 4x)(12 - x) = 12(16 + x) $$

Expand the left side:
$$ 16(12) - 16(x) + 4x(12) - 4x(x) = 192 - 16x + 48x - 4x^2 $$
$$ 192 + 32x - 4x^2 $$

Expand the right side:
$$ 12(16) + 12(x) = 192 + 12x $$

Set the expanded sides equal to each other:
$$ 192 + 32x - 4x^2 = 192 + 12x $$

Subtract 192 from both sides:
$$ 32x - 4x^2 = 12x $$

Rearrange the terms to form a quadratic equation equal to zero:
$$ 32x - 12x - 4x^2 = 0 $$
$$ 20x - 4x^2 = 0 $$

Factor out $4x$:
$$ 4x(5 - x) = 0 $$

This gives two possible solutions:
1.  $4x = 0 \implies x = 0$
2.  $5 - x = 0 \implies x = 5$

The problem states that $x \neq 0$. Therefore, we discard $x = 0$.

So, $x = 5$.

**6. Verification**

Let's check if $x = 5$ works.

*   **Scenario 1:**
    *   Denali's dogs: $16 + 4(5) = 16 + 20 = 36$
    *   Nate's dogs: $12$
    *   Ratio $R_1 = \frac{36}{12} = 3$

*   **Scenario 2:**
    *   Denali's dogs: $16 + 5 = 21$
    *   Nate's dogs: $12 - 5 = 7$
    *   Ratio $R_2 = \frac{21}{7} = 3$

Since $R_1 = R_2 = 3$, the solution is correct.

\boxed{5}",$5$,"['5', '5']","['5', '5']",True
"To find all values of $x$ that satisfy the equation $x = \sqrt{11-2x} + 4$, we will follow these steps:

### Step 1: Isolate the radical term
First, we move the constant term to the left side to isolate the square root:
$$ x - 4 = \sqrt{11-2x} $$

### Step 2: Determine the domain constraints
For the equation to have real solutions, two conditions must be met:
1. The expression inside the square root must be non-negative:
   $$ 11 - 2x \ge 0 \implies 2x \le 11 \implies x \le \frac{11}{2} = 5.5 $$
2. Since the square root function $\sqrt{11-2x}$ yields a non-negative result, the left side of the equation must also be non-negative:
   $$ x - 4 \ge 0 \implies x \ge 4 $$

Combining these, any valid solution must satisfy:
$$ 4 \le x \le 5.5 $$

### Step 3: Square both sides
Now, we square both sides of the equation to eliminate the square root:
$$ (x - 4)^2 = (\sqrt{11-2x})^2 $$
$$ x^2 - 8x + 16 = 11 - 2x $$

### Step 4: Solve the resulting quadratic equation
Rearrange the terms to form a standard quadratic equation $ax^2 + bx + c = 0$:
$$ x^2 - 8x + 2x + 16 - 11 = 0 $$
$$ x^2 - 6x + 5 = 0 $$

Factor the quadratic equation:
$$ (x - 5)(x - 1) = 0 $$

This gives two potential solutions:
$$ x = 5 \quad \text{or} \quad x = 1 $$

### Step 5: Verify the solutions
We must check these potential solutions against the original equation and the domain constraints derived in Step 2 ($4 \le x \le 5.5$).

**Check $x = 5$:**
- Domain check: $4 \le 5 \le 5.5$ (Valid)
- Substitute into the original equation:
  $$ \text{LHS} = 5 $$
  $$ \text{RHS} = \sqrt{11 - 2(5)} + 4 = \sqrt{11 - 10} + 4 = \sqrt{1} + 4 = 1 + 4 = 5 $$
  $$ \text{LHS} = \text{RHS} $$
  So, $x = 5$ is a valid solution.

**Check $x = 1$:**
- Domain check: $1 < 4$ (Invalid, as $x$ must be $\ge 4$)
- Substitute into the original equation to see why it fails:
  $$ \text{LHS} = 1 $$
  $$ \text{RHS} = \sqrt{11 - 2(1)} + 4 = \sqrt{9} + 4 = 3 + 4 = 7 $$
  $$ 1 \neq 7 $$
  So, $x = 1$ is an extraneous solution.

### Conclusion
The only value of $x$ that satisfies the equation is $5$.

\boxed{5}",$x=5$,"['5', '5']","['Eq(x, 5)', 'x=5']",True
"To find the minimal compound interest rate, we need to model the future value of the savings account.

**1. Understand the Cash Flow**
The worker deposits $\$20,000$ at the end of each year. This is an ordinary annuity.
- Deposit 1: End of Year 1
- Deposit 2: End of Year 2
- Deposit 3: End of Year 3

Let $r$ be the annual compound interest rate (expressed as a decimal).
Let $P = 20,000$ be the annual deposit.
Let $FV$ be the future value of the account at the end of Year 3.

**2. Calculate the Future Value of Each Deposit**
- The first deposit is made at the end of Year 1. It earns interest for 2 years (during Year 2 and Year 3).
  $$FV_1 = 20,000(1+r)^2$$
- The second deposit is made at the end of Year 2. It earns interest for 1 year (during Year 3).
  $$FV_2 = 20,000(1+r)^1$$
- The third deposit is made at the end of Year 3. It earns no interest because it is deposited at the exact moment we are calculating the balance.
  $$FV_3 = 20,000(1+r)^0 = 20,000$$

**3. Set Up the Equation**
The total future value is the sum of the future values of the individual deposits. We want this total to be at least $\$66,200$. To find the *minimal* rate, we set the total equal to $\$66,200$.

$$20,000(1+r)^2 + 20,000(1+r) + 20,000 = 66,200$$

**4. Solve for $r$**
First, divide the entire equation by $20,000$ to simplify:

$$(1+r)^2 + (1+r) + 1 = \frac{66,200}{20,000}$$

Calculate the right-hand side:
$$\frac{66,200}{20,000} = \frac{662}{200} = 3.31$$

So, the equation becomes:
$$(1+r)^2 + (1+r) + 1 = 3.31$$

Let $x = 1+r$. The equation is now a quadratic equation in terms of $x$:
$$x^2 + x + 1 = 3.31$$
$$x^2 + x - 2.31 = 0$$

Use the quadratic formula to solve for $x$:
$$x = \frac{-b \pm \sqrt{b^2 - 4ac}}{2a}$$
Here, $a = 1$, $b = 1$, and $c = -2.31$.

$$x = \frac{-1 \pm \sqrt{1^2 - 4(1)(-2.31)}}{2}$$
$$x = \frac{-1 \pm \sqrt{1 + 9.24}}{2}$$
$$x = \frac{-1 \pm \sqrt{10.24}}{2}$$

Calculate $\sqrt{10.24}$:
Since $3.2^2 = 10.24$, $\sqrt{10.24} = 3.2$.

$$x = \frac{-1 \pm 3.2}{2}$$

This gives two possible solutions for $x$:
1. $x = \frac{-1 + 3.2}{2} = \frac{2.2}{2} = 1.1$
2. $x = \frac{-1 - 3.2}{2} = \frac{-4.2}{2} = -2.1$

Since $x = 1+r$ and interest rates must result in a positive growth factor ($1+r > 0$), we discard the negative solution.
Thus, $x = 1.1$.

Now, solve for $r$:
$$1 + r = 1.1$$
$$r = 0.1$$

**5. Convert to Percentage**
The interest rate $r$ is $0.1$. To express this as a percentage:
$$0.1 \times 100\% = 10\%$$

The question asks for the answer as a percentage without the percent sign.

\boxed{10}",$10$,"['10', '10']","['10', '10']",True
"To find all integers $n$ such that $f(n) = n$, we first need to determine the explicit form of the function $f(x)$ using the given functional equation:
\[ f(x) + f(y) = f(x + y) - xy - 1 \]
for all real numbers $x$ and $y$.

### Step 1: Determine the form of $f(x)$

Let's substitute specific values to find properties of $f(x)$.

**Find $f(0)$:**
Set $x = 0$ and $y = 0$ in the equation:
\[ f(0) + f(0) = f(0 + 0) - 0 \cdot 0 - 1 \]
\[ 2f(0) = f(0) - 1 \]
\[ f(0) = -1 \]

**Find a general expression for $f(x)$:**
The term $-xy$ suggests that $f(x)$ might be a quadratic polynomial. Let's assume $f(x) = ax^2 + bx + c$.
We already know $f(0) = -1$, so substituting $x=0$ into the polynomial gives $c = -1$.
So, $f(x) = ax^2 + bx - 1$.

Let's substitute this form into the original functional equation to determine $a$ and $b$.
LHS:
\[ f(x) + f(y) = (ax^2 + bx - 1) + (ay^2 + by - 1) = a(x^2 + y^2) + b(x + y) - 2 \]

RHS:
\[ f(x + y) - xy - 1 = a(x + y)^2 + b(x + y) - 1 - xy - 1 \]
\[ = a(x^2 + 2xy + y^2) + b(x + y) - 2 - xy \]
\[ = a(x^2 + y^2) + 2axy + b(x + y) - xy - 2 \]

Equating LHS and RHS:
\[ a(x^2 + y^2) + b(x + y) - 2 = a(x^2 + y^2) + 2axy + b(x + y) - xy - 2 \]

Subtract $a(x^2 + y^2) + b(x + y) - 2$ from both sides:
\[ 0 = 2axy - xy \]
\[ 0 = xy(2a - 1) \]

For this to hold for all real numbers $x$ and $y$, we must have:
\[ 2a - 1 = 0 \implies a = \frac{1}{2} \]

So far, $f(x) = \frac{1}{2}x^2 + bx - 1$.

**Use the condition $f(1) = 1$ to find $b$:**
\[ f(1) = \frac{1}{2}(1)^2 + b(1) - 1 = 1 \]
\[ \frac{1}{2} + b - 1 = 1 \]
\[ b - \frac{1}{2} = 1 \]
\[ b = \frac{3}{2} \]

Thus, the function is:
\[ f(x) = \frac{1}{2}x^2 + \frac{3}{2}x - 1 \]

Let's verify this solution.
LHS: $f(x) + f(y) = \frac{1}{2}x^2 + \frac{3}{2}x - 1 + \frac{1}{2}y^2 + \frac{3}{2}y - 1 = \frac{1}{2}(x^2+y^2) + \frac{3}{2}(x+y) - 2$.
RHS: $f(x+y) - xy - 1 = \frac{1}{2}(x+y)^2 + \frac{3}{2}(x+y) - 1 - xy - 1$
$= \frac{1}{2}(x^2+2xy+y^2) + \frac{3}{2}(x+y) - 2 - xy$
$= \frac{1}{2}x^2 + xy + \frac{1}{2}y^2 + \frac{3}{2}(x+y) - 2 - xy$
$= \frac{1}{2}(x^2+y^2) + \frac{3}{2}(x+y) - 2$.
LHS = RHS. The function is correct.

### Step 2: Solve for integers $n$ such that $f(n) = n$

We set $f(n) = n$:
\[ \frac{1}{2}n^2 + \frac{3}{2}n - 1 = n \]

Multiply the entire equation by 2 to clear the denominators:
\[ n^2 + 3n - 2 = 2n \]

Rearrange into a standard quadratic equation form:
\[ n^2 + 3n - 2n - 2 = 0 \]
\[ n^2 + n - 2 = 0 \]

Factor the quadratic equation:
\[ (n + 2)(n - 1) = 0 \]

The solutions are:
\[ n = -2 \quad \text{or} \quad n = 1 \]

Both $-2$ and $1$ are integers.

### Step 3: Verification

Check $n = 1$:
$f(1) = \frac{1}{2}(1)^2 + \frac{3}{2}(1) - 1 = \frac{1}{2} + \frac{3}{2} - 1 = 2 - 1 = 1$.
Since $f(1) = 1$, this is a solution.

Check $n = -2$:
$f(-2) = \frac{1}{2}(-2)^2 + \frac{3}{2}(-2) - 1 = \frac{1}{2}(4) - 3 - 1 = 2 - 3 - 1 = -2$.
Since $f(-2) = -2$, this is a solution.

The integers satisfying the condition are $-2$ and $1$.

\boxed{-2, 1}","$1,-2$","['{-2, 1}', '-2, 1']","['{-2, 1}', '1,-2']",True
"To solve the problem of finding the number of ways 7 people can sit around a round table such that no two of the 3 specific people (Pierre, Rosa, and Thomas) sit next to each other, we can use the method of **complementary counting** or the **gap method**. The gap method is often more direct for ""no two adjacent"" constraints in circular permutations.

### Step 1: Understand the Setup
- Total people: $7$
- Specific people (let's call them Group A): Pierre ($P$), Rosa ($R$), Thomas ($T$). There are $3$ people in this group.
- Other people (let's call them Group B): The remaining $7 - 3 = 4$ people. Let's call them $O_1, O_2, O_3, O_4$.
- Constraint: No two people from Group A can sit next to each other.
- Circular Permutation: Rotations are considered identical.

### Step 2: Arrange the ""Other"" People (Group B)
First, we arrange the 4 people from Group B around the round table.
The number of ways to arrange $n$ distinct items in a circle is $(n-1)!$.
So, the number of ways to arrange the 4 ""other"" people is:
$$ (4 - 1)! = 3! = 6 \text{ ways} $$

Let's visualize these 4 people sitting in a circle. This arrangement creates 4 distinct spaces or ""gaps"" between them where the people from Group A can be placed.
$$ \_ O_1 \_ O_2 \_ O_3 \_ O_4 \_ $$
(Note: In a circle, the gap after $O_4$ connects back to $O_1$.)

### Step 3: Place the Specific People (Group A) into the Gaps
To ensure that no two people from Group A sit next to each other, we must place each of the 3 people ($P, R, T$) into a separate gap among the 4 available gaps created by Group B.

1.  **Choose the gaps**: We need to choose 3 gaps out of the 4 available gaps. The number of ways to choose 3 gaps from 4 is given by the combination formula $\binom{n}{k}$:
    $$ \binom{4}{3} = 4 \text{ ways} $$

2.  **Arrange the people in the chosen gaps**: Once the 3 gaps are selected, we need to place Pierre, Rosa, and Thomas into these specific gaps. Since the people are distinct, the order matters. The number of ways to arrange 3 distinct people in 3 specific spots is $3!$:
    $$ 3! = 3 \times 2 \times 1 = 6 \text{ ways} $$

So, the total number of ways to place Group A into the gaps relative to a fixed arrangement of Group B is:
$$ \binom{4}{3} \times 3! = 4 \times 6 = 24 \text{ ways} $$

### Step 4: Calculate the Total Number of Arrangements
The total number of valid seating arrangements is the product of the number of ways to arrange Group B and the number of ways to place Group A into the gaps.

$$ \text{Total Ways} = (\text{Ways to arrange Group B}) \times (\text{Ways to place Group A}) $$
$$ \text{Total Ways} = 6 \times 24 $$

Let's compute the product:
$$ 6 \times 24 = 144 $$

### Alternative Method: Complementary Counting (Verification)
Total circular permutations of 7 people is $(7-1)! = 6! = 720$.

Let $S$ be the set of all arrangements.
Let $A$ be the property that $P$ and $R$ are adjacent.
Let $B$ be the property that $R$ and $T$ are adjacent.
Let $C$ be the property that $P$ and $T$ are adjacent.

We want to find the number of arrangements where none of these properties hold: $N(\text{None}) = |S| - |A \cup B \cup C|$.
Using the Principle of Inclusion-Exclusion:
$$ |A \cup B \cup C| = (|A| + |B| + |C|) - (|A \cap B| + |A \cap C| + |B \cap C|) + |A \cap B \cap C| $$

1.  **Calculate $|A|$ (P and R adjacent)**:
    Treat $(PR)$ as a single unit. We now have 6 units: $\{ (PR), T, O_1, O_2, O_3, O_4 \}$.
    Circular arrangements of 6 units: $(6-1)! = 120$.
    Internal arrangement of $(PR)$: $2! = 2$.
    $|A| = 120 \times 2 = 240$.
    Similarly, $|B| = 240$ and $|C| = 240$.
    Sum = $240 + 240 + 240 = 720$.

2.  **Calculate $|A \cap B|$ (P-R adjacent AND R-T adjacent)**:
    This implies the block is $(PRT)$ or $(TRP)$. Essentially, P, R, T are all together in a block of 3.
    Treat $\{P,R,T\}$ as a single unit. We have 5 units: $\{ (PRT), O_1, O_2, O_3, O_4 \}$.
    Circular arrangements of 5 units: $(5-1)! = 24$.
    Internal arrangements of P, R, T such that P-R and R-T are adjacent: The sequence must be $P-R-T$ or $T-R-P$. So, 2 internal arrangements.
    $|A \cap B| = 24 \times 2 = 48$.
    Similarly, $|A \cap C|$ (P-R and P-T adjacent $\rightarrow$ R-P-T or T-P-R) = 48.
    And $|B \cap C|$ (R-T and P-T adjacent $\rightarrow$ R-T-P or P-T-R) = 48.
    Sum = $48 + 48 + 48 = 144$.

3.  **Calculate $|A \cap B \cap C|$ (All pairs adjacent)**:
    This requires P, R, T to be mutually adjacent. In a linear arrangement of 3 people, only the middle person is adjacent to both others. In a circle of 3, everyone is adjacent to everyone. However, we are placing them into a larger circle. For P, R, T to be pairwise adjacent, they must form a contiguous block of 3.
    Wait, the condition ""P and R adjacent"", ""R and T adjacent"", ""P and T adjacent"" simultaneously means they form a triangle. In a linear seating of a subset, this is impossible unless they are the only 3 people. But here they are part of 7.
    Actually, $A \cap B \cap C$ means P is next to R, R is next to T, and P is next to T. This implies the three people sit together in a block, and specifically, the arrangement within the block must allow P to touch R, R to touch T, and P to touch T.
    In a block of 3 people $(X, Y, Z)$, X touches Y, Y touches Z. X does not touch Z.
    Therefore, it is **impossible** for all three pairs to be adjacent simultaneously in a standard linear-like block within a larger circle.
    Let's re-evaluate.
    $A$: P next to R.
    $B$: R next to T.
    $C$: P next to T.
    If P is next to R and R is next to T, the order is $P-R-T$ or $T-R-P$. In $P-R-T$, P is not next to T. So $A \cap B$ does not imply $C$.
    For $A \cap B \cap C$ to happen, we need a configuration where P is next to R, R is next to T, AND P is next to T. This forms a cycle $P-R-T-P$. This is only possible if there are only 3 people at the table. Since there are 7 people, this intersection is empty.
    $|A \cap B \cap C| = 0$.

    So, $|A \cup B \cup C| = 720 - 144 + 0 = 576$.
    
    The number of arrangements with **no** adjacent pairs from Group A is:
    $$ |S| - |A \cup B \cup C| = 720 - 576 = 144 $$

Both methods yield the same result.

### Conclusion
The number of ways 7 people can sit around a round table such that no two of Pierre, Rosa, and Thomas sit next to each other is 144.

\boxed{144}",$144$,"['144', '144']","['144', '144']",True
"To find the profit, we need to calculate the total revenue generated from selling the items and then subtract the total cost of baking them.

**Step 1: Calculate the revenue from cookies.**
The math club sold 54 cookies at a rate of 3 for $\$1$.
First, determine how many sets of 3 cookies were sold:
$$ \frac{54 \text{ cookies}}{3 \text{ cookies/set}} = 18 \text{ sets} $$
Since each set costs $\$1$, the revenue from cookies is:
$$ 18 \text{ sets} \times \$1/\text{set} = \$18 $$

**Step 2: Calculate the revenue from cupcakes.**
The math club sold 20 cupcakes at $\$2$ each.
$$ 20 \text{ cupcakes} \times \$2/\text{cupcake} = \$40 $$

**Step 3: Calculate the revenue from brownies.**
The math club sold 35 brownies at $\$1$ each.
$$ 35 \text{ brownies} \times \$1/\text{brownie} = \$35 $$

**Step 4: Calculate the total revenue.**
Add the revenue from all three items:
$$ \text{Total Revenue} = \$18 (\text{cookies}) + \$40 (\text{cupcakes}) + \$35 (\text{brownies}) $$
$$ \text{Total Revenue} = \$18 + \$40 + \$35 = \$93 $$

**Step 5: Calculate the profit.**
Profit is defined as Total Revenue minus Total Cost. The problem states that the cost to bake the items was $\$15$.
$$ \text{Profit} = \text{Total Revenue} - \text{Total Cost} $$
$$ \text{Profit} = \$93 - \$15 $$
$$ \text{Profit} = \$78 $$

The math club's profit was $\$78$.

\boxed{78}",$78$,"['78', '78']","['78', '78']",True
"To find the resulting complex number after a $90^\circ$ counter-clockwise rotation around the origin, we can use the properties of complex number multiplication.

### Step 1: Understand Rotation in the Complex Plane
Rotating a complex number $z$ by an angle $\theta$ counter-clockwise around the origin is equivalent to multiplying $z$ by $e^{i\theta}$.

For a rotation of $90^\circ$ (or $\frac{\pi}{2}$ radians), the multiplier is:
$$ e^{i\frac{\pi}{2}} = \cos\left(\frac{\pi}{2}\right) + i\sin\left(\frac{\pi}{2}\right) = 0 + i(1) = i $$

Therefore, rotating a complex number $z$ by $90^\circ$ counter-clockwise is simply multiplying $z$ by $i$.

### Step 2: Apply the Rotation
The given complex number is $z = 7 + 2i$.
We multiply this by $i$:
$$ z' = (7 + 2i) \cdot i $$

### Step 3: Perform the Multiplication
Distribute $i$ across the terms:
$$ z' = 7i + 2i^2 $$

Recall that $i^2 = -1$. Substitute this value into the equation:
$$ z' = 7i + 2(-1) $$
$$ z' = 7i - 2 $$

### Step 4: Format the Result
Standard form for a complex number is $a + bi$. Rearranging the terms:
$$ z' = -2 + 7i $$

### Alternative Method: Geometric Interpretation
In the complex plane, the complex number $7 + 2i$ corresponds to the point $(7, 2)$.
A $90^\circ$ counter-clockwise rotation transforms a point $(x, y)$ to $(-y, x)$.
- Here, $x = 7$ and $y = 2$.
- The new coordinates will be $(-2, 7)$.
- Converting back to complex number form $x + yi$, we get $-2 + 7i$.

### Conclusion
The resulting complex number is $-2 + 7i$.

\boxed{-2 + 7i}",$-2 + 7i$,"['7*i - 2', '-2 + 7i']","['7*i - 2', '-2 + 7i']",True
"To determine the number of different battalions that can be sent, we need to calculate the number of ways to choose the required soldiers from the available pool for each class. This is a combination problem because the order in which the soldiers are selected does not matter.

**1. Calculate the number of ways to choose the upper class soldiers:**

*   Total available upper class soldiers ($n_U$) = 5
*   Required upper class soldiers ($k_U$) = 4

The number of ways to choose 4 soldiers from 5 is given by the combination formula $\binom{n}{k} = \frac{n!}{k!(n-k)!}$:

$$ \binom{5}{4} = \frac{5!}{4!(5-4)!} = \frac{5!}{4!1!} = \frac{5 \times 4 \times 3 \times 2 \times 1}{(4 \times 3 \times 2 \times 1) \times 1} = 5 $$

So, there are **5** ways to choose the upper class soldiers.

**2. Calculate the number of ways to choose the lower class soldiers:**

*   Total available lower class soldiers ($n_L$) = 10
*   Required lower class soldiers ($k_L$) = 8

The number of ways to choose 8 soldiers from 10 is:

$$ \binom{10}{8} = \frac{10!}{8!(10-8)!} = \frac{10!}{8!2!} $$

Using the property $\binom{n}{k} = \binom{n}{n-k}$, we know that $\binom{10}{8} = \binom{10}{2}$, which is easier to calculate:

$$ \binom{10}{2} = \frac{10 \times 9}{2 \times 1} = \frac{90}{2} = 45 $$

So, there are **45** ways to choose the lower class soldiers.

**3. Calculate the total number of different battalions:**

Since the choice of upper class soldiers and lower class soldiers are independent events, we multiply the number of ways for each class to find the total number of combinations:

$$ \text{Total Battalions} = (\text{Ways to choose Upper Class}) \times (\text{Ways to choose Lower Class}) $$
$$ \text{Total Battalions} = 5 \times 45 $$
$$ \text{Total Battalions} = 225 $$

**Conclusion:**

There are 225 different battalions that can be sent.

\boxed{225}",$225$,"['225', '225']","['225', '225']",True
"To find the product of $6_8 \cdot 7_8$ and express the answer in base $8$, we can follow these steps:

### Step 1: Convert the numbers from base 8 to base 10
The subscript $_8$ indicates that the numbers are in octal (base 8).
- The number $6_8$ represents the value $6$ in base 10.
- The number $7_8$ represents the value $7$ in base 10.

### Step 2: Perform the multiplication in base 10
Multiply the base 10 values:
$$ 6 \times 7 = 42 $$
So, the product in base 10 is $42_{10}$.

### Step 3: Convert the result from base 10 back to base 8
To convert $42_{10}$ to base 8, we divide by 8 and keep track of the remainders.

1. Divide 42 by 8:
   $$ 42 \div 8 = 5 \text{ with a remainder of } 2 $$
   ($5 \times 8 = 40$, and $42 - 40 = 2$)

2. The quotient is 5, which is less than 8, so we stop here. The digits of the base 8 number are the final quotient followed by the remainder.

   - The most significant digit is the quotient: $5$
   - The least significant digit is the remainder: $2$

Thus, $42_{10} = 52_8$.

### Verification
We can also perform the multiplication directly in base 8.
In base 8, the digits are $0, 1, 2, 3, 4, 5, 6, 7$.
$6 \times 7 = 42$ in base 10.
We need to represent $42$ in base 8.
$42 = 5 \times 8^1 + 2 \times 8^0$.
So, the digits are $5$ and $2$.
Therefore, $6_8 \cdot 7_8 = 52_8$.

\boxed{52_8}",$52_8$,"['52', '52_8']","['52', '52_8']",True
"To simplify the square root $\sqrt{242}$, we need to find the largest perfect square factor of 242.

**Step 1: Find the prime factorization of 242.**
First, we notice that 242 is an even number, so it is divisible by 2:
$$ 242 \div 2 = 121 $$

Next, we look at 121. We know that $11 \times 11 = 121$, so 121 is a perfect square ($11^2$).
Thus, the prime factorization of 242 is:
$$ 242 = 2 \times 11^2 $$

**Step 2: Apply the property of square roots.**
We can rewrite the square root using the factors found above:
$$ \sqrt{242} = \sqrt{121 \times 2} $$

Using the property $\sqrt{a \times b} = \sqrt{a} \times \sqrt{b}$, we get:
$$ \sqrt{242} = \sqrt{121} \times \sqrt{2} $$

**Step 3: Simplify the perfect square.**
Since $\sqrt{121} = 11$, we substitute this value back into the expression:
$$ \sqrt{242} = 11 \times \sqrt{2} $$
$$ \sqrt{242} = 11\sqrt{2} $$

The number 2 has no perfect square factors other than 1, so $\sqrt{2}$ cannot be simplified further.

**Final Answer:**
$$ \boxed{11\sqrt{2}} $$",$11\sqrt2$,"['11*sqrt(2)', '11\\sqrt{2}']","['11*sqrt(2)', '11\\sqrt{2}']",True
