task_id,answer,gold
MATH-500/0,"To convert the point $(x, y) = (0, 3)$ from rectangular coordinates to polar coordinates $(r, \theta)$, we use the following relationships:

1.  $r = \sqrt{x^2 + y^2}$
2.  $\tan \theta = \frac{y}{x}$ (with adjustments based on the quadrant)

**Step 1: Calculate $r$**

Given $x = 0$ and $y = 3$:
$$ r = \sqrt{0^2 + 3^2} = \sqrt{9} = 3 $$
Since the problem requires $r > 0$, we have $r = 3$.

**Step 2: Calculate $\theta$**

The point $(0, 3)$ lies on the positive $y$-axis.
*   The angle corresponding to the positive $x$-axis is $0$.
*   The angle corresponding to the positive $y$-axis is $\frac{\pi}{2}$.
*   The angle corresponding to the negative $x$-axis is $\pi$.
*   The angle corresponding to the negative $y$-axis is $\frac{3\pi}{2}$.

Since the point is on the positive $y$-axis, the angle $\theta$ is $\frac{\pi}{2}$.

We must ensure that $0 \le \theta < 2\pi$.
$\frac{\pi}{2}$ satisfies this condition.

**Conclusion**

The polar coordinates are $(3, \frac{\pi}{2})$.

\boxed{(3, \frac{\pi}{2})}","$\left( 3, \frac{\pi}{2} \right)$"
MATH-500/1,"To find the value of the double sum
\[ S = \sum_{j = 1}^\infty \sum_{k = 1}^\infty \frac{1}{(j + k)^3} \]
in terms of $p = \sum_{k=1}^\infty \frac{1}{k^2}$ and $q = \sum_{k=1}^\infty \frac{1}{k^3}$, we will proceed by changing the order of summation and grouping terms based on the sum of the indices.

### Step 1: Change the Index of Summation

Let $n = j + k$. Since $j \ge 1$ and $k \ge 1$, the smallest possible value for $n$ is $1+1=2$. For a fixed integer $n \ge 2$, the possible pairs $(j, k)$ such that $j+k=n$ are:
\[ (1, n-1), (2, n-2), \dots, (n-1, 1) \]
There are exactly $n-1$ such pairs.

We can rewrite the double sum by summing over $n$ first. The term $\frac{1}{(j+k)^3}$ becomes $\frac{1}{n^3}$ for all pairs in the group corresponding to $n$. Since there are $n-1$ such pairs, the contribution to the sum for a fixed $n$ is:
\[ (n-1) \cdot \frac{1}{n^3} \]

Thus, the double sum can be rewritten as a single sum over $n$:
\[ S = \sum_{n=2}^\infty \frac{n-1}{n^3} \]

### Step 2: Simplify the General Term

We can split the fraction $\frac{n-1}{n^3}$ into two separate terms:
\[ \frac{n-1}{n^3} = \frac{n}{n^3} - \frac{1}{n^3} = \frac{1}{n^2} - \frac{1}{n^3} \]

Substituting this back into the sum:
\[ S = \sum_{n=2}^\infty \left( \frac{1}{n^2} - \frac{1}{n^3} \right) \]

By linearity of convergent series, we can split this into two separate sums:
\[ S = \sum_{n=2}^\infty \frac{1}{n^2} - \sum_{n=2}^\infty \frac{1}{n^3} \]

### Step 3: Relate to $p$ and $q$

Recall the definitions given in the problem:
\[ p = \sum_{k=1}^\infty \frac{1}{k^2} = 1 + \sum_{k=2}^\infty \frac{1}{k^2} \]
\[ q = \sum_{k=1}^\infty \frac{1}{k^3} = 1 + \sum_{k=2}^\infty \frac{1}{k^3} \]

From these definitions, we can express the sums starting from $n=2$ as:
\[ \sum_{n=2}^\infty \frac{1}{n^2} = p - 1 \]
\[ \sum_{n=2}^\infty \frac{1}{n^3} = q - 1 \]

### Step 4: Calculate the Final Result

Substitute these expressions back into the equation for $S$:
\[ S = (p - 1) - (q - 1) \]
\[ S = p - 1 - q + 1 \]
\[ S = p - q \]

### Conclusion

The double sum can be written in terms of $p$ and $q$ as:
\[ \sum_{j = 1}^\infty \sum_{k = 1}^\infty \frac{1}{(j + k)^3} = p - q \]

\boxed{p - q}",$p - q$
MATH-500/2,"To find the value of $f(-2) + f(-1) + f(0)$ for the function $f(x) = \frac{3x-2}{x-2}$, we will evaluate the function at each of the specified points and then sum the results.

**Step 1: Evaluate $f(-2)$**

Substitute $x = -2$ into the function:
$$ f(-2) = \frac{3(-2) - 2}{-2 - 2} $$
$$ f(-2) = \frac{-6 - 2}{-4} $$
$$ f(-2) = \frac{-8}{-4} $$
$$ f(-2) = 2 $$

**Step 2: Evaluate $f(-1)$**

Substitute $x = -1$ into the function:
$$ f(-1) = \frac{3(-1) - 2}{-1 - 2} $$
$$ f(-1) = \frac{-3 - 2}{-3} $$
$$ f(-1) = \frac{-5}{-3} $$
$$ f(-1) = \frac{5}{3} $$

**Step 3: Evaluate $f(0)$**

Substitute $x = 0$ into the function:
$$ f(0) = \frac{3(0) - 2}{0 - 2} $$
$$ f(0) = \frac{0 - 2}{-2} $$
$$ f(0) = \frac{-2}{-2} $$
$$ f(0) = 1 $$

**Step 4: Sum the values**

Now, we add the three results together:
$$ f(-2) + f(-1) + f(0) = 2 + \frac{5}{3} + 1 $$

Combine the integers first:
$$ 2 + 1 = 3 $$

Add the fraction:
$$ 3 + \frac{5}{3} $$

To add these, convert 3 to a fraction with a denominator of 3:
$$ 3 = \frac{9}{3} $$

So,
$$ \frac{9}{3} + \frac{5}{3} = \frac{9 + 5}{3} = \frac{14}{3} $$

The result is already in simplest form as a common fraction.

\boxed{\frac{14}{3}}",$\frac{14}{3}$
MATH-500/3,"To find the number of positive whole-number divisors of 196, we can follow these steps:

### Step 1: Prime Factorization of 196

First, we determine the prime factorization of the number 196.

1.  Since 196 is an even number, we can divide it by 2:
    $$196 \div 2 = 98$$
2.  98 is also even, so we divide by 2 again:
    $$98 \div 2 = 49$$
3.  Now we have 49. We know that $49 = 7 \times 7$, or $7^2$.

So, the prime factorization of 196 is:
$$196 = 2 \times 2 \times 7 \times 7 = 2^2 \times 7^2$$

### Step 2: Use the Divisor Counting Formula

If the prime factorization of a number $n$ is given by $n = p_1^{e_1} \times p_2^{e_2} \times \dots \times p_k^{e_k}$, then the total number of positive divisors of $n$, denoted as $d(n)$, is calculated by multiplying the successors of the exponents:
$$d(n) = (e_1 + 1)(e_2 + 1)\dots(e_k + 1)$$

For $196 = 2^2 \times 7^2$:
- The exponent of the prime factor 2 is $2$.
- The exponent of the prime factor 7 is $2$.

Applying the formula:
$$d(196) = (2 + 1)(2 + 1)$$
$$d(196) = 3 \times 3$$
$$d(196) = 9$$

### Step 3: Verification by Listing Divisors

Let's list all the divisors to verify the result. The divisors are formed by combinations of the prime factors $2^0, 2^1, 2^2$ and $7^0, 7^1, 7^2$.

1.  $2^0 \times 7^0 = 1 \times 1 = 1$
2.  $2^1 \times 7^0 = 2 \times 1 = 2$
3.  $2^2 \times 7^0 = 4 \times 1 = 4$
4.  $2^0 \times 7^1 = 1 \times 7 = 7$
5.  $2^1 \times 7^1 = 2 \times 7 = 14$
6.  $2^2 \times 7^1 = 4 \times 7 = 28$
7.  $2^0 \times 7^2 = 1 \times 49 = 49$
8.  $2^1 \times 7^2 = 2 \times 49 = 98$
9.  $2^2 \times 7^2 = 4 \times 49 = 196$

The divisors are: 1, 2, 4, 7, 14, 28, 49, 98, 196.
Counting them, we find there are exactly 9 divisors.

### Conclusion

The number of positive whole-number divisors of 196 is 9.

\boxed{9}",$9$
MATH-500/4,"To determine which student has the greatest average speed, we need to analyze the relationship between distance and time as presented in the graph.

**1. Understand the Graph**
*   The horizontal axis (x-axis) represents **time**.
*   The vertical axis (y-axis) represents **distance**.
*   The average speed of a student is calculated as:
    $$ \text{Speed} = \frac{\text{Distance}}{\text{Time}} $$
*   Geometrically, on a distance-time graph, the speed corresponds to the slope of the line segment connecting the origin $(0,0)$ to the student's data point. A steeper slope indicates a greater speed. Alternatively, we can simply calculate the ratio $\frac{y}{x}$ for each point.

**2. Extract Data Points**
Let's estimate the coordinates $(t, d)$ for each student from the provided Asymptote code and visual representation:

*   **Evelyn**: The dot is at approximately $x = 1.25$ and $y = 4.5$.
*   **Briana**: The dot is at approximately $x = 2.5$ and $y = 2.2$.
*   **Carla**: The dot is at approximately $x = 4.25$ and $y = 5.2$.
*   **Debra**: The dot is at approximately $x = 5.6$ and $y = 2.8$.
*   **Angela**: The dot is at approximately $x = 6.8$ and $y = 1.4$.

**3. Calculate Average Speeds**
Now, we calculate the speed ($\frac{d}{t}$) for each student:

*   **Evelyn**:
    $$ \text{Speed} = \frac{4.5}{1.25} = 3.6 $$

*   **Briana**:
    $$ \text{Speed} = \frac{2.2}{2.5} = 0.88 $$

*   **Carla**:
    $$ \text{Speed} = \frac{5.2}{4.25} \approx 1.22 $$

*   **Debra**:
    $$ \text{Speed} = \frac{2.8}{5.6} = 0.5 $$

*   **Angela**:
    $$ \text{Speed} = \frac{1.4}{6.8} \approx 0.21 $$

**4. Compare the Results**
Comparing the calculated speeds:
*   Evelyn: $3.6$
*   Briana: $0.88$
*   Carla: $\approx 1.22$
*   Debra: $0.5$
*   Angela: $\approx 0.21$

Evelyn has the highest value. Visually, this makes sense because her point is the highest up relative to its horizontal position (closest to the y-axis while being high on the y-axis), indicating the steepest slope from the origin.

**Conclusion**
Evelyn has the greatest average speed.

\boxed{Evelyn}",$\text{Evelyn}$
MATH-500/5,"To find the perimeter of the regular hexagon, we will follow these steps:

1.  **Determine the side length of the equilateral triangle.**
    The problem states that the regular hexagon is divided into six equilateral triangles. An equilateral triangle has three sides of equal length. Let $s$ be the side length of one of these triangles.
    
    The perimeter of one equilateral triangle is given as 21 inches. Therefore:
    $$3s = 21$$
    
    Solving for $s$:
    $$s = \frac{21}{3} = 7 \text{ inches}$$

2.  **Determine the side length of the regular hexagon.**
    A regular hexagon can be divided into six equilateral triangles by drawing lines from the center to each vertex. The sides of these triangles that form the boundary of the hexagon are the sides of the hexagon itself. Therefore, the side length of the regular hexagon is equal to the side length of the equilateral triangle.
    
    So, the side length of the hexagon is also $7$ inches.

3.  **Calculate the perimeter of the regular hexagon.**
    A regular hexagon has 6 equal sides. Let $P_{hex}$ be the perimeter of the hexagon.
    $$P_{hex} = 6 \times s$$
    $$P_{hex} = 6 \times 7$$
    $$P_{hex} = 42 \text{ inches}$$

**Conclusion:**
The perimeter of the regular hexagon is 42 inches.

\boxed{42}",$42$
MATH-500/6,"To find the smallest positive perfect cube that can be written as the sum of three consecutive integers, we will proceed with the following logical steps:

### Step 1: Express the sum of three consecutive integers algebraically

Let the three consecutive integers be $n-1$, $n$, and $n+1$, where $n$ is an integer.
The sum $S$ of these three integers is:
$$ S = (n-1) + n + (n+1) $$
$$ S = 3n $$

So, the sum of any three consecutive integers is always a multiple of 3.

### Step 2: Set the sum equal to a perfect cube

We are looking for a number that is both a perfect cube and equal to this sum. Let the perfect cube be $k^3$, where $k$ is a positive integer.
Therefore, we have the equation:
$$ k^3 = 3n $$

This implies that $k^3$ must be divisible by 3.

### Step 3: Determine the properties of $k$

If a perfect cube $k^3$ is divisible by a prime number $p$, then the base $k$ must also be divisible by $p$.
*   Proof: Let the prime factorization of $k$ be $p_1^{a_1} p_2^{a_2} \dots$. Then $k^3 = p_1^{3a_1} p_2^{3a_2} \dots$. For $k^3$ to be divisible by 3, the exponent of the prime factor 3 in the prime factorization of $k^3$ must be at least 1. Since the exponents in $k^3$ are multiples of 3, the smallest positive multiple of 3 is 3. This means the exponent of 3 in $k$ must be at least 1. Thus, $k$ is divisible by 3.

So, $k$ must be a multiple of 3. Let $k = 3m$ for some positive integer $m$.

### Step 4: Find the smallest positive integer $k$

We want the **smallest** positive perfect cube. This corresponds to the smallest positive integer $k$.
Since $k$ must be a multiple of 3, the possible values for $k$ are $3, 6, 9, \dots$.

The smallest positive value is $k = 3$.

### Step 5: Calculate the perfect cube and verify

Let's test $k = 3$:
$$ k^3 = 3^3 = 27 $$

Now, we check if 27 can be written as the sum of three consecutive integers.
From Step 1, we know the sum is $3n$. So:
$$ 27 = 3n $$
$$ n = 9 $$

The three consecutive integers are $n-1, n, n+1$, which are:
$$ 8, 9, 10 $$

Let's verify the sum:
$$ 8 + 9 + 10 = 27 $$

Since $27 = 3^3$, it is a perfect cube.
Since $8, 9, 10$ are consecutive integers, the condition is satisfied.

Is there a smaller positive perfect cube?
The positive perfect cubes are $1^3=1$, $2^3=8$, $3^3=27$, etc.
*   $1$: Is $1$ divisible by 3? No. ($1 = 3n \implies n=1/3$, not an integer).
*   $8$: Is $8$ divisible by 3? No. ($8 = 3n \implies n=8/3$, not an integer).
*   $27$: Is $27$ divisible by 3? Yes. ($27 = 3n \implies n=9$, an integer).

Thus, 27 is the smallest.

### Conclusion

The smallest positive perfect cube that can be written as the sum of three consecutive integers is 27.

\boxed{27}",$27$
MATH-500/7,"To find the angle between two lines in 3D space, we need to determine their direction vectors and then use the dot product formula.

### Step 1: Determine the direction vector of the first line

The first line is defined by the equation:
\[ 2x = 3y = -z \]

Let this common value be equal to a parameter $t$.
\[ 2x = t \implies x = \frac{t}{2} \]
\[ 3y = t \implies y = \frac{t}{3} \]
\[ -z = t \implies z = -t \]

So, the position vector $\mathbf{r}_1$ for any point on this line can be written as:
\[ \mathbf{r}_1 = \left( \frac{1}{2}, \frac{1}{3}, -1 \right) t \]

The direction vector $\mathbf{v}_1$ is the coefficient of $t$:
\[ \mathbf{v}_1 = \left( \frac{1}{2}, \frac{1}{3}, -1 \right) \]

To make calculations easier, we can scale this vector by the least common multiple of the denominators (which is 6) to get an integer vector parallel to $\mathbf{v}_1$. Let's call this scaled vector $\mathbf{u}_1$:
\[ \mathbf{u}_1 = 6 \cdot \left( \frac{1}{2}, \frac{1}{3}, -1 \right) = (3, 2, -6) \]

### Step 2: Determine the direction vector of the second line

The second line is defined by the equation:
\[ 6x = -y = -4z \]

Let this common value be equal to a parameter $s$.
\[ 6x = s \implies x = \frac{s}{6} \]
\[ -y = s \implies y = -s \]
\[ -4z = s \implies z = -\frac{s}{4} \]

So, the position vector $\mathbf{r}_2$ for any point on this line can be written as:
\[ \mathbf{r}_2 = \left( \frac{1}{6}, -1, -\frac{1}{4} \right) s \]

The direction vector $\mathbf{v}_2$ is the coefficient of $s$:
\[ \mathbf{v}_2 = \left( \frac{1}{6}, -1, -\frac{1}{4} \right) \]

Similarly, we can scale this vector to eliminate fractions. The least common multiple of the denominators 6 and 4 is 12. Let's call this scaled vector $\mathbf{u}_2$:
\[ \mathbf{u}_2 = 12 \cdot \left( \frac{1}{6}, -1, -\frac{1}{4} \right) = (2, -12, -3) \]

### Step 3: Calculate the angle between the direction vectors

The angle $\theta$ between two lines is given by the angle between their direction vectors. The formula for the cosine of the angle $\theta$ between two vectors $\mathbf{u}_1$ and $\mathbf{u}_2$ is:
\[ \cos \theta = \frac{|\mathbf{u}_1 \cdot \mathbf{u}_2|}{\|\mathbf{u}_1\| \|\mathbf{u}_2\|} \]
Note: We take the absolute value of the dot product because the angle between two lines is typically defined as the acute angle (between $0^\circ$ and $90^\circ$).

**1. Calculate the dot product $\mathbf{u}_1 \cdot \mathbf{u}_2$:**
\[ \mathbf{u}_1 = (3, 2, -6) \]
\[ \mathbf{u}_2 = (2, -12, -3) \]
\[ \mathbf{u}_1 \cdot \mathbf{u}_2 = (3)(2) + (2)(-12) + (-6)(-3) \]
\[ \mathbf{u}_1 \cdot \mathbf{u}_2 = 6 - 24 + 18 \]
\[ \mathbf{u}_1 \cdot \mathbf{u}_2 = 0 \]

**2. Interpret the result:**
Since the dot product is 0, the vectors are orthogonal (perpendicular).
\[ \cos \theta = 0 \]
\[ \theta = 90^\circ \]

Even though we don't need to calculate the magnitudes since the numerator is zero, for completeness:
\[ \|\mathbf{u}_1\| = \sqrt{3^2 + 2^2 + (-6)^2} = \sqrt{9 + 4 + 36} = \sqrt{49} = 7 \]
\[ \|\mathbf{u}_2\| = \sqrt{2^2 + (-12)^2 + (-3)^2} = \sqrt{4 + 144 + 9} = \sqrt{157} \]
\[ \cos \theta = \frac{|0|}{7 \sqrt{157}} = 0 \]

### Conclusion

The dot product of the direction vectors is zero, which means the lines are perpendicular. Therefore, the angle between them is $90^\circ$.

\boxed{90}",$90^\circ$
MATH-500/8,"To find the distance between two points $(x_1, y_1)$ and $(x_2, y_2)$ in a coordinate plane, we use the distance formula:

$$ d = \sqrt{(x_2 - x_1)^2 + (y_2 - y_1)^2} $$

Given the points:
Point 1: $(x_1, y_1) = (2, -6)$
Point 2: $(x_2, y_2) = (-4, 3)$

**Step 1: Substitute the coordinates into the formula.**

$$ d = \sqrt{(-4 - 2)^2 + (3 - (-6))^2} $$

**Step 2: Simplify the expressions inside the parentheses.**

$$ -4 - 2 = -6 $$
$$ 3 - (-6) = 3 + 6 = 9 $$

So the equation becomes:

$$ d = \sqrt{(-6)^2 + (9)^2} $$

**Step 3: Square the values.**

$$ (-6)^2 = 36 $$
$$ 9^2 = 81 $$

So the equation becomes:

$$ d = \sqrt{36 + 81} $$

**Step 4: Add the numbers inside the square root.**

$$ 36 + 81 = 117 $$

$$ d = \sqrt{117} $$

**Step 5: Simplify the radical.**

To express $\sqrt{117}$ in simplest radical form, we look for perfect square factors of 117.
The sum of the digits of 117 is $1 + 1 + 7 = 9$, which means 117 is divisible by 9.

$$ 117 = 9 \times 13 $$

Therefore:

$$ \sqrt{117} = \sqrt{9 \times 13} $$
$$ \sqrt{117} = \sqrt{9} \times \sqrt{13} $$
$$ \sqrt{117} = 3\sqrt{13} $$

The distance is $3\sqrt{13}$.

\boxed{3\sqrt{13}}",$3\sqrt{13}$
MATH-500/9,"To determine how many distinct values can be obtained from the expression $2 \cdot 3 \cdot 4 \cdot 5 + 1$ by inserting parentheses, we must analyze all possible ways to parenthesize the expression. The expression consists of four numbers ($2, 3, 4, 5$) connected by multiplication operators, followed by an addition of $1$.

The structure of the expression is essentially a product of four terms plus one:
$$ P + 1 $$
where $P$ is formed by the sequence $2 \cdot 3 \cdot 4 \cdot 5$.

However, the addition operator $+$ has lower precedence than multiplication $\cdot$ in standard arithmetic, but parentheses can change the order of operations. Specifically, parentheses can group the $+1$ with one of the preceding numbers or groups of numbers.

Let's break down the possible structures. The expression involves the numbers $2, 3, 4, 5$ and the operators $\cdot, \cdot, \cdot, +$.
The key insight is that the $+1$ can be added to any sub-product of the sequence $2, 3, 4, 5$, or the entire product, depending on where the parentheses are placed.

Let the sequence of multiplications be $2 \cdot 3 \cdot 4 \cdot 5$.
The possible ways to insert parentheses effectively determine which part of the product is calculated first and then added to 1, or if the 1 is added to a number before it is multiplied by the rest.

Let's list the possible binary tree structures for the expression $2 \cdot 3 \cdot 4 \cdot 5 + 1$.
The operators are $\cdot, \cdot, \cdot, +$.
The last operation performed must be either a multiplication or an addition.

**Case 1: The last operation is Addition ($+$)**
This means the expression is of the form $A + 1$, where $A$ is the result of parenthesizing $2 \cdot 3 \cdot 4 \cdot 5$.
Since multiplication is associative, any parenthesization of $2 \cdot 3 \cdot 4 \cdot 5$ results in the same value:
$$ 2 \cdot 3 \cdot 4 \cdot 5 = 120 $$
So, if the last operation is addition, the value is:
$$ 120 + 1 = 121 $$
This corresponds to the standard order of operations: $(2 \cdot 3 \cdot 4 \cdot 5) + 1$.

**Case 2: The last operation is Multiplication ($\cdot$)**
This means the expression is of the form $A \cdot B$, where the $+1$ is contained within either $A$ or $B$.
The expression is $2 \cdot 3 \cdot 4 \cdot 5 + 1$. The final multiplication splits the sequence of numbers and operators into two parts.
The possible split points for the final multiplication are:
1.  $2 \cdot (3 \cdot 4 \cdot 5 + 1)$
2.  $(2 \cdot 3) \cdot (4 \cdot 5 + 1)$
3.  $(2 \cdot 3 \cdot 4) \cdot (5 + 1)$

Note: The split cannot be after the $+1$ because the $+1$ is at the end. The split cannot be before the first number. The split must be between two numbers.
Let's evaluate each sub-case.

**Sub-case 2.1: Split after 2**
Expression: $2 \cdot (3 \cdot 4 \cdot 5 + 1)$
Inside the parentheses, we have $3 \cdot 4 \cdot 5 + 1$.
The last operation inside the parentheses can be addition or multiplication.
- If the last operation inside is addition: $(3 \cdot 4 \cdot 5) + 1 = 60 + 1 = 61$.
  Then the total value is $2 \cdot 61 = 122$.
- If the last operation inside is multiplication: This would mean the form is $3 \cdot (4 \cdot 5 + 1)$ or $(3 \cdot 4) \cdot (5 + 1)$.
  - $3 \cdot (4 \cdot 5 + 1) = 3 \cdot (20 + 1) = 3 \cdot 21 = 63$.
    Then the total value is $2 \cdot 63 = 126$.
  - $(3 \cdot 4) \cdot (5 + 1) = 12 \cdot 6 = 72$.
    Then the total value is $2 \cdot 72 = 144$.

So from the split after 2, we get values: **122, 126, 144**.

**Sub-case 2.2: Split after 3 (i.e., between 3 and 4)**
Expression: $(2 \cdot 3) \cdot (4 \cdot 5 + 1)$
The left part is $2 \cdot 3 = 6$.
The right part is $4 \cdot 5 + 1$.
Similar to above, the right part can be evaluated in two ways:
- Addition last: $(4 \cdot 5) + 1 = 20 + 1 = 21$.
  Total value: $6 \cdot 21 = 126$. (Already found)
- Multiplication last: This implies the structure inside is $4 \cdot (5 + 1)$.
  Value: $4 \cdot 6 = 24$.
  Total value: $6 \cdot 24 = 144$. (Already found)

So from the split after 3, we get values: **126, 144**.

**Sub-case 2.3: Split after 4 (i.e., between 4 and 5)**
Expression: $(2 \cdot 3 \cdot 4) \cdot (5 + 1)$
The left part is $2 \cdot 3 \cdot 4 = 24$.
The right part is $5 + 1 = 6$.
Total value: $24 \cdot 6 = 144$. (Already found)

Are there any other structures?
Let's systematically list all valid parenthesizations of the expression $2 \cdot 3 \cdot 4 \cdot 5 + 1$.
The expression has 5 operands: $2, 3, 4, 5, 1$.
The operators are $\cdot, \cdot, \cdot, +$.
The number of ways to parenthesize an expression with $n$ operands is given by the Catalan number $C_{n-1}$. Here $n=5$, so $C_4 = 14$ possible parenthesizations. However, many of these will yield the same value due to the associativity of multiplication.

Let's list the 14 structures and calculate their values.
Let the expression be $E$.
1. $((2 \cdot 3) \cdot 4) \cdot (5 + 1) = 24 \cdot 6 = 144$
2. $(2 \cdot (3 \cdot 4)) \cdot (5 + 1) = 24 \cdot 6 = 144$
3. $(2 \cdot 3) \cdot (4 \cdot (5 + 1)) = 6 \cdot (4 \cdot 6) = 6 \cdot 24 = 144$
4. $2 \cdot ((3 \cdot 4) \cdot (5 + 1)) = 2 \cdot (12 \cdot 6) = 2 \cdot 72 = 144$
5. $2 \cdot (3 \cdot (4 \cdot (5 + 1))) = 2 \cdot (3 \cdot 24) = 2 \cdot 72 = 144$
   *Wait, let's look at the structure more carefully.*
   The addition $+1$ is only with 5 in these cases.
   
   Let's categorize by where the $+1$ is applied.
   
   **Group A: $+1$ is added to the product of all preceding numbers.**
   Structure: $(\dots) + 1$
   - $((2 \cdot 3) \cdot 4) \cdot 5 + 1 = 120 + 1 = 121$
   - $(2 \cdot (3 \cdot 4)) \cdot 5 + 1 = 120 + 1 = 121$
   - $2 \cdot ((3 \cdot 4) \cdot 5) + 1 = 120 + 1 = 121$
   - $2 \cdot (3 \cdot (4 \cdot 5)) + 1 = 120 + 1 = 121$
   Value: **121**

   **Group B: $+1$ is added to 5, and the result is multiplied by the rest.**
   Structure: $(\dots) \cdot (5 + 1)$
   The ""rest"" is $2 \cdot 3 \cdot 4$.
   - $((2 \cdot 3) \cdot 4) \cdot (5 + 1) = 24 \cdot 6 = 144$
   - $(2 \cdot (3 \cdot 4)) \cdot (5 + 1) = 24 \cdot 6 = 144$
   - $2 \cdot ((3 \cdot 4) \cdot (5 + 1))$ -> This is $2 \cdot (12 \cdot 6) = 144$. Note: This structure is $2 \cdot (A \cdot B)$.
   - $2 \cdot (3 \cdot (4 \cdot (5 + 1)))$ -> This is $2 \cdot (3 \cdot 24) = 144$.
   - $(2 \cdot 3) \cdot (4 \cdot (5 + 1))$ -> This is $6 \cdot 24 = 144$.
   Value: **144**

   **Group C: $+1$ is added to $4 \cdot 5$, and the result is multiplied by the rest.**
   Structure: $(\dots) \cdot (4 \cdot 5 + 1)$ or $(\dots) \cdot (4 \cdot (5 + 1))$? No, the operator is $+$.
   The term is $4 \cdot 5 + 1$.
   Possible parenthesizations for $4 \cdot 5 + 1$:
   - $(4 \cdot 5) + 1 = 21$
   - $4 \cdot (5 + 1) = 24$
   
   If the value is 21:
   The rest is $2 \cdot 3 = 6$.
   - $(2 \cdot 3) \cdot ((4 \cdot 5) + 1) = 6 \cdot 21 = 126$
   - $2 \cdot (3 \cdot ((4 \cdot 5) + 1)) = 2 \cdot (3 \cdot 21) = 2 \cdot 63 = 126$
   
   If the value is 24:
   This falls into Group B essentially, as $4 \cdot (5+1)$ is part of the chain multiplying 2 and 3.
   - $(2 \cdot 3) \cdot (4 \cdot (5 + 1)) = 6 \cdot 24 = 144$
   - $2 \cdot (3 \cdot (4 \cdot (5 + 1))) = 144$
   
   So new value: **126**

   **Group D: $+1$ is added to $3 \cdot 4 \cdot 5$, and the result is multiplied by 2.**
   Structure: $2 \cdot (3 \cdot 4 \cdot 5 + 1)$
   Possible parenthesizations for $3 \cdot 4 \cdot 5 + 1$:
   1. $(3 \cdot 4 \cdot 5) + 1 = 60 + 1 = 61$
      - $2 \cdot ((3 \cdot 4) \cdot 5 + 1) = 2 \cdot 61 = 122$
      - $2 \cdot (3 \cdot (4 \cdot 5) + 1) = 2 \cdot 61 = 122$
   2. $3 \cdot (4 \cdot 5 + 1)$
      - Inner: $(4 \cdot 5) + 1 = 21 \implies 3 \cdot 21 = 63$
        - $2 \cdot (3 \cdot ((4 \cdot 5) + 1)) = 2 \cdot 63 = 126$ (Already found)
      - Inner: $4 \cdot (5 + 1) = 24 \implies 3 \cdot 24 = 72$
        - $2 \cdot (3 \cdot (4 \cdot (5 + 1))) = 2 \cdot 72 = 144$ (Already found)
   3. $(3 \cdot 4) \cdot (5 + 1) = 12 \cdot 6 = 72$
      - $2 \cdot ((3 \cdot 4) \cdot (5 + 1)) = 2 \cdot 72 = 144$ (Already found)

   So new value: **122**

   **Group E: $+1$ is added to $3 \cdot 4$, and the result is multiplied by 5? No, the 1 is at the end.**
   The expression is $2 \cdot 3 \cdot 4 \cdot 5 + 1$.
   The $+1$ is attached to the rightmost part.
   Can we have $2 \cdot 3 \cdot (4 \cdot 5 + 1)$? Yes, this is Group C.
   Can we have $2 \cdot (3 \cdot 4 + 1) \cdot 5$? No, the 1 is at the very end. The structure must respect the order $2, 3, 4, 5, 1$.
   The operators are between 2-3, 3-4, 4-5, 5-1.
   So the $+1$ is always the last operator in the sequence of numbers if we view it as a list.
   Wait, the expression is $2 \cdot 3 \cdot 4 \cdot 5 + 1$.
   The operands are $2, 3, 4, 5, 1$.
   The operators are $\cdot, \cdot, \cdot, +$.
   
   Let's check if there are any other splits.
   We covered:
   - Last op is $+$: Value 121.
   - Last op is $\cdot$ between 4 and 5: Value 144.
   - Last op is $\cdot$ between 3 and 4: Values 126, 144.
   - Last op is $\cdot$ between 2 and 3: Values 122, 126, 144.

   Are there any other possibilities?
   What if the last operation is $\cdot$ between 1 and something? No, 1 is the last operand.
   What if the structure is $2 \cdot (3 \cdot (4 \cdot 5 + 1))$?
   This is $2 \cdot (3 \cdot 21) = 126$. Covered.
   
   What if the structure is $(2 \cdot 3 \cdot 4 \cdot 5) + 1$?
   This is 121. Covered.

   Let's double check if I missed any distinct values.
   The possible values found are:
   1. 121
   2. 144
   3. 126
   4. 122

   Let's verify if any other parenthesization yields a different result.
   The general form is $2 \cdot 3 \cdot 4 \cdot 5 + 1$.
   Let $x_1=2, x_2=3, x_3=4, x_4=5, x_5=1$.
   The expression is $x_1 \cdot x_2 \cdot x_3 \cdot x_4 + x_5$.
   
   Any parenthesization corresponds to a binary tree.
   The root of the tree is either $+$ or $\cdot$.
   
   If root is $+$:
   Left child is product of $2,3,4,5$. Right child is $1$.
   Value: $120 + 1 = 121$.
   
   If root is $\cdot$:
   The tree splits the sequence $2,3,4,5,1$ into two non-empty subsequences.
   Since the last operator in the original string is $+$, the split cannot separate the $+$ from its operands in a way that makes $+$ the root of a subtree that is then multiplied, unless the $+$ is inside one of the branches.
   Actually, the split point for the root multiplication determines which operands are in the left branch and which are in the right branch.
   The operands are $2, 3, 4, 5, 1$.
   Possible split points for the root $\cdot$:
   1. Left: $\{2\}$, Right: $\{3, 4, 5, 1\}$ with operators $\cdot, \cdot, +$.
      Expression: $2 \cdot E(3, 4, 5, 1)$.
      $E(3, 4, 5, 1)$ can be:
      - $(3 \cdot 4 \cdot 5) + 1 = 61 \implies 2 \cdot 61 = 122$.
      - $3 \cdot (4 \cdot 5 + 1) = 3 \cdot 21 = 63 \implies 2 \cdot 63 = 126$.
      - $3 \cdot (4 \cdot (5 + 1)) = 3 \cdot 24 = 72 \implies 2 \cdot 72 = 144$.
      - $(3 \cdot 4) \cdot (5 + 1) = 12 \cdot 6 = 72 \implies 2 \cdot 72 = 144$.
      - $3 \cdot 4 \cdot (5 + 1)$ is same as above.
      Values: 122, 126, 144.

   2. Left: $\{2, 3\}$, Right: $\{4, 5, 1\}$ with operators $\cdot, +$.
      Expression: $E(2, 3) \cdot E(4, 5, 1)$.
      $E(2, 3) = 6$.
      $E(4, 5, 1)$ can be:
      - $(4 \cdot 5) + 1 = 21 \implies 6 \cdot 21 = 126$.
      - $4 \cdot (5 + 1) = 24 \implies 6 \cdot 24 = 144$.
      Values: 126, 144.

   3. Left: $\{2, 3, 4\}$, Right: $\{5, 1\}$ with operator $+$.
      Expression: $E(2, 3, 4) \cdot E(5, 1)$.
      $E(2, 3, 4) = 24$.
      $E(5, 1) = 5 + 1 = 6$.
      Value: $24 \cdot 6 = 144$.

   4. Left: $\{2, 3, 4, 5\}$, Right: $\{1\}$.
      This would imply the root is $\cdot$, so $E(2,3,4,5) \cdot 1$.
      But the operator between 5 and 1 is $+$. So this split is invalid for a root $\cdot$ unless the $+$ is inside the left branch.
      If the root is $\cdot$, the right branch must start with an operand. The last operand is 1. The operator before 1 is $+$.
      So the right branch cannot be just $\{1\}$ if the root is $\cdot$, because the operator connecting the left and right branches at the root must be $\cdot$.
      The operators are $op_1=\cdot, op_2=\cdot, op_3=\cdot, op_4=+$.
      If the root is $\cdot$, it must be one of $op_1, op_2, op_3$.
      - If root is $op_1$ (between 2 and 3): Split $\{2\}$ and $\{3,4,5,1\}$. Covered in case 1.
      - If root is $op_2$ (between 3 and 4): Split $\{2,3\}$ and $\{4,5,1\}$. Covered in case 2.
      - If root is $op_3$ (between 4 and 5): Split $\{2,3,4\}$ and $\{5,1\}$. Covered in case 3.
      
      The operator $op_4$ is $+$. It cannot be the root if the root is $\cdot$.
      If the root is $+$, it must be $op_4$.
      - If root is $op_4$ (between 5 and 1): Split $\{2,3,4,5\}$ and $\{1\}$.
        Left branch is product of $2,3,4,5 = 120$.
        Right branch is $1$.
        Value: $120 + 1 = 121$.

   So, the set of all possible values is $\{121, 122, 126, 144\}$.

   Let's double check if there are any other interpretations.
   ""Inserting parentheses"" allows us to change the order of operations.
   We have considered all binary tree structures for the 5 operands.
   The values are:
   - 121
   - 122
   - 126
   - 144

   Are there any duplicates?
   121 is unique.
   122 is unique.
   126 is unique.
   144 is unique.

   Total distinct values: 4.

   Let's quickly re-verify the calculations.
   1. $2 \cdot 3 \cdot 4 \cdot 5 + 1 = 120 + 1 = 121$.
   2. $2 \cdot (3 \cdot 4 \cdot 5 + 1) = 2 \cdot (60 + 1) = 2 \cdot 61 = 122$.
   3. $2 \cdot (3 \cdot (4 \cdot 5 + 1)) = 2 \cdot (3 \cdot 21) = 2 \cdot 63 = 126$.
   4. $(2 \cdot 3) \cdot (4 \cdot 5 + 1) = 6 \cdot 21 = 126$.
   5. $2 \cdot ((3 \cdot 4) \cdot (5 + 1)) = 2 \cdot (12 \cdot 6) = 2 \cdot 72 = 144$.
   6. $(2 \cdot 3 \cdot 4) \cdot (5 + 1) = 24 \cdot 6 = 144$.
   7. $2 \cdot (3 \cdot 4 \cdot (5 + 1)) = 2 \cdot (12 \cdot 6) = 144$.
   8. $(2 \cdot 3) \cdot (4 \cdot (5 + 1)) = 6 \cdot 24 = 144$.

   The distinct values are 121, 122, 126, 144.
   There are 4 distinct values.

\boxed{4}",$4$
MATH-500/10,"To find the least positive integer multiple of 30 that can be written with only the digits 0 and 2, we must satisfy the divisibility rules for 30.

A number is divisible by 30 if and only if it is divisible by both 10 and 3.
Since $30 = 10 \times 3$ and $\gcd(10, 3) = 1$, these conditions are independent.

**Step 1: Divisibility by 10**
For a number to be divisible by 10, its last digit (units digit) must be 0.
The allowed digits are 0 and 2. Therefore, the number must end in 0.
Let the number be $N$. So, $N$ looks like $\dots d_2 d_1 0$, where $d_i \in \{0, 2\}$.

**Step 2: Divisibility by 3**
For a number to be divisible by 3, the sum of its digits must be divisible by 3.
Let the digits of $N$ be $d_k, d_{k-1}, \dots, d_1, 0$.
The sum of the digits is $S = d_k + d_{k-1} + \dots + d_1 + 0$.
Since each non-zero digit $d_i$ is 2, let $m$ be the count of the digit 2 in the number.
Then the sum of the digits is $S = 2m$.
For $N$ to be divisible by 3, $S$ must be a multiple of 3.
So, $2m$ must be divisible by 3.
Since 2 and 3 are coprime, $m$ must be divisible by 3.
Therefore, the number of 2s in the integer must be a multiple of 3 (i.e., $m = 3, 6, 9, \dots$).

**Step 3: Finding the Least Positive Integer**
To find the *least* positive integer, we want the number with the fewest digits possible. If there are multiple numbers with the same number of digits, we want the one with the smallest value (which means placing smaller digits in higher place values, but since our digits are only 0 and 2, and the leading digit cannot be 0, the leading digit must be 2).

Let's test the possible values for $m$ (the count of 2s):

*   **Case $m=3$**: The number contains exactly three 2s and some number of 0s.
    To minimize the number, we should minimize the total number of digits. The minimum number of digits occurs when we have no extra 0s other than the one required at the end.
    So, the digits are three 2s and one 0.
    The last digit must be 0.
    The remaining digits are three 2s.
    To make the number as small as possible, we arrange the non-zero digits in ascending order of place value? No, to make the number smallest, we want the most significant digits to be as small as possible. However, all non-zero digits are 2. The only variation is the position of the 0.
    The digits available are $\{2, 2, 2, 0\}$.
    The last digit is fixed as 0.
    The first three digits are $2, 2, 2$.
    So the number is $2220$.
    Let's check if we can have fewer digits.
    Total digits = $m + (\text{number of zeros})$.
    We need at least one 0 at the end.
    If $m=3$, minimum digits = $3 + 1 = 4$.
    The number formed by digits $\{2, 2, 2, 0\}$ ending in 0 is $2220$.
    Is there a smaller 4-digit number?
    The first digit must be 2 (cannot be 0).
    The last digit must be 0.
    The middle two digits must be 2s to satisfy the count of three 2s.
    So, $2220$ is the unique 4-digit number with three 2s and one 0 ending in 0.
    
    Let's verify divisibility:
    $2220 \div 10 = 222$ (Integer, so divisible by 10).
    Sum of digits of $2220 = 2+2+2+0 = 6$.
    $6$ is divisible by 3, so $2220$ is divisible by 3.
    Therefore, $2220$ is divisible by 30.
    $2220 / 30 = 74$.

    Could there be a smaller number with more digits? No, a number with more digits is always larger than a number with fewer digits (for positive integers).
    Could there be a smaller number with the same number of digits?
    We established that for $m=3$, the digits are fixed as three 2s and one 0. The position of 0 is fixed at the end. The positions of 2s are fixed in the remaining spots. So $2220$ is the only candidate for $m=3$ with 4 digits.
    
    What if we used $m=0$?
    If $m=0$, the number consists only of 0s. The only such positive integer doesn't exist (0 is not positive, and ""00"" is just 0). So $m \ge 3$.

    Let's double check if a number with $m=3$ but more zeros could be smaller?
    No, adding zeros increases the number of digits, making the number larger (e.g., $20220 > 2220$).
    
    Let's check if a number with $m=6$ could be smaller?
    Minimum digits for $m=6$ is $6+1=7$ digits. A 7-digit number is much larger than a 4-digit number.

    Therefore, the smallest number of digits is 4, and the smallest such number is 2220.

**Conclusion:**
The least positive integer multiple of 30 using only digits 0 and 2 is 2220.

\boxed{2220}",$2220$
MATH-500/11,"To find the value of $p(8)$, we are given that $p(x)$ is a polynomial of degree 5 satisfying:
\[ p(n) = \frac{n}{n^2 - 1} \quad \text{for } n = 2, 3, 4, 5, 6, 7. \]

### Step 1: Analyze the structure of the problem

Let $f(x) = \frac{x}{x^2 - 1}$. The condition is $p(n) = f(n)$ for $n \in \{2, 3, 4, 5, 6, 7\}$.
Notice that $f(x)$ has vertical asymptotes at $x = 1$ and $x = -1$. The polynomial $p(x)$ approximates this rational function at 6 specific points. Since $p(x)$ is of degree 5, it is uniquely determined by these 6 points.

We can construct an auxiliary polynomial to exploit the roots. Consider the polynomial:
\[ Q(x) = (x^2 - 1)p(x) - x \]
Let's analyze the degree and roots of $Q(x)$.
Since $p(x)$ is of degree 5, $(x^2 - 1)p(x)$ is of degree $2 + 5 = 7$. Thus, $Q(x)$ is a polynomial of degree at most 7.

For each $n \in \{2, 3, 4, 5, 6, 7\}$, we have:
\[ p(n) = \frac{n}{n^2 - 1} \implies (n^2 - 1)p(n) = n \implies (n^2 - 1)p(n) - n = 0 \]
So, $Q(n) = 0$ for $n = 2, 3, 4, 5, 6, 7$.
This means that $(x-2)(x-3)(x-4)(x-5)(x-6)(x-7)$ is a factor of $Q(x)$.

Let $R(x) = (x-2)(x-3)(x-4)(x-5)(x-6)(x-7)$. This is a polynomial of degree 6.
Since $Q(x)$ has degree at most 7, we can write:
\[ Q(x) = (Ax + B) R(x) \]
for some constants $A$ and $B$.

So, the equation is:
\[ (x^2 - 1)p(x) - x = (Ax + B) \prod_{k=2}^{7} (x - k) \]
\[ (x^2 - 1)p(x) = x + (Ax + B) \prod_{k=2}^{7} (x - k) \]

### Step 2: Determine constants A and B

We need to determine $A$ and $B$. We can use the values of $x$ where the term $(x^2 - 1)$ is zero, i.e., $x = 1$ and $x = -1$, because $p(x)$ is a polynomial and thus finite at these points. The left-hand side $(x^2 - 1)p(x)$ will be 0 at $x=1$ and $x=-1$.

**Case 1: $x = 1$**
\[ (1^2 - 1)p(1) = 1 + (A(1) + B) \prod_{k=2}^{7} (1 - k) \]
\[ 0 = 1 + (A + B) (1-2)(1-3)(1-4)(1-5)(1-6)(1-7) \]
Calculate the product:
\[ \prod_{k=2}^{7} (1 - k) = (-1)(-2)(-3)(-4)(-5)(-6) = 720 \]
So,
\[ 0 = 1 + 720(A + B) \implies A + B = -\frac{1}{720} \quad \text{--- (Eq. 1)} \]

**Case 2: $x = -1$**
\[ ((-1)^2 - 1)p(-1) = -1 + (A(-1) + B) \prod_{k=2}^{7} (-1 - k) \]
\[ 0 = -1 + (-A + B) (-1-2)(-1-3)(-1-4)(-1-5)(-1-6)(-1-7) \]
Calculate the product:
\[ \prod_{k=2}^{7} (-1 - k) = (-3)(-4)(-5)(-6)(-7)(-8) \]
There are 6 negative terms, so the result is positive.
\[ 3 \cdot 4 \cdot 5 \cdot 6 \cdot 7 \cdot 8 = 20160 \]
So,
\[ 0 = -1 + 20160(B - A) \implies B - A = \frac{1}{20160} \quad \text{--- (Eq. 2)} \]

Now we solve the system for $A$ and $B$:
1) $A + B = -\frac{1}{720}$
2) $-A + B = \frac{1}{20160}$

Adding the two equations:
\[ 2B = -\frac{1}{720} + \frac{1}{20160} \]
Find a common denominator. Note that $20160 / 720 = 28$.
\[ -\frac{1}{720} = -\frac{28}{20160} \]
\[ 2B = \frac{-28 + 1}{20160} = \frac{-27}{20160} \]
\[ B = -\frac{27}{40320} = -\frac{3}{4480} \]

Subtracting Eq. 2 from Eq. 1:
\[ 2A = -\frac{1}{720} - \frac{1}{20160} = \frac{-28 - 1}{20160} = \frac{-29}{20160} \]
\[ A = -\frac{29}{40320} \]

We don't necessarily need the explicit values of A and B if we just want to evaluate $p(8)$. Let's look at the equation for $x=8$.

### Step 3: Calculate $p(8)$

The defining equation is:
\[ (x^2 - 1)p(x) = x + (Ax + B) \prod_{k=2}^{7} (x - k) \]
Set $x = 8$:
\[ (8^2 - 1)p(8) = 8 + (8A + B) \prod_{k=2}^{7} (8 - k) \]
\[ 63 p(8) = 8 + (8A + B) (8-2)(8-3)(8-4)(8-5)(8-6)(8-7) \]
Calculate the product term:
\[ \prod_{k=2}^{7} (8 - k) = 6 \cdot 5 \cdot 4 \cdot 3 \cdot 2 \cdot 1 = 720 \]
So,
\[ 63 p(8) = 8 + 720(8A + B) \]

We need the value of $8A + B$.
From our previous calculations:
$A = -\frac{29}{40320}$
$B = -\frac{27}{40320}$ (Wait, let's re-verify B. $2B = -27/20160 \implies B = -27/40320$. Correct.)

Let's compute $8A + B$:
\[ 8A + B = 8\left(-\frac{29}{40320}\right) + \left(-\frac{27}{40320}\right) \]
\[ 8A + B = \frac{-232 - 27}{40320} = \frac{-259}{40320} \]

Now substitute this back into the equation for $p(8)$:
\[ 63 p(8) = 8 + 720 \left( \frac{-259}{40320} \right) \]
Simplify the fraction:
\[ \frac{720}{40320} = \frac{72}{4032} = \frac{1}{56} \]
(Check: $56 \times 720 = 56 \times 72 \times 10 = 4032 \times 10 = 40320$. Correct.)

So,
\[ 63 p(8) = 8 + \frac{-259}{56} \]
\[ 63 p(8) = 8 - \frac{259}{56} \]
Simplify $\frac{259}{56}$. Both are divisible by 7.
$259 = 7 \times 37$
$56 = 7 \times 8$
So, $\frac{259}{56} = \frac{37}{8}$.

\[ 63 p(8) = 8 - \frac{37}{8} \]
\[ 63 p(8) = \frac{64 - 37}{8} = \frac{27}{8} \]
\[ p(8) = \frac{27}{8 \times 63} \]
Simplify the fraction $\frac{27}{63}$. Both are divisible by 9.
$27 = 9 \times 3$
$63 = 9 \times 7$
So, $\frac{27}{63} = \frac{3}{7}$.

\[ p(8) = \frac{3}{8 \times 7} = \frac{3}{56} \]

### Alternative Check using Lagrange Interpolation Logic

Let's double check with a simpler logic or property.
The function is $f(x) = \frac{x}{x^2-1}$.
We found $p(8) = 3/56$.
Let's check the value of the original function at $x=8$:
$f(8) = \frac{8}{64-1} = \frac{8}{63}$.
The polynomial approximation $p(8)$ is close to $f(8)$.
$3/56 \approx 0.05357$
$8/63 \approx 0.12698$
The difference is significant, but $p(x)$ is an interpolating polynomial, not the function itself. The error term for interpolation is related to the $(n+1)$-th derivative. Here $n=5$, so error involves $f^{(6)}(\xi)$. Given the singularities at $\pm 1$, the derivatives grow large, so deviation is expected.

Let's re-verify the arithmetic.
$A+B = -1/720$
$B-A = 1/20160$
$2B = -28/20160 + 1/20160 = -27/20160 \implies B = -27/40320$.
$2A = -28/20160 - 1/20160 = -29/20160 \implies A = -29/40320$.
$8A+B = (-232 - 27)/40320 = -259/40320$.
Term added to 8 is $720 \times (-259/40320) = -259/56 = -37/8$.
$8 - 37/8 = 64/8 - 37/8 = 27/8$.
$63 p(8) = 27/8$.
$p(8) = 27 / (8 \times 63) = 3 / (8 \times 7) = 3/56$.

The calculation holds.

### Final Answer

The value of $p(8)$ is $\frac{3}{56}$.

\boxed{\frac{3}{56}}",$\frac{3}{56}$
MATH-500/12,"To find the sum of the proper divisors of the sum of the proper divisors of 284, we will proceed step by step.

**Step 1: Find the proper divisors of 284.**

First, we determine the prime factorization of 284.
$284$ is even, so we divide by 2:
$284 \div 2 = 142$
$142 \div 2 = 71$
71 is a prime number.
So, the prime factorization of 284 is $2^2 \times 71^1$.

The divisors of 284 are generated by combinations of these prime factors:
$1, 2, 4, 71, 142, 284$.

The **proper divisors** are all divisors excluding the number itself (284).
So, the proper divisors of 284 are: $1, 2, 4, 71, 142$.

**Step 2: Calculate the sum of the proper divisors of 284.**

Let $S_1$ be the sum of the proper divisors of 284.
$$ S_1 = 1 + 2 + 4 + 71 + 142 $$
$$ S_1 = 7 + 71 + 142 $$
$$ S_1 = 78 + 142 $$
$$ S_1 = 220 $$

So, the sum of the proper divisors of 284 is 220.

**Step 3: Find the proper divisors of 220.**

Now we need to find the proper divisors of 220.
First, find the prime factorization of 220.
$220 = 22 \times 10 = (2 \times 11) \times (2 \times 5) = 2^2 \times 5^1 \times 11^1$.

The divisors of 220 are:
- From $2^0, 2^1, 2^2$: $1, 2, 4$
- Multiply by $5^0, 5^1$: $1, 5$
- Multiply by $11^0, 11^1$: $1, 11$

Let's list them systematically:
1. $1$
2. $2$
3. $4$
4. $5$
5. $10$ ($2 \times 5$)
6. $11$
7. $20$ ($4 \times 5$)
8. $22$ ($2 \times 11$)
9. $44$ ($4 \times 11$)
10. $55$ ($5 \times 11$)
11. $110$ ($2 \times 5 \times 11$)
12. $220$ ($4 \times 5 \times 11$)

The **proper divisors** of 220 are all divisors except 220 itself:
$1, 2, 4, 5, 10, 11, 20, 22, 44, 55, 110$.

**Step 4: Calculate the sum of the proper divisors of 220.**

Let $S_2$ be the sum of the proper divisors of 220.
$$ S_2 = 1 + 2 + 4 + 5 + 10 + 11 + 20 + 22 + 44 + 55 + 110 $$

Let's group them for easier addition:
- $1 + 2 + 4 + 5 = 12$
- $10 + 11 = 21$
- $20 + 22 = 42$
- $44 + 55 = 99$
- $110$

Summing these groups:
$$ 12 + 21 = 33 $$
$$ 33 + 42 = 75 $$
$$ 75 + 99 = 174 $$
$$ 174 + 110 = 284 $$

Alternatively, we can use the sum of divisors formula $\sigma(n)$.
$\sigma(220) = \sigma(2^2)\sigma(5^1)\sigma(11^1)$
$\sigma(2^2) = 1 + 2 + 4 = 7$
$\sigma(5^1) = 1 + 5 = 6$
$\sigma(11^1) = 1 + 11 = 12$
$\sigma(220) = 7 \times 6 \times 12 = 42 \times 12 = 504$

The sum of proper divisors is $\sigma(220) - 220$:
$$ 504 - 220 = 284 $$

**Conclusion:**

The sum of the proper divisors of 284 is 220.
The sum of the proper divisors of 220 is 284.
(Note: 220 and 284 are an amicable pair).

The final answer is 284.

\boxed{284}",$284$
MATH-500/13,"To find the height of the cylinder, we will use the formula for the volume of a cylinder and the information provided in the problem statement and the diagram.

**1. Identify the given information:**
*   The volume of the cylinder ($V$) is $45\pi$ cubic cm.
*   From the diagram, the radius of the base ($r$) is given as $3$ cm.
*   We need to find the height ($h$).

**2. Recall the formula for the volume of a cylinder:**
The volume $V$ of a cylinder is calculated using the formula:
$$ V = \pi r^2 h $$
where:
*   $r$ is the radius of the base
*   $h$ is the height

**3. Substitute the known values into the formula:**
$$ 45\pi = \pi (3)^2 h $$

**4. Solve for $h$:**
First, square the radius:
$$ 3^2 = 9 $$

So the equation becomes:
$$ 45\pi = \pi (9) h $$
$$ 45\pi = 9\pi h $$

Next, divide both sides by $9\pi$ to isolate $h$:
$$ h = \frac{45\pi}{9\pi} $$

Cancel out $\pi$ from the numerator and denominator:
$$ h = \frac{45}{9} $$

Perform the division:
$$ h = 5 $$

**Conclusion:**
The height of the cylinder is 5 centimeters.

\boxed{5}",$5$
MATH-500/14,"To find the length of side $DE$, we will analyze the given right-angled triangle $\triangle DEF$ and use trigonometric ratios.

**1. Identify the properties of the triangle:**
From the Asymptote code and the diagram description:
*   There is a right angle at vertex $E$ (indicated by `rightanglemark(D,E,F,15)`). Thus, $\triangle DEF$ is a right-angled triangle with $\angle E = 90^\circ$.
*   The side $EF$ has a length of $7$ (indicated by `label(""$7$"",(E+F)/2,W)`).
*   We are given that $\sin D = 0.7$.

**2. Relate the given information to the sides:**
In the right-angled triangle $\triangle DEF$:
*   The angle in question is $\angle D$ (or $\angle EDF$).
*   The side opposite to $\angle D$ is $EF$.
*   The side adjacent to $\angle D$ is $DE$.
*   The hypotenuse is $DF$.

The definition of the sine function for angle $D$ is:
$$ \sin D = \frac{\text{Opposite}}{\text{Hypotenuse}} = \frac{EF}{DF} $$

We know $\sin D = 0.7$ and $EF = 7$. Let's substitute these values to find the hypotenuse $DF$:
$$ 0.7 = \frac{7}{DF} $$
$$ DF = \frac{7}{0.7} $$
$$ DF = 10 $$

**3. Calculate the length of $DE$:**
Now that we have the lengths of the hypotenuse ($DF = 10$) and one leg ($EF = 7$), we can use the Pythagorean theorem to find the other leg, $DE$.

The Pythagorean theorem states:
$$ DE^2 + EF^2 = DF^2 $$

Substitute the known values:
$$ DE^2 + 7^2 = 10^2 $$
$$ DE^2 + 49 = 100 $$
$$ DE^2 = 100 - 49 $$
$$ DE^2 = 51 $$

Taking the square root of both sides:
$$ DE = \sqrt{51} $$

Alternatively, we could use the tangent function.
First, find $\cos D$. Since $\sin^2 D + \cos^2 D = 1$:
$$ (0.7)^2 + \cos^2 D = 1 $$
$$ 0.49 + \cos^2 D = 1 $$
$$ \cos^2 D = 0.51 $$
$$ \cos D = \sqrt{0.51} $$

Then, $\tan D = \frac{\sin D}{\cos D} = \frac{0.7}{\sqrt{0.51}}$.
Also, $\tan D = \frac{\text{Opposite}}{\text{Adjacent}} = \frac{EF}{DE} = \frac{7}{DE}$.

So,
$$ \frac{7}{DE} = \frac{0.7}{\sqrt{0.51}} $$
$$ DE = \frac{7 \cdot \sqrt{0.51}}{0.7} $$
$$ DE = 10 \cdot \sqrt{0.51} $$
$$ DE = \sqrt{100 \cdot 0.51} $$
$$ DE = \sqrt{51} $$

Both methods yield the same result.

**Conclusion:**
The length of $DE$ is $\sqrt{51}$.

\boxed{\sqrt{51}}",$\sqrt{51}$
MATH-500/15,"To find the complex number $w$, which is the result of rotating $z$ around $c$ by an angle of $\frac{\pi}{4}$ counter-clockwise, we can use the formula for rotation in the complex plane.

The formula for rotating a point $z$ around a center $c$ by an angle $\theta$ is:
$$ w - c = (z - c) e^{i\theta} $$
$$ w = c + (z - c) e^{i\theta} $$

Given:
- $z = 2 + \sqrt{2} - (3 + 3\sqrt{2})i$
- $c = 2 - 3i$
- $\theta = \frac{\pi}{4}$

**Step 1: Calculate the vector $z - c$.**

$$ z - c = [2 + \sqrt{2} - (3 + 3\sqrt{2})i] - [2 - 3i] $$

Group the real and imaginary parts:
$$ \text{Real part: } (2 + \sqrt{2}) - 2 = \sqrt{2} $$
$$ \text{Imaginary part: } -(3 + 3\sqrt{2}) - (-3) = -3 - 3\sqrt{2} + 3 = -3\sqrt{2} $$

So,
$$ z - c = \sqrt{2} - 3\sqrt{2}i $$
$$ z - c = \sqrt{2}(1 - 3i) $$

**Step 2: Determine the rotation factor $e^{i\theta}$.**

For $\theta = \frac{\pi}{4}$:
$$ e^{i\frac{\pi}{4}} = \cos\left(\frac{\pi}{4}\right) + i\sin\left(\frac{\pi}{4}\right) = \frac{\sqrt{2}}{2} + i\frac{\sqrt{2}}{2} = \frac{\sqrt{2}}{2}(1 + i) $$

**Step 3: Calculate $(z - c) e^{i\frac{\pi}{4}}$.**

$$ (z - c) e^{i\frac{\pi}{4}} = [\sqrt{2}(1 - 3i)] \cdot \left[ \frac{\sqrt{2}}{2}(1 + i) \right] $$

Combine the constants:
$$ \sqrt{2} \cdot \frac{\sqrt{2}}{2} = \frac{2}{2} = 1 $$

Now multiply the complex terms:
$$ 1 \cdot (1 - 3i)(1 + i) $$
$$ = 1(1) + 1(i) - 3i(1) - 3i(i) $$
$$ = 1 + i - 3i - 3i^2 $$

Since $i^2 = -1$:
$$ = 1 - 2i - 3(-1) $$
$$ = 1 - 2i + 3 $$
$$ = 4 - 2i $$

So, the rotated vector is $4 - 2i$.

**Step 4: Calculate $w$.**

$$ w = c + (z - c) e^{i\frac{\pi}{4}} $$
$$ w = (2 - 3i) + (4 - 2i) $$

Group real and imaginary parts:
$$ \text{Real part: } 2 + 4 = 6 $$
$$ \text{Imaginary part: } -3 - 2 = -5 $$

$$ w = 6 - 5i $$

**Conclusion:**

The complex number $w$ is $6 - 5i$.

\boxed{6 - 5i}",$6 - 5i$
MATH-500/16,"To compute the sum $1-2+3-4+5- \dots +99-100$, we can look for a pattern by grouping the terms.

**Step 1: Group the terms**
The series has 100 terms. We can group them into pairs of two consecutive terms:
$$ (1 - 2) + (3 - 4) + (5 - 6) + \dots + (99 - 100) $$

**Step 2: Evaluate each pair**
Let's calculate the value of each pair:
$$ 1 - 2 = -1 $$
$$ 3 - 4 = -1 $$
$$ 5 - 6 = -1 $$
$$ \vdots $$
$$ 99 - 100 = -1 $$

Each pair sums to $-1$.

**Step 3: Count the number of pairs**
The total number of terms in the series is 100 (from 1 to 100).
Since we are grouping them into pairs of 2, the number of pairs is:
$$ \frac{100}{2} = 50 $$

So, there are 50 pairs, and each pair equals $-1$.

**Step 4: Calculate the total sum**
The total sum is the number of pairs multiplied by the value of each pair:
$$ 50 \times (-1) = -50 $$

**Alternative Method (Arithmetic Progression):**
We can split the sum into positive and negative terms:
$$ S = (1 + 3 + 5 + \dots + 99) - (2 + 4 + 6 + \dots + 100) $$

The sum of the first $n$ odd numbers is $n^2$. Here, the odd numbers go from 1 to 99. The number of terms is $\frac{99-1}{2} + 1 = 50$.
Sum of odds $= 50^2 = 2500$.

The sum of the first $n$ even numbers is $n(n+1)$. Here, the even numbers go from 2 to 100. The number of terms is $\frac{100-2}{2} + 1 = 50$.
Sum of evens $= 50(50+1) = 50 \times 51 = 2550$.

Total Sum $= 2500 - 2550 = -50$.

Both methods yield the same result.

\boxed{-50}",$-50$
MATH-500/17,"To find the smallest possible value of $c$, we need to determine the parameters $a, b, c,$ and $d$ of the function $y = a \sin(bx + c) + d$ from the given graph and the provided Asymptote code.

**Step 1: Analyze the Asymptote Code**

The code explicitly defines the function being plotted:
```asy
real f(real x)
{
    return 2*sin(3*x + pi) + 1;
}
```
This tells us that the specific function graphed is:
$$ y = 2 \sin(3x + \pi) + 1 $$

Comparing this to the general form $y = a \sin(bx + c) + d$, we can identify the parameters used in the code:
- $a = 2$
- $b = 3$
- $c_{code} = \pi$
- $d = 1$

The problem states that $a, b, c, d$ are **positive constants**.
- $a = 2 > 0$ (Satisfied)
- $b = 3 > 0$ (Satisfied)
- $d = 1 > 0$ (Satisfied)
- The code uses $c = \pi$, which is positive. However, the question asks for the **smallest possible value** of $c$. This implies that there might be other values of $c$ that produce the same graph, or we need to interpret the phase shift carefully.

**Step 2: Verify Parameters from the Graph Properties**

Let's verify these parameters by analyzing the visual features of the sine wave, assuming the standard properties of $y = a \sin(bx + c) + d$.

1.  **Vertical Shift ($d$) and Amplitude ($a$):**
    - The maximum value of the function is $d + a$.
    - The minimum value of the function is $d - a$.
    - From the code, max $= 1 + 2 = 3$ and min $= 1 - 2 = -1$.
    - Looking at the graph labels, the wave oscillates between $y=3$ and $y=-1$.
    - Midline $d = \frac{3 + (-1)}{2} = 1$.
    - Amplitude $a = \frac{3 - (-1)}{2} = 2$.
    - So, $a=2$ and $d=1$. Both are positive.

2.  **Period and Frequency ($b$):**
    - The period $T$ of $\sin(bx)$ is $\frac{2\pi}{b}$.
    - From the code, $b=3$, so the period is $T = \frac{2\pi}{3}$.
    - Let's check the graph. The function is $y = 2 \sin(3x + \pi) + 1$.
    - At $x=0$, $y = 2 \sin(\pi) + 1 = 1$. The graph passes through $(0,1)$.
    - The slope at $x=0$: The derivative is $y' = 6 \cos(3x + \pi)$. At $x=0$, $y' = 6 \cos(\pi) = -6$. The graph is decreasing at $x=0$.
    - A standard sine wave $\sin(x)$ starts at 0 and goes up. $\sin(x + \pi) = -\sin(x)$ starts at 0 and goes down.
    - The graph shows the curve passing through the midline $y=1$ at $x=0$ and going downwards. This is consistent with a negative sine wave or a phase shift of $\pi$.

3.  **Phase Shift ($c$):**
    - The general equation is $y = 2 \sin(3x + c) + 1$.
    - We know the graph passes through $(0, 1)$ and is decreasing.
    - Substitute $x=0, y=1$:
      $$ 1 = 2 \sin(c) + 1 \implies 2 \sin(c) = 0 \implies \sin(c) = 0 $$
    - The solutions for $\sin(c) = 0$ are $c = k\pi$ for any integer $k$.
    - Since $c$ must be a **positive constant**, possible values for $c$ are $\pi, 2\pi, 3\pi, \dots$
    - We also need to satisfy the condition that the function is **decreasing** at $x=0$.
    - The derivative is $y' = 2b \cos(bx + c) = 6 \cos(3x + c)$.
    - At $x=0$, $y'(0) = 6 \cos(c)$.
    - For the function to be decreasing, we need $y'(0) < 0$, so $\cos(c) < 0$.
    - Let's test the possible positive values of $c = k\pi$:
        - If $c = \pi$ ($k=1$): $\cos(\pi) = -1 < 0$. This works.
        - If $c = 2\pi$ ($k=2$): $\cos(2\pi) = 1 > 0$. This would mean the function is increasing at $x=0$, which contradicts the graph.
        - If $c = 3\pi$ ($k=3$): $\cos(3\pi) = -1 < 0$. This works.
        - If $c = 4\pi$ ($k=4$): $\cos(4\pi) = 1 > 0$. This fails.
    - So, the valid values for $c$ are $\pi, 3\pi, 5\pi, \dots$ i.e., $c = (2k+1)\pi$ for $k \ge 0$.

**Step 3: Determine the Smallest Possible Value**

The set of valid positive constants $c$ is $\{ \pi, 3\pi, 5\pi, \dots \}$.
The smallest value in this set is $\pi$.

Note: Sometimes phase shifts are written as $b(x - h)$. Here the form is $bx + c$.
$\sin(3x + \pi) = \sin(3(x + \frac{\pi}{3}))$. This represents a shift to the left by $\pi/3$.
Is it possible to have a smaller positive $c$?
Let's re-evaluate $\sin(c)=0$.
$c$ must be a multiple of $\pi$.
Positive multiples: $\pi, 2\pi, 3\pi...$
Check slope condition again.
$y = 2\sin(3x+c)+1$.
$y' = 6\cos(3x+c)$.
At $x=0$, $y' = 6\cos(c)$.
Graph is decreasing at $x=0$ (goes from $y=1$ down to $y=-1$).
So $\cos(c)$ must be negative.
$\cos(\pi) = -1$ (Negative) -> Valid.
$\cos(2\pi) = 1$ (Positive) -> Invalid.
$\cos(3\pi) = -1$ (Negative) -> Valid.

Thus, the smallest positive $c$ is $\pi$.

\boxed{\pi}",$\pi$
MATH-500/18,"To find the value of $x$, we will analyze the geometric properties given in the problem and the diagram.

**1. Analyze the Geometry and Given Information**
*   **Parallel Lines:** The segment through $A$ (let's call the line containing it $L_1$) is parallel to the segment $\overline{BC}$ (which lies on line $L_2$). So, $L_1 \parallel L_2$.
*   **Isosceles Triangle:** We are given that $AB = BC$. This means triangle $\triangle ABC$ is an isosceles triangle with the equal sides being $AB$ and $BC$. Consequently, the base angles opposite these sides are equal. That is, $\angle BAC = \angle BCA$.
*   **Given Angle:** The angle labeled $124^{\circ}$ is at vertex $A$. Looking at the diagram, this angle is formed by the horizontal line through $A$ and the segment $AC$. Specifically, it is the interior angle on the left side of the transversal $AC$ relative to the parallel lines. Let's define the points more clearly based on the `asy` code:
    *   Point $A$ is at $(2,3)$.
    *   Point $B$ is at $(4,0)$.
    *   Point $C$ is at $(8,0)$.
    *   The line through $A$ is horizontal ($y=3$).
    *   The line through $B$ and $C$ is horizontal ($y=0$).
    *   The angle $124^{\circ}$ is marked at $A$, between the ray extending to the left from $A$ and the segment $AC$. Wait, let's look closer at the label position. The label ""$124^{\circ}$"" is at $(2,3)$ with direction `SW` (South-West). The angle arc usually indicates the interior angle. In standard geometry problems of this type, an angle like this often refers to the angle between the parallel line and the transversal. Let's assume the angle given is $\angle (Line_{left}, AC) = 124^{\circ}$. Or is it $\angle (Line_{right}, AC)$?
    *   Let's re-examine the `asy` code: `label(""$124^{\circ}$"",(2,3),SW);`. The point is $A(2,3)$. The segment $AC$ goes from $(2,3)$ to $(8,0)$. The vector $\vec{AC} = (6, -3)$. The horizontal line to the left is vector $(-1, 0)$. The angle between $(-1,0)$ and $(6,-3)$ is obtuse. The angle between $(1,0)$ (right) and $(6,-3)$ is acute. Since $124^{\circ}$ is obtuse, the angle labeled $124^{\circ}$ is the angle between the ray extending to the **left** from $A$ and the segment $AC$. Let's call a point to the left of $A$ on the parallel line $D$. So, $\angle DAC = 124^{\circ}$.

**2. Step-by-Step Deduction**

*   **Step 1: Find $\angle BCA$ (or $\angle C$)**
    Since the line through $A$ is parallel to the line through $BC$, the segment $AC$ acts as a transversal.
    The angle $\angle DAC$ (angle between the leftward ray from $A$ and $AC$) and the angle $\angle BCA$ (angle between the segment $BC$ and $AC$) are **alternate interior angles**? No.
    Let's visualize the ""Z"" shape or ""C"" shape.
    The line through $A$ is parallel to line $BC$.
    Let the ray to the right of $A$ be $AE$. Then $\angle EAC$ and $\angle BCA$ are alternate interior angles, so $\angle EAC = \angle BCA$.
    The angle given is $124^{\circ}$. Based on the position `SW` and the geometry, it is the angle between the leftward extension of the parallel line and the segment $AC$. Let's call the point to the left $D$. So $\angle DAC = 124^{\circ}$.
    Since $D-A-E$ is a straight line, $\angle DAC + \angle EAC = 180^{\circ}$.
    Therefore, $\angle EAC = 180^{\circ} - 124^{\circ} = 56^{\circ}$.
    Since $AE \parallel BC$, the alternate interior angle $\angle BCA = \angle EAC$.
    So, $\angle BCA = 56^{\circ}$.

    *Alternative interpretation:* If the $124^{\circ}$ angle was the interior angle on the same side (consecutive interior angles), then $\angle DAC + \angle ACB = 180$ is not the rule. The rule is consecutive interior angles sum to 180. The angle inside the parallel strip on the left is $\angle DAC$? No, $D$ is outside. The interior angle at $A$ is $\angle EAC$? No, the interior region is between the parallels. The angle $\angle DAC$ is outside? No, $D$ is on the line. The angle ""inside"" the Z is $\angle EAC$ and $\angle ACB$.
    Let's stick to the calculation:
    Angle between left-ray and $AC$ is $124^{\circ}$.
    Angle between right-ray and $AC$ is $180^{\circ} - 124^{\circ} = 56^{\circ}$.
    By alternate interior angles, $\angle BCA = 56^{\circ}$.

*   **Step 2: Use the Isosceles Triangle Property**
    We are given $AB = BC$. This implies that $\triangle ABC$ is isosceles with base $AC$.
    Therefore, the base angles are equal:
    $\angle BAC = \angle BCA$.
    From Step 1, we found $\angle BCA = 56^{\circ}$.
    So, $\angle BAC = 56^{\circ}$.

*   **Step 3: Determine Angle $x$**
    The variable $x$ is labeled at position $(4.5, 3)$ with direction `S`. Looking at the diagram, $x$ is the angle between the segment $AB$ and the horizontal line through $A$. Specifically, it looks like the angle between the segment $AB$ and the ray extending to the **right** from $A$. Let's verify this.
    The label is near the middle of the top line, but associated with the vertex $A$? No, the label $x$ is placed at $(4.5, 3)$, which is to the right of $A(2,3)$. However, the angle arc is not explicitly drawn in the text description, but typically $x$ represents an angle at vertex $A$ or related to the transversal $AB$.
    Let's look at the label placement again. `label(""$x^{\circ}$"",(4.5,3),S);`. This places the text $x$ below the line $y=3$, at $x=4.5$. This is physically between $A$ and the projection of $B$? No, $B$ is at $x=4$. $A$ is at $x=2$. The point $(4.5, 3)$ is to the right of $B$'s x-coordinate.
    Usually, in such diagrams, $x$ represents the angle $\angle (Ray_{right}, AB)$. Let's assume $x$ is the angle between the horizontal line to the right of $A$ and the segment $AB$. Let's call the rightward ray $AE$. So $x = \angle EAB$.

    Let's calculate $\angle EAB$.
    We know the total angle of the straight line at $A$ is $180^{\circ}$.
    The angles around $A$ on the upper side of the transversal lines? No, let's look at the angles relative to the parallel line.
    We have the ray $AD$ (left), ray $AE$ (right).
    We know $\angle DAC = 124^{\circ}$.
    We know $\angle BAC = 56^{\circ}$.
    The angle $\angle DAB$ can be found if we know the position of $B$.
    Alternatively, let's find the angle of $AB$ with the horizontal.
    
    Let's use the property of parallel lines for transversal $AB$.
    Let $\angle ABC$ be the angle at vertex $B$ in $\triangle ABC$.
    The sum of angles in $\triangle ABC$ is $180^{\circ}$.
    $\angle ABC = 180^{\circ} - (\angle BAC + \angle BCA) = 180^{\circ} - (56^{\circ} + 56^{\circ}) = 180^{\circ} - 112^{\circ} = 68^{\circ}$.
    
    Now, consider the parallel lines $L_1$ (through $A$) and $L_2$ (through $B,C$) with transversal $AB$.
    The angle $\angle EAB$ (which we hypothesized is $x$) and the angle $\angle ABC$ are **consecutive interior angles** (same-side interior angles) if $E$ is to the right and $C$ is to the right of $B$.
    Wait, $B$ is at $(4,0)$ and $C$ is at $(8,0)$. So $C$ is to the right of $B$.
    The ray $AE$ is to the right. The ray $BC$ is to the right.
    The transversal is $AB$.
    The angle $\angle EAB$ and the angle $\angle ABC$ are consecutive interior angles.
    Therefore, $\angle EAB + \angle ABC = 180^{\circ}$.
    $x + 68^{\circ} = 180^{\circ}$.
    $x = 180^{\circ} - 68^{\circ} = 112^{\circ}$.

    Let's double check this interpretation.
    Is $x$ the acute or obtuse angle?
    In the diagram, $A=(2,3)$, $B=(4,0)$. The slope of $AB$ is $(0-3)/(4-2) = -1.5$.
    The angle of $AB$ with the positive x-axis (rightward ray) is $\arctan(-1.5)$. This is roughly $-56.3^{\circ}$ or $123.7^{\circ}$?
    Wait, $\tan(\theta) = -1.5$. The angle with the positive x-axis is $180 - 56.3 = 123.7^{\circ}$.
    Let's re-calculate the exact angles.
    $\angle BCA = 56^{\circ}$.
    $\angle BAC = 56^{\circ}$.
    $\angle ABC = 68^{\circ}$.
    
    Let's check the slope calculation again.
    If $\angle BCA = 56^{\circ}$, then the slope of $AC$ is $\tan(180-56) = \tan(124) \approx -1.48$.
    Coordinates: $A(2,3)$, $C(8,0)$. Slope $AC = (0-3)/(8-2) = -3/6 = -0.5$.
    $\arctan(-0.5) \approx -26.5^{\circ}$.
    So the angle with the positive x-axis is $180 - 26.5 = 153.5^{\circ}$.
    The angle with the negative x-axis (left) is $26.5^{\circ}$.
    The problem states the angle is $124^{\circ}$.
    My previous deduction that $\angle DAC = 124^{\circ}$ led to $\angle BCA = 56^{\circ}$.
    Let's check if the coordinates in the `asy` code match the angles.
    $A(2,3)$, $C(8,0)$. Vector $AC = (6, -3)$.
    Vector Left $= (-1, 0)$.
    Dot product: $-6$. Magnitudes: $\sqrt{36+9}=\sqrt{45}$, $1$.
    $\cos(\theta) = -6 / \sqrt{45} = -6 / (3\sqrt{5}) = -2/\sqrt{5} \approx -0.894$.
    $\theta = \arccos(-0.894) \approx 153.4^{\circ}$.
    This does not match $124^{\circ}$.
    
    **Crucial Realization:** The `asy` code provides a *visual representation*, but the specific coordinates might not perfectly scale to the angles given in the problem statement ($124^{\circ}$). In geometry problems, the text labels and given values override the visual scaling of the diagram. We must trust the value $124^{\circ}$ and the geometric relationships, not the coordinates $(2,3)$ etc. for angle calculation.

    So, let's restart the logic relying solely on the geometric properties and the given value $124^{\circ}$.

    1.  **Identify Angles at A:**
        The line through $A$ is parallel to $BC$.
        The angle $124^{\circ}$ is given at $A$. Based on the label position `SW` (South-West) and the typical convention for such diagrams, this is the angle between the segment $AC$ and the part of the parallel line extending to the **left** of $A$. Let's call the left ray $AL$ and the right ray $AR$.
        So, $\angle LAC = 124^{\circ}$.

    2.  **Find Angle C ($\angle BCA$):**
        Since $AL \parallel BC$ (specifically the ray to the left is parallel to the ray to the left from C? No, the lines are parallel).
        Consider the transversal $AC$.
        The angle $\angle LAC$ and the angle $\angle BCA$ are **consecutive interior angles** (same-side interior angles) if we consider the region between the parallels.
        Wait. $L$ is to the left. $B$ and $C$ are on the bottom line. $C$ is to the right of $B$.
        Let's draw a ""Z"".
        The alternate interior angle to $\angle LAC$ would be the angle formed by the transversal $AC$ and the ray extending to the **right** from $C$? No.
        Alternate interior angles are equal.
        Angle between Left-Ray at A and Transversal = Angle between Right-Ray at C and Transversal?
        Let's verify.
        Line 1: $y=h$. Line 2: $y=0$.
        Transversal connects $(x_A, h)$ to $(x_C, 0)$.
        Angle $\alpha$ with negative x-axis at top.
        Angle $\beta$ with positive x-axis at bottom.
        These are alternate interior angles. So $\alpha = \beta$.
        Here, $\angle LAC = 124^{\circ}$. This is the angle with the negative x-axis (Left).
        So, the alternate interior angle is the angle with the positive x-axis at $C$.
        The positive x-axis at $C$ is the ray $CB$? No, $B$ is to the left of $C$ ($B$ at 4, $C$ at 8 in code, but generally $B$ is left of $C$ in the triangle $ABC$).
        Wait, in the code $B=(4,0)$ and $C=(8,0)$. So $B$ is to the left of $C$.
        The segment is $BC$. The ray from $C$ towards $B$ is the negative x-direction.
        The ray from $C$ away from $B$ is the positive x-direction.
        The angle $\angle BCA$ is the interior angle of the triangle. It is the angle between segment $CB$ (pointing left) and segment $CA$.
        
        Let's re-evaluate the alternate interior angle relationship.
        Parallel lines: Top line ($L_{top}$) and Bottom line ($L_{bot}$).
        Transversal: $AC$.
        Angle given: $\angle (Left\_Ray\_A, AC) = 124^{\circ}$.
        Alternate Interior Angle: The angle between the transversal $AC$ and the **Right\_Ray\_C**.
        Let's call the right ray at $C$ as $CR$.
        So $\angle (AC, CR) = 124^{\circ}$.
        
        Now, what is $\angle BCA$?
        $\angle BCA$ is the angle between segment $CB$ and segment $CA$.
        Since $B$ is to the left of $C$, the segment $CB$ lies along the **Left\_Ray\_C**.
        The angles $\angle (AC, CR)$ and $\angle (AC, CL)$ (where $CL$ is left ray) are supplementary because $L-C-R$ is a straight line.
        So, $\angle BCA = \angle (AC, CL) = 180^{\circ} - \angle (AC, CR)$.
        $\angle BCA = 180^{\circ} - 124^{\circ} = 56^{\circ}$.
        
        This confirms my previous calculation: $\angle BCA = 56^{\circ}$.

    3.  **Use Isosceles Triangle Property:**
        Given $AB = BC$, $\triangle ABC$ is isosceles.
        Base angles are equal: $\angle BAC = \angle BCA = 56^{\circ}$.

    4.  **Find Angle $x$:**
        We need to identify what angle $x$ represents.
        The label $x$ is at $(4.5, 3)$, which is on the line through $A$.
        Usually, $x$ denotes the angle adjacent to the triangle or related to the transversal $AB$.
        Looking at the diagram structure:
        - We have angle $\angle LAC = 124^{\circ}$.
        - We have angle $\angle BAC = 56^{\circ}$.
        - The angle $\angle LAB$ (angle between Left Ray and $AB$) would be $\angle LAC - \angle BAC$?
          This depends on the relative positions of $B$ and $C$.
          In the code, $A=(2,3)$, $B=(4,0)$, $C=(8,0)$.
          Slope $AC$ is flatter than Slope $AB$?
          Slope $AC = -0.5$. Slope $AB = -1.5$.
          $AB$ is steeper.
          So, going from the Left Ray (angle $180^{\circ}$) clockwise:
          First we hit $AC$? Or $AB$?
          Angle of $AC$ with Left Ray: $124^{\circ}$ (Given).
          Angle of $AB$ with Left Ray: Let's calculate.
          We know $\angle BAC = 56^{\circ}$.
          Is $AB$ ""inside"" the angle $\angle LAC$ or ""outside""?
          Visually, $B$ is to the left of $C$. $A$ is to the left of both? No, $A$ is at $x=2$, $B$ at $x=4$, $C$ at $x=8$.
          So $A$ is to the left of $B$ and $C$.
          The ray $AB$ goes down and right. The ray $AC$ goes down and right.
          Since $B$ is closer to $A$ horizontally than $C$ is, and they are at the same vertical distance, $AB$ is steeper.
          Therefore, the angle of $AB$ with the horizontal is larger than the angle of $AC$ with the horizontal.
          Wait, ""angle with horizontal"" usually means the acute angle.
          Let's use the angles from the Left Ray ($180^{\circ}$ direction).
          Angle of $AC$ from Left Ray = $124^{\circ}$.
          Angle of $AB$ from Left Ray = $\angle LAB$.
          Since $AB$ is steeper (more vertical), it is closer to the vertical ($90^{\circ}$ from horizontal? No, $90^{\circ}$ from Left Ray is Down).
          Left Ray is $180^{\circ}$. Down is $270^{\circ}$ or $-90^{\circ}$.
          Let's just use the sum of angles at $A$.
          The angle $\angle LAC = 124^{\circ}$.
          The angle $\angle BAC = 56^{\circ}$.
          Does ray $AB$ lie inside $\angle LAC$?
          If $AB$ is steeper, it makes a smaller angle with the vertical, and a larger angle with the horizontal?
          Let's check the slopes again.
          Slope $AC = -0.5$. Angle with positive x-axis $\approx 153^{\circ}$. Angle with negative x-axis $\approx 27^{\circ}$.
          Wait, earlier I said $\angle LAC = 124^{\circ}$.
          If $\angle LAC = 124^{\circ}$, then the angle with the positive x-axis is $180 - 124 = 56^{\circ}$? No.
          Angle with Left Ray is $124^{\circ}$.
          Angle with Right Ray is $180 - 124 = 56^{\circ}$.
          So $\angle (Right\_Ray, AC) = 56^{\circ}$.
          This matches $\angle BCA = 56^{\circ}$ (Alternate Interior).
          
          Now for $AB$.
          $\angle BAC = 56^{\circ}$.
          The ray $AB$ is to the left of $AC$ or right?
          $B$ is at $x=4$, $C$ is at $x=8$. $A$ is at $x=2$.
          Vector $AB = (2, -3)$. Vector $AC = (6, -3)$.
          Cross product $AB \times AC = 2(-3) - (-3)(6) = -6 + 18 = 12 > 0$.
          This means $AC$ is counter-clockwise from $AB$.
          So, starting from the Right Ray (angle 0) and going clockwise (negative angles) or just looking at magnitudes:
          Angle of $AC$ with Right Ray is $56^{\circ}$ (downwards).
          Angle of $AB$ with Right Ray?
          $\angle (Right\_Ray, AB) = \angle (Right\_Ray, AC) + \angle CAB$?
          Or $\angle (Right\_Ray, AB) = \angle (Right\_Ray, AC) - \angle CAB$?
          Since $AC$ is ""more to the right"" (flatter slope) than $AB$ (steeper slope), the angle of $AC$ with the horizontal is smaller?
          Let's check:
          Slope $AC = -0.5$. Angle $\approx 26.5^{\circ}$ below horizontal.
          Slope $AB = -1.5$. Angle $\approx 56.3^{\circ}$ below horizontal.
          So $AB$ makes a larger angle with the horizontal than $AC$.
          Therefore, $\angle (Right\_Ray, AB) > \angle (Right\_Ray, AC)$.
          So, $\angle (Right\_Ray, AB) = \angle (Right\_Ray, AC) + \angle CAB$.
          $\angle (Right\_Ray, AB) = 56^{\circ} + 56^{\circ} = 112^{\circ}$.
          
          The label $x$ is positioned to the right of $A$, below the line.
          It typically represents the angle between the segment $AB$ and the parallel line to the right.
          So, $x = \angle (Right\_Ray, AB)$.
          Thus, $x = 112^{\circ}$.

    Let's double check with the other side.
    Angle with Left Ray:
    $\angle (Left\_Ray, AC) = 124^{\circ}$.
    $\angle (Left\_Ray, AB) = 180^{\circ} - 112^{\circ} = 68^{\circ}$.
    Check: $\angle LAC = \angle LAB + \angle BAC$?
    $124^{\circ} = 68^{\circ} + 56^{\circ}$.
    $68 + 56 = 124$.
    This holds true.
    So the geometry is consistent.
    $x$ is the angle between $AB$ and the rightward parallel ray.
    $x = 112^{\circ}$.

    **Final check of the question:** ""What is the number of degrees represented by $x$?""
    The diagram shows $x$ in the position of the angle between the transversal $AB$ and the parallel line. Given the obtuse appearance of the angle in a standard ""Z"" or ""C"" configuration where the transversal goes ""backwards"" relative to the parallel direction?
    Actually, looking at the code `label(""$x^{\circ}$"",(4.5,3),S);`, the text is placed at $x=4.5$. $A$ is at $x=2$. $B$ is at $x=4$.
    The angle arc is not drawn, but $x$ is clearly the angle associated with the intersection at $A$.
    Is it possible $x$ is $\angle ABC$? No, label is at $y=3$.
    Is it possible $x$ is $\angle BAC$? No, that's $56$.
    Is it possible $x$ is the angle between $AB$ and the *left* ray? That would be $68^{\circ}$.
    Is it possible $x$ is the angle between $AB$ and the *right* ray? That would be $112^{\circ}$.
    
    Let's look at the visual cue.
    In the `asy` code, the angle $124$ is labeled `SW`. This is the obtuse angle on the left.
    The angle $x$ is labeled at $(4.5, 3)$. This is to the right of $A$.
    Usually, if an angle is labeled on the right side of the vertex, it refers to the angle on the right side.
    The angle on the right side formed by $AB$ and the parallel line is $\angle EAB$.
    We calculated $\angle EAB = 112^{\circ}$.
    
    Let's consider if $x$ could be the acute angle.
    If $x$ were the acute angle, it would be $180 - 112 = 68^{\circ}$.
    However, $124^{\circ}$ is obtuse. $x$ looks like it might be obtuse or acute?
    In the diagram, $AB$ is steeper than $AC$.
    Angle of $AC$ with right horizontal is $56^{\circ}$ (acute).
    Angle of $AB$ with right horizontal is $112^{\circ}$ (obtuse).
    Visually, in the provided code coordinates:
    $A(2,3)$, $B(4,0)$.
    Vector $AB = (2, -3)$.
    Vector Right = $(1, 0)$.
    Dot product = $2$.
    Magnitudes: $\sqrt{13}$, $1$.
    $\cos(x) = 2/\sqrt{13} \approx 0.55$.
    $x = \arccos(0.55) \approx 56^{\circ}$.
    Wait.
    My manual calculation of slopes earlier:
    Slope $AB = -1.5$.
    Angle with positive x-axis: $\arctan(-1.5)$.
    $\arctan(1.5) \approx 56.3^{\circ}$.
    So the angle with the positive x-axis is $180 - 56.3 = 123.7^{\circ}$?
    No. The vector is $(2, -3)$. It is in the 4th quadrant.
    The angle with the positive x-axis is $-56.3^{\circ}$ or $303.7^{\circ}$.
    The geometric angle between the segment and the ray is $56.3^{\circ}$.
    
    **Contradiction Detected!**
    Let's re-read the geometry.
    $A=(2,3)$, $B=(4,0)$.
    $x_A = 2, x_B = 4$. $B$ is to the right of $A$.
    So the vector $AB$ points to the right and down.
    The angle with the Right Ray is acute.
    $\tan(\theta) = 3/2 = 1.5$. $\theta \approx 56.3^{\circ}$.
    
    But my previous deduction using the $124^{\circ}$ angle gave $x = 112^{\circ}$.
    Why the discrepancy?
    Because the coordinates in the `asy` code do **not** satisfy the condition $AB=BC$ and the angle $124^{\circ}$.
    Let's check $AB=BC$ in the code.
    $AB = \sqrt{(4-2)^2 + (0-3)^2} = \sqrt{4+9} = \sqrt{13} \approx 3.6$.
    $BC = \sqrt{(8-4)^2 + (0-0)^2} = 4$.
    $AB \neq BC$.
    Also, angle $LAC$ in code:
    Vector $AC = (6, -3)$. Angle with Left $(-1,0)$.
    $\cos = -6 / \sqrt{45} \approx -0.89$. Angle $\approx 153^{\circ}$.
    Given angle is $124^{\circ}$.
    
    So the diagram is **not to scale** and the coordinates are just for drawing a generic shape. We must rely **only** on the text properties:
    1.  Parallel lines.
    2.  $AB = BC$.
    3.  Angle at $A$ (Left side) is $124^{\circ}$.
    
    Let's re-verify the ""Left/Right"" orientation of $B$ relative to $A$.
    In the diagram, $B$ is to the right of $A$?
    Label $A$ is at $(2,3)$. Label $B$ is at $(4,0)$.
    Yes, $B$ is to the right of $A$.
    Label $C$ is at $(8,0)$.
    Yes, $C$ is to the right of $B$.
    
    So, geometrically:
    - Ray $AR$ (Right) and Ray $AL$ (Left) form the line through $A$.
    - Ray $CB$ (Left) and Ray $CR$ (Right) form the line through $C$.
    - Transversal $AC$:
      - Angle $\angle LAC = 124^{\circ}$.
      - Alternate Interior Angle to $\angle LAC$ is $\angle (AC, CR) = 124^{\circ}$.
      - Angle $\angle BCA$ is the angle inside the triangle. Since $B$ is to the left of $C$, the side $CB$ is along the Left Ray from $C$.
      - So $\angle BCA$ and $\angle (AC, CR)$ are supplementary.
      - $\angle BCA = 180^{\circ} - 124^{\circ} = 56^{\circ}$.
    
    - Triangle $ABC$ is isosceles with $AB=BC$.
      - Base angles $\angle BAC = \angle BCA = 56^{\circ}$.
    
    - Transversal $AB$:
      - We need angle $x$.
      - $x$ is labeled at the top line, to the right of $A$.
      - This implies $x$ is the angle between $AB$ and the Right Ray $AR$.
      - Let's find the position of ray $AB$.
      - We know $\angle LAC = 124^{\circ}$.
      - We know $\angle BAC = 56^{\circ}$.
      - Is ray $AB$ inside $\angle LAC$?
        - $B$ is to the right of $A$. $C$ is to the right of $A$.
        - Both rays $AB$ and $AC$ point into the 4th quadrant (Right-Down).
        - Angle of $AC$ with Left Ray is $124^{\circ}$.
        - Angle of $AC$ with Right Ray is $56^{\circ}$.
        - Angle of $AB$ with Right Ray?
        - We know $\angle BAC = 56^{\circ}$.
        - This is the angle between $AB$ and $AC$.
        - So, Angle($AB$, Right) = Angle($AC$, Right) $\pm$ Angle($BAC$).
        - Which sign?
        - We need to know if $AB$ is ""steeper"" or ""flatter"" than $AC$.
        - In the diagram, $B$ is closer to $A$ horizontally than $C$ is?
          - In the code, $x_B - x_A = 2$. $x_C - x_A = 6$.
          - So $B$ is closer.
          - For the same vertical drop, a smaller horizontal distance means a steeper slope.
          - Steeper slope means a larger angle with the horizontal.
          - So Angle($AB$, Right) > Angle($AC$, Right).
          - Therefore, Angle($AB$, Right) = $56^{\circ} + 56^{\circ} = 112^{\circ}$.
    
    So $x = 112^{\circ}$.

    Let's double check if $x$ could be the angle with the Left Ray.
    If $x$ were the angle with the Left Ray, it would be $180 - 112 = 68^{\circ}$.
    The label $x$ is at $(4.5, 3)$. $A$ is at $(2,3)$.
    The label is to the right of $A$.
    Standard convention: The angle labeled on the right side of the vertex is the angle on the right side.
    Also, $124^{\circ}$ is on the left. $x$ is on the right.
    It is highly probable $x$ is the obtuse angle $112^{\circ}$.

    Final Answer seems to be 112.

\boxed{112}",$28$
MATH-500/19,"To find the smallest possible value of $a$ such that all roots of the equation
\[ x^3 + ax^2 + ax + 1 = 0 \]
are real, we proceed with the following steps.

### Step 1: Analyze the Structure of the Equation

The given equation is a reciprocal equation (also known as a palindromic polynomial) because the coefficients are symmetric: $1, a, a, 1$.
Notice that $x = -1$ is not a root unless $-1 + a - a + 1 = 0$, which is always true. Wait, let's check:
If $x = -1$, then $(-1)^3 + a(-1)^2 + a(-1) + 1 = -1 + a - a + 1 = 0$.
So, $x = -1$ is always a root of this equation for any real number $a$.

Since $x = -1$ is a root, we can factor $(x+1)$ out of the polynomial. Let's perform polynomial division or factorization by grouping:
\[ x^3 + ax^2 + ax + 1 = x^2(x+a) + 1(x+a) = (x^2+1)(x+a) \]
Wait, let's re-expand $(x^2+1)(x+a)$:
\[ (x^2+1)(x+a) = x^3 + ax^2 + x + a \]
This does not match the original equation $x^3 + ax^2 + ax + 1$. The term $ax$ in the original equation is different from $x$ in my expansion. Let's re-group carefully.

Original: $x^3 + ax^2 + ax + 1 = 0$.
Group terms:
\[ x^2(x+a) + 1(x+a) \quad \text{is incorrect because the last term is } 1, \text{ not } a. \]
Let's try grouping differently:
\[ x^3 + 1 + ax^2 + ax = (x+1)(x^2-x+1) + ax(x+1) \]
Factor out $(x+1)$:
\[ (x+1) [ (x^2-x+1) + ax ] = (x+1)(x^2 + (a-1)x + 1) = 0 \]

So, the roots of the original cubic equation are:
1. $x_1 = -1$
2. The roots of the quadratic equation $x^2 + (a-1)x + 1 = 0$.

### Step 2: Determine Conditions for Real Roots

The problem states that **all** roots of the cubic equation are real.
We already have one real root, $x_1 = -1$.
Therefore, the other two roots, which are the roots of the quadratic equation $x^2 + (a-1)x + 1 = 0$, must also be real.

For a quadratic equation $Ax^2 + Bx + C = 0$ to have real roots, its discriminant $\Delta$ must be non-negative ($\Delta \ge 0$).
Here, $A = 1$, $B = a-1$, and $C = 1$.

The discriminant is:
\[ \Delta = B^2 - 4AC = (a-1)^2 - 4(1)(1) \]
\[ \Delta = (a-1)^2 - 4 \]

For the roots to be real, we require:
\[ (a-1)^2 - 4 \ge 0 \]
\[ (a-1)^2 \ge 4 \]

Taking the square root of both sides, we get two cases:
1. $a - 1 \ge 2 \implies a \ge 3$
2. $a - 1 \le -2 \implies a \le -1$

### Step 3: Apply the Constraint on $a$

The problem states that $a$ is a **positive** real number ($a > 0$).
Looking at our two cases:
- Case 1: $a \ge 3$. This interval contains positive numbers.
- Case 2: $a \le -1$. This interval contains only negative numbers.

Since $a$ must be positive, we discard the second case. Thus, the condition for all roots to be real is:
\[ a \ge 3 \]

### Step 4: Find the Smallest Possible Value

We are asked to find the smallest possible value of $a$.
From the inequality $a \ge 3$, the minimum value is $3$.

Let's verify this solution.
If $a = 3$, the quadratic equation becomes:
\[ x^2 + (3-1)x + 1 = x^2 + 2x + 1 = (x+1)^2 = 0 \]
The roots are $x = -1$ (with multiplicity 2).
The roots of the original cubic equation are $-1, -1, -1$. All are real.

If we choose a value slightly less than 3, say $a = 2.9$:
\[ \Delta = (2.9 - 1)^2 - 4 = (1.9)^2 - 4 = 3.61 - 4 = -0.39 < 0 \]
The roots of the quadratic part would be complex conjugates, so not all roots of the cubic would be real.

Thus, the smallest value is indeed 3.

### Conclusion

The smallest possible value of $a$ is 3.

\boxed{3}",$3$
MATH-500/20,"To evaluate the expression $(1+2i)6-3i$, we will follow the order of operations (PEMDAS/BODMAS), performing multiplication before subtraction.

**Step 1: Perform the multiplication**
Distribute the $6$ to both terms inside the parentheses:
$$ (1+2i) \cdot 6 = 1 \cdot 6 + 2i \cdot 6 $$
$$ = 6 + 12i $$

**Step 2: Perform the subtraction**
Now, subtract $3i$ from the result obtained in Step 1:
$$ (6 + 12i) - 3i $$

Group the real parts and the imaginary parts:
$$ 6 + (12i - 3i) $$
$$ 6 + 9i $$

**Conclusion**
The simplified complex number is $6 + 9i$.

\boxed{6+9i}",$6+9i$
MATH-500/21,"To find the greatest integer less than $(\sqrt{7} + \sqrt{5})^6$, we can use the method of conjugate surds.

Let $x = \sqrt{7} + \sqrt{5}$ and $y = \sqrt{7} - \sqrt{5}$.
We want to evaluate $x^6$.

Consider the sum $S = x^6 + y^6$.
Since $x$ and $y$ are roots of a quadratic equation with integer coefficients, $x^n + y^n$ will be an integer for any positive integer $n$.

First, let's find the quadratic equation satisfied by $x$ and $y$.
$$ x = \sqrt{7} + \sqrt{5} $$
$$ y = \sqrt{7} - \sqrt{5} $$

Calculate the sum and product of $x$ and $y$:
$$ x + y = (\sqrt{7} + \sqrt{5}) + (\sqrt{7} - \sqrt{5}) = 2\sqrt{7} $$
$$ xy = (\sqrt{7} + \sqrt{5})(\sqrt{7} - \sqrt{5}) = 7 - 5 = 2 $$

Let $u = x^2$ and $v = y^2$. Then:
$$ u + v = x^2 + y^2 = (x+y)^2 - 2xy = (2\sqrt{7})^2 - 2(2) = 28 - 4 = 24 $$
$$ uv = x^2 y^2 = (xy)^2 = 2^2 = 4 $$

So, $u$ and $v$ are roots of the quadratic equation:
$$ t^2 - (u+v)t + uv = 0 \implies t^2 - 24t + 4 = 0 $$

We want to find $x^6 + y^6 = u^3 + v^3$.
Let $S_n = u^n + v^n$. We know $S_1 = 24$ and $S_0 = u^0 + v^0 = 1 + 1 = 2$.
The recurrence relation for $S_n$ is derived from the characteristic equation $t^2 - 24t + 4 = 0$:
$$ S_{n} = 24 S_{n-1} - 4 S_{n-2} $$

We need $S_3 = u^3 + v^3$.
First, calculate $S_2$:
$$ S_2 = 24 S_1 - 4 S_0 = 24(24) - 4(2) = 576 - 8 = 568 $$
Alternatively, $S_2 = u^2 + v^2 = (u+v)^2 - 2uv = 24^2 - 2(4) = 576 - 8 = 568$.

Now, calculate $S_3$:
$$ S_3 = 24 S_2 - 4 S_1 $$
$$ S_3 = 24(568) - 4(24) $$
$$ S_3 = 24(568 - 4) $$
$$ S_3 = 24(564) $$

Let's compute $24 \times 564$:
$$ 24 \times 564 = 24(500 + 60 + 4) $$
$$ = 12000 + 1440 + 96 $$
$$ = 13440 + 96 $$
$$ = 13536 $$

So, $x^6 + y^6 = 13536$.
This means:
$$ (\sqrt{7} + \sqrt{5})^6 + (\sqrt{7} - \sqrt{5})^6 = 13536 $$
$$ (\sqrt{7} + \sqrt{5})^6 = 13536 - (\sqrt{7} - \sqrt{5})^6 $$

Now we need to estimate the value of $y^6 = (\sqrt{7} - \sqrt{5})^6$.
First, estimate $\sqrt{7} - \sqrt{5}$.
We know $\sqrt{7} \approx 2.646$ and $\sqrt{5} \approx 2.236$.
$$ \sqrt{7} - \sqrt{5} \approx 2.646 - 2.236 = 0.41 $$
More precisely, let's bound it.
$2.6 < \sqrt{7} < 2.7$ and $2.2 < \sqrt{5} < 2.3$.
Actually, $\sqrt{7} \approx 2.6457$ and $\sqrt{5} \approx 2.2361$.
Difference $\approx 0.4096$.

Let's check if $y < 1$.
$\sqrt{7} < \sqrt{9} = 3$ and $\sqrt{5} > \sqrt{4} = 2$, so $\sqrt{7} - \sqrt{5} < 3 - 2 = 1$.
Also $\sqrt{7} > 2.6$ and $\sqrt{5} < 2.24$ (since $2.24^2 = 5.0176 > 5$), so $\sqrt{7} - \sqrt{5} > 2.6 - 2.24 = 0.36$.
So $0.36 < y < 1$.
Therefore, $0 < y^6 < 1$.

Let's get a tighter bound to ensure $y^6$ is not extremely close to 1 or 0 in a way that affects the integer part, although since $y < 0.5$, $y^6 < (0.5)^6 = \frac{1}{64} \approx 0.015$.
Let's verify $y < 0.5$.
$y = \sqrt{7} - \sqrt{5}$.
Is $\sqrt{7} - \sqrt{5} < 0.5$?
$\sqrt{7} < \sqrt{5} + 0.5$
Square both sides:
$7 < 5 + \sqrt{5} + 0.25$
$7 < 5.25 + \sqrt{5}$
$1.75 < \sqrt{5}$
Square again:
$1.75^2 = (7/4)^2 = 49/16 = 3.0625$.
Since $3.0625 < 5$, the inequality holds.
So $y < 0.5$.
Consequently, $y^6 < (0.5)^6 = \frac{1}{64} \approx 0.0156$.

So, we have:
$$ (\sqrt{7} + \sqrt{5})^6 = 13536 - y^6 $$
Since $0 < y^6 < 0.0156$,
$$ 13536 - 0.0156 < (\sqrt{7} + \sqrt{5})^6 < 13536 $$
$$ 13535.9844 < (\sqrt{7} + \sqrt{5})^6 < 13536 $$

The greatest integer less than $(\sqrt{7} + \sqrt{5})^6$ is the floor of this value.
$\lfloor (\sqrt{7} + \sqrt{5})^6 \rfloor = 13535$.

The question asks for the ""greatest integer less than"" the number. This is equivalent to $\lfloor x \rfloor$ if $x$ is not an integer, or $x-1$ if $x$ is an integer. Since $(\sqrt{7} + \sqrt{5})^6$ is not an integer (it is $13536 - \epsilon$), the greatest integer strictly less than it is $13535$.

Answer: 13535

\boxed{13535}",$13535$
MATH-500/22,"To find the value of $x$, we need to set up equations based on the information provided about Denali's and Nate's pay.

**1. Define Variables and Pay Structure**

Let $D$ be the number of dogs Denali walks.
Let $N$ be the number of dogs Nate walks.
Let $k$ be the pay per dog. Since they are paid for each dog they walk, their total pay is proportional to the number of dogs.

*   Denali's initial pay: $P_D = k \cdot D$
*   Nate's initial pay: $P_N = k \cdot N$

The ratio of Denali's pay to Nate's pay is:
$$ \frac{P_D}{P_N} = \frac{k \cdot D}{k \cdot N} = \frac{D}{N} $$

Initially, $D = 16$ and $N = 12$. So the initial ratio is $\frac{16}{12} = \frac{4}{3}$. However, the problem states that the ratio *would be the same* under two specific hypothetical scenarios. It does not necessarily mean the ratio is equal to the initial ratio, but rather that the ratio in Scenario 1 is equal to the ratio in Scenario 2. Let's re-read carefully: ""The ratio of Denali's pay to Nate's pay would be the same if [Scenario 1] or if [Scenario 2]."" This implies:
$$ \text{Ratio in Scenario 1} = \text{Ratio in Scenario 2} $$

**2. Analyze Scenario 1**

""Denali started walking $4x$ more dogs and Nate stayed at $12$ dogs.""

*   New number of dogs for Denali ($D_1$): $16 + 4x$
*   New number of dogs for Nate ($N_1$): $12$

The ratio of Denali's pay to Nate's pay in this scenario ($R_1$) is:
$$ R_1 = \frac{16 + 4x}{12} $$

**3. Analyze Scenario 2**

""$x$ of Nate's dogs were reassigned to Denali.""

*   New number of dogs for Denali ($D_2$): $16 + x$ (Denali gains $x$ dogs)
*   New number of dogs for Nate ($N_2$): $12 - x$ (Nate loses $x$ dogs)

The ratio of Denali's pay to Nate's pay in this scenario ($R_2$) is:
$$ R_2 = \frac{16 + x}{12 - x} $$

**4. Set Up the Equation**

The problem states that these two ratios are the same:
$$ R_1 = R_2 $$
$$ \frac{16 + 4x}{12} = \frac{16 + x}{12 - x} $$

**5. Solve for $x$**

First, simplify the left side if possible, or cross-multiply. Let's cross-multiply to eliminate fractions:
$$ (16 + 4x)(12 - x) = 12(16 + x) $$

Expand the left side:
$$ 16(12) - 16(x) + 4x(12) - 4x(x) = 192 - 16x + 48x - 4x^2 $$
$$ 192 + 32x - 4x^2 $$

Expand the right side:
$$ 12(16) + 12(x) = 192 + 12x $$

Set the expanded sides equal to each other:
$$ 192 + 32x - 4x^2 = 192 + 12x $$

Subtract 192 from both sides:
$$ 32x - 4x^2 = 12x $$

Rearrange the terms to form a quadratic equation equal to zero:
$$ 32x - 12x - 4x^2 = 0 $$
$$ 20x - 4x^2 = 0 $$

Factor out $4x$:
$$ 4x(5 - x) = 0 $$

This gives two possible solutions:
1.  $4x = 0 \implies x = 0$
2.  $5 - x = 0 \implies x = 5$

The problem states that $x \neq 0$. Therefore, we discard $x = 0$.

So, $x = 5$.

**6. Verification**

Let's check if $x = 5$ works.

*   **Scenario 1:**
    *   Denali's dogs: $16 + 4(5) = 16 + 20 = 36$
    *   Nate's dogs: $12$
    *   Ratio $R_1 = \frac{36}{12} = 3$

*   **Scenario 2:**
    *   Denali's dogs: $16 + 5 = 21$
    *   Nate's dogs: $12 - 5 = 7$
    *   Ratio $R_2 = \frac{21}{7} = 3$

Since $R_1 = R_2 = 3$, the solution is correct.

\boxed{5}",$5$
MATH-500/23,"To find all values of $x$ that satisfy the equation $x = \sqrt{11-2x} + 4$, we will follow these steps:

### Step 1: Isolate the radical term
First, we move the constant term to the left side to isolate the square root:
$$ x - 4 = \sqrt{11-2x} $$

### Step 2: Determine the domain constraints
For the equation to have real solutions, two conditions must be met:
1. The expression inside the square root must be non-negative:
   $$ 11 - 2x \ge 0 \implies 2x \le 11 \implies x \le \frac{11}{2} = 5.5 $$
2. Since the square root function $\sqrt{11-2x}$ yields a non-negative result, the left side of the equation must also be non-negative:
   $$ x - 4 \ge 0 \implies x \ge 4 $$

Combining these, any valid solution must satisfy:
$$ 4 \le x \le 5.5 $$

### Step 3: Square both sides
Now, we square both sides of the equation to eliminate the square root:
$$ (x - 4)^2 = (\sqrt{11-2x})^2 $$
$$ x^2 - 8x + 16 = 11 - 2x $$

### Step 4: Solve the resulting quadratic equation
Rearrange the terms to form a standard quadratic equation $ax^2 + bx + c = 0$:
$$ x^2 - 8x + 2x + 16 - 11 = 0 $$
$$ x^2 - 6x + 5 = 0 $$

Factor the quadratic equation:
$$ (x - 5)(x - 1) = 0 $$

This gives two potential solutions:
$$ x = 5 \quad \text{or} \quad x = 1 $$

### Step 5: Verify the solutions
We must check these potential solutions against the original equation and the domain constraints derived in Step 2 ($4 \le x \le 5.5$).

**Check $x = 5$:**
- Domain check: $4 \le 5 \le 5.5$ (Valid)
- Substitute into the original equation:
  $$ \text{LHS} = 5 $$
  $$ \text{RHS} = \sqrt{11 - 2(5)} + 4 = \sqrt{11 - 10} + 4 = \sqrt{1} + 4 = 1 + 4 = 5 $$
  $$ \text{LHS} = \text{RHS} $$
  So, $x = 5$ is a valid solution.

**Check $x = 1$:**
- Domain check: $1 < 4$ (Invalid, as $x$ must be $\ge 4$)
- Substitute into the original equation to see why it fails:
  $$ \text{LHS} = 1 $$
  $$ \text{RHS} = \sqrt{11 - 2(1)} + 4 = \sqrt{9} + 4 = 3 + 4 = 7 $$
  $$ 1 \neq 7 $$
  So, $x = 1$ is an extraneous solution.

### Conclusion
The only value of $x$ that satisfies the equation is $5$.

\boxed{5}",$x=5$
MATH-500/24,"To find the minimal compound interest rate, we need to model the future value of the savings account.

**1. Understand the Cash Flow**
The worker deposits $\$20,000$ at the end of each year. This is an ordinary annuity.
- Deposit 1: End of Year 1
- Deposit 2: End of Year 2
- Deposit 3: End of Year 3

Let $r$ be the annual compound interest rate (expressed as a decimal).
Let $P = 20,000$ be the annual deposit.
Let $FV$ be the future value of the account at the end of Year 3.

**2. Calculate the Future Value of Each Deposit**
- The first deposit is made at the end of Year 1. It earns interest for 2 years (during Year 2 and Year 3).
  $$FV_1 = 20,000(1+r)^2$$
- The second deposit is made at the end of Year 2. It earns interest for 1 year (during Year 3).
  $$FV_2 = 20,000(1+r)^1$$
- The third deposit is made at the end of Year 3. It earns no interest because it is deposited at the exact moment we are calculating the balance.
  $$FV_3 = 20,000(1+r)^0 = 20,000$$

**3. Set Up the Equation**
The total future value is the sum of the future values of the individual deposits. We want this total to be at least $\$66,200$. To find the *minimal* rate, we set the total equal to $\$66,200$.

$$20,000(1+r)^2 + 20,000(1+r) + 20,000 = 66,200$$

**4. Solve for $r$**
First, divide the entire equation by $20,000$ to simplify:

$$(1+r)^2 + (1+r) + 1 = \frac{66,200}{20,000}$$

Calculate the right-hand side:
$$\frac{66,200}{20,000} = \frac{662}{200} = 3.31$$

So, the equation becomes:
$$(1+r)^2 + (1+r) + 1 = 3.31$$

Let $x = 1+r$. The equation is now a quadratic equation in terms of $x$:
$$x^2 + x + 1 = 3.31$$
$$x^2 + x - 2.31 = 0$$

Use the quadratic formula to solve for $x$:
$$x = \frac{-b \pm \sqrt{b^2 - 4ac}}{2a}$$
Here, $a = 1$, $b = 1$, and $c = -2.31$.

$$x = \frac{-1 \pm \sqrt{1^2 - 4(1)(-2.31)}}{2}$$
$$x = \frac{-1 \pm \sqrt{1 + 9.24}}{2}$$
$$x = \frac{-1 \pm \sqrt{10.24}}{2}$$

Calculate $\sqrt{10.24}$:
Since $3.2^2 = 10.24$, $\sqrt{10.24} = 3.2$.

$$x = \frac{-1 \pm 3.2}{2}$$

This gives two possible solutions for $x$:
1. $x = \frac{-1 + 3.2}{2} = \frac{2.2}{2} = 1.1$
2. $x = \frac{-1 - 3.2}{2} = \frac{-4.2}{2} = -2.1$

Since $x = 1+r$ and interest rates must result in a positive growth factor ($1+r > 0$), we discard the negative solution.
Thus, $x = 1.1$.

Now, solve for $r$:
$$1 + r = 1.1$$
$$r = 0.1$$

**5. Convert to Percentage**
The interest rate $r$ is $0.1$. To express this as a percentage:
$$0.1 \times 100\% = 10\%$$

The question asks for the answer as a percentage without the percent sign.

\boxed{10}",$10$
MATH-500/25,"To find all integers $n$ such that $f(n) = n$, we first need to determine the explicit form of the function $f(x)$ using the given functional equation:
\[ f(x) + f(y) = f(x + y) - xy - 1 \]
for all real numbers $x$ and $y$.

### Step 1: Determine the form of $f(x)$

Let's substitute specific values to find properties of $f(x)$.

**Find $f(0)$:**
Set $x = 0$ and $y = 0$ in the equation:
\[ f(0) + f(0) = f(0 + 0) - 0 \cdot 0 - 1 \]
\[ 2f(0) = f(0) - 1 \]
\[ f(0) = -1 \]

**Find a general expression for $f(x)$:**
The term $-xy$ suggests that $f(x)$ might be a quadratic polynomial. Let's assume $f(x) = ax^2 + bx + c$.
We already know $f(0) = -1$, so substituting $x=0$ into the polynomial gives $c = -1$.
So, $f(x) = ax^2 + bx - 1$.

Let's substitute this form into the original functional equation to determine $a$ and $b$.
LHS:
\[ f(x) + f(y) = (ax^2 + bx - 1) + (ay^2 + by - 1) = a(x^2 + y^2) + b(x + y) - 2 \]

RHS:
\[ f(x + y) - xy - 1 = a(x + y)^2 + b(x + y) - 1 - xy - 1 \]
\[ = a(x^2 + 2xy + y^2) + b(x + y) - 2 - xy \]
\[ = a(x^2 + y^2) + 2axy + b(x + y) - xy - 2 \]

Equating LHS and RHS:
\[ a(x^2 + y^2) + b(x + y) - 2 = a(x^2 + y^2) + 2axy + b(x + y) - xy - 2 \]

Subtract $a(x^2 + y^2) + b(x + y) - 2$ from both sides:
\[ 0 = 2axy - xy \]
\[ 0 = xy(2a - 1) \]

For this to hold for all real numbers $x$ and $y$, we must have:
\[ 2a - 1 = 0 \implies a = \frac{1}{2} \]

So far, $f(x) = \frac{1}{2}x^2 + bx - 1$.

**Use the condition $f(1) = 1$ to find $b$:**
\[ f(1) = \frac{1}{2}(1)^2 + b(1) - 1 = 1 \]
\[ \frac{1}{2} + b - 1 = 1 \]
\[ b - \frac{1}{2} = 1 \]
\[ b = \frac{3}{2} \]

Thus, the function is:
\[ f(x) = \frac{1}{2}x^2 + \frac{3}{2}x - 1 \]

Let's verify this solution.
LHS: $f(x) + f(y) = \frac{1}{2}x^2 + \frac{3}{2}x - 1 + \frac{1}{2}y^2 + \frac{3}{2}y - 1 = \frac{1}{2}(x^2+y^2) + \frac{3}{2}(x+y) - 2$.
RHS: $f(x+y) - xy - 1 = \frac{1}{2}(x+y)^2 + \frac{3}{2}(x+y) - 1 - xy - 1$
$= \frac{1}{2}(x^2+2xy+y^2) + \frac{3}{2}(x+y) - 2 - xy$
$= \frac{1}{2}x^2 + xy + \frac{1}{2}y^2 + \frac{3}{2}(x+y) - 2 - xy$
$= \frac{1}{2}(x^2+y^2) + \frac{3}{2}(x+y) - 2$.
LHS = RHS. The function is correct.

### Step 2: Solve for integers $n$ such that $f(n) = n$

We set $f(n) = n$:
\[ \frac{1}{2}n^2 + \frac{3}{2}n - 1 = n \]

Multiply the entire equation by 2 to clear the denominators:
\[ n^2 + 3n - 2 = 2n \]

Rearrange into a standard quadratic equation form:
\[ n^2 + 3n - 2n - 2 = 0 \]
\[ n^2 + n - 2 = 0 \]

Factor the quadratic equation:
\[ (n + 2)(n - 1) = 0 \]

The solutions are:
\[ n = -2 \quad \text{or} \quad n = 1 \]

Both $-2$ and $1$ are integers.

### Step 3: Verification

Check $n = 1$:
$f(1) = \frac{1}{2}(1)^2 + \frac{3}{2}(1) - 1 = \frac{1}{2} + \frac{3}{2} - 1 = 2 - 1 = 1$.
Since $f(1) = 1$, this is a solution.

Check $n = -2$:
$f(-2) = \frac{1}{2}(-2)^2 + \frac{3}{2}(-2) - 1 = \frac{1}{2}(4) - 3 - 1 = 2 - 3 - 1 = -2$.
Since $f(-2) = -2$, this is a solution.

### Conclusion

The integers $n$ such that $f(n) = n$ are $-2$ and $1$.

\boxed{-2, 1}","$1,-2$"
MATH-500/26,"To solve the problem of finding the number of ways 7 people can sit around a round table such that no two of the 3 specific people (Pierre, Rosa, and Thomas) sit next to each other, we can use the method of **complementary counting** or the **gap method**. The gap method is often more direct for ""no two adjacent"" constraints in circular permutations.

### Step 1: Understand the Setup
- Total people: $7$
- Specific people (let's call them Group A): Pierre ($P$), Rosa ($R$), Thomas ($T$). There are $3$ people in this group.
- Other people (let's call them Group B): The remaining $7 - 3 = 4$ people. Let's call them $O_1, O_2, O_3, O_4$.
- Constraint: No two people from Group A can sit next to each other.
- Circular Permutation: Rotations are considered identical.

### Step 2: Arrange the ""Other"" People (Group B)
First, we arrange the 4 people from Group B around the round table.
The number of ways to arrange $n$ distinct items in a circle is $(n-1)!$.
So, the number of ways to arrange the 4 ""other"" people is:
$$ (4 - 1)! = 3! = 6 \text{ ways} $$

Let's visualize these 4 people seated. They create 4 distinct spaces or ""gaps"" between them where the people from Group A can be placed.
$$ \_ O_1 \_ O_2 \_ O_3 \_ O_4 \_ $$
(Note: In a circle, the gap after $O_4$ connects back to $O_1$.)

### Step 3: Place the Specific People (Group A) into the Gaps
To ensure that no two people from Group A sit next to each other, we must place each of the 3 people ($P, R, T$) into a separate gap among the 4 available gaps created by Group B.

1.  **Choose the gaps**: We need to choose 3 gaps out of the 4 available gaps. The number of ways to choose 3 gaps from 4 is given by the combination formula $\binom{n}{k}$:
    $$ \binom{4}{3} = 4 \text{ ways} $$

2.  **Arrange the specific people**: Once the 3 gaps are chosen, we need to arrange the 3 distinct people ($P, R, T$) into these 3 chosen gaps. The number of ways to arrange 3 distinct items in 3 specific spots is $3!$:
    $$ 3! = 3 \times 2 \times 1 = 6 \text{ ways} $$

So, the number of ways to place Group A into the gaps relative to a fixed arrangement of Group B is:
$$ \binom{4}{3} \times 3! = 4 \times 6 = 24 \text{ ways} $$

### Step 4: Calculate the Total Number of Arrangements
The total number of valid seating arrangements is the product of the number of ways to arrange Group B and the number of ways to place Group A into the gaps.

$$ \text{Total Ways} = (\text{Ways to arrange Group B}) \times (\text{Ways to place Group A}) $$
$$ \text{Total Ways} = 6 \times 24 $$

Let's compute the product:
$$ 6 \times 24 = 144 $$

### Alternative Method: Complementary Counting (Verification)
Total circular permutations of 7 people is $(7-1)! = 6! = 720$.

Let $S$ be the set of all arrangements.
Let $A$ be the property that $P$ and $R$ are adjacent.
Let $B$ be the property that $R$ and $T$ are adjacent.
Let $C$ be the property that $P$ and $T$ are adjacent.

We want to find the number of arrangements where none of these properties hold: $N(\text{None}) = |S| - |A \cup B \cup C|$.
Using the Principle of Inclusion-Exclusion:
$$ |A \cup B \cup C| = (|A| + |B| + |C|) - (|A \cap B| + |A \cap C| + |B \cap C|) + |A \cap B \cap C| $$

1.  **Calculate $|A|$ (P and R adjacent)**:
    Treat $(PR)$ as a single unit. We now have 6 units: $\{ (PR), T, O_1, O_2, O_3, O_4 \}$.
    Circular arrangements of 6 units: $(6-1)! = 120$.
    Internal arrangement of $(PR)$: $2! = 2$.
    $|A| = 120 \times 2 = 240$.
    Similarly, $|B| = 240$ and $|C| = 240$.
    Sum = $240 + 240 + 240 = 720$.

2.  **Calculate $|A \cap B|$ (P-R adjacent AND R-T adjacent)**:
    This implies the block is $(PRT)$ or $(TRP)$. Essentially, P, R, T are all together in a block of 3.
    Treat $\{P,R,T\}$ as a single unit. We have 5 units: $\{ (PRT), O_1, O_2, O_3, O_4 \}$.
    Circular arrangements of 5 units: $(5-1)! = 24$.
    Internal arrangements of P, R, T such that P-R and R-T are adjacent: The order must be $P-R-T$ or $T-R-P$. So, 2 internal arrangements.
    $|A \cap B| = 24 \times 2 = 48$.
    Similarly, $|A \cap C|$ (P-R and P-T adjacent $\rightarrow$ R-P-T or T-P-R) = 48.
    And $|B \cap C|$ (R-T and P-T adjacent $\rightarrow$ R-T-P or P-T-R) = 48.
    Sum = $48 + 48 + 48 = 144$.

3.  **Calculate $|A \cap B \cap C|$ (All pairs adjacent)**:
    This requires P, R, T to be mutually adjacent. In a linear sense, this is impossible for 3 distinct people unless they form a triangle, but in a line/circle seating, ""mutually adjacent"" for 3 people means they sit in a block of 3.
    Wait, $A \cap B \cap C$ means P is next to R, R is next to T, AND P is next to T.
    In a standard seating arrangement, a person has only 2 neighbors. For P to be next to R and T, R and T must be the two neighbors of P. This forms the block $R-P-T$ or $T-P-R$.
    Does this satisfy $A$ (P next to R)? Yes.
    Does this satisfy $B$ (R next to T)? No, in $R-P-T$, R is next to P and someone else, not T. T is next to P and someone else. R and T are separated by P.
    Therefore, it is **impossible** for all three pairs to be adjacent simultaneously in a simple circular arrangement of distinct seats. You cannot have a triangle of adjacency in a 1D ring of seats.
    So, $|A \cap B \cap C| = 0$.

    *Correction*: Let's re-evaluate the intersection logic.
    $A$: P next to R.
    $B$: R next to T.
    $C$: P next to T.
    
    If $A$ and $B$ are true, the sequence is $P-R-T$ or $T-R-P$. In this case, P and T are NOT next to each other (they are separated by R). So $C$ is false.
    Thus, the intersection of all three is indeed empty. $|A \cap B \cap C| = 0$.

    So, $|A \cup B \cup C| = 720 - 144 + 0 = 576$.

    The number of arrangements with **no** adjacent pairs from Group A is:
    $$ |S| - |A \cup B \cup C| = 720 - 576 = 144 $$

Both methods yield the same result.

### Conclusion
The number of ways 7 people can sit around a round table such that no two of Pierre, Rosa, and Thomas sit next to each other is 144.

\boxed{144}",$144$
MATH-500/27,"To find the profit, we need to calculate the total revenue generated from selling the items and then subtract the total cost of baking them.

**Step 1: Calculate the revenue from cookies.**
The math club sold 54 cookies at a rate of 3 for $\$1$.
First, determine how many sets of 3 cookies were sold:
$$ \frac{54 \text{ cookies}}{3 \text{ cookies/set}} = 18 \text{ sets} $$
Since each set costs $\$1$, the revenue from cookies is:
$$ 18 \text{ sets} \times \$1/\text{set} = \$18 $$

**Step 2: Calculate the revenue from cupcakes.**
The math club sold 20 cupcakes at $\$2$ each.
$$ 20 \text{ cupcakes} \times \$2/\text{cupcake} = \$40 $$

**Step 3: Calculate the revenue from brownies.**
The math club sold 35 brownies at $\$1$ each.
$$ 35 \text{ brownies} \times \$1/\text{brownie} = \$35 $$

**Step 4: Calculate the total revenue.**
Add the revenue from all three items:
$$ \text{Total Revenue} = \$18 (\text{cookies}) + \$40 (\text{cupcakes}) + \$35 (\text{brownies}) $$
$$ \text{Total Revenue} = \$18 + \$40 + \$35 = \$93 $$

**Step 5: Calculate the profit.**
Profit is defined as Total Revenue minus Total Cost. The problem states that the cost to bake the items was $\$15$.
$$ \text{Profit} = \text{Total Revenue} - \text{Total Cost} $$
$$ \text{Profit} = \$93 - \$15 $$
$$ \text{Profit} = \$78 $$

The math club's profit was $\$78$.

\boxed{78}",$78$
MATH-500/28,"To find the resulting complex number after a $90^\circ$ counter-clockwise rotation around the origin, we can use the properties of complex number multiplication.

### Step 1: Understand Rotation in the Complex Plane
Rotating a complex number $z$ by an angle $\theta$ counter-clockwise around the origin is equivalent to multiplying $z$ by $e^{i\theta}$.

For a rotation of $90^\circ$ (or $\frac{\pi}{2}$ radians), the multiplier is:
$$ e^{i\frac{\pi}{2}} = \cos\left(\frac{\pi}{2}\right) + i\sin\left(\frac{\pi}{2}\right) $$

We know that:
$$ \cos\left(\frac{\pi}{2}\right) = 0 $$
$$ \sin\left(\frac{\pi}{2}\right) = 1 $$

Therefore:
$$ e^{i\frac{\pi}{2}} = 0 + 1i = i $$

So, rotating a complex number by $90^\circ$ counter-clockwise is simply multiplying that number by $i$.

### Step 2: Apply the Rotation
The given complex number is $z = 7 + 2i$.
We multiply $z$ by $i$:
$$ z' = (7 + 2i) \cdot i $$

Distribute the $i$:
$$ z' = 7i + 2i^2 $$

Recall that $i^2 = -1$. Substitute this value into the equation:
$$ z' = 7i + 2(-1) $$
$$ z' = 7i - 2 $$

### Step 3: Format the Result
Standard form for a complex number is $a + bi$. Rearranging the terms:
$$ z' = -2 + 7i $$

### Alternative Geometric Check
A $90^\circ$ counter-clockwise rotation maps a point $(x, y)$ to $(-y, x)$.
The complex number $7 + 2i$ corresponds to the point $(7, 2)$.
Applying the transformation:
$$ (7, 2) \rightarrow (-2, 7) $$
This corresponds to the complex number $-2 + 7i$.

### Conclusion
The resulting complex number is $-2 + 7i$.

\boxed{-2 + 7i}",$-2 + 7i$
MATH-500/29,"To determine the number of different battalions that can be sent, we need to calculate the number of ways to choose the required soldiers from the available pool for each class. This is a combination problem because the order in which the soldiers are selected does not matter.

**1. Calculate the number of ways to choose the upper class soldiers:**

*   Total available upper class soldiers ($n_U$) = 5
*   Required upper class soldiers ($k_U$) = 4

The number of ways to choose 4 soldiers from 5 is given by the combination formula $\binom{n}{k} = \frac{n!}{k!(n-k)!}$:

$$ \binom{5}{4} = \frac{5!}{4!(5-4)!} = \frac{5!}{4!1!} = \frac{5 \times 4 \times 3 \times 2 \times 1}{(4 \times 3 \times 2 \times 1) \times 1} = 5 $$

So, there are **5** ways to choose the upper class soldiers.

**2. Calculate the number of ways to choose the lower class soldiers:**

*   Total available lower class soldiers ($n_L$) = 10
*   Required lower class soldiers ($k_L$) = 8

The number of ways to choose 8 soldiers from 10 is:

$$ \binom{10}{8} = \frac{10!}{8!(10-8)!} = \frac{10!}{8!2!} $$

Using the property $\binom{n}{k} = \binom{n}{n-k}$, we know that $\binom{10}{8} = \binom{10}{2}$, which is easier to calculate:

$$ \binom{10}{2} = \frac{10 \times 9}{2 \times 1} = \frac{90}{2} = 45 $$

So, there are **45** ways to choose the lower class soldiers.

**3. Calculate the total number of different battalions:**

Since the choice of upper class soldiers and lower class soldiers are independent events, we multiply the number of ways for each class to find the total number of combinations:

$$ \text{Total Battalions} = (\text{Ways to choose Upper Class}) \times (\text{Ways to choose Lower Class}) $$
$$ \text{Total Battalions} = 5 \times 45 $$
$$ \text{Total Battalions} = 225 $$

**Conclusion:**

There are 225 different battalions that can be sent.

\boxed{225}",$225$
MATH-500/30,"To find the product of $6_8 \cdot 7_8$ and express the answer in base $8$, we can follow these steps:

### Step 1: Convert the numbers from base 8 to base 10
The subscript $_8$ indicates that the numbers are in octal (base 8).
- The number $6_8$ represents the value $6$ in base 10.
- The number $7_8$ represents the value $7$ in base 10.

### Step 2: Perform the multiplication in base 10
Multiply the base 10 values:
$$ 6 \times 7 = 42 $$
So, the product in base 10 is $42_{10}$.

### Step 3: Convert the result from base 10 back to base 8
To convert $42_{10}$ to base 8, we divide the number by 8 and keep track of the remainders.

1. Divide 42 by 8:
   $$ 42 \div 8 = 5 \text{ with a remainder of } 2 $$
   ($5 \times 8 = 40$, and $42 - 40 = 2$)

2. The quotient is 5, which is less than 8, so we stop dividing. The quotient becomes the next digit.

Reading the digits from the last quotient to the first remainder, we get:
- The most significant digit is the quotient: $5$
- The least significant digit is the remainder: $2$

Thus, $42_{10} = 52_8$.

### Verification
We can also perform the multiplication directly in base 8.
In base 8, the digits are $0, 1, 2, 3, 4, 5, 6, 7$.
$6 \times 7 = 42$ in base 10.
We need to represent $42$ in base 8.
$42 = 5 \times 8^1 + 2 \times 8^0$.
So, the digits are $5$ and $2$.
Therefore, $6_8 \cdot 7_8 = 52_8$.

### Final Answer
The product of $6_8 \cdot 7_8$ expressed in base 8 is $\boxed{52_8}$.",$52_8$
MATH-500/31,"To simplify the square root $\sqrt{242}$, we need to find the largest perfect square factor of 242.

**Step 1: Find the prime factorization of 242.**
First, we notice that 242 is an even number, so it is divisible by 2:
$$ 242 \div 2 = 121 $$

Next, we look at 121. We know that $11 \times 11 = 121$, so 121 is a perfect square ($11^2$).
Thus, the prime factorization of 242 is:
$$ 242 = 2 \times 11^2 $$

**Step 2: Apply the property of square roots.**
We can rewrite the square root using the factors found above:
$$ \sqrt{242} = \sqrt{121 \times 2} $$

Using the property $\sqrt{a \times b} = \sqrt{a} \times \sqrt{b}$, we get:
$$ \sqrt{242} = \sqrt{121} \times \sqrt{2} $$

**Step 3: Simplify the perfect square.**
Since $\sqrt{121} = 11$, we substitute this value back into the expression:
$$ \sqrt{242} = 11 \times \sqrt{2} $$
$$ \sqrt{242} = 11\sqrt{2} $$

The number 2 has no perfect square factors other than 1, so $\sqrt{2}$ cannot be simplified further.

**Final Answer:**
$$ \boxed{11\sqrt{2}} $$",$11\sqrt2$
