original_answer,gold_answer,extracted_answer,extracted_gold,is_correct
"To convert the point $(x, y) = (0, 3)$ from rectangular coordinates to polar coordinates $(r, \theta)$, we use the following relationships:

1.  $r = \sqrt{x^2 + y^2}$
2.  $\tan \theta = \frac{y}{x}$ (with adjustments based on the quadrant)

**Step 1: Calculate $r$**

Given $x = 0$ and $y = 3$:
$$ r = \sqrt{0^2 + 3^2} = \sqrt{9} = 3 $$
Since the problem requires $r > 0$, we have $r = 3$.

**Step 2: Calculate $\theta$**

The point $(0, 3)$ lies on the positive $y$-axis.
*   The angle corresponding to the positive $x$-axis is $0$.
*   The angle corresponding to the positive $y$-axis is $\frac{\pi}{2}$.
*   The angle corresponding to the negative $x$-axis is $\pi$.
*   The angle corresponding to the negative $y$-axis is $\frac{3\pi}{2}$.

Since the point is on the positive $y$-axis, the angle $\theta$ is $\frac{\pi}{2}$.

We must ensure that $0 \le \theta < 2\pi$.
$\frac{\pi}{2}$ satisfies this condition.

**Conclusion**

The polar coordinates are $(3, \frac{\pi}{2})$.

\boxed{(3, \frac{\pi}{2})}","$\left( 3, \frac{\pi}{2} \right)$","['(3, pi/2)', '(3, \\frac{\\pi}{2})']","['(3, pi/2)', '( 3, \\frac{\\pi}{2} )']",True
"To find the value of the double sum
\[ S = \sum_{j = 1}^\infty \sum_{k = 1}^\infty \frac{1}{(j + k)^3} \]
in terms of $p = \sum_{k=1}^\infty \frac{1}{k^2}$ and $q = \sum_{k=1}^\infty \frac{1}{k^3}$, we will proceed by changing the order of summation and grouping terms based on the sum of the indices.

### Step 1: Change the Index of Summation

Let $n = j + k$. Since $j \ge 1$ and $k \ge 1$, the smallest possible value for $n$ is $1+1=2$. For a fixed integer $n \ge 2$, the possible pairs $(j, k)$ such that $j+k=n$ are:
\[ (1, n-1), (2, n-2), \dots, (n-1, 1) \]
There are exactly $n-1$ such pairs.

We can rewrite the double sum by summing over $n$ first. The term $\frac{1}{(j+k)^3}$ becomes $\frac{1}{n^3}$ for all pairs in the group corresponding to $n$. Since there are $n-1$ such pairs, the contribution to the sum for a fixed $n$ is:
\[ (n-1) \cdot \frac{1}{n^3} \]

Thus, the double sum can be rewritten as a single sum over $n$:
\[ S = \sum_{n=2}^\infty \frac{n-1}{n^3} \]

### Step 2: Simplify the General Term

We can split the fraction $\frac{n-1}{n^3}$ into two separate terms:
\[ \frac{n-1}{n^3} = \frac{n}{n^3} - \frac{1}{n^3} = \frac{1}{n^2} - \frac{1}{n^3} \]

Substituting this back into the sum:
\[ S = \sum_{n=2}^\infty \left( \frac{1}{n^2} - \frac{1}{n^3} \right) \]

By linearity of summation (assuming absolute convergence, which holds here since the terms are positive and decay rapidly), we can split this into two separate sums:
\[ S = \sum_{n=2}^\infty \frac{1}{n^2} - \sum_{n=2}^\infty \frac{1}{n^3} \]

### Step 3: Relate to $p$ and $q$

Recall the definitions given in the problem:
\[ p = \sum_{k=1}^\infty \frac{1}{k^2} = 1 + \frac{1}{2^2} + \frac{1}{3^2} + \dots \]
\[ q = \sum_{k=1}^\infty \frac{1}{k^3} = 1 + \frac{1}{2^3} + \frac{1}{3^3} + \dots \]

The sums in our expression for $S$ start from $n=2$, not $n=1$. We can express the sums starting from $n=2$ in terms of $p$ and $q$ by subtracting the first term ($n=1$) from the total sums.

For the first part:
\[ \sum_{n=2}^\infty \frac{1}{n^2} = \left( \sum_{n=1}^\infty \frac{1}{n^2} \right) - \frac{1}{1^2} = p - 1 \]

For the second part:
\[ \sum_{n=2}^\infty \frac{1}{n^3} = \left( \sum_{n=1}^\infty \frac{1}{n^3} \right) - \frac{1}{1^3} = q - 1 \]

### Step 4: Combine the Results

Now, substitute these expressions back into the equation for $S$:
\[ S = (p - 1) - (q - 1) \]

Simplify the expression:
\[ S = p - 1 - q + 1 \]
\[ S = p - q \]

### Conclusion

The double sum can be written in terms of $p$ and $q$ as:
\[ \sum_{j = 1}^\infty \sum_{k = 1}^\infty \frac{1}{(j + k)^3} = p - q \]

\boxed{p - q}",$p - q$,"['p - q', 'p - q']","['p - q', 'p - q']",True
"To find the value of $f(-2) + f(-1) + f(0)$ for the function $f(x) = \frac{3x-2}{x-2}$, we will evaluate the function at each of the specified points and then sum the results.

**Step 1: Evaluate $f(-2)$**

Substitute $x = -2$ into the function:
$$ f(-2) = \frac{3(-2) - 2}{-2 - 2} $$
$$ f(-2) = \frac{-6 - 2}{-4} $$
$$ f(-2) = \frac{-8}{-4} $$
$$ f(-2) = 2 $$

**Step 2: Evaluate $f(-1)$**

Substitute $x = -1$ into the function:
$$ f(-1) = \frac{3(-1) - 2}{-1 - 2} $$
$$ f(-1) = \frac{-3 - 2}{-3} $$
$$ f(-1) = \frac{-5}{-3} $$
$$ f(-1) = \frac{5}{3} $$

**Step 3: Evaluate $f(0)$**

Substitute $x = 0$ into the function:
$$ f(0) = \frac{3(0) - 2}{0 - 2} $$
$$ f(0) = \frac{0 - 2}{-2} $$
$$ f(0) = \frac{-2}{-2} $$
$$ f(0) = 1 $$

**Step 4: Sum the values**

Now, we add the three results together:
$$ f(-2) + f(-1) + f(0) = 2 + \frac{5}{3} + 1 $$

Combine the integers first:
$$ 2 + 1 = 3 $$

Add the fraction:
$$ 3 + \frac{5}{3} $$

To add these, convert 3 to a fraction with a denominator of 3:
$$ 3 = \frac{9}{3} $$

So,
$$ \frac{9}{3} + \frac{5}{3} = \frac{9 + 5}{3} = \frac{14}{3} $$

The result is already in simplest form as a common fraction.

\boxed{\frac{14}{3}}",$\frac{14}{3}$,"['14/3', '\\frac{14}{3}']","['14/3', '\\frac{14}{3}']",True
"To find the number of positive whole-number divisors of 196, we can follow these steps:

### Step 1: Prime Factorization of 196

First, we determine the prime factorization of the number 196.

1.  Since 196 is an even number, we can divide it by 2:
    $$196 \div 2 = 98$$
2.  98 is also even, so we divide by 2 again:
    $$98 \div 2 = 49$$
3.  Now we have 49. We know that $49 = 7 \times 7$, or $7^2$.

So, the prime factorization of 196 is:
$$196 = 2 \times 2 \times 7 \times 7 = 2^2 \times 7^2$$

### Step 2: Use the Divisor Counting Formula

If the prime factorization of a number $n$ is given by $n = p_1^{e_1} \times p_2^{e_2} \times \dots \times p_k^{e_k}$, then the total number of positive divisors of $n$, denoted as $d(n)$, is calculated by multiplying the successors of the exponents:
$$d(n) = (e_1 + 1)(e_2 + 1)\dots(e_k + 1)$$

For $196 = 2^2 \times 7^2$:
- The exponent of the prime factor 2 is $2$.
- The exponent of the prime factor 7 is $2$.

Applying the formula:
$$d(196) = (2 + 1)(2 + 1)$$
$$d(196) = 3 \times 3$$
$$d(196) = 9$$

### Step 3: Verification by Listing Divisors

Let's list all the divisors to verify the result. The divisors are formed by combinations of the prime factors $2^0, 2^1, 2^2$ and $7^0, 7^1, 7^2$.

1.  $2^0 \times 7^0 = 1 \times 1 = 1$
2.  $2^1 \times 7^0 = 2 \times 1 = 2$
3.  $2^2 \times 7^0 = 4 \times 1 = 4$
4.  $2^0 \times 7^1 = 1 \times 7 = 7$
5.  $2^1 \times 7^1 = 2 \times 7 = 14$
6.  $2^2 \times 7^1 = 4 \times 7 = 28$
7.  $2^0 \times 7^2 = 1 \times 49 = 49$
8.  $2^1 \times 7^2 = 2 \times 49 = 98$
9.  $2^2 \times 7^2 = 4 \times 49 = 196$

The divisors are: 1, 2, 4, 7, 14, 28, 49, 98, 196.
Counting them, we find there are exactly 9 divisors.

### Conclusion

The number of positive whole-number divisors of 196 is 9.

\boxed{9}",$9$,"['9', '9']","['9', '9']",True
"To determine which student has the greatest average speed, we need to analyze the relationship between distance and time as presented in the graph.

**1. Understand the Graph**
*   The horizontal axis (x-axis) represents **time**.
*   The vertical axis (y-axis) represents **distance**.
*   The average speed of a student is calculated as:
    $$ \text{Speed} = \frac{\text{Distance}}{\text{Time}} $$
*   Geometrically, on a distance-time graph, the speed corresponds to the slope of the line segment connecting the origin $(0,0)$ to the student's data point. A steeper slope indicates a higher speed. Alternatively, we can simply calculate the ratio $\frac{y}{x}$ for each point.

**2. Extract Coordinates for Each Student**
Based on the Asymptote code provided, we can identify the approximate coordinates $(t, d)$ for each student:

*   **Evelyn**: The dot is at $(1.25, 4.5)$.
    *   Time $t = 1.25$
    *   Distance $d = 4.5$
*   **Briana**: The dot is at $(2.5, 2.2)$.
    *   Time $t = 2.5$
    *   Distance $d = 2.2$
*   **Carla**: The dot is at $(4.25, 5.2)$.
    *   Time $t = 4.25$
    *   Distance $d = 5.2$
*   **Debra**: The dot is at $(5.6, 2.8)$.
    *   Time $t = 5.6$
    *   Distance $d = 2.8$
*   **Angela**: The dot is at $(6.8, 1.4)$.
    *   Time $t = 6.8$
    *   Distance $d = 1.4$

**3. Calculate Average Speed for Each Student**

*   **Evelyn**:
    $$ \text{Speed} = \frac{4.5}{1.25} = \frac{4.5}{5/4} = 4.5 \times 0.8 = 3.6 $$

*   **Briana**:
    $$ \text{Speed} = \frac{2.2}{2.5} = \frac{2.2}{5/2} = 2.2 \times 0.4 = 0.88 $$

*   **Carla**:
    $$ \text{Speed} = \frac{5.2}{4.25} \approx \frac{5.2}{4.25} \approx 1.22 $$
    (Calculation: $5.2 / 4.25 = 520 / 425 = 104 / 85 \approx 1.22$)

*   **Debra**:
    $$ \text{Speed} = \frac{2.8}{5.6} = 0.5 $$

*   **Angela**:
    $$ \text{Speed} = \frac{1.4}{6.8} \approx 0.21 $$
    (Calculation: $1.4 / 6.8 = 14 / 68 = 7 / 34 \approx 0.206$)

**4. Compare the Speeds**
*   Evelyn: $3.6$
*   Briana: $0.88$
*   Carla: $\approx 1.22$
*   Debra: $0.5$
*   Angela: $\approx 0.21$

Evelyn has the highest value ($3.6$). Visually, this makes sense because her point is the highest up and furthest to the left, meaning she covered the most distance in the least amount of time.

**Conclusion**
Evelyn has the greatest average speed.

\boxed{Evelyn}",$\text{Evelyn}$,"['E*e*l*n*v*y', 'Evelyn']","['evelyn', '\\text{Evelyn}']",True
"To find the perimeter of the regular hexagon, we will follow these steps:

1.  **Determine the side length of the equilateral triangle.**
    The problem states that the regular hexagon is divided into six equilateral triangles. An equilateral triangle has three sides of equal length. Let $s$ be the side length of one of these triangles.
    
    The perimeter of one equilateral triangle is given as 21 inches. Therefore:
    $$3s = 21$$
    
    Solving for $s$:
    $$s = \frac{21}{3} = 7 \text{ inches}$$

2.  **Determine the side length of the regular hexagon.**
    A regular hexagon can be divided into six equilateral triangles by drawing lines from the center to each vertex. The sides of these triangles that form the boundary of the hexagon are the sides of the hexagon itself. Therefore, the side length of the regular hexagon is equal to the side length of the equilateral triangle.
    
    So, the side length of the hexagon is also $7$ inches.

3.  **Calculate the perimeter of the regular hexagon.**
    A regular hexagon has 6 equal sides. Let $P_{hex}$ be the perimeter of the hexagon.
    $$P_{hex} = 6 \times s$$
    $$P_{hex} = 6 \times 7$$
    $$P_{hex} = 42 \text{ inches}$$

**Conclusion:**
The perimeter of the regular hexagon is 42 inches.

\boxed{42}",$42$,"['42', '42']","['42', '42']",True
"To find the smallest positive perfect cube that can be written as the sum of three consecutive integers, we will proceed with the following logical steps:

### Step 1: Express the sum of three consecutive integers algebraically

Let the three consecutive integers be $n-1$, $n$, and $n+1$, where $n$ is an integer.
The sum $S$ of these three integers is:
$$ S = (n-1) + n + (n+1) $$
$$ S = 3n $$

So, the sum of any three consecutive integers is always a multiple of 3.

### Step 2: Set the sum equal to a perfect cube

We are looking for a number that is both a perfect cube and equal to this sum. Let the perfect cube be $k^3$, where $k$ is a positive integer.
Therefore, we have the equation:
$$ k^3 = 3n $$

This implies that $k^3$ must be divisible by 3.

### Step 3: Determine the properties of $k$

If a perfect cube $k^3$ is divisible by a prime number $p$, then the base $k$ must also be divisible by $p$.
*   Proof: Let the prime factorization of $k$ be $p_1^{a_1} p_2^{a_2} \dots$. Then $k^3 = p_1^{3a_1} p_2^{3a_2} \dots$. For $k^3$ to be divisible by 3, the exponent of the prime factor 3 in the prime factorization of $k^3$ must be at least 1. Since the exponents in $k^3$ are multiples of 3, the smallest positive multiple of 3 is 3. This means the exponent of 3 in $k$ must be at least 1. Thus, $k$ is divisible by 3.

So, $k$ must be a multiple of 3. Let $k = 3m$ for some positive integer $m$.

### Step 4: Find the smallest positive integer $k$

We want the **smallest** positive perfect cube. This corresponds to the smallest positive integer $k$.
Since $k$ must be a multiple of 3, the possible values for $k$ are $3, 6, 9, \dots$.

The smallest positive value is $k = 3$.

### Step 5: Calculate the perfect cube and verify

Let's test $k = 3$:
$$ k^3 = 3^3 = 27 $$

Now, we check if 27 can be written as the sum of three consecutive integers.
From Step 1, we know the sum is $3n$. So:
$$ 27 = 3n $$
$$ n = 9 $$

The three consecutive integers are $n-1, n, n+1$, which are:
$$ 8, 9, 10 $$

Let's verify the sum:
$$ 8 + 9 + 10 = 27 $$

Since $27 = 3^3$, it is a perfect cube.
Since $8, 9, 10$ are consecutive integers, the condition is satisfied.

Is there a smaller positive perfect cube?
The positive perfect cubes are $1^3=1$, $2^3=8$, $3^3=27$, etc.
*   $1$: Is $1$ divisible by 3? No. ($1 = 3n \implies n=1/3$, not an integer).
*   $8$: Is $8$ divisible by 3? No. ($8 = 3n \implies n=8/3$, not an integer).
*   $27$: Is $27$ divisible by 3? Yes. ($27 = 3n \implies n=9$, an integer).

Thus, 27 is the smallest.

### Conclusion

The smallest positive perfect cube that can be written as the sum of three consecutive integers is 27.

\boxed{27}",$27$,"['27', '27']","['27', '27']",True
"To find the angle between the two lines, we first need to determine the direction vectors for each line.

### Step 1: Find the direction vector of the first line

The equation for the first line is given by:
\[ 2x = 3y = -z \]

Let this common value be equal to a parameter $t$. Then we can write:
\[ 2x = t \implies x = \frac{t}{2} \]
\[ 3y = t \implies y = \frac{t}{3} \]
\[ -z = t \implies z = -t \]

So, the position vector $\mathbf{r}_1$ of any point on this line can be written as:
\[ \mathbf{r}_1 = \left( \frac{1}{2}, \frac{1}{3}, -1 \right) t \]

The direction vector $\mathbf{v}_1$ is the coefficient of $t$:
\[ \mathbf{v}_1 = \left( \frac{1}{2}, \frac{1}{3}, -1 \right) \]

To make calculations easier, we can scale this vector by the least common multiple of the denominators (which is 6) to get an integer vector parallel to $\mathbf{v}_1$. Let's call this scaled vector $\mathbf{u}_1$:
\[ \mathbf{u}_1 = 6 \mathbf{v}_1 = \left( 3, 2, -6 \right) \]

### Step 2: Find the direction vector of the second line

The equation for the second line is given by:
\[ 6x = -y = -4z \]

Let this common value be equal to a parameter $s$. Then we can write:
\[ 6x = s \implies x = \frac{s}{6} \]
\[ -y = s \implies y = -s \]
\[ -4z = s \implies z = -\frac{s}{4} \]

So, the position vector $\mathbf{r}_2$ of any point on this line can be written as:
\[ \mathbf{r}_2 = \left( \frac{1}{6}, -1, -\frac{1}{4} \right) s \]

The direction vector $\mathbf{v}_2$ is the coefficient of $s$:
\[ \mathbf{v}_2 = \left( \frac{1}{6}, -1, -\frac{1}{4} \right) \]

Similarly, we can scale this vector to get an integer vector parallel to $\mathbf{v}_2$. The least common multiple of the denominators 6 and 4 is 12. Let's call this scaled vector $\mathbf{u}_2$:
\[ \mathbf{u}_2 = 12 \mathbf{v}_2 = \left( 2, -12, -3 \right) \]

### Step 3: Calculate the angle between the direction vectors

The angle $\theta$ between two lines is defined as the acute angle between their direction vectors. We use the dot product formula:
\[ \cos \theta = \frac{|\mathbf{u}_1 \cdot \mathbf{u}_2|}{\|\mathbf{u}_1\| \|\mathbf{u}_2\|} \]

First, calculate the dot product $\mathbf{u}_1 \cdot \mathbf{u}_2$:
\[ \mathbf{u}_1 = (3, 2, -6) \]
\[ \mathbf{u}_2 = (2, -12, -3) \]
\[ \mathbf{u}_1 \cdot \mathbf{u}_2 = (3)(2) + (2)(-12) + (-6)(-3) \]
\[ \mathbf{u}_1 \cdot \mathbf{u}_2 = 6 - 24 + 18 \]
\[ \mathbf{u}_1 \cdot \mathbf{u}_2 = 0 \]

Since the dot product is 0, the vectors are orthogonal (perpendicular).

### Step 4: Determine the angle

If the dot product of two non-zero vectors is 0, the angle between them is $90^\circ$.

\[ \cos \theta = 0 \implies \theta = 90^\circ \]

### Conclusion

The angle between the two lines is $90^\circ$.

\boxed{90}",$90^\circ$,"['90', '90']","['90', '90^\\circ']",True
"To find the distance between two points $(x_1, y_1)$ and $(x_2, y_2)$ in a coordinate plane, we use the distance formula:

$$ d = \sqrt{(x_2 - x_1)^2 + (y_2 - y_1)^2} $$

**Step 1: Identify the coordinates of the points.**
Let $(x_1, y_1) = (2, -6)$ and $(x_2, y_2) = (-4, 3)$.

**Step 2: Substitute the coordinates into the distance formula.**
$$ d = \sqrt{(-4 - 2)^2 + (3 - (-6))^2} $$

**Step 3: Simplify the expressions inside the parentheses.**
$$ x_2 - x_1 = -4 - 2 = -6 $$
$$ y_2 - y_1 = 3 - (-6) = 3 + 6 = 9 $$

So, the equation becomes:
$$ d = \sqrt{(-6)^2 + (9)^2} $$

**Step 4: Square the differences.**
$$ (-6)^2 = 36 $$
$$ (9)^2 = 81 $$

So,
$$ d = \sqrt{36 + 81} $$

**Step 5: Add the numbers inside the square root.**
$$ d = \sqrt{117} $$

**Step 6: Simplify the radical.**
To express the answer in simplest radical form, we need to find the largest perfect square factor of 117.
The factors of 117 are 1, 3, 9, 13, 39, 117.
The largest perfect square factor is 9.

$$ 117 = 9 \times 13 $$

Therefore:
$$ d = \sqrt{9 \times 13} $$
$$ d = \sqrt{9} \times \sqrt{13} $$
$$ d = 3\sqrt{13} $$

The distance between the points is $3\sqrt{13}$.

\boxed{3\sqrt{13}}",$3\sqrt{13}$,"['3*sqrt(13)', '3\\sqrt{13}']","['3*sqrt(13)', '3\\sqrt{13}']",True
"To determine how many distinct values can be obtained from the expression $2 \cdot 3 \cdot 4 \cdot 5 + 1$ by inserting parentheses, we must analyze all possible ways to parenthesize the expression.

The expression consists of four numbers ($2, 3, 4, 5$) connected by multiplication operators, followed by a $+ 1$. The structure is essentially a product of four terms plus one. Let the sequence of operations be defined by the placement of parentheses. Since addition has lower precedence than multiplication in standard arithmetic, but parentheses can override this, we need to consider how the $+1$ interacts with the multiplications.

The expression is $2 \cdot 3 \cdot 4 \cdot 5 + 1$.
The operators are $\cdot, \cdot, \cdot, +$.
The operands are $2, 3, 4, 5, 1$.

Let's denote the expression as $E$. The possible parenthesizations depend on where the final operation occurs. The last operation performed must be either a multiplication or an addition.

**Case 1: The last operation is addition.**
This means the expression is of the form $(A) + 1$, where $A$ is a parenthesized version of $2 \cdot 3 \cdot 4 \cdot 5$.
Since multiplication is associative, any parenthesization of $2 \cdot 3 \cdot 4 \cdot 5$ results in the same value:
$2 \cdot 3 \cdot 4 \cdot 5 = 120$.
So, the value is $120 + 1 = 121$.
This gives us **1 value**: $\{121\}$.

**Case 2: The last operation is multiplication.**
This means the expression is of the form $(A) \cdot (B)$, where the split occurs at one of the multiplication signs. The $+1$ must be contained entirely within either $A$ or $B$.
The possible splits for the product $2 \cdot 3 \cdot 4 \cdot 5 + 1$ are:
1.  $2 \cdot (3 \cdot 4 \cdot 5 + 1)$
2.  $(2 \cdot 3) \cdot (4 \cdot 5 + 1)$
3.  $(2 \cdot 3 \cdot 4) \cdot (5 + 1)$

Note: We cannot split such that the $+1$ is separated from the numbers it adds to in a way that violates the order. For example, $2 \cdot 3 \cdot (4 \cdot 5 + 1)$ is covered in split 2 if we consider the left part as $2 \cdot 3$. Let's systematically list the structures based on the position of the addition relative to the multiplications.

The expression is $2 \cdot 3 \cdot 4 \cdot 5 + 1$.
The addition is between the term resulting from $2 \cdot 3 \cdot 4 \cdot 5$ and $1$. However, parentheses can group the $1$ with the preceding numbers.
Essentially, the $+1$ can be added to a sub-product of the sequence $2, 3, 4, 5$.
Let the sub-product be $P$. Then the expression becomes $P_{left} \cdot (P_{right} + 1)$ or similar structures.
More formally, any valid parenthesization will result in an expression of the form:
$2 \cdot 3 \cdot \dots \cdot k \cdot ( (k+1) \cdot \dots \cdot 5 + 1 )$
Wait, this is not quite right. The $+1$ is at the very end. So the structure must be:
$X \cdot Y$, where $Y$ contains the $+1$.
Since the $+1$ is at the end, the rightmost part of the expression must involve the addition.
Let's look at the possible ""cuts"" where the addition happens.
The addition is $+1$. The 1 is the last operand.
So the expression is effectively $M + 1$ where $M$ is a product, OR it is a product where one of the factors is a sum ending in $+1$.

Let's enumerate the distinct binary tree structures for the operators $\cdot, \cdot, \cdot, +$ with operands $2, 3, 4, 5, 1$.
The operators are fixed in order: $2 \cdot 3 \cdot 4 \cdot 5 + 1$.
Let's denote the operations as $op_1=\cdot, op_2=\cdot, op_3=\cdot, op_4=+$.
The possible parenthesizations correspond to the different ways to associate these operations.

Let's evaluate each distinct structural grouping:

1.  **Standard Order (Left-associative for mult, then add):**
    $((2 \cdot 3) \cdot 4) \cdot 5 + 1 = 120 + 1 = 121$.

2.  **Addition inside the last multiplication:**
    $(2 \cdot 3 \cdot 4) \cdot (5 + 1)$
    $= 24 \cdot 6 = 144$.

3.  **Addition inside the second-to-last multiplication:**
    Here, the $+1$ is grouped with $5$, and that sum is multiplied by $4$, etc.
    Structure: $2 \cdot 3 \cdot (4 \cdot (5 + 1))$? No, the operators are fixed.
    Let's look at the split points for the final multiplication.
    
    *   Split after 2: $2 \cdot (3 \cdot 4 \cdot 5 + 1)$
        Inside the parenthesis, we have $3 \cdot 4 \cdot 5 + 1$.
        This sub-expression can be evaluated in two ways:
        a) $(3 \cdot 4 \cdot 5) + 1 = 60 + 1 = 61$.
           Total: $2 \cdot 61 = 122$.
        b) $3 \cdot (4 \cdot (5 + 1))$? No, the structure is $3 \cdot 4 \cdot 5 + 1$.
           The addition is at the end. So it's either $(3 \cdot 4 \cdot 5) + 1$ or $3 \cdot (4 \cdot (5+1))$ is not possible because the $+1$ is outside the $3 \cdot 4 \cdot 5$ chain unless we parenthesize $(4 \cdot 5 + 1)$?
           Let's be precise. The sub-expression is $3 \cdot 4 \cdot 5 + 1$.
           Possible values for $3 \cdot 4 \cdot 5 + 1$:
           - $(3 \cdot 4 \cdot 5) + 1 = 61$.
           - $3 \cdot (4 \cdot (5 + 1))$? This would require the expression to be $3 \cdot 4 \cdot (5+1)$. But the original is $3 \cdot 4 \cdot 5 + 1$. To get $3 \cdot (4 \cdot (5+1))$, we would need parentheses like $3 \cdot (4 \cdot (5+1))$. Is this a valid parenthesization of $3 \cdot 4 \cdot 5 + 1$?
             Yes: $3 \cdot (4 \cdot (5 + 1))$.
             Value: $3 \cdot (4 \cdot 6) = 3 \cdot 24 = 72$.
           - $3 \cdot ((4 \cdot 5) + 1)$?
             Value: $3 \cdot (20 + 1) = 3 \cdot 21 = 63$.
           
           So, for the split $2 \cdot (\dots)$, the inner part $3 \cdot 4 \cdot 5 + 1$ can yield:
           - $61$ (from $(3 \cdot 4 \cdot 5) + 1$) $\rightarrow 2 \cdot 61 = 122$.
           - $72$ (from $3 \cdot (4 \cdot (5 + 1))$) $\rightarrow 2 \cdot 72 = 144$. (Duplicate)
           - $63$ (from $3 \cdot ((4 \cdot 5) + 1)$) $\rightarrow 2 \cdot 63 = 126$.

    *   Split after 3: $(2 \cdot 3) \cdot (4 \cdot 5 + 1)$
        Left part: $2 \cdot 3 = 6$.
        Right part: $4 \cdot 5 + 1$.
        Possible values for $4 \cdot 5 + 1$:
        - $(4 \cdot 5) + 1 = 21$.
        - $4 \cdot (5 + 1) = 24$.
        
        So, total values:
        - $6 \cdot 21 = 126$. (Duplicate)
        - $6 \cdot 24 = 144$. (Duplicate)

    *   Split after 4: $(2 \cdot 3 \cdot 4) \cdot (5 + 1)$
        Left part: $2 \cdot 3 \cdot 4 = 24$.
        Right part: $5 + 1 = 6$.
        Total: $24 \cdot 6 = 144$. (Duplicate)

    *   Split after 5? No, the last operator is $+$. So the top-level operation can be $+$ or $\cdot$.
      We already covered top-level $+$ (Value 121).
      We covered top-level $\cdot$ with splits after 2, 3, 4.
      
      Are there other structures?
      What about $2 \cdot (3 \cdot (4 \cdot 5 + 1))$?
      This falls under the ""Split after 2"" category, where the inner expression is $3 \cdot (4 \cdot 5 + 1)$.
      We calculated $3 \cdot (20 + 1) = 63$.
      $2 \cdot 63 = 126$.
      
      What about $2 \cdot (3 \cdot 4 \cdot (5 + 1))$?
      This falls under ""Split after 2"", inner expression $3 \cdot 4 \cdot (5 + 1)$.
      We calculated $3 \cdot (4 \cdot 6) = 72$.
      $2 \cdot 72 = 144$.

      What about $(2 \cdot 3) \cdot (4 \cdot (5 + 1))$?
      This falls under ""Split after 3"", right part $4 \cdot (5 + 1) = 24$.
      $6 \cdot 24 = 144$.

      What about $(2 \cdot 3) \cdot ((4 \cdot 5) + 1)$?
      This falls under ""Split after 3"", right part $(4 \cdot 5) + 1 = 21$.
      $6 \cdot 21 = 126$.

Let's systematically list all unique parenthesizations of $2 \cdot 3 \cdot 4 \cdot 5 + 1$.
The expression has 5 operands and 4 operators. The number of ways to parenthesize an expression with $n$ operands is given by the Catalan number $C_{n-1}$. Here $n=5$, so $C_4 = 14$ possible parenthesizations. However, since the operators are not all the same (three $\cdot$ and one $+$), many will yield the same result, and some structures might be invalid or equivalent. But actually, the operators are fixed in position. We just need to evaluate all 14 binary tree structures.

Let the operands be $a_1=2, a_2=3, a_3=4, a_4=5, a_5=1$.
Operators: $op_1=\cdot, op_2=\cdot, op_3=\cdot, op_4=+$.

The 14 parenthesizations for 5 operands are:
1.  $((((a_1 \cdot a_2) \cdot a_3) \cdot a_4) + a_5)$
    $= (((2 \cdot 3) \cdot 4) \cdot 5) + 1 = 120 + 1 = 121$.

2.  $(((a_1 \cdot a_2) \cdot (a_3 \cdot a_4)) + a_5)$
    $= ((2 \cdot 3) \cdot (4 \cdot 5)) + 1 = (6 \cdot 20) + 1 = 121$.

3.  $((a_1 \cdot (a_2 \cdot a_3)) \cdot a_4) + a_5)$
    $= ((2 \cdot (3 \cdot 4)) \cdot 5) + 1 = (2 \cdot 12 \cdot 5) + 1 = 121$.

4.  $(a_1 \cdot ((a_2 \cdot a_3) \cdot a_4)) + a_5)$
    $= (2 \cdot ((3 \cdot 4) \cdot 5)) + 1 = (2 \cdot 60) + 1 = 121$.

5.  $(a_1 \cdot (a_2 \cdot (a_3 \cdot a_4))) + a_5)$
    $= (2 \cdot (3 \cdot (4 \cdot 5))) + 1 = (2 \cdot 60) + 1 = 121$.

    *Note: All parenthesizations where the final operation is $+$ (i.e., the $+$ is the root of the tree) will result in $120 + 1 = 121$, because the left subtree is a product of 2,3,4,5 which is always 120.*
    How many such trees are there? These are trees where the root is $op_4$. The left child is a tree for $a_1..a_4$ and right child is $a_5$.
    The number of ways to parenthesize $a_1..a_4$ is $C_3 = 5$.
    So, structures 1-5 above correspond to these 5 cases. All yield **121**.

6.  $((a_1 \cdot a_2) \cdot (a_3 \cdot (a_4 + a_5)))$
    Wait, the operator between $a_4$ and $a_5$ is $+$. The operator between $a_3$ and the group $(a_4, a_5)$ is $\cdot$.
    Structure: $(a_1 \cdot a_2) \cdot (a_3 \cdot (a_4 + a_5))$
    $= (2 \cdot 3) \cdot (4 \cdot (5 + 1)) = 6 \cdot (4 \cdot 6) = 6 \cdot 24 = 144$.

7.  $((a_1 \cdot a_2) \cdot ((a_3 \cdot a_4) + a_5))$
    Structure: $(a_1 \cdot a_2) \cdot ((a_3 \cdot a_4) + a_5)$
    $= (2 \cdot 3) \cdot ((4 \cdot 5) + 1) = 6 \cdot (20 + 1) = 6 \cdot 21 = 126$.

8.  $(a_1 \cdot (a_2 \cdot (a_3 \cdot (a_4 + a_5))))$
    Structure: $a_1 \cdot (a_2 \cdot (a_3 \cdot (a_4 + a_5)))$
    $= 2 \cdot (3 \cdot (4 \cdot (5 + 1))) = 2 \cdot (3 \cdot 24) = 2 \cdot 72 = 144$.

9.  $(a_1 \cdot (a_2 \cdot ((a_3 \cdot a_4) + a_5)))$
    Structure: $a_1 \cdot (a_2 \cdot ((a_3 \cdot a_4) + a_5))$
    $= 2 \cdot (3 \cdot ((4 \cdot 5) + 1)) = 2 \cdot (3 \cdot 21) = 2 \cdot 63 = 126$.

10. $((a_1 \cdot (a_2 \cdot a_3)) \cdot (a_4 + a_5))$
    Structure: $(a_1 \cdot (a_2 \cdot a_3)) \cdot (a_4 + a_5)$
    $= (2 \cdot (3 \cdot 4)) \cdot (5 + 1) = (2 \cdot 12) \cdot 6 = 24 \cdot 6 = 144$.

11. $((a_1 \cdot a_2 \cdot a_3) \cdot (a_4 + a_5))$ -- Wait, $a_1 \cdot a_2 \cdot a_3$ needs internal structure.
    Let's list the remaining 4 structures where the root is $\cdot$ and the right child contains the $+$.
    The split of the operands for the root $\cdot$ can be:
    - Split 1: $(a_1) \cdot (a_2, a_3, a_4, a_5)$. Root is $op_1$.
      Right child is a tree for $3, 4, 5, 1$ with ops $\cdot, \cdot, +$.
      Number of such trees is $C_3 = 5$.
      Let's evaluate them:
      a) $a_1 \cdot (((a_2 \cdot a_3) \cdot a_4) + a_5)$
         $= 2 \cdot (((3 \cdot 4) \cdot 5) + 1) = 2 \cdot (60 + 1) = 2 \cdot 61 = 122$.
      b) $a_1 \cdot ((a_2 \cdot (a_3 \cdot a_4)) + a_5)$
         $= 2 \cdot ((3 \cdot (4 \cdot 5)) + 1) = 2 \cdot (60 + 1) = 122$.
      c) $a_1 \cdot ((a_2 \cdot a_3) \cdot (a_4 + a_5))$
         $= 2 \cdot ((3 \cdot 4) \cdot (5 + 1)) = 2 \cdot (12 \cdot 6) = 2 \cdot 72 = 144$.
      d) $a_1 \cdot (a_2 \cdot ((a_3 \cdot a_4) + a_5))$
         $= 2 \cdot (3 \cdot ((4 \cdot 5) + 1)) = 2 \cdot (3 \cdot 21) = 126$. (Already found in #9)
      e) $a_1 \cdot (a_2 \cdot (a_3 \cdot (a_4 + a_5)))$
         $= 2 \cdot (3 \cdot (4 \cdot (5 + 1))) = 2 \cdot (3 \cdot 24) = 144$. (Already found in #8)

    - Split 2: $(a_1, a_2) \cdot (a_3, a_4, a_5)$. Root is $op_2$.
      Left child is tree for $2, 3$ (only 1 way: $2 \cdot 3 = 6$).
      Right child is tree for $4, 5, 1$ with ops $\cdot, +$.
      Number of such trees is $C_2 = 2$.
      a) $(a_1 \cdot a_2) \cdot ((a_3 \cdot a_4) + a_5)$
         $= (2 \cdot 3) \cdot ((4 \cdot 5) + 1) = 6 \cdot 21 = 126$. (Already found in #7)
      b) $(a_1 \cdot a_2) \cdot (a_3 \cdot (a_4 + a_5))$
         $= (2 \cdot 3) \cdot (4 \cdot (5 + 1)) = 6 \cdot 24 = 144$. (Already found in #6)

    - Split 3: $(a_1, a_2, a_3) \cdot (a_4, a_5)$. Root is $op_3$.
      Left child is tree for $2, 3, 4$ with ops $\cdot, \cdot$.
      Number of such trees is $C_2 = 2$.
      Right child is tree for $5, 1$ with op $+$.
      Only 1 way: $5 + 1 = 6$.
      a) $((a_1 \cdot a_2) \cdot a_3) \cdot (a_4 + a_5)$
         $= ((2 \cdot 3) \cdot 4) \cdot 6 = 24 \cdot 6 = 144$.
      b) $(a_1 \cdot (a_2 \cdot a_3)) \cdot (a_4 + a_5)$
         $= (2 \cdot (3 \cdot 4)) \cdot 6 = 24 \cdot 6 = 144$. (Already found in #10)

    - Split 4: $(a_1, a_2, a_3, a_4) \cdot a_5$. Root is $op_4$? No, $op_4$ is $+$.
      If the root is $\cdot$, the right operand cannot be just $a_5$ because the operator before $a_5$ is $+$.
      The operators are $op_1, op_2, op_3, op_4$.
      If the root is $op_k$, it splits the sequence into $1..k$ and $k+1..5$.
      $op_1$ is $\cdot$. Split: $(2) \cdot (3,4,5,1)$. Covered in Split 1.
      $op_2$ is $\cdot$. Split: $(2,3) \cdot (4,5,1)$. Covered in Split 2.
      $op_3$ is $\cdot$. Split: $(2,3,4) \cdot (5,1)$. Covered in Split 3.
      $op_4$ is $+$. Split: $(2,3,4,5) + (1)$. Covered in Cases 1-5.

So, we have evaluated all 14 parenthesizations.
Let's collect the unique values obtained:
1.  From root $+$: **121**.
2.  From root $\cdot$ (Split 1):
    - $122$
    - $144$
    - $126$
3.  From root $\cdot$ (Split 2):
    - $126$
    - $144$
4.  From root $\cdot$ (Split 3):
    - $144$

The set of values is $\{121, 122, 126, 144\}$.

Let's double check if I missed any.
Total parenthesizations = 14.
- 5 yield 121.
- Split 1 (5 trees):
  - $2 \cdot (((3 \cdot 4) \cdot 5) + 1) = 122$
  - $2 \cdot ((3 \cdot (4 \cdot 5)) + 1) = 122$
  - $2 \cdot ((3 \cdot 4) \cdot (5 + 1)) = 144$
  - $2 \cdot (3 \cdot ((4 \cdot 5) + 1)) = 126$
  - $2 \cdot (3 \cdot (4 \cdot (5 + 1))) = 144$
- Split 2 (2 trees):
  - $(2 \cdot 3) \cdot ((4 \cdot 5) + 1) = 126$
  - $(2 \cdot 3) \cdot (4 \cdot (5 + 1)) = 144$
- Split 3 (2 trees):
  - $((2 \cdot 3) \cdot 4) \cdot (5 + 1) = 144$
  - $(2 \cdot (3 \cdot 4)) \cdot (5 + 1) = 144$

Unique values:
- 121
- 122
- 126
- 144

There are 4 distinct values.

\boxed{4}",$4$,"['4', '4']","['4', '4']",True
"To find the least positive integer multiple of 30 that can be written with only the digits 0 and 2, we need to satisfy the divisibility rules for 30.

A number is divisible by 30 if and only if it is divisible by both 10 and 3.
Since $30 = 10 \times 3$ and $\gcd(10, 3) = 1$, these conditions are independent.

**Step 1: Divisibility by 10**
For a number to be divisible by 10, its last digit (units digit) must be 0.
The allowed digits are 0 and 2. Therefore, the number must end in 0.
Let the number be $N$. So, $N$ looks like $\dots d_2 d_1 0$, where $d_i \in \{0, 2\}$.

**Step 2: Divisibility by 3**
For a number to be divisible by 3, the sum of its digits must be divisible by 3.
Let the digits of $N$ be $d_k, d_{k-1}, \dots, d_1, 0$.
The sum of the digits is $S = d_k + d_{k-1} + \dots + d_1 + 0$.
Since each non-zero digit $d_i$ is 2, let $m$ be the count of the digit 2 in the number.
Then the sum of the digits is $S = 2m$.
For $N$ to be divisible by 3, $S$ must be a multiple of 3.
So, $2m$ must be divisible by 3.
Since 2 and 3 are coprime, $m$ must be divisible by 3.
Therefore, the number of 2s in the integer must be a multiple of 3 (i.e., $m = 3, 6, 9, \dots$).

**Step 3: Finding the Least Positive Integer**
To find the *least* positive integer, we want the number with the fewest digits possible. If there are multiple numbers with the same number of digits, we want the one with the smallest value (which means placing smaller digits in higher place values, but since our digits are only 0 and 2, and the leading digit cannot be 0, the leading digit must be 2).

Let's test the possible values for $m$ (the count of 2s):

*   **Case $m=3$**: The number contains exactly three 2s and some number of 0s.
    To minimize the number, we should minimize the total number of digits. The minimum number of digits occurs when we have no extra 0s other than the one required at the end.
    So, the digits are three 2s and one 0.
    The last digit must be 0.
    The remaining digits are three 2s.
    To make the number as small as possible, we arrange the non-zero digits in ascending order of place value? No, to make the number smallest, we want the most significant digits to be as small as possible. However, all non-zero digits are 2. So the arrangement of the 2s doesn't change the value relative to each other, but their position relative to the 0 matters.
    Wait, the digits are fixed: three 2s and one 0.
    The last digit is 0.
    The preceding digits are 2, 2, 2.
    So the number is $2220$.
    Let's check if we can have fewer digits.
    Total digits = $m + (\text{number of zeros})$.
    We need at least one 0 at the end.
    So minimum digits = $3 + 1 = 4$.
    The number formed by three 2s and one 0, ending in 0, is $2220$.
    Is there a smaller number with 4 digits?
    The digits must be $\{2, 2, 2, 0\}$.
    Possible permutations ending in 0:
    - $2220$
    - $2202$ (ends in 2, not divisible by 10)
    - $2022$ (ends in 2, not divisible by 10)
    - $0222$ (not a 4-digit number, effectively 222, which is not divisible by 10)
    So, $2220$ is the only 4-digit candidate.

    Let's verify $2220$:
    - Digits are only 0 and 2? Yes.
    - Divisible by 10? Yes (ends in 0).
    - Divisible by 3? Sum of digits = $2+2+2+0 = 6$, which is divisible by 3. Yes.
    - So $2220$ is divisible by 30.

    Could there be a smaller number with more digits? No, a number with more digits is always larger than a number with fewer digits (assuming positive integers).
    Could there be a smaller number with the same number of digits?
    We established that for $m=3$, the digits are three 2s and at least one 0.
    If we add more 0s, the number of digits increases, making the number larger.
    For example, $20220$ (5 digits) > $2220$.
    $22020$ (5 digits) > $2220$.
    
    What if $m=0$?
    Sum of digits = 0. Divisible by 3.
    Number consists of only 0s. The only positive integer is not possible (0 is not positive). Or if we consider just ""0"", it's not positive. The problem asks for a *positive* integer.
    
    What if $m=1$?
    Sum = 2. Not divisible by 3.
    
    What if $m=2$?
    Sum = 4. Not divisible by 3.

    So the minimum number of 2s is 3.
    The minimum number of digits is $3 \text{ (twos)} + 1 \text{ (zero)} = 4$.
    The smallest 4-digit number formed by three 2s and one 0, ending in 0, is $2220$.

    Let's double check if a number like $2022$ works? No, ends in 2.
    $2202$? No, ends in 2.
    $200...$?
    If we use $m=3$, we have three 2s.
    Can we put 0s in between?
    $20220$ -> 5 digits. Larger.
    $22020$ -> 5 digits. Larger.
    $20022$? Ends in 2.
    
    Is it possible to have a number with fewer than 4 digits?
    1 digit: 0 (not positive), 2 (not div by 10).
    2 digits: 00, 02, 20, 22.
    - 20: Sum=2 (not div by 3).
    - 02: Not positive integer representation usually, and 2 not div by 10.
    3 digits:
    - Ends in 0. Digits from {0,2}.
    - Possible numbers: 200, 220, 020 (20), 000 (0).
    - 200: Sum=2 (not div by 3).
    - 220: Sum=4 (not div by 3).
    
    So no 1, 2, or 3 digit number works.
    The smallest candidate is 4 digits.
    The only 4-digit number composed of 0s and 2s ending in 0 with digit sum divisible by 3 is 2220.
    Sum = 6. Divisible by 3.
    Ends in 0. Divisible by 10.
    Therefore, divisible by 30.

    Calculation:
    $2220 / 30 = 222 / 3 = 74$.
    It is an integer.

    Thus, the least positive integer is 2220.

\boxed{2220}",$2220$,"['2220', '2220']","['2220', '2220']",True
"To find the value of $p(8)$, we are given that $p(x)$ is a polynomial of degree 5 satisfying:
\[ p(n) = \frac{n}{n^2 - 1} \quad \text{for } n = 2, 3, 4, 5, 6, 7. \]

### Step 1: Analyze the structure of the problem

Let $f(x) = \frac{x}{x^2 - 1}$. The condition is $p(n) = f(n)$ for $n \in \{2, 3, 4, 5, 6, 7\}$.
Notice that $f(x)$ has vertical asymptotes at $x = 1$ and $x = -1$. The polynomial $p(x)$ approximates this rational function at 6 specific points. Since $p(x)$ is of degree 5, it is uniquely determined by these 6 points.

We can construct an auxiliary polynomial to exploit the roots. Consider the polynomial:
\[ Q(x) = (x^2 - 1)p(x) - x \]
Let's analyze the degree and roots of $Q(x)$.
Since $p(x)$ is of degree 5, $(x^2 - 1)p(x)$ is of degree $2 + 5 = 7$. Thus, $Q(x)$ is a polynomial of degree at most 7.

For each $n \in \{2, 3, 4, 5, 6, 7\}$, we have:
\[ p(n) = \frac{n}{n^2 - 1} \implies (n^2 - 1)p(n) = n \implies (n^2 - 1)p(n) - n = 0 \]
So, $Q(n) = 0$ for $n = 2, 3, 4, 5, 6, 7$.
This means that $(x-2)(x-3)(x-4)(x-5)(x-6)(x-7)$ is a factor of $Q(x)$.

Let $R(x) = (x-2)(x-3)(x-4)(x-5)(x-6)(x-7)$. This is a polynomial of degree 6.
Since $Q(x)$ has degree at most 7, we can write:
\[ Q(x) = (Ax + B) R(x) \]
for some constants $A$ and $B$.

So, the equation is:
\[ (x^2 - 1)p(x) - x = (Ax + B) \prod_{k=2}^{7} (x - k) \]
\[ (x^2 - 1)p(x) = x + (Ax + B) \prod_{k=2}^{7} (x - k) \]

### Step 2: Determine constants A and B

We need to determine $A$ and $B$. We can use the values of $x$ where the term $(x^2 - 1)$ is zero, i.e., $x = 1$ and $x = -1$, because $p(x)$ is a polynomial and thus finite at these points. The left-hand side $(x^2 - 1)p(x)$ will be 0 at $x=1$ and $x=-1$.

**Case 1: $x = 1$**
\[ (1^2 - 1)p(1) = 1 + (A(1) + B) \prod_{k=2}^{7} (1 - k) \]
\[ 0 = 1 + (A + B) (1-2)(1-3)(1-4)(1-5)(1-6)(1-7) \]
Calculate the product:
\[ \prod_{k=2}^{7} (1 - k) = (-1)(-2)(-3)(-4)(-5)(-6) = 720 \]
So,
\[ 0 = 1 + 720(A + B) \implies A + B = -\frac{1}{720} \quad \text{--- (Eq. 1)} \]

**Case 2: $x = -1$**
\[ ((-1)^2 - 1)p(-1) = -1 + (A(-1) + B) \prod_{k=2}^{7} (-1 - k) \]
\[ 0 = -1 + (-A + B) (-1-2)(-1-3)(-1-4)(-1-5)(-1-6)(-1-7) \]
Calculate the product:
\[ \prod_{k=2}^{7} (-1 - k) = (-3)(-4)(-5)(-6)(-7)(-8) \]
There are 6 negative terms, so the result is positive.
\[ 3 \cdot 4 \cdot 5 \cdot 6 \cdot 7 \cdot 8 = 20160 \]
So,
\[ 0 = -1 + 20160(B - A) \implies B - A = \frac{1}{20160} \quad \text{--- (Eq. 2)} \]

Now we solve the system for $A$ and $B$:
1) $A + B = -\frac{1}{720}$
2) $-A + B = \frac{1}{20160}$

Adding the two equations:
\[ 2B = -\frac{1}{720} + \frac{1}{20160} \]
Find a common denominator. Note that $20160 / 720 = 28$.
\[ -\frac{1}{720} = -\frac{28}{20160} \]
\[ 2B = \frac{-28 + 1}{20160} = \frac{-27}{20160} \]
\[ B = -\frac{27}{40320} = -\frac{3}{4480} \]

Subtracting Eq. 2 from Eq. 1:
\[ 2A = -\frac{1}{720} - \frac{1}{20160} = \frac{-28 - 1}{20160} = \frac{-29}{20160} \]
\[ A = -\frac{29}{40320} \]

We don't necessarily need the explicit values of A and B if we just want to evaluate the expression at $x=8$. Let's look at the equation again:
\[ (x^2 - 1)p(x) = x + (Ax + B) R(x) \]
We want to find $p(8)$. Set $x = 8$:
\[ (8^2 - 1)p(8) = 8 + (8A + B) R(8) \]
\[ 63 p(8) = 8 + (8A + B) R(8) \]

First, calculate $R(8)$:
\[ R(8) = \prod_{k=2}^{7} (8 - k) = (8-2)(8-3)(8-4)(8-5)(8-6)(8-7) \]
\[ R(8) = 6 \cdot 5 \cdot 4 \cdot 3 \cdot 2 \cdot 1 = 720 \]

Next, calculate $8A + B$:
\[ 8A + B = 8\left(-\frac{29}{40320}\right) + \left(-\frac{27}{40320}\right) \]
Note: $B = -\frac{27}{40320}$ was derived from $2B = -27/20160 \Rightarrow B = -27/40320$.
Wait, let's re-verify the denominator for B.
$2B = -27/20160 \implies B = -27/40320$. Correct.
$2A = -29/20160 \implies A = -29/40320$. Correct.

\[ 8A + B = \frac{-232 - 27}{40320} = \frac{-259}{40320} \]

Now substitute back into the equation for $p(8)$:
\[ 63 p(8) = 8 + \left( \frac{-259}{40320} \right) (720) \]
Simplify the fraction term:
\[ \frac{720}{40320} = \frac{72}{4032} = \frac{1}{56} \]
(Check: $56 \times 720 = 56 \times 72 \times 10 = 4032 \times 10 = 40320$. Correct.)

So,
\[ \left( \frac{-259}{40320} \right) (720) = \frac{-259}{56} \]
Simplify $\frac{259}{56}$:
Both are divisible by 7.
$259 = 7 \times 37$
$56 = 7 \times 8$
So, $\frac{-259}{56} = -\frac{37}{8}$.

Now,
\[ 63 p(8) = 8 - \frac{37}{8} \]
\[ 63 p(8) = \frac{64 - 37}{8} = \frac{27}{8} \]
\[ p(8) = \frac{27}{8 \times 63} \]
Simplify the fraction:
$27$ and $63$ are both divisible by 9.
$27 = 9 \times 3$
$63 = 9 \times 7$
\[ p(8) = \frac{3}{8 \times 7} = \frac{3}{56} \]

### Alternative Check using Lagrange Interpolation Logic

Let's double check with a simpler logic or property.
The function is $f(x) = \frac{x}{x^2-1}$.
We found $p(8) = 3/56$.
Let's check the value of $f(8)$:
$f(8) = \frac{8}{64-1} = \frac{8}{63}$.
The error term for polynomial interpolation of degree $n$ at points $x_0, \dots, x_n$ is given by:
\[ f(x) - p(x) = \frac{f^{(n+1)}(\xi)}{(n+1)!} \prod_{i=0}^n (x-x_i) \]
Here $n=5$, points are $2,3,4,5,6,7$.
This formula applies if $f(x)$ is sufficiently differentiable. However, $f(x)$ is not a polynomial, so this standard error term involves the derivative of $f$.
Alternatively, we used the identity:
\[ (x^2-1)p(x) - x = (Ax+B)R(x) \]
This is exact. The derivation holds.

Let's re-calculate $8A+B$ carefully.
$A = -29/40320$
$B = -27/40320$
$8A = -232/40320$
$8A+B = -259/40320$
$R(8) = 720$
Term = $(-259/40320) * 720 = -259/56 = -37/8$.
$63 p(8) = 8 - 37/8 = 27/8$.
$p(8) = 27 / (8*63) = 3 / (8*7) = 3/56$.

The calculation seems robust.

### Final Answer

The value of $p(8)$ is $\frac{3}{56}$.

\boxed{\frac{3}{56}}",$\frac{3}{56}$,"['3/56', '\\frac{3}{56}']","['3/56', '\\frac{3}{56}']",True
"To find the sum of the proper divisors of the sum of the proper divisors of 284, we will proceed step by step.

**Step 1: Find the proper divisors of 284.**

First, we determine the prime factorization of 284.
$284$ is even, so we divide by 2:
$284 \div 2 = 142$
$142 \div 2 = 71$
71 is a prime number.
So, the prime factorization of 284 is $2^2 \times 71^1$.

The divisors of 284 are generated by combinations of these prime factors:
$1, 2, 4, 71, 142, 284$.

The **proper divisors** are all divisors excluding the number itself (284).
So, the proper divisors of 284 are: $1, 2, 4, 71, 142$.

**Step 2: Calculate the sum of the proper divisors of 284.**

Let $S$ be the sum of the proper divisors of 284.
$$ S = 1 + 2 + 4 + 71 + 142 $$
$$ S = 7 + 71 + 142 $$
$$ S = 78 + 142 $$
$$ S = 220 $$

So, the sum of the proper divisors of 284 is 220.
(Note: 284 and 220 are an amicable pair, meaning the sum of the proper divisors of 220 will be 284).

**Step 3: Find the proper divisors of 220.**

Now we need to find the proper divisors of 220.
First, find the prime factorization of 220.
$220 = 22 \times 10 = (2 \times 11) \times (2 \times 5) = 2^2 \times 5^1 \times 11^1$.

The divisors of 220 are:
- From $2^0, 2^1, 2^2$: $1, 2, 4$
- Multiply by $5^0, 5^1$: $1, 5$
- Multiply by $11^0, 11^1$: $1, 11$

Let's list them systematically:
1. $1$
2. $2$
3. $4$
4. $5$
5. $10$ ($2 \times 5$)
6. $11$
7. $20$ ($4 \times 5$)
8. $22$ ($2 \times 11$)
9. $44$ ($4 \times 11$)
10. $55$ ($5 \times 11$)
11. $110$ ($2 \times 5 \times 11$)
12. $220$ ($4 \times 5 \times 11$)

The **proper divisors** of 220 are all divisors except 220 itself:
$1, 2, 4, 5, 10, 11, 20, 22, 44, 55, 110$.

**Step 4: Calculate the sum of the proper divisors of 220.**

Let $T$ be the sum of the proper divisors of 220.
$$ T = 1 + 2 + 4 + 5 + 10 + 11 + 20 + 22 + 44 + 55 + 110 $$

Let's group them for easier addition:
- $1 + 2 + 4 = 7$
- $5 + 10 = 15$
- $11 + 22 = 33$
- $20 + 44 = 64$
- $55 + 110 = 165$

Summing these groups:
$$ 7 + 15 = 22 $$
$$ 22 + 33 = 55 $$
$$ 55 + 64 = 119 $$
$$ 119 + 165 = 284 $$

Alternatively, using the formula for the sum of divisors $\sigma(n)$:
$\sigma(220) = \sigma(2^2)\sigma(5^1)\sigma(11^1)$
$\sigma(2^2) = 1 + 2 + 4 = 7$
$\sigma(5^1) = 1 + 5 = 6$
$\sigma(11^1) = 1 + 11 = 12$
$\sigma(220) = 7 \times 6 \times 12 = 42 \times 12 = 504$

The sum of proper divisors is $\sigma(220) - 220$:
$$ 504 - 220 = 284 $$

**Conclusion:**

The sum of the proper divisors of 284 is 220.
The sum of the proper divisors of 220 is 284.

\boxed{284}",$284$,"['284', '284']","['284', '284']",True
"To find the height of the cylinder, we will use the formula for the volume of a cylinder and the information provided in the problem statement and the diagram.

**1. Identify the given information:**
*   The volume of the cylinder ($V$) is $45\pi$ cubic cm.
*   From the diagram, the radius of the base ($r$) is given as $3$ cm.
*   We need to find the height ($h$).

**2. Recall the formula for the volume of a cylinder:**
The volume $V$ of a cylinder is calculated using the formula:
$$ V = \pi r^2 h $$
where:
*   $r$ is the radius of the base
*   $h$ is the height

**3. Substitute the known values into the formula:**
$$ 45\pi = \pi (3)^2 h $$

**4. Solve for $h$:**
First, square the radius:
$$ 3^2 = 9 $$

So the equation becomes:
$$ 45\pi = \pi (9) h $$
$$ 45\pi = 9\pi h $$

Next, divide both sides by $9\pi$ to isolate $h$:
$$ h = \frac{45\pi}{9\pi} $$

Cancel out $\pi$ from the numerator and denominator:
$$ h = \frac{45}{9} $$

Perform the division:
$$ h = 5 $$

**Conclusion:**
The height of the cylinder is 5 centimeters.

\boxed{5}",$5$,"['5', '5']","['5', '5']",True
"To find the length of side $DE$, we will analyze the given right-angled triangle $\triangle DEF$ and use trigonometric ratios.

**1. Identify the properties of the triangle:**
From the Asymptote code and the diagram description:
*   There is a right angle at vertex $E$ (indicated by `rightanglemark(D,E,F,15)`). Thus, $\triangle DEF$ is a right-angled triangle with the right angle at $E$.
*   The side $EF$ has a length of $7$ (indicated by `label(""$7$"",(E+F)/2,W)`).
*   We are given that $\sin D = 0.7$.

**2. Set up the trigonometric ratio:**
In a right-angled triangle, the sine of an angle is defined as the ratio of the length of the opposite side to the length of the hypotenuse.
For angle $D$:
*   The side opposite to angle $D$ is $EF$.
*   The hypotenuse is the side opposite the right angle $E$, which is $DF$.

So, the formula is:
$$ \sin D = \frac{\text{Opposite}}{\text{Hypotenuse}} = \frac{EF}{DF} $$

**3. Calculate the length of the hypotenuse $DF$:**
We know $\sin D = 0.7$ and $EF = 7$. Substituting these values into the equation:
$$ 0.7 = \frac{7}{DF} $$

Solving for $DF$:
$$ DF = \frac{7}{0.7} $$
$$ DF = \frac{70}{7} $$
$$ DF = 10 $$

**4. Calculate the length of side $DE$:**
Now that we have the lengths of the hypotenuse $DF$ and one leg $EF$, we can use the Pythagorean theorem to find the other leg $DE$.
The Pythagorean theorem states:
$$ DE^2 + EF^2 = DF^2 $$

Substitute the known values ($EF = 7$ and $DF = 10$):
$$ DE^2 + 7^2 = 10^2 $$
$$ DE^2 + 49 = 100 $$

Subtract 49 from both sides:
$$ DE^2 = 100 - 49 $$
$$ DE^2 = 51 $$

Take the square root of both sides:
$$ DE = \sqrt{51} $$

**Alternative Method using Cosine:**
We know $\sin D = 0.7 = \frac{7}{10}$.
Using the identity $\sin^2 D + \cos^2 D = 1$:
$$ (0.7)^2 + \cos^2 D = 1 $$
$$ 0.49 + \cos^2 D = 1 $$
$$ \cos^2 D = 0.51 $$
$$ \cos D = \sqrt{0.51} $$

In $\triangle DEF$, $\cos D = \frac{\text{Adjacent}}{\text{Hypotenuse}} = \frac{DE}{DF}$.
We found $DF = 10$.
$$ \frac{DE}{10} = \sqrt{0.51} $$
$$ DE = 10 \sqrt{0.51} = \sqrt{100 \cdot 0.51} = \sqrt{51} $$

Both methods yield the same result.

\boxed{\sqrt{51}}",$\sqrt{51}$,"['sqrt(51)', '\\sqrt{51}']","['sqrt(51)', '\\sqrt{51}']",True
"To find the complex number $w$, which is the result of rotating $z$ around $c$ by an angle of $\frac{\pi}{4}$ counter-clockwise, we can use the formula for rotation in the complex plane.

The formula for rotating a point $z$ around a center $c$ by an angle $\theta$ is:
$$ w - c = (z - c) e^{i\theta} $$
$$ w = c + (z - c) e^{i\theta} $$

Given:
- $z = 2 + \sqrt{2} - (3 + 3\sqrt{2})i$
- $c = 2 - 3i$
- $\theta = \frac{\pi}{4}$

**Step 1: Calculate the vector $z - c$.**

$$ z - c = (2 + \sqrt{2} - (3 + 3\sqrt{2})i) - (2 - 3i) $$
Group the real and imaginary parts:
$$ \text{Real part: } (2 + \sqrt{2}) - 2 = \sqrt{2} $$
$$ \text{Imaginary part: } -(3 + 3\sqrt{2}) - (-3) = -3 - 3\sqrt{2} + 3 = -3\sqrt{2} $$

So,
$$ z - c = \sqrt{2} - 3\sqrt{2}i $$
We can factor out $\sqrt{2}$:
$$ z - c = \sqrt{2}(1 - 3i) $$

**Step 2: Determine the rotation factor $e^{i\theta}$.**

For $\theta = \frac{\pi}{4}$:
$$ e^{i\frac{\pi}{4}} = \cos\left(\frac{\pi}{4}\right) + i\sin\left(\frac{\pi}{4}\right) = \frac{\sqrt{2}}{2} + i\frac{\sqrt{2}}{2} = \frac{\sqrt{2}}{2}(1 + i) $$

**Step 3: Calculate $(z - c) e^{i\theta}$.**

$$ (z - c) e^{i\frac{\pi}{4}} = [\sqrt{2}(1 - 3i)] \cdot \left[ \frac{\sqrt{2}}{2}(1 + i) \right] $$

Combine the constants:
$$ \sqrt{2} \cdot \frac{\sqrt{2}}{2} = \frac{2}{2} = 1 $$

Now multiply the complex terms:
$$ 1 \cdot (1 - 3i)(1 + i) $$
$$ = 1(1) + 1(i) - 3i(1) - 3i(i) $$
$$ = 1 + i - 3i - 3i^2 $$
Since $i^2 = -1$:
$$ = 1 - 2i - 3(-1) $$
$$ = 1 - 2i + 3 $$
$$ = 4 - 2i $$

So, the rotated vector is $4 - 2i$.

**Step 4: Calculate $w$.**

$$ w = c + (z - c) e^{i\frac{\pi}{4}} $$
$$ w = (2 - 3i) + (4 - 2i) $$
Group real and imaginary parts:
$$ \text{Real part: } 2 + 4 = 6 $$
$$ \text{Imaginary part: } -3 - 2 = -5 $$

$$ w = 6 - 5i $$

**Verification:**
Let's check the magnitudes.
$|z-c| = |\sqrt{2} - 3\sqrt{2}i| = \sqrt{2 + 18} = \sqrt{20}$.
$|w-c| = |4 - 2i| = \sqrt{16 + 4} = \sqrt{20}$.
The magnitudes are equal, which is consistent with a rotation.

Let's check the argument.
$\arg(z-c) = \arg(\sqrt{2} - 3\sqrt{2}i)$. Since real part $>0$ and imag part $<0$, it's in the 4th quadrant. $\tan \alpha = -3$.
$\arg(w-c) = \arg(4 - 2i)$. Since real part $>0$ and imag part $<0$, it's in the 4th quadrant. $\tan \beta = -1/2$.
The rotation is $\pi/4$.
$\tan(\alpha + \pi/4) = \frac{\tan \alpha + \tan(\pi/4)}{1 - \tan \alpha \tan(\pi/4)} = \frac{-3 + 1}{1 - (-3)(1)} = \frac{-2}{4} = -\frac{1}{2}$.
This matches $\tan \beta$. The calculation is correct.

Final Answer:
$$ w = 6 - 5i $$

\boxed{6 - 5i}",$6 - 5i$,"['-1*5*i + 6', '6 - 5i']","['-1*5*i + 6', '6 - 5i']",True
"To compute the sum $1-2+3-4+5- \dots +99-100$, we can look for a pattern by grouping the terms.

**Step 1: Group the terms**
The series has 100 terms. We can group them into pairs of two consecutive terms:
$$ (1 - 2) + (3 - 4) + (5 - 6) + \dots + (99 - 100) $$

**Step 2: Evaluate each pair**
Let's calculate the value of each pair:
$$ 1 - 2 = -1 $$
$$ 3 - 4 = -1 $$
$$ 5 - 6 = -1 $$
$$ \vdots $$
$$ 99 - 100 = -1 $$

Each pair sums to $-1$.

**Step 3: Count the number of pairs**
The total number of terms in the series is 100 (from 1 to 100).
Since we are grouping them into pairs of 2, the number of pairs is:
$$ \frac{100}{2} = 50 $$

So, there are 50 pairs, and each pair equals $-1$.

**Step 4: Calculate the total sum**
The total sum is the number of pairs multiplied by the value of each pair:
$$ 50 \times (-1) = -50 $$

**Alternative Method (Arithmetic Progression):**
We can split the sum into positive and negative terms:
$$ S = (1 + 3 + 5 + \dots + 99) - (2 + 4 + 6 + \dots + 100) $$

The sum of the first $n$ odd numbers is $n^2$. Here, the odd numbers go from 1 to 99. The number of terms is $\frac{99-1}{2} + 1 = 50$.
Sum of odds $= 50^2 = 2500$.

The sum of the first $n$ even numbers is $n(n+1)$. Here, the even numbers go from 2 to 100. The number of terms is $\frac{100-2}{2} + 1 = 50$.
Sum of evens $= 50(50+1) = 50 \times 51 = 2550$.

Total Sum $= 2500 - 2550 = -50$.

Both methods yield the same result.

\boxed{-50}",$-50$,"['-50', '-50']","['-50', '-50']",True
"To find the smallest possible value of $c$, we need to determine the parameters $a, b, c,$ and $d$ of the function $y = a \sin(bx + c) + d$ from the given graph and the provided Asymptote code.

**Step 1: Analyze the Asymptote Code**

The code explicitly defines the function being plotted:
```asy
real f(real x)
{
    return 2*sin(3*x + pi) + 1;
}
```
This tells us that the specific function graphed is:
$$ y = 2 \sin(3x + \pi) + 1 $$

Comparing this to the general form $y = a \sin(bx + c) + d$, we can identify the parameters used in the code:
- $a = 2$
- $b = 3$
- $c_{code} = \pi$
- $d = 1$

The problem states that $a, b, c, d$ are **positive constants**.
- $a = 2 > 0$ (Satisfied)
- $b = 3 > 0$ (Satisfied)
- $d = 1 > 0$ (Satisfied)
- The code uses $c = \pi$, which is positive. However, the question asks for the **smallest possible value** of $c$. This implies that there might be other valid values for $c$ that produce the same graph, due to the periodic nature of the sine function.

**Step 2: Determine the General Solution for $c$**

The function is $y = 2 \sin(3x + c) + 1$.
We know that $\sin(\theta) = \sin(\theta + 2k\pi)$ for any integer $k$.
Therefore, the argument of the sine function in the code, $3x + \pi$, can be related to the general argument $3x + c$ by:
$$ 3x + c = 3x + \pi + 2k\pi $$
$$ c = \pi + 2k\pi $$
$$ c = (2k + 1)\pi $$
where $k$ is an integer.

Let's check if there are other possibilities. The sine function also satisfies $\sin(\theta) = \sin(\pi - \theta)$.
So, we could also have:
$$ 3x + c = \pi - (3x + \pi) + 2k\pi $$
$$ 3x + c = -3x + 2k\pi $$
$$ c = -6x + 2k\pi $$
This would imply $c$ depends on $x$, which is impossible since $c$ is a constant. Thus, the phase shift must come from the periodicity of the sine function itself.

Wait, let's look closer. The general form is $y = a \sin(bx + c) + d$.
The graph is fixed. The parameters $a, b, d$ are determined by the amplitude, period, and vertical shift.
- **Amplitude**: The maximum value is $1+2=3$ and the minimum is $1-2=-1$. Amplitude $a = \frac{3 - (-1)}{2} = 2$. Since $a>0$, $a=2$.
- **Vertical Shift**: The midline is $y = \frac{3 + (-1)}{2} = 1$. So $d=1$. Since $d>0$, $d=1$.
- **Period**: Looking at the graph or the code, the period is $T = \frac{2\pi}{b}$. From the code, $b=3$. Let's verify from the graph. The function completes a full cycle every $\frac{2\pi}{3}$ units. For example, it crosses the midline going downwards at $x=0$ (since $\sin(\pi)=0$ and derivative is negative? No, $\sin(3(0)+\pi) = \sin(\pi) = 0$. The derivative is $2 \cdot 3 \cos(3x+\pi)$. At $x=0$, $6\cos(\pi) = -6$. So it's decreasing at $x=0$).
  Let's check the graph description. The code draws `2*sin(3*x + pi) + 1`.
  At $x=0$, $y = 2\sin(\pi) + 1 = 1$.
  At $x = \pi/6$, $y = 2\sin(\pi/2 + \pi) + 1 = 2(-1) + 1 = -1$ (Minimum).
  At $x = \pi/3$, $y = 2\sin(\pi + \pi) + 1 = 1$.
  At $x = \pi/2$, $y = 2\sin(3\pi/2 + \pi) + 1 = 2(1) + 1 = 3$ (Maximum).
  
  So the parameters $a=2, b=3, d=1$ are fixed and positive.

Now we focus on $c$.
The equation is $y = 2 \sin(3x + c) + 1$.
We established that the graph corresponds to the function defined by the code: $y = 2 \sin(3x + \pi) + 1$.
Therefore, the arguments must be equivalent modulo $2\pi$:
$$ 3x + c \equiv 3x + \pi \pmod{2\pi} $$
$$ c \equiv \pi \pmod{2\pi} $$
$$ c = \pi + 2k\pi \quad \text{for some integer } k $$
$$ c = (2k + 1)\pi $$

We are given that $c$ is a **positive constant**.
We need to find the smallest positive value for $c$.
Let's test integer values for $k$:
- If $k = 0$, $c = (2(0) + 1)\pi = \pi$. This is positive.
- If $k = -1$, $c = (2(-1) + 1)\pi = -\pi$. This is negative, so it's not allowed.
- If $k = 1$, $c = 3\pi$. This is positive but larger than $\pi$.

Are there any other constraints?
Sometimes, the form $a \sin(bx+c)$ can be rewritten using cosine or with a negative amplitude, but the problem specifies $a > 0$.
Could we use the identity $\sin(\theta) = \sin(\pi - \theta)$?
If we set $3x + c = \pi - (3x + \pi) + 2k\pi$, we get $c = -6x + 2k\pi$, which is not constant.
What if we shifted the sine wave by a half period?
$\sin(\theta + \pi) = -\sin(\theta)$.
If we had $y = -2 \sin(3x) + 1$, that would be the same graph. But $a$ must be positive.
So we must stick to the form $2 \sin(3x + c) + 1$.

Is it possible that $b$ is different?
The period is determined by the graph. The distance between consecutive peaks is $2\pi/3$. So $2\pi/b = 2\pi/3 \implies b=3$. Since $b>0$, $b=3$ is unique.

So, the only degree of freedom is the phase shift $c$.
The condition is $c = \pi + 2k\pi$ for $k \in \mathbb{Z}$.
We require $c > 0$.
The values of $c$ are $\dots, -\pi, \pi, 3\pi, 5\pi, \dots$
The smallest positive value is $\pi$.

Let's double check if ""smallest possible value"" implies something about the range of $c$. Usually, phase shifts are defined in $[0, 2\pi)$ or $(-\pi, \pi]$. However, the problem just says ""positive constants"".
If $c$ must be positive, the set of valid $c$ values is $\{ \pi, 3\pi, 5\pi, \dots \}$.
The minimum of this set is $\pi$.

Let's re-read carefully to ensure no misinterpretation.
""Find the smallest possible value of $c$.""
Graph is $y = 2 \sin(3x + \pi) + 1$.
General solution for $c$: $c = \pi + 2n\pi$.
Constraint: $c > 0$.
Possible values: $\pi, 3\pi, 5\pi, \dots$
Smallest value: $\pi$.

Is it possible that the graph could be represented by a different $b$?
No, the frequency is fixed by the visual period.
Is it possible that $a$ is different?
No, amplitude is fixed.
Is it possible that $d$ is different?
No, vertical shift is fixed.

Therefore, the calculation holds.

Answer: $\pi$

\boxed{\pi}",$\pi$,"['pi', '\\pi']","['pi', '\\pi']",True
"To find the value of $x$, we will analyze the geometric properties given in the problem and the diagram.

**1. Analyze the Geometry and Given Information**
*   **Parallel Lines:** The segment through $A$ (let's call the line containing it $L_1$) is parallel to the segment $\overline{BC}$ (which lies on line $L_2$). So, $L_1 \parallel L_2$.
*   **Isosceles Triangle:** We are given that $AB = BC$. This means triangle $\triangle ABC$ is an isosceles triangle with the equal sides being $AB$ and $BC$. Consequently, the base angles opposite these sides are equal. That is, $\angle BAC = \angle BCA$.
*   **Given Angle:** The angle labeled $124^{\circ}$ is at vertex $A$. Looking at the diagram, this angle is formed by the horizontal line through $A$ and the segment $AB$. Specifically, it is the interior angle on the left side of the transversal $AB$ relative to the parallel lines. Let's define the points more clearly based on the `asy` code:
    *   Point $A$ is at $(2,3)$.
    *   Point $B$ is at $(4,0)$.
    *   Point $C$ is at $(8,0)$.
    *   The line through $A$ is horizontal ($y=3$).
    *   The line through $B$ and $C$ is horizontal ($y=0$).
    *   The angle $124^{\circ}$ is marked at $A$, between the ray extending to the left from $A$ and the segment $AB$. Wait, let's look closer at the label position. The label ""$124^{\circ}$"" is at $(2,3)$ with direction `SW` (South-West). The angle arc usually indicates the interior angle. In standard geometry problems of this type, an angle like this often refers to the obtuse angle formed by the transversal $AB$ and the parallel line. Let's assume the angle between the ray $A \to \text{Left}$ and segment $AB$ is $124^{\circ}$? Or is it the angle between the ray $A \to \text{Right}$ and segment $AB$?
    *   Let's check the coordinates. Vector $AB = (4-2, 0-3) = (2, -3)$. Vector $A \to \text{Left} = (-1, 0)$. The angle between $(-1,0)$ and $(2,-3)$ is obtuse. Vector $A \to \text{Right} = (1, 0)$. The angle between $(1,0)$ and $(2,-3)$ is acute. Since $124^{\circ}$ is obtuse, the angle labeled $124^{\circ}$ is the angle between the segment $AB$ and the part of the parallel line extending to the **left** of $A$. Let's call a point to the left of $A$ on the line $D$. So $\angle DAB = 124^{\circ}$.

**2. Determine Angles using Parallel Line Properties**
*   Since the line through $A$ is parallel to the line through $BC$, and $AB$ is a transversal:
    *   The angle $\angle DAB$ and the angle $\angle ABC$ are **consecutive interior angles** (or same-side interior angles) if we consider the transversal connecting the parallel lines. However, a more direct relationship is with alternate interior angles.
    *   Let's find the angle $\angle ABC$. The angle $\angle DAB = 124^{\circ}$. The angle adjacent to it on the straight line at $A$ is $\angle EAB$ (where $E$ is to the right of $A$). So, $\angle EAB = 180^{\circ} - 124^{\circ} = 56^{\circ}$.
    *   Since line $AE$ is parallel to line $BC$, the alternate interior angle to $\angle EAB$ is $\angle ABC$. Therefore, $\angle ABC = \angle EAB = 56^{\circ}$.
    *   Alternatively, using consecutive interior angles: The angle $\angle DAB$ and $\angle ABC$ are not consecutive interior in the standard ""Z"" or ""C"" shape directly unless we extend lines. Let's stick to the alternate interior angle logic which is robust.
        *   Line $L_1 \parallel L_2$. Transversal $AB$.
        *   Angle between $AB$ and $L_1$ (right side) is $180 - 124 = 56^{\circ}$.
        *   Therefore, the alternate interior angle $\angle ABC = 56^{\circ}$.

**3. Analyze Triangle ABC**
*   We established that $\triangle ABC$ is isosceles with $AB = BC$.
*   This implies that the angles opposite these sides are equal: $\angle BAC = \angle BCA$.
*   The sum of angles in $\triangle ABC$ is $180^{\circ}$.
*   We know $\angle ABC = 56^{\circ}$.
*   Let $\angle BAC = \angle BCA = \theta$.
*   $56^{\circ} + \theta + \theta = 180^{\circ}$
*   $2\theta = 180^{\circ} - 56^{\circ}$
*   $2\theta = 124^{\circ}$
*   $\theta = 62^{\circ}$
*   So, $\angle BCA = 62^{\circ}$ and $\angle BAC = 62^{\circ}$.

**4. Determine $x$**
*   The variable $x$ is labeled at the top line, near the segment $AC$. Specifically, the label ""$x^{\circ}$"" is at $(4.5, 3)$ with direction `S`. This suggests $x$ is the angle between the segment $AC$ and the horizontal line through $A$.
*   Looking at the diagram, $x$ is the angle inside the triangle formed by the transversal $AC$ and the parallel line? No, $x$ is marked between the segment $AC$ and the horizontal line to the right of $A$. Let's verify the position.
    *   The label is at $x=4.5$, which is to the right of $A$ ($x=2$).
    *   The angle is likely $\angle EAC$, where $E$ is a point on the line through $A$ to the right.
*   Let's calculate $\angle EAC$.
    *   We know the total angle on the straight line at $A$ is $180^{\circ}$.
    *   The angles at vertex $A$ relative to the horizontal line are:
        1.  $\angle DAB = 124^{\circ}$ (Left side, below line? No, $B$ is below $A$. So the angle is between the left ray and segment $AB$).
        2.  $\angle BAC = 62^{\circ}$ (Inside the triangle).
        3.  $\angle CAE$ (Right side, between segment $AC$ and right ray).
    *   Wait, do these angles add up to $180^{\circ}$?
        *   The ray $AD$ points Left. The ray $AE$ points Right.
        *   The segment $AB$ goes down-right.
        *   The segment $AC$ goes down-right (steeper or less steep?).
        *   Let's check the slopes.
            *   $A=(2,3)$, $B=(4,0)$. Slope $AB = -3/2 = -1.5$.
            *   $A=(2,3)$, $C=(8,0)$. Slope $AC = -3/6 = -0.5$.
            *   Since the slope of $AC$ is less negative (closer to 0) than $AB$, $AC$ is ""flatter"" than $AB$. This means $AC$ is closer to the horizontal line than $AB$ is? No, angle with horizontal.
            *   Angle of $AB$ with horizontal (right): $\tan(\alpha) = 1.5 \Rightarrow \alpha \approx 56.3^{\circ}$. This matches our calculated $56^{\circ}$.
            *   Angle of $AC$ with horizontal (right): $\tan(\beta) = 0.5 \Rightarrow \beta \approx 26.6^{\circ}$.
            *   Wait, my geometric deduction gave $\angle BAC = 62^{\circ}$.
            *   Let's re-evaluate the angle positions.
            *   Angle of $AB$ with positive x-axis is $-56.3^{\circ}$ (or $303.7^{\circ}$).
            *   Angle of $AC$ with positive x-axis is $-26.6^{\circ}$ (or $333.4^{\circ}$).
            *   The angle $\angle BAC$ is the difference: $|-26.6 - (-56.3)| = 29.7^{\circ}$.
            *   This contradicts the isosceles calculation ($\angle BAC = 62^{\circ}$). Why?
            *   Let's re-read the problem statement carefully. ""$AB = BC$"".
            *   In the coordinate geometry check:
                *   $AB = \sqrt{(4-2)^2 + (0-3)^2} = \sqrt{4+9} = \sqrt{13}$.
                *   $BC = \sqrt{(8-4)^2 + (0-0)^2} = \sqrt{16} = 4$.
                *   $\sqrt{13} \approx 3.6$. $4 \neq 3.6$.
            *   **Conclusion:** The diagram provided by the `asy` code is **not to scale** or the coordinates are just for drawing a representative shape, not the exact mathematical solution. We must rely on the geometric properties stated in the text, not the specific coordinates in the code. The text says $AB=BC$. The code is just a sketch.

**Re-evaluating based on Geometric Properties only:**

1.  **Parallel Lines & Transversal AB:**
    *   Line $L_A$ (through A) $\parallel$ Line $L_{BC}$ (through B and C).
    *   Angle given at $A$ is $124^{\circ}$. Based on the visual ""obtuse"" nature and position, this is the angle between the segment $AB$ and the parallel line extending to the left. Let's call the point to the left $D$ and to the right $E$. So $\angle DAB = 124^{\circ}$.
    *   Therefore, the supplementary angle $\angle EAB = 180^{\circ} - 124^{\circ} = 56^{\circ}$.
    *   Since $L_A \parallel L_{BC}$, the alternate interior angle $\angle ABC = \angle EAB = 56^{\circ}$.

2.  **Isosceles Triangle ABC:**
    *   Given $AB = BC$.
    *   Therefore, $\triangle ABC$ is isosceles with base $AC$.
    *   Base angles are equal: $\angle BAC = \angle BCA$.
    *   Sum of angles in $\triangle ABC$: $\angle ABC + \angle BAC + \angle BCA = 180^{\circ}$.
    *   $56^{\circ} + 2(\angle BCA) = 180^{\circ}$.
    *   $2(\angle BCA) = 124^{\circ}$.
    *   $\angle BCA = 62^{\circ}$.
    *   So, $\angle BAC = 62^{\circ}$.

3.  **Finding $x$:**
    *   $x$ is the angle labeled at the top. Looking at the diagram, $x$ is the angle between the segment $AC$ and the parallel line through $A$.
    *   Specifically, it is the angle $\angle EAC$ (angle between $AC$ and the ray to the right).
    *   We can find $\angle EAC$ using the parallel line property with transversal $AC$.
    *   The alternate interior angle to $\angle EAC$ is $\angle BCA$.
    *   Therefore, $\angle EAC = \angle BCA$.
    *   Since we found $\angle BCA = 62^{\circ}$, then $x = 62$.

    *   **Alternative Check:**
        *   The angles around point $A$ on the straight line $DE$ are $\angle DAB$, $\angle BAC$, and $\angle CAE$?
        *   No, $B$ and $C$ are on the same side of the vertical line through $A$?
        *   Let's check the position. $A$ is top-left-ish. $B$ is bottom-middle. $C$ is bottom-right.
        *   Ray $AD$ is Left. Ray $AE$ is Right.
        *   $\angle DAB = 124^{\circ}$.
        *   $\angle BAC = 62^{\circ}$.
        *   Does $\angle DAB + \angle BAC + \angle CAE = 180^{\circ}$?
        *   This would imply $B$ and $C$ are arranged such that the angles are adjacent and cover the straight line.
        *   Let's check the geometry.
            *   Vector $AB$ is in the 4th quadrant relative to A (down-right).
            *   Vector $AC$ is in the 4th quadrant relative to A (down-right).
            *   Angle of $AB$ with Left Ray ($180^{\circ}$ direction): The angle is $124^{\circ}$. This means the angle of $AB$ with the Right Ray ($0^{\circ}$ direction) is $180 - 124 = 56^{\circ}$. So $AB$ is at $-56^{\circ}$ (or $304^{\circ}$).
            *   Angle $\angle BAC = 62^{\circ}$. Since $C$ is to the right of $B$ (based on diagram), $AC$ should be ""higher"" (closer to horizontal) or ""lower""?
            *   In the diagram, $C$ is further right than $B$. The slope of $AC$ is flatter than $AB$.
            *   So the angle of $AC$ with the horizontal should be smaller than the angle of $AB$.
            *   Angle of $AB$ with horizontal = $56^{\circ}$.
            *   Angle of $AC$ with horizontal = $x$.
            *   The angle between them is $\angle BAC = 62^{\circ}$.
            *   This creates a contradiction if we assume standard orientation. If $AB$ is at $56^{\circ}$ below horizontal, and $AC$ is at $x$ below horizontal, and $AC$ is flatter, then $x < 56$. Then $\angle BAC = 56 - x$.
            *   But we calculated $\angle BAC = 62^{\circ}$.
            *   This implies $56 - x = 62 \Rightarrow x = -6$, which is impossible.
            *   Or, perhaps $AC$ is steeper? If $AC$ is steeper, $x > 56$. Then $\angle BAC = x - 56$.
            *   $x - 56 = 62 \Rightarrow x = 118^{\circ}$.
            *   Let's look at the diagram again.
            *   $A=(2,3)$, $B=(4,0)$, $C=(8,0)$.
            *   Visually, $AC$ is less steep than $AB$.
            *   However, the problem states $AB=BC$. In the coordinate sketch, $AB \neq BC$. The sketch is misleading regarding the specific angles if we assume the coordinates are exact. We must trust the text ""$AB=BC$"".
            *   Let's re-read the angle definition.
            *   Is it possible that $\angle DAB$ is not the angle with the left ray?
            *   The label $124^{\circ}$ is at $A$, SW. The arc is likely between the segment $AB$ and the line segment to the *left*.
            *   Let's reconsider the triangle orientation.
            *   If $AB=BC$, then $\angle BAC = \angle BCA$.
            *   Let $\angle BCA = \alpha$. Then $\angle BAC = \alpha$.
            *   $\angle ABC = 180 - 2\alpha$.
            *   From parallel lines, $\angle ABC$ and $\angle EAB$ are alternate interior angles? No.
            *   Let's use the property: Interior angles on the same side of transversal $AB$ sum to $180$? No, that's for consecutive interior.
            *   Let's use alternate interior angles.
            *   Angle between $AB$ and parallel line (right side) = $\angle EAB$.
            *   Angle $\angle ABC$ and $\angle EAB$ are alternate interior angles. So $\angle ABC = \angle EAB$.
            *   We know $\angle DAB = 124^{\circ}$. So $\angle EAB = 180 - 124 = 56^{\circ}$.
            *   So $\angle ABC = 56^{\circ}$.
            *   Then $180 - 2\alpha = 56 \Rightarrow 2\alpha = 124 \Rightarrow \alpha = 62^{\circ}$.
            *   So $\angle BCA = 62^{\circ}$.
            *   Now, what is $x$?
            *   $x$ is the angle between $AC$ and the parallel line.
            *   Using transversal $AC$, the alternate interior angle to $\angle BCA$ is the angle between $AC$ and the parallel line (right side).
            *   So $x = \angle BCA = 62^{\circ}$.

    *   **Let's double check the ""Steepness"" contradiction.**
        *   If $x = 62^{\circ}$, then the angle of $AC$ with the horizontal is $62^{\circ}$.
        *   The angle of $AB$ with the horizontal is $56^{\circ}$.
        *   This means $AC$ is *steeper* than $AB$.
        *   In the diagram, $C$ is at $x=8$ and $B$ is at $x=4$. $A$ is at $x=2$.
        *   Horizontal distance $A \to B$ is $2$. Vertical drop $3$. Slope $1.5$. Angle $\approx 56^{\circ}$.
        *   Horizontal distance $A \to C$ is $6$. Vertical drop $3$. Slope $0.5$. Angle $\approx 26^{\circ}$.
        *   In the *diagram*, $AC$ is flatter.
        *   In the *mathematical solution* derived from $AB=BC$, $AC$ is steeper ($62^{\circ} > 56^{\circ}$).
        *   This means the diagram is **not** a true representation of the geometry where $AB=BC$. The diagram shows a case where $BC > AB$ (since $C$ is far out).
        *   However, geometry problems often have diagrams that are ""not to scale"". We must follow the logical deduction from the text constraints ($AB=BC$, Parallel lines, $124^{\circ}$ angle).
        *   The logical deduction leads to $x = 62$.

    *   **Is there another interpretation?**
        *   What if $x$ is the angle $\angle DAC$? (Left side).
        *   Label is at $(4.5, 3)$, which is to the right of $A(2,3)$. So $x$ is on the right side.
        *   What if the $124^{\circ}$ angle is $\angle EAB$?
        *   If $\angle EAB = 124^{\circ}$, then $\angle ABC = 124^{\circ}$ (alternate interior).
        *   Then $180 - 2\alpha = 124 \Rightarrow 2\alpha = 56 \Rightarrow \alpha = 28^{\circ}$.
        *   Then $x = \alpha = 28^{\circ}$.
        *   Let's check the visual. $124^{\circ}$ is obtuse. $\angle EAB$ in the diagram (angle between right ray and $AB$) is acute. $\angle DAB$ (angle between left ray and $AB$) is obtuse.
        *   So the $124^{\circ}$ label must correspond to the obtuse angle $\angle DAB$.
        *   Therefore, the first derivation ($x=62$) is the correct one based on standard conventions.

    *   **Let's check the position of $x$ again.**
        *   The label $x$ is between the segment $AC$ and the horizontal line.
        *   Is it possible $x$ is $\angle BAC$? No, it's outside the triangle, between the parallel line and $AC$.
        *   Is it possible $x$ is the angle $\angle CAE$? Yes, that's what we calculated.
        *   Is it possible $x$ is the angle $\angle CAD$? No, label is on the right.

    *   **Final Verification:**
        1.  Line $L_1 \parallel L_2$.
        2.  Transversal $AB$ intersects $L_1$ at $A$ and $L_2$ at $B$.
        3.  $\angle(\text{Left Ray}, AB) = 124^{\circ}$.
        4.  $\angle(\text{Right Ray}, AB) = 180^{\circ} - 124^{\circ} = 56^{\circ}$.
        5.  Alternate Interior Angle $\angle ABC = 56^{\circ}$.
        6.  $\triangle ABC$ is isosceles with $AB=BC \implies \angle BAC = \angle BCA$.
        7.  $\angle BCA = (180^{\circ} - 56^{\circ}) / 2 = 62^{\circ}$.
        8.  Transversal $AC$ intersects $L_1$ at $A$ and $L_2$ at $C$.
        9.  Alternate Interior Angle $\angle(\text{Right Ray}, AC) = \angle BCA$.
        10. $x = \angle(\text{Right Ray}, AC)$.
        11. Therefore, $x = 62$.

The number of degrees represented by $x$ is 62.

\boxed{62}",$28$,"['62', '62']","['28', '28']",False
"To find the smallest possible value of $a$ such that all roots of the equation
\[ x^3 + ax^2 + ax + 1 = 0 \]
are real, we proceed with the following steps.

### Step 1: Analyze the Structure of the Equation

The given equation is a reciprocal equation (also known as a palindromic polynomial) because the coefficients are symmetric: $1, a, a, 1$.
Notice that $x = -1$ is not a root unless $-1 + a - a + 1 = 0$, which is always true? Let's check:
$(-1)^3 + a(-1)^2 + a(-1) + 1 = -1 + a - a + 1 = 0$.
So, $x = -1$ is always a root of this equation for any $a$.

Since $x = -1$ is a root, we can factor $(x+1)$ out of the polynomial. Let's perform polynomial division or factorization by grouping:
\[ x^3 + ax^2 + ax + 1 = x^2(x+1) + a(x+1) + (x+1) - x \]
This grouping is slightly messy. Let's use standard grouping:
\[ x^3 + 1 + ax^2 + ax = (x+1)(x^2 - x + 1) + ax(x+1) \]
\[ = (x+1) [ x^2 - x + 1 + ax ] \]
\[ = (x+1) [ x^2 + (a-1)x + 1 ] \]

So, the equation becomes:
\[ (x+1)(x^2 + (a-1)x + 1) = 0 \]

The roots of the original cubic equation are $x_1 = -1$ and the two roots of the quadratic factor:
\[ x^2 + (a-1)x + 1 = 0 \]

### Step 2: Condition for Real Roots

For all roots of the original cubic equation to be real, the roots of the quadratic factor must also be real.
Let the quadratic equation be $Q(x) = x^2 + (a-1)x + 1 = 0$.
The roots of a quadratic equation $Ax^2 + Bx + C = 0$ are real if and only if its discriminant $\Delta$ is non-negative ($\Delta \ge 0$).

Here, $A = 1$, $B = a-1$, and $C = 1$.
The discriminant is:
\[ \Delta = B^2 - 4AC = (a-1)^2 - 4(1)(1) \]
\[ \Delta = (a-1)^2 - 4 \]

For the roots to be real, we require:
\[ (a-1)^2 - 4 \ge 0 \]
\[ (a-1)^2 \ge 4 \]

Taking the square root of both sides, we get:
\[ |a-1| \ge 2 \]

This inequality splits into two cases:
1.  $a - 1 \ge 2 \implies a \ge 3$
2.  $a - 1 \le -2 \implies a \le -1$

### Step 3: Apply Constraints on $a$

The problem states that $a$ is a **positive** real number ($a > 0$).
- From case 2, $a \le -1$, which contradicts $a > 0$. So, this case yields no valid solutions.
- From case 1, $a \ge 3$. This is consistent with $a > 0$.

Thus, the condition for all roots to be real is $a \ge 3$.

### Step 4: Determine the Smallest Value

We are asked to find the smallest possible value of $a$. Based on the inequality $a \ge 3$, the minimum value is $3$.

Let's verify this value. If $a = 3$, the quadratic equation becomes:
\[ x^2 + (3-1)x + 1 = x^2 + 2x + 1 = (x+1)^2 = 0 \]
The roots are $x = -1$ (with multiplicity 2).
The original cubic equation becomes:
\[ (x+1)(x+1)^2 = (x+1)^3 = 0 \]
The roots are $x = -1, -1, -1$, which are all real.

If we choose a value slightly less than 3, say $a = 2.9$, then $\Delta = (1.9)^2 - 4 = 3.61 - 4 = -0.39 < 0$, so the quadratic roots would be complex conjugates, and not all roots of the cubic would be real.

Therefore, the smallest possible value is indeed 3.

\boxed{3}",$3$,"['3', '3']","['3', '3']",True
"To evaluate the expression $(1+2i)6-3i$, we will follow the order of operations (PEMDAS/BODMAS), performing multiplication before subtraction.

**Step 1: Perform the multiplication**
Distribute the $6$ to both terms inside the parentheses:
$$ (1+2i) \cdot 6 = 1 \cdot 6 + 2i \cdot 6 $$
$$ = 6 + 12i $$

**Step 2: Perform the subtraction**
Now, subtract $3i$ from the result obtained in Step 1:
$$ (6 + 12i) - 3i $$

Group the real parts and the imaginary parts:
$$ 6 + (12i - 3i) $$
$$ 6 + 9i $$

**Conclusion**
The simplified complex number is $6 + 9i$.

\boxed{6+9i}",$6+9i$,"['9*i + 6', '6+9i']","['9*i + 6', '6+9i']",True
"To find the greatest integer less than $(\sqrt{7} + \sqrt{5})^6$, we can use the method of conjugate surds.

Let $x = \sqrt{7} + \sqrt{5}$ and $y = \sqrt{7} - \sqrt{5}$.
We want to evaluate $x^6$.

Consider the sum $S = x^6 + y^6$.
Since $x$ and $y$ are roots of a quadratic equation with integer coefficients, $S$ will be an integer.

First, let's find the quadratic equation satisfied by $x$ and $y$.
$$ x = \sqrt{7} + \sqrt{5} $$
$$ y = \sqrt{7} - \sqrt{5} $$

Calculate the sum and product of $x$ and $y$:
$$ x + y = (\sqrt{7} + \sqrt{5}) + (\sqrt{7} - \sqrt{5}) = 2\sqrt{7} $$
$$ xy = (\sqrt{7} + \sqrt{5})(\sqrt{7} - \sqrt{5}) = 7 - 5 = 2 $$

Let $u = x^2$ and $v = y^2$. Then:
$$ u + v = x^2 + y^2 = (x+y)^2 - 2xy = (2\sqrt{7})^2 - 2(2) = 28 - 4 = 24 $$
$$ uv = x^2 y^2 = (xy)^2 = 2^2 = 4 $$

So, $u$ and $v$ are roots of the quadratic equation:
$$ t^2 - (u+v)t + uv = 0 \implies t^2 - 24t + 4 = 0 $$

We want to find $x^6 + y^6 = u^3 + v^3$.
Let $S_n = u^n + v^n$. We know:
$S_0 = u^0 + v^0 = 1 + 1 = 2$
$S_1 = u + v = 24$

The recurrence relation for $S_n$ is derived from the characteristic equation $t^2 - 24t + 4 = 0$, which implies $t^2 = 24t - 4$. Multiplying by $t^{n-2}$, we get $t^n = 24t^{n-1} - 4t^{n-2}$.
Thus, $S_n = 24S_{n-1} - 4S_{n-2}$.

We need $S_3 = u^3 + v^3$.
First, calculate $S_2$:
$$ S_2 = 24S_1 - 4S_0 = 24(24) - 4(2) = 576 - 8 = 568 $$

Next, calculate $S_3$:
$$ S_3 = 24S_2 - 4S_1 = 24(568) - 4(24) $$
$$ S_3 = 24(568 - 4) = 24(564) $$

Let's compute $24 \times 564$:
$$ 24 \times 564 = 24(500 + 60 + 4) $$
$$ = 12000 + 1440 + 96 $$
$$ = 13440 + 96 $$
$$ = 13536 $$

So, $x^6 + y^6 = 13536$.
This means $x^6 = 13536 - y^6$.

Now we need to estimate the value of $y^6$.
Recall $y = \sqrt{7} - \sqrt{5}$.
We know that $\sqrt{7} \approx 2.645$ and $\sqrt{5} \approx 2.236$.
So, $y \approx 2.645 - 2.236 = 0.409$.
More precisely, let's bound $y$.
$2.6 < \sqrt{7} < 2.7$ and $2.2 < \sqrt{5} < 2.3$.
$y = \sqrt{7} - \sqrt{5}$.
Note that $y = \frac{(\sqrt{7}-\sqrt{5})(\sqrt{7}+\sqrt{5})}{\sqrt{7}+\sqrt{5}} = \frac{2}{\sqrt{7}+\sqrt{5}}$.
Since $\sqrt{7} > 2.6$ and $\sqrt{5} > 2.2$, $\sqrt{7}+\sqrt{5} > 4.8$.
So $y < \frac{2}{4.8} = \frac{20}{48} = \frac{5}{12} \approx 0.416$.
Also $\sqrt{7} < 2.65$ and $\sqrt{5} < 2.24$, so $\sqrt{7}+\sqrt{5} < 4.89$.
So $y > \frac{2}{4.89} \approx 0.409$.

Let's check $y^6$.
Since $0 < y < 0.5$, $y^6$ will be very small.
$y < 0.42 \implies y^2 < 0.1764$.
$y^4 < (0.1764)^2 \approx 0.031$.
$y^6 = y^4 \cdot y^2 < 0.031 \cdot 0.1764 \approx 0.0055$.

Clearly, $0 < y^6 < 1$.
Therefore, $x^6 = 13536 - y^6$.
Since $0 < y^6 < 1$, we have:
$$ 13535 < 13536 - y^6 < 13536 $$
$$ 13535 < x^6 < 13536 $$

The greatest integer less than $x^6$ is $\lfloor x^6 \rfloor$.
Since $x^6$ is strictly between 13535 and 13536, the greatest integer less than $x^6$ is 13535.

\boxed{13535}",$13535$,"['13535', '13535']","['13535', '13535']",True
"To find the value of $x$, we need to set up equations based on the information provided about Denali's and Nate's pay.

**1. Define Variables and Pay Structure**

Let $D$ be the number of dogs Denali walks.
Let $N$ be the number of dogs Nate walks.
Let $k$ be the pay per dog. Since they are paid for each dog they walk, their total pay is proportional to the number of dogs.

*   Denali's initial pay: $P_D = k \cdot D$
*   Nate's initial pay: $P_N = k \cdot N$

The ratio of Denali's pay to Nate's pay is:
$$ \frac{P_D}{P_N} = \frac{k \cdot D}{k \cdot N} = \frac{D}{N} $$

Initially, $D = 16$ and $N = 12$. So the initial ratio is $\frac{16}{12} = \frac{4}{3}$. However, the problem states that the ratio *would be the same* under two specific hypothetical scenarios. It does not state that the initial ratio is the one being compared, but rather that the ratio resulting from Scenario 1 is equal to the ratio resulting from Scenario 2. Let's re-read carefully: ""The ratio of Denali's pay to Nate's pay would be the same if [Scenario 1] or if [Scenario 2]."" This implies:
$$ \text{Ratio in Scenario 1} = \text{Ratio in Scenario 2} $$

**2. Analyze Scenario 1**

""Denali started walking $4x$ more dogs and Nate stayed at $12$ dogs.""

*   New number of dogs for Denali ($D_1$): $16 + 4x$
*   New number of dogs for Nate ($N_1$): $12$

The ratio of Denali's pay to Nate's pay in this scenario ($R_1$) is:
$$ R_1 = \frac{16 + 4x}{12} $$

**3. Analyze Scenario 2**

""$x$ of Nate's dogs were reassigned to Denali.""

*   New number of dogs for Denali ($D_2$): $16 + x$ (Denali gains $x$ dogs)
*   New number of dogs for Nate ($N_2$): $12 - x$ (Nate loses $x$ dogs)

The ratio of Denali's pay to Nate's pay in this scenario ($R_2$) is:
$$ R_2 = \frac{16 + x}{12 - x} $$

**4. Set Up the Equation**

The problem states that these two ratios are the same:
$$ R_1 = R_2 $$
$$ \frac{16 + 4x}{12} = \frac{16 + x}{12 - x} $$

**5. Solve for $x$**

First, simplify the left side if possible, or cross-multiply. Let's cross-multiply to eliminate fractions:
$$ (16 + 4x)(12 - x) = 12(16 + x) $$

Expand the left side:
$$ 16(12) - 16(x) + 4x(12) - 4x(x) = 192 - 16x + 48x - 4x^2 $$
$$ 192 + 32x - 4x^2 $$

Expand the right side:
$$ 12(16) + 12(x) = 192 + 12x $$

Set the expanded sides equal to each other:
$$ 192 + 32x - 4x^2 = 192 + 12x $$

Subtract 192 from both sides:
$$ 32x - 4x^2 = 12x $$

Rearrange the terms to form a quadratic equation equal to zero:
$$ 32x - 12x - 4x^2 = 0 $$
$$ 20x - 4x^2 = 0 $$

Factor out $4x$:
$$ 4x(5 - x) = 0 $$

This gives two possible solutions:
1.  $4x = 0 \implies x = 0$
2.  $5 - x = 0 \implies x = 5$

The problem states that $x \neq 0$. Therefore, we discard $x = 0$.

So, $x = 5$.

**6. Verification**

Let's check if $x = 5$ works.

*   **Scenario 1:**
    *   Denali's dogs: $16 + 4(5) = 16 + 20 = 36$
    *   Nate's dogs: $12$
    *   Ratio $R_1 = \frac{36}{12} = 3$

*   **Scenario 2:**
    *   Denali's dogs: $16 + 5 = 21$
    *   Nate's dogs: $12 - 5 = 7$
    *   Ratio $R_2 = \frac{21}{7} = 3$

Since $R_1 = R_2 = 3$, the solution is correct.

\boxed{5}",$5$,"['5', '5']","['5', '5']",True
"To find all values of $x$ that satisfy the equation $x = \sqrt{11-2x} + 4$, we will follow these steps:

### Step 1: Isolate the radical term
First, we move the constant term to the left side to isolate the square root:
$$ x - 4 = \sqrt{11-2x} $$

### Step 2: Determine the domain constraints
For the equation to have real solutions, two conditions must be met:
1. The expression inside the square root must be non-negative:
   $$ 11 - 2x \ge 0 \implies 2x \le 11 \implies x \le \frac{11}{2} = 5.5 $$
2. Since the square root function $\sqrt{11-2x}$ yields a non-negative result, the left side of the equation must also be non-negative:
   $$ x - 4 \ge 0 \implies x \ge 4 $$

Combining these, any valid solution must satisfy:
$$ 4 \le x \le 5.5 $$

### Step 3: Square both sides
Now, we square both sides of the equation to eliminate the square root:
$$ (x - 4)^2 = (\sqrt{11-2x})^2 $$
$$ x^2 - 8x + 16 = 11 - 2x $$

### Step 4: Solve the resulting quadratic equation
Rearrange the terms to form a standard quadratic equation $ax^2 + bx + c = 0$:
$$ x^2 - 8x + 2x + 16 - 11 = 0 $$
$$ x^2 - 6x + 5 = 0 $$

Factor the quadratic equation:
$$ (x - 5)(x - 1) = 0 $$

This gives two potential solutions:
$$ x = 5 \quad \text{or} \quad x = 1 $$

### Step 5: Verify the solutions
We must check these potential solutions against the original equation and the domain constraints derived in Step 2 ($4 \le x \le 5.5$).

**Check $x = 5$:**
- Domain check: $4 \le 5 \le 5.5$ (Valid)
- Substitute into the original equation:
  $$ \text{LHS} = 5 $$
  $$ \text{RHS} = \sqrt{11 - 2(5)} + 4 = \sqrt{11 - 10} + 4 = \sqrt{1} + 4 = 1 + 4 = 5 $$
  $$ \text{LHS} = \text{RHS} $$
  So, $x = 5$ is a valid solution.

**Check $x = 1$:**
- Domain check: $1 < 4$ (Invalid, as $x$ must be $\ge 4$)
- Substitute into the original equation to see why it fails:
  $$ \text{LHS} = 1 $$
  $$ \text{RHS} = \sqrt{11 - 2(1)} + 4 = \sqrt{9} + 4 = 3 + 4 = 7 $$
  $$ 1 \neq 7 $$
  So, $x = 1$ is an extraneous solution.

### Conclusion
The only value of $x$ that satisfies the equation is $5$.

\boxed{5}",$x=5$,"['5', '5']","['Eq(x, 5)', 'x=5']",True
"To find the minimal compound interest rate, we need to model the future value of the savings account.

**1. Understand the Cash Flow**
The worker deposits $\$20,000$ at the end of each year. This is an ordinary annuity.
- Deposit 1: End of Year 1
- Deposit 2: End of Year 2
- Deposit 3: End of Year 3

Let $r$ be the annual compound interest rate (expressed as a decimal).
Let $P = 20,000$ be the annual deposit.
Let $FV$ be the future value of the account at the end of Year 3.

**2. Calculate the Future Value of Each Deposit**
- The first deposit is made at the end of Year 1. It earns interest for 2 years (during Year 2 and Year 3).
  $$FV_1 = 20,000(1+r)^2$$
- The second deposit is made at the end of Year 2. It earns interest for 1 year (during Year 3).
  $$FV_2 = 20,000(1+r)^1$$
- The third deposit is made at the end of Year 3. It earns interest for 0 years.
  $$FV_3 = 20,000(1+r)^0 = 20,000$$

**3. Set Up the Equation**
The total amount in the account at the end of Year 3 is the sum of the future values of the individual deposits. We want this total to be at least $\$66,200$. To find the *minimal* rate, we set the total equal to $\$66,200$.

$$20,000(1+r)^2 + 20,000(1+r) + 20,000 = 66,200$$

**4. Solve for $r$**
First, divide the entire equation by $20,000$ to simplify:

$$(1+r)^2 + (1+r) + 1 = \frac{66,200}{20,000}$$

Calculate the right-hand side:
$$\frac{66,200}{20,000} = \frac{662}{200} = 3.31$$

So, the equation becomes:
$$(1+r)^2 + (1+r) + 1 = 3.31$$

Let $x = 1+r$. The equation is now a quadratic equation in terms of $x$:
$$x^2 + x + 1 = 3.31$$
$$x^2 + x - 2.31 = 0$$

Use the quadratic formula to solve for $x$:
$$x = \frac{-b \pm \sqrt{b^2 - 4ac}}{2a}$$
Here, $a = 1$, $b = 1$, and $c = -2.31$.

$$x = \frac{-1 \pm \sqrt{1^2 - 4(1)(-2.31)}}{2}$$
$$x = \frac{-1 \pm \sqrt{1 + 9.24}}{2}$$
$$x = \frac{-1 \pm \sqrt{10.24}}{2}$$

Calculate $\sqrt{10.24}$:
Since $3.2^2 = 10.24$, $\sqrt{10.24} = 3.2$.

$$x = \frac{-1 \pm 3.2}{2}$$

This gives two possible solutions for $x$:
1. $x_1 = \frac{-1 + 3.2}{2} = \frac{2.2}{2} = 1.1$
2. $x_2 = \frac{-1 - 3.2}{2} = \frac{-4.2}{2} = -2.1$

Since $x = 1+r$ and interest rates must result in a positive growth factor ($1+r > 0$), we discard the negative solution.
Thus, $x = 1.1$.

Now, solve for $r$:
$$1 + r = 1.1$$
$$r = 0.1$$

**5. Convert to Percentage**
The interest rate $r$ is $0.1$. To express this as a percentage:
$$0.1 \times 100\% = 10\%$$

The question asks for the answer as a percentage without the percent sign.

\boxed{10}",$10$,"['10', '10']","['10', '10']",True
"To find all integers $n$ such that $f(n) = n$, we first need to determine the explicit form of the function $f(x)$ using the given functional equation:
\[ f(x) + f(y) = f(x + y) - xy - 1 \]
for all real numbers $x$ and $y$.

### Step 1: Determine the form of $f(x)$

Let's substitute specific values to find properties of $f(x)$.

**Find $f(0)$:**
Set $x = 0$ and $y = 0$ in the equation:
\[ f(0) + f(0) = f(0 + 0) - 0 \cdot 0 - 1 \]
\[ 2f(0) = f(0) - 1 \]
\[ f(0) = -1 \]

**Find a general expression for $f(x)$:**
The term $-xy$ suggests that $f(x)$ might be a quadratic polynomial. Let's assume $f(x) = ax^2 + bx + c$.
We already know $f(0) = -1$, so substituting $x=0$ into the polynomial gives $c = -1$.
So, $f(x) = ax^2 + bx - 1$.

Let's substitute this form into the original functional equation to determine $a$ and $b$.
LHS:
\[ f(x) + f(y) = (ax^2 + bx - 1) + (ay^2 + by - 1) = a(x^2 + y^2) + b(x + y) - 2 \]

RHS:
\[ f(x + y) - xy - 1 = a(x + y)^2 + b(x + y) - 1 - xy - 1 \]
\[ = a(x^2 + 2xy + y^2) + b(x + y) - 2 - xy \]
\[ = a(x^2 + y^2) + 2axy + b(x + y) - xy - 2 \]

Equating LHS and RHS:
\[ a(x^2 + y^2) + b(x + y) - 2 = a(x^2 + y^2) + 2axy + b(x + y) - xy - 2 \]

Subtract $a(x^2 + y^2) + b(x + y) - 2$ from both sides:
\[ 0 = 2axy - xy \]
\[ 0 = xy(2a - 1) \]

For this to hold for all real numbers $x$ and $y$, we must have:
\[ 2a - 1 = 0 \implies a = \frac{1}{2} \]

So far, $f(x) = \frac{1}{2}x^2 + bx - 1$.

**Use the condition $f(1) = 1$ to find $b$:**
\[ f(1) = \frac{1}{2}(1)^2 + b(1) - 1 = 1 \]
\[ \frac{1}{2} + b - 1 = 1 \]
\[ b - \frac{1}{2} = 1 \]
\[ b = \frac{3}{2} \]

Thus, the function is:
\[ f(x) = \frac{1}{2}x^2 + \frac{3}{2}x - 1 \]

Let's verify this solution.
LHS: $f(x) + f(y) = \frac{1}{2}x^2 + \frac{3}{2}x - 1 + \frac{1}{2}y^2 + \frac{3}{2}y - 1 = \frac{1}{2}(x^2+y^2) + \frac{3}{2}(x+y) - 2$.
RHS: $f(x+y) - xy - 1 = \frac{1}{2}(x+y)^2 + \frac{3}{2}(x+y) - 1 - xy - 1$
$= \frac{1}{2}(x^2+2xy+y^2) + \frac{3}{2}(x+y) - 2 - xy$
$= \frac{1}{2}x^2 + xy + \frac{1}{2}y^2 + \frac{3}{2}(x+y) - 2 - xy$
$= \frac{1}{2}(x^2+y^2) + \frac{3}{2}(x+y) - 2$.
LHS = RHS. The function is correct.

### Step 2: Solve for integers $n$ such that $f(n) = n$

We set $f(n) = n$:
\[ \frac{1}{2}n^2 + \frac{3}{2}n - 1 = n \]

Multiply the entire equation by 2 to clear the denominators:
\[ n^2 + 3n - 2 = 2n \]

Rearrange into a standard quadratic equation form:
\[ n^2 + 3n - 2n - 2 = 0 \]
\[ n^2 + n - 2 = 0 \]

Factor the quadratic equation:
\[ (n + 2)(n - 1) = 0 \]

The solutions are:
\[ n = -2 \quad \text{or} \quad n = 1 \]

Both $-2$ and $1$ are integers.

### Step 3: Verification

Check $n = 1$:
$f(1) = \frac{1}{2}(1)^2 + \frac{3}{2}(1) - 1 = \frac{1}{2} + \frac{3}{2} - 1 = 2 - 1 = 1$.
Since $f(1) = 1$, this is a solution.

Check $n = -2$:
$f(-2) = \frac{1}{2}(-2)^2 + \frac{3}{2}(-2) - 1 = \frac{1}{2}(4) - 3 - 1 = 2 - 3 - 1 = -2$.
Since $f(-2) = -2$, this is a solution.

### Conclusion

The integers $n$ such that $f(n) = n$ are $-2$ and $1$.

\boxed{-2, 1}","$1,-2$","['{-2, 1}', '-2, 1']","['{-2, 1}', '1,-2']",True
"To solve the problem of finding the number of ways 7 people can sit around a round table such that no two of the 3 specific people (Pierre, Rosa, and Thomas) sit next to each other, we can use the method of **complementary counting** or the **gap method**. The gap method is often more direct for ""no two adjacent"" constraints in circular permutations.

### Step 1: Understand the Setup
- Total people: $7$
- Specific people (let's call them Group A): Pierre ($P$), Rosa ($R$), Thomas ($T$). There are $3$ people in this group.
- Other people (let's call them Group B): The remaining $7 - 3 = 4$ people. Let's call them $O_1, O_2, O_3, O_4$.
- Constraint: No two people from Group A can sit next to each other.
- Circular Permutation: Rotations are considered identical.

### Step 2: Arrange the ""Other"" People (Group B)
First, we arrange the 4 people from Group B around the round table.
The number of ways to arrange $n$ distinct items in a circle is $(n-1)!$.
So, the number of ways to arrange the 4 ""other"" people is:
$$ (4 - 1)! = 3! = 6 \text{ ways} $$

Let's visualize these 4 people sitting in a circle. This arrangement creates 4 distinct spaces or ""gaps"" between them where the people from Group A can be placed.
$$ \_ O_1 \_ O_2 \_ O_3 \_ O_4 \_ $$
(Note: In a circle, the gap after $O_4$ connects back to $O_1$.)

### Step 3: Place the Specific People (Group A) into the Gaps
To ensure that no two people from Group A sit next to each other, we must place each of the 3 people ($P, R, T$) into a separate gap among the 4 available gaps created by Group B.

1.  **Choose the gaps**: We need to choose 3 gaps out of the 4 available gaps. The number of ways to choose 3 gaps from 4 is given by the combination formula $\binom{n}{k}$:
    $$ \binom{4}{3} = 4 \text{ ways} $$

2.  **Arrange the people in the chosen gaps**: Once the 3 gaps are selected, we need to place Pierre, Rosa, and Thomas into these specific gaps. Since the people are distinct, the order matters. The number of ways to arrange 3 distinct people in 3 specific spots is $3!$:
    $$ 3! = 3 \times 2 \times 1 = 6 \text{ ways} $$

So, the total number of ways to place Group A into the gaps relative to a fixed arrangement of Group B is:
$$ \binom{4}{3} \times 3! = 4 \times 6 = 24 \text{ ways} $$

### Step 4: Calculate the Total Number of Arrangements
The total number of valid seating arrangements is the product of the number of ways to arrange Group B and the number of ways to place Group A into the gaps.

$$ \text{Total Ways} = (\text{Ways to arrange Group B}) \times (\text{Ways to place Group A}) $$
$$ \text{Total Ways} = 6 \times 24 $$

Let's compute the product:
$$ 6 \times 24 = 144 $$

### Alternative Method: Complementary Counting (Verification)
Total circular permutations of 7 people is $(7-1)! = 6! = 720$.

Let $S$ be the set of all arrangements.
Let $A$ be the property that $P$ and $R$ are adjacent.
Let $B$ be the property that $R$ and $T$ are adjacent.
Let $C$ be the property that $P$ and $T$ are adjacent.

We want to find the number of arrangements where none of these properties hold: $N(\text{None}) = |S| - |A \cup B \cup C|$.
Using the Principle of Inclusion-Exclusion:
$$ |A \cup B \cup C| = (|A| + |B| + |C|) - (|A \cap B| + |A \cap C| + |B \cap C|) + |A \cap B \cap C| $$

1.  **Calculate $|A|$ (P and R adjacent)**:
    Treat $(PR)$ as one unit. We have 6 units: $\{ (PR), T, O_1, O_2, O_3, O_4 \}$.
    Circular arrangements of 6 units: $(6-1)! = 120$.
    Internal arrangement of $(PR)$: $2! = 2$.
    $|A| = 120 \times 2 = 240$.
    Similarly, $|B| = 240$ and $|C| = 240$.
    Sum = $240 + 240 + 240 = 720$.

2.  **Calculate $|A \cap B|$ (P-R adjacent AND R-T adjacent)**:
    This implies the block is $(PRT)$ or $(TRP)$. Essentially, P, R, T are all together in a block of 3.
    Treat $\{P,R,T\}$ as one unit. We have 5 units: $\{ (PRT), O_1, O_2, O_3, O_4 \}$.
    Circular arrangements of 5 units: $(5-1)! = 24$.
    Internal arrangement of the block: The condition is P next to R and R next to T. The possible orders are $P-R-T$ and $T-R-P$. So, 2 internal arrangements.
    $|A \cap B| = 24 \times 2 = 48$.
    Similarly, $|A \cap C|$ (P next to R and P next to T) means block is $R-P-T$ or $T-P-R$. Count = 48.
    Similarly, $|B \cap C|$ (R next to T and P next to T) means block is $R-T-P$ or $P-T-R$. Count = 48.
    Sum = $48 + 48 + 48 = 144$.

3.  **Calculate $|A \cap B \cap C|$ (All pairs adjacent)**:
    This requires P next to R, R next to T, and P next to T. In a linear arrangement of 3 people, the ends are not adjacent. In a circle of 3, they are. But here they are part of a larger circle. For P, R, T to be pairwise adjacent, they must form a contiguous block of 3 where the first and last are also adjacent? No, ""adjacent"" in the table means immediate neighbors.
    If P is next to R, and R is next to T, the order is P-R-T. For P to be next to T, P and T must be neighbors. In the sequence P-R-T, P and T are separated by R. They are only neighbors if the block wraps around or if there are only 3 people. With 7 people, P and T cannot be neighbors if R is between them unless the ""block"" is just the three of them sitting together such that P and T are on the outside? No, adjacency is strictly left/right.
    Wait, $A \cap B \cap C$ means:
    - P next to R
    - R next to T
    - P next to T
    This is impossible for 3 distinct people in a standard linear or circular seating unless $N=3$. If $N>3$, you cannot have three people all sitting next to each other pairwise. P sits next to R and T. R sits next to P and T. T sits next to P and R. This forms a triangle, which isn't a line. In a 1D circle arrangement, a person has only 2 neighbors. If P's neighbors are R and T, then R and T are not neighbors of each other (unless $N=3$). So $|A \cap B \cap C| = 0$.

    Let's re-evaluate $|A \cap B|$.
    $A$: P next to R.
    $B$: R next to T.
    This implies the sequence is $P-R-T$ or $T-R-P$.
    Does this imply P is next to T? No.
    So $|A \cap B|$ counts arrangements where P, R, T are consecutive in that order (or reverse).
    The calculation $24 \times 2 = 48$ is correct for the block $(PRT)$ or $(TRP)$.

    So, $|A \cup B \cup C| = 720 - 144 + 0 = 576$.
    
    The number of arrangements where **at least one** pair from $\{P,R,T\}$ is adjacent is 576.
    
    The number of arrangements where **no** pair from $\{P,R,T\}$ is adjacent is:
    $$ \text{Total} - |A \cup B \cup C| = 720 - 576 = 144 $$

Both methods yield the same result.

### Conclusion
The number of ways 7 people can sit around a round table such that Pierre, Rosa, and Thomas do not sit next to each other is 144.

\boxed{144}",$144$,"['144', '144']","['144', '144']",True
"To find the profit, we need to calculate the total revenue generated from selling the items and then subtract the total cost of baking them.

**Step 1: Calculate the revenue from cookies.**
The math club sold 54 cookies at a rate of 3 for $\$1$.
First, determine how many sets of 3 cookies were sold:
$$ \frac{54 \text{ cookies}}{3 \text{ cookies/set}} = 18 \text{ sets} $$
Since each set costs $\$1$, the revenue from cookies is:
$$ 18 \text{ sets} \times \$1/\text{set} = \$18 $$

**Step 2: Calculate the revenue from cupcakes.**
The math club sold 20 cupcakes at $\$2$ each.
$$ 20 \text{ cupcakes} \times \$2/\text{cupcake} = \$40 $$

**Step 3: Calculate the revenue from brownies.**
The math club sold 35 brownies at $\$1$ each.
$$ 35 \text{ brownies} \times \$1/\text{brownie} = \$35 $$

**Step 4: Calculate the total revenue.**
Add the revenue from all three items:
$$ \text{Total Revenue} = \$18 (\text{cookies}) + \$40 (\text{cupcakes}) + \$35 (\text{brownies}) $$
$$ \text{Total Revenue} = \$18 + \$40 + \$35 = \$93 $$

**Step 5: Calculate the profit.**
Profit is defined as Total Revenue minus Total Cost. The problem states that the cost to bake the items was $\$15$.
$$ \text{Profit} = \text{Total Revenue} - \text{Total Cost} $$
$$ \text{Profit} = \$93 - \$15 $$
$$ \text{Profit} = \$78 $$

The math club's profit was $\$78$.

\boxed{78}",$78$,"['78', '78']","['78', '78']",True
"To find the resulting complex number after a $90^\circ$ counter-clockwise rotation around the origin, we can use the properties of complex number multiplication.

### Step 1: Understand Rotation in the Complex Plane
Rotating a complex number $z$ by an angle $\theta$ counter-clockwise around the origin is equivalent to multiplying $z$ by $e^{i\theta}$.

For a rotation of $90^\circ$ (or $\frac{\pi}{2}$ radians), the multiplier is:
$$ e^{i\frac{\pi}{2}} = \cos\left(\frac{\pi}{2}\right) + i\sin\left(\frac{\pi}{2}\right) $$

We know that:
$$ \cos\left(\frac{\pi}{2}\right) = 0 $$
$$ \sin\left(\frac{\pi}{2}\right) = 1 $$

Therefore:
$$ e^{i\frac{\pi}{2}} = 0 + 1i = i $$

So, rotating a complex number by $90^\circ$ counter-clockwise is simply multiplying that number by $i$.

### Step 2: Apply the Rotation
The given complex number is $z = 7 + 2i$.
We multiply $z$ by $i$:
$$ z' = (7 + 2i) \cdot i $$

Distribute the $i$:
$$ z' = 7i + 2i^2 $$

Recall that $i^2 = -1$. Substitute this value into the equation:
$$ z' = 7i + 2(-1) $$
$$ z' = 7i - 2 $$

### Step 3: Format the Result
Standard form for a complex number is $a + bi$. Rearranging the terms:
$$ z' = -2 + 7i $$

### Alternative Geometric Check
A $90^\circ$ counter-clockwise rotation maps a point $(x, y)$ to $(-y, x)$.
The complex number $7 + 2i$ corresponds to the point $(7, 2)$.
Applying the transformation:
$$ (7, 2) \rightarrow (-2, 7) $$
This corresponds to the complex number $-2 + 7i$.

### Conclusion
The resulting complex number is $-2 + 7i$.

\boxed{-2 + 7i}",$-2 + 7i$,"['7*i - 2', '-2 + 7i']","['7*i - 2', '-2 + 7i']",True
"To determine the number of different battalions that can be sent, we need to calculate the number of ways to choose the required soldiers from the available pool for each class. This is a combination problem because the order in which the soldiers are selected does not matter.

**1. Calculate the number of ways to choose the upper class soldiers:**

*   Total available upper class soldiers ($n_U$) = 5
*   Required upper class soldiers ($k_U$) = 4

The number of ways to choose 4 soldiers from 5 is given by the combination formula $\binom{n}{k} = \frac{n!}{k!(n-k)!}$:

$$ \binom{5}{4} = \frac{5!}{4!(5-4)!} = \frac{5!}{4!1!} = \frac{5 \times 4 \times 3 \times 2 \times 1}{(4 \times 3 \times 2 \times 1) \times 1} = 5 $$

So, there are **5** ways to choose the upper class soldiers.

**2. Calculate the number of ways to choose the lower class soldiers:**

*   Total available lower class soldiers ($n_L$) = 10
*   Required lower class soldiers ($k_L$) = 8

The number of ways to choose 8 soldiers from 10 is:

$$ \binom{10}{8} = \frac{10!}{8!(10-8)!} = \frac{10!}{8!2!} $$

Using the property $\binom{n}{k} = \binom{n}{n-k}$, we know that $\binom{10}{8} = \binom{10}{2}$, which is easier to calculate:

$$ \binom{10}{2} = \frac{10 \times 9}{2 \times 1} = \frac{90}{2} = 45 $$

So, there are **45** ways to choose the lower class soldiers.

**3. Calculate the total number of different battalions:**

Since the choice of upper class soldiers and lower class soldiers are independent events, we multiply the number of ways for each class to find the total number of combinations:

$$ \text{Total Battalions} = (\text{Ways to choose Upper Class}) \times (\text{Ways to choose Lower Class}) $$
$$ \text{Total Battalions} = 5 \times 45 $$
$$ \text{Total Battalions} = 225 $$

**Conclusion:**

There are 225 different battalions that can be sent.

\boxed{225}",$225$,"['225', '225']","['225', '225']",True
"To find the product of $6_8 \cdot 7_8$ and express the answer in base $8$, we can follow these steps:

### Step 1: Convert the numbers from base 8 to base 10
The subscript $_8$ indicates that the numbers are in octal (base 8).
- The number $6_8$ represents the value $6$ in base 10.
- The number $7_8$ represents the value $7$ in base 10.

### Step 2: Perform the multiplication in base 10
Multiply the base 10 values:
$$ 6 \times 7 = 42 $$
So, the product in base 10 is $42_{10}$.

### Step 3: Convert the result from base 10 back to base 8
To convert $42_{10}$ to base 8, we divide the number by 8 and keep track of the remainders.

1. Divide 42 by 8:
   $$ 42 \div 8 = 5 \text{ with a remainder of } 2 $$
   ($5 \times 8 = 40$, and $42 - 40 = 2$)

2. The quotient is 5, which is less than 8, so we stop dividing. The quotient becomes the next digit.

Reading the digits from the last quotient to the first remainder, we get:
- The most significant digit is the quotient: $5$
- The least significant digit is the remainder: $2$

Thus, $42_{10} = 52_8$.

### Verification
We can also perform the multiplication directly in base 8.
In base 8, the digits are $0, 1, 2, 3, 4, 5, 6, 7$.
$6 \times 7 = 42$ in base 10.
We need to represent $42$ in base 8.
$42 = 5 \times 8^1 + 2 \times 8^0$.
So, the digits are $5$ and $2$.
Therefore, $6_8 \cdot 7_8 = 52_8$.

\boxed{52_8}",$52_8$,"['52', '52_8']","['52', '52_8']",True
"To simplify the square root $\sqrt{242}$, we need to find the largest perfect square factor of 242.

**Step 1: Find the prime factorization of 242.**
First, we notice that 242 is an even number, so it is divisible by 2:
$$ 242 \div 2 = 121 $$

Next, we look at 121. We know that $11 \times 11 = 121$, so 121 is a perfect square ($11^2$).
Thus, the prime factorization of 242 is:
$$ 242 = 2 \times 11^2 $$

**Step 2: Apply the property of square roots.**
We can rewrite the square root using the factors found above:
$$ \sqrt{242} = \sqrt{121 \times 2} $$

Using the property $\sqrt{a \times b} = \sqrt{a} \times \sqrt{b}$, we get:
$$ \sqrt{242} = \sqrt{121} \times \sqrt{2} $$

**Step 3: Simplify the perfect square.**
Since $\sqrt{121} = 11$, we substitute this value back into the expression:
$$ \sqrt{242} = 11 \times \sqrt{2} $$
$$ \sqrt{242} = 11\sqrt{2} $$

The number 2 has no perfect square factors other than 1, so $\sqrt{2}$ cannot be simplified further.

**Final Answer:**
$$ \boxed{11\sqrt{2}} $$",$11\sqrt2$,"['11*sqrt(2)', '11\\sqrt{2}']","['11*sqrt(2)', '11\\sqrt{2}']",True
