task_id,dataset,repetition,reference_correct,candidate_correct,same_content,reference_finish,candidate_finish,reference_tokens,candidate_tokens,latency_ratio_reference_over_candidate,tps_ratio_candidate_over_reference,reference_record,candidate_record,reference_sha256,candidate_sha256
HumanEval/0,humaneval_plus,0,True,True,True,stop,stop,177,177,6.312222402298363,6.312222402298364,results/baseline/primary/repeat-0/HumanEval_0.json,results/dflash15/primary/repeat-0/HumanEval_0.json,5421341340a55d1e6772a93bb49fe62ed9c3be0bd6410d13fa4d119e8da07271,e2f00c4d1c6e402a42a584038db4f72356ababfdf80ae49bd8305e4d05000855
HumanEval/1,humaneval_plus,0,True,True,True,stop,stop,230,230,6.888423344606547,6.888423344606547,results/baseline/primary/repeat-0/HumanEval_1.json,results/dflash15/primary/repeat-0/HumanEval_1.json,c3c75501db9ff8a20faffa36e3e2d3631dac97c60a75217321e68d4f3f73e1ae,38c06392f87f2b2e612ac7f56b3bd507fc44fa780a22a7d3e94c558833f9fd6c
HumanEval/2,humaneval_plus,0,True,True,True,stop,stop,97,97,7.338939341175566,7.338939341175565,results/baseline/primary/repeat-0/HumanEval_2.json,results/dflash15/primary/repeat-0/HumanEval_2.json,502fbcee56b843fdf5ff5555306f2701c81d6dc82f8ef0bf5b31dfccbb907bbc,3f09dcaea31f584ed5a8604c119dda1b61217f0811ed28fec80cb0c855f6758e
HumanEval/3,humaneval_plus,0,True,True,True,stop,stop,157,157,7.264704342485388,7.264704342485387,results/baseline/primary/repeat-0/HumanEval_3.json,results/dflash15/primary/repeat-0/HumanEval_3.json,588340e8d0e151e911a9f92c75ad1b5dd6272523e82c01424ac5042c457b9098,3340cbade0ed9d35b025cce5b904c8615324ffe16d15e673014c8b3e3a7d48b9
HumanEval/4,humaneval_plus,0,True,True,True,stop,stop,172,172,7.388445835625565,7.388445835625565,results/baseline/primary/repeat-0/HumanEval_4.json,results/dflash15/primary/repeat-0/HumanEval_4.json,6121bb505ce8eb114faa08a944de92661464a15c7c4d48f8eee22392d3ff4c4a,fb75b297698a6810c1ea95bbd4b6606a591997c150c15434ce8b216d9d509c59
HumanEval/5,humaneval_plus,0,True,True,True,stop,stop,154,154,6.901064363252798,6.901064363252798,results/baseline/primary/repeat-0/HumanEval_5.json,results/dflash15/primary/repeat-0/HumanEval_5.json,1d024b4bcce9f79383405c4ada110d1ece12aeaecaf98afd57239afc71528d09,8e61a1e80364c2540dee668f25432f06ee76ddec926b476c74a3a2171b04be03
HumanEval/6,humaneval_plus,0,True,True,True,stop,stop,229,229,7.269487013902186,7.269487013902186,results/baseline/primary/repeat-0/HumanEval_6.json,results/dflash15/primary/repeat-0/HumanEval_6.json,fed865312a36d450097fd80125f4066d6a3a08d99e1d1306961be1a2a9c303da,cc06d4cc53ea6ac1178e4a060998dbd7f2e5a81d7fa3084ef3499eb01496316a
HumanEval/7,humaneval_plus,0,True,True,True,stop,stop,112,112,6.986802598171721,6.986802598171721,results/baseline/primary/repeat-0/HumanEval_7.json,results/dflash15/primary/repeat-0/HumanEval_7.json,9032591c495e5bb8a47afc198e53209e8016ead3cf68de0c126d7fa983f1a062,7a14ef52da610e749b1065cfff813d7f4d9c38c6baaa53e0b03e17f663ec15e8
HumanEval/8,humaneval_plus,0,True,True,True,stop,stop,163,163,7.563157577332446,7.563157577332446,results/baseline/primary/repeat-0/HumanEval_8.json,results/dflash15/primary/repeat-0/HumanEval_8.json,80eb8ec6a6342a5ee6e14528739a76380af47e410c0bf67d9c1e4c82bef51293,f24a5b9ee0973645e06d2a334948e3b52e5c5dcff3eb7b78ecae42c9ba9c2e02
HumanEval/9,humaneval_plus,0,True,True,True,stop,stop,162,162,7.963109824114063,7.963109824114063,results/baseline/primary/repeat-0/HumanEval_9.json,results/dflash15/primary/repeat-0/HumanEval_9.json,f0e83050e8df06587e87d861ab88c1c3d03b6883e34eba586b20cd532dd8f6ae,68aa97e3a3a16d094368a2f194d0b4018ac67a38011aad7e80e531df3e5d6755
HumanEval/10,humaneval_plus,0,True,True,False,stop,stop,315,342,4.135884719045155,4.490389123534739,results/baseline/primary/repeat-0/HumanEval_10.json,results/dflash15/primary/repeat-0/HumanEval_10.json,e6f3547e85023b9c1e71ba49baee53ae08018d3a2e3e126ab419324fff7fea46,ba664bf5fbd2edc2c91b659996aaa796c6719624e9921edb267db3bfd7aabbbe
HumanEval/11,humaneval_plus,0,True,True,True,stop,stop,140,140,6.980449523722572,6.980449523722571,results/baseline/primary/repeat-0/HumanEval_11.json,results/dflash15/primary/repeat-0/HumanEval_11.json,6add5db31ca938a2dbb9ef9c43542ecee03ec12db92a0ca26b737cb4b159b40f,167b65ae3c8103448ef56f69c8ace97e5c17f2124d80726a57c826fc8e507e27
HumanEval/12,humaneval_plus,0,True,True,True,stop,stop,161,161,7.474477443672801,7.474477443672802,results/baseline/primary/repeat-0/HumanEval_12.json,results/dflash15/primary/repeat-0/HumanEval_12.json,c15a75bb4df39cb37a0e496d81f98ad846f83235a5a2e94f9c5bb0497a85671e,9a8fff506ed758256f9243b32bcb9e2552d270fc279393dbdc021e2587ad548c
HumanEval/13,humaneval_plus,0,True,True,True,stop,stop,109,109,6.8943539569051975,6.894353956905198,results/baseline/primary/repeat-0/HumanEval_13.json,results/dflash15/primary/repeat-0/HumanEval_13.json,bc1b4fdd7b3d1a043b733bb7658282b09cf236fcfd1275a442a7846ee4690664,bded454bed6582e3cb942c1664c667ccd9c2419247b306a9d31e9c249438b9bc
HumanEval/14,humaneval_plus,0,True,True,False,stop,stop,95,79,6.744668125029059,5.608724019761007,results/baseline/primary/repeat-0/HumanEval_14.json,results/dflash15/primary/repeat-0/HumanEval_14.json,46aee424d3a518908eed18202d52601bfe3eb3bd36f6a864484042930e27f977,c31032edf6be57db17c33ca8cd0f0a69ab0abd79db92394e9a43ed31f0752358
HumanEval/15,humaneval_plus,0,True,True,True,stop,stop,92,92,7.1131992356684215,7.113199235668422,results/baseline/primary/repeat-0/HumanEval_15.json,results/dflash15/primary/repeat-0/HumanEval_15.json,4a218fc8149ec8ae6144b058dd2813d0f861e7be7383d3e096e9f9bacab8bc87,736465530adc4e3aac1662ec7bfc7e5680a2d31407881bd4374e6b82a57cc3bb
HumanEval/16,humaneval_plus,0,True,True,True,stop,stop,122,122,6.55992589509099,6.55992589509099,results/baseline/primary/repeat-0/HumanEval_16.json,results/dflash15/primary/repeat-0/HumanEval_16.json,7e04c54ff1b88bf8e808430b2cfbb3c8fe8ae48076129cb4183721b8883828b3,cc6e303c54631dc226d2e34b17e07ed3cf074dadc1afa22be440030f484058cd
HumanEval/17,humaneval_plus,0,True,True,True,stop,stop,261,261,7.000905585379281,7.000905585379281,results/baseline/primary/repeat-0/HumanEval_17.json,results/dflash15/primary/repeat-0/HumanEval_17.json,66f009c5200632da99a54ea902ebf0933cd8de4afe072c947fc5e1ae39dde6bb,4c68562dd02a870ccb94475576a38638ed56d4617d00c1105ff9f3ea861a0cdb
HumanEval/18,humaneval_plus,0,True,True,True,stop,stop,161,161,7.472161845497285,7.4721618454972845,results/baseline/primary/repeat-0/HumanEval_18.json,results/dflash15/primary/repeat-0/HumanEval_18.json,bb7eae9e60225596b5da68f806f5590544b95d474eb83f2f917714c74dacb77e,a62522c4a368da889dd0c90823e52022dccbcfce64bee38af07509cd05e80bd7
HumanEval/19,humaneval_plus,0,True,True,True,stop,stop,254,254,7.143209048884809,7.143209048884809,results/baseline/primary/repeat-0/HumanEval_19.json,results/dflash15/primary/repeat-0/HumanEval_19.json,748868ff698c53065e23b0be8cab19375da7b32de9bb73e84a4321140619d84b,7be53de3672a72ed28cc5bfa5d3edc3d6968408536ee06d6b1962d61755adb64
HumanEval/20,humaneval_plus,0,True,True,True,stop,stop,309,309,6.724521507178828,6.724521507178828,results/baseline/primary/repeat-0/HumanEval_20.json,results/dflash15/primary/repeat-0/HumanEval_20.json,d81f1284d5fc7570c6a0453f2208f104c0301c466d7faa04015261f903aa69f7,d443e3c22b018c9c6f266d8e55680c7d1e4e3a6878e98b2e2d3798220277654b
HumanEval/21,humaneval_plus,0,True,True,True,stop,stop,193,193,7.03074335154511,7.030743351545109,results/baseline/primary/repeat-0/HumanEval_21.json,results/dflash15/primary/repeat-0/HumanEval_21.json,5cee0f38dcb00aad81ed448333d2fccfa65b9edd405af4cf0d137b0159c4bc79,36455b663794499649b7a60ab90c1b903a685b65ad31dff8cca8f955d6c3a13f
HumanEval/22,humaneval_plus,0,True,True,True,stop,stop,119,119,7.553620057221755,7.553620057221755,results/baseline/primary/repeat-0/HumanEval_22.json,results/dflash15/primary/repeat-0/HumanEval_22.json,9a6b81bea8dca52dfb7566643846f2f8a43937c08f32d9288aee5716fc8c2a02,ae828fde30a1de25d3d6790f98bcd72fa39963a7ae11de408b1bc8d1a23785ce
HumanEval/23,humaneval_plus,0,True,True,True,stop,stop,53,53,6.377924536005751,6.37792453600575,results/baseline/primary/repeat-0/HumanEval_23.json,results/dflash15/primary/repeat-0/HumanEval_23.json,689a58bdc944655d2a028df645a1135bd53813d8c486221e7ec8972e2f927446,b788d86fd10d046fc48ae4330936f3243bdd04d387bf9f2adb37adcb5d3543b3
HumanEval/24,humaneval_plus,0,True,True,True,stop,stop,136,136,3.8645966196604373,3.864596619660437,results/baseline/primary/repeat-0/HumanEval_24.json,results/dflash15/primary/repeat-0/HumanEval_24.json,8cf22ffc98a19c318e14ed63746608b8c18b4e319727ac9d4de695ee635f10e3,f1859124ee82d3b077f3fdf3efcc1f5a7eeb605cab27f65c24129ca372a8792c
HumanEval/25,humaneval_plus,0,True,True,True,stop,stop,215,215,8.252938079799257,8.252938079799257,results/baseline/primary/repeat-0/HumanEval_25.json,results/dflash15/primary/repeat-0/HumanEval_25.json,ebc3a942cc202f2fd9f401c05b46a555b21947818d92527d7d412ad339f20ab2,882ab4ae2d792cb00f44a25003a304d9d8657792df1b94cdd34ef9058bc7640c
HumanEval/26,humaneval_plus,0,True,True,True,stop,stop,141,141,5.852631144427261,5.852631144427261,results/baseline/primary/repeat-0/HumanEval_26.json,results/dflash15/primary/repeat-0/HumanEval_26.json,21189dbeba2291cd87764ea8d43b3b5ef131b665bd73cf1e1d679db8028ff79b,b1bbb9b81f27df96934a67083069dadb9e138252f1f13594242b3e10f7139fa1
HumanEval/27,humaneval_plus,0,True,True,True,stop,stop,58,58,5.831267083633794,5.831267083633794,results/baseline/primary/repeat-0/HumanEval_27.json,results/dflash15/primary/repeat-0/HumanEval_27.json,f8f5fb0b7e422b902637517a977c3f74760adb2f7c71ddd0e91bdb4f0f332261,fc098a7ef1516ed473bfa61770efce67d79b8022b4ecad84d03610622dd8de68
HumanEval/28,humaneval_plus,0,True,True,True,stop,stop,70,70,7.090994529767103,7.090994529767103,results/baseline/primary/repeat-0/HumanEval_28.json,results/dflash15/primary/repeat-0/HumanEval_28.json,f0ed2779e7171aa4225fd117ff2db6b638d66da5ef348b6142e99527d9f94221,53af29e08bdc5f4d1f65360aaef3fccf87e333b3b5a203f2023747fa17ca8764
HumanEval/29,humaneval_plus,0,True,True,True,stop,stop,107,107,7.466247403997431,7.466247403997432,results/baseline/primary/repeat-0/HumanEval_29.json,results/dflash15/primary/repeat-0/HumanEval_29.json,395b72f05ed59daf7146cb13adb24d28acb29b45f8f3640fd38c55996c4452e9,911e00fe92b16b97759679694953932de49b7f7bcd4d9f2593b84599cb7a20ae
HumanEval/30,humaneval_plus,0,True,True,True,stop,stop,139,139,8.036393526122028,8.036393526122028,results/baseline/primary/repeat-0/HumanEval_30.json,results/dflash15/primary/repeat-0/HumanEval_30.json,c30e298de6da74f8749d87b5caa0b9d25908126a8da58f6eb059c97726d49f51,5b13a597d9b8fbe44ce6894943c7eb0acd5e6437e5be5b2e8c54d249e68c9a40
HumanEval/31,humaneval_plus,0,True,True,True,stop,stop,193,193,8.354379645446063,8.354379645446063,results/baseline/primary/repeat-0/HumanEval_31.json,results/dflash15/primary/repeat-0/HumanEval_31.json,442b970eed9a9fa4ffa82d91a5802c0f02bcdf75644a1a5921ecafe01f69883f,414fa271a2aaf2a99c495a8b1c0ebbef1461495ff3c629dcb9cee576f89c0790
HumanEval/32,humaneval_plus,0,False,False,False,stop,stop,702,759,3.677900166502137,3.976533086004448,results/baseline/primary/repeat-0/HumanEval_32.json,results/dflash15/primary/repeat-0/HumanEval_32.json,309293cb51417afb7d11be2ec059c0bc47f147f1e26869bc1e1318fe7cd06361,aaae3a79580f04d6c586ab6826fcb34f0fa332b7482372ce205dd2d98a0496c6
HumanEval/33,humaneval_plus,0,True,True,True,stop,stop,285,285,5.5246519982882,5.524651998288199,results/baseline/primary/repeat-0/HumanEval_33.json,results/dflash15/primary/repeat-0/HumanEval_33.json,c36c0df320eb0508a69620c1732c80bfb0575a72064188e3a192055ba778f366,0b275ca969cc142d852a91eb75eb7e292fc44ca26fd0ce45930c0cefc4b7c319
HumanEval/34,humaneval_plus,0,True,True,True,stop,stop,87,87,6.712675288981252,6.712675288981253,results/baseline/primary/repeat-0/HumanEval_34.json,results/dflash15/primary/repeat-0/HumanEval_34.json,8ff71681f3359e450950715a8a07f33810a273238671981d26f51cafb7ef5d09,1a71e379f6b6354e4e3e029f8682c67c62d40b633a94738571a09137c7b05057
HumanEval/35,humaneval_plus,0,True,True,True,stop,stop,97,97,7.4634383324007,7.4634383324007,results/baseline/primary/repeat-0/HumanEval_35.json,results/dflash15/primary/repeat-0/HumanEval_35.json,5ed6b1c4e966c77b34783353e18be9a0063aeefd03202b41a0928f28c53dab56,f343aaf253210a506ec9d4ccae008f1a66f7d1abc2cee12422aed0c8dadaf186
HumanEval/36,humaneval_plus,0,True,True,True,stop,stop,142,142,7.137100788055971,7.137100788055971,results/baseline/primary/repeat-0/HumanEval_36.json,results/dflash15/primary/repeat-0/HumanEval_36.json,d7604048c5373f3ab2f4d66318089e37d619f9a8b49e22c4214ff0e94cea7885,8a85b055e644fefb7f95c2467d46ea6cc3ab96cd6e7b6448da58cd43dd5d059c
HumanEval/37,humaneval_plus,0,True,True,True,stop,stop,225,225,5.83536066792653,5.83536066792653,results/baseline/primary/repeat-0/HumanEval_37.json,results/dflash15/primary/repeat-0/HumanEval_37.json,346b18ec10d67d32fe52e7135a47c6dce283754ebb736ce4a3c0ea8692b18e91,54d4fa50e718f05b2e5bf6aee77c8c1b5009c1e2b7024bf4e1f9556f84d78ee9
HumanEval/38,humaneval_plus,0,True,True,True,stop,stop,388,388,5.0261467732248795,5.0261467732248795,results/baseline/primary/repeat-0/HumanEval_38.json,results/dflash15/primary/repeat-0/HumanEval_38.json,1bfc9743b1e477ccfd8fc8caee5b0d2bedf51be5ca5c079f9e27a9b497f5585e,3d479e8bb2a1130c02a941ad160caf5f737ea69b2d6049779eb7ee4b0078c2a6
HumanEval/39,humaneval_plus,0,False,False,True,stop,stop,278,278,8.083827971937874,8.083827971937874,results/baseline/primary/repeat-0/HumanEval_39.json,results/dflash15/primary/repeat-0/HumanEval_39.json,a62d21941662bea6ea95647bc2ead26e8f29bd095d56ed6853ee906164838fe3,2773dad39116567da8d30df594d8bd64419168849236631d561d70f9dd1f46fd
HumanEval/40,humaneval_plus,0,True,True,True,stop,stop,292,292,5.830299687665984,5.830299687665983,results/baseline/primary/repeat-0/HumanEval_40.json,results/dflash15/primary/repeat-0/HumanEval_40.json,c8ddfd4d5f8b865dde0e773b3edad1e9b64cd70f7b0dcae5e51d4941acb98e67,531cb287ce793e8af785b67c87e5cbe2c8c875d0d081dd0f37ad4528d283fa98
HumanEval/41,humaneval_plus,0,True,True,True,stop,stop,240,240,4.533591228687192,4.533591228687192,results/baseline/primary/repeat-0/HumanEval_41.json,results/dflash15/primary/repeat-0/HumanEval_41.json,c4e27032aff9c11804f2048387d7e73bf4d3e4dbdac62e9645ccb53bd9697307,8f53d501af5430036e087347f7a0d56cfbd86796ad44f9c3f741ac8ff11a502c
HumanEval/42,humaneval_plus,0,True,True,True,stop,stop,132,132,7.527578063689009,7.527578063689009,results/baseline/primary/repeat-0/HumanEval_42.json,results/dflash15/primary/repeat-0/HumanEval_42.json,52e9db501ffafc3ea08f450c25c205c7f6b8fb4ca702286db4e7e8ba8cd51e6e,d48c870c1df5e532c772c760ceb7c66471f0ef6ef6a69910c352ad71646c911d
HumanEval/43,humaneval_plus,0,True,True,True,stop,stop,201,201,8.623739139373503,8.623739139373503,results/baseline/primary/repeat-0/HumanEval_43.json,results/dflash15/primary/repeat-0/HumanEval_43.json,955d104b20a80362c929dfc2eb48150bfa9db9108e37cd375dbf18e56f1b72af,f08fbb7cf5f43b8b4b67bca8ab1298dc33b42145e6ddf7246c962eb10e8a0538
HumanEval/44,humaneval_plus,0,True,True,True,stop,stop,158,158,6.879366762192597,6.879366762192596,results/baseline/primary/repeat-0/HumanEval_44.json,results/dflash15/primary/repeat-0/HumanEval_44.json,e2f863c1aa51f2e8ca8e81dbe0d49f32ff64e20d13dc015ceaf2ba570078b619,694f3e725a5952ff9b014ff6cf68ed2a41cac9cbac21628d876e409aa05570ba
HumanEval/45,humaneval_plus,0,True,True,True,stop,stop,60,60,6.146476759416198,6.146476759416198,results/baseline/primary/repeat-0/HumanEval_45.json,results/dflash15/primary/repeat-0/HumanEval_45.json,5ebccf76ee88190f5018edda3d16139afe87295d3bf3a227e78976697087ea99,f51be56a737b94b567c2792f13016f72e39a704c5c801db8fcd64b5f6c3f769b
HumanEval/46,humaneval_plus,0,True,True,True,stop,stop,372,372,7.378397703942841,7.378397703942839,results/baseline/primary/repeat-0/HumanEval_46.json,results/dflash15/primary/repeat-0/HumanEval_46.json,cc739ff359097199d9c6cc4e715e4e16b9d8a0f0ac4c8cf3996fb25ffa6e7cef,fac5be45e7f74f5bfb5764326b6ef38a4d1fdabe47a1c30ae9c425d67580d198
HumanEval/47,humaneval_plus,0,True,True,True,stop,stop,169,169,6.9672842530798125,6.9672842530798125,results/baseline/primary/repeat-0/HumanEval_47.json,results/dflash15/primary/repeat-0/HumanEval_47.json,e3e122c476f2652e339a9814c42d047d52e605fd94c672a335d4796bccd0d804,ac7d88bfc8a8e741ea8c1d0da6a360d18e7245dd25e7c3b92829a9d70de210af
HumanEval/48,humaneval_plus,0,True,True,True,stop,stop,87,87,6.783434304459184,6.783434304459184,results/baseline/primary/repeat-0/HumanEval_48.json,results/dflash15/primary/repeat-0/HumanEval_48.json,35f3ad98836598a299bb8570b9f8e2d266724a8c3f03b840b458506c30496f9a,7d37f7df7f786af179b60275b3b525a4f44fb9ba60069dad6b1c0b5b27109fd1
HumanEval/49,humaneval_plus,0,True,True,True,stop,stop,134,134,7.7160805247727104,7.71608052477271,results/baseline/primary/repeat-0/HumanEval_49.json,results/dflash15/primary/repeat-0/HumanEval_49.json,d7c0761cf74ac0d709f1b296bcb618db8f03e12df9993dc9ad4cac27162fa95c,6687a360c36bf50b741f1dce1b13a69f263729fa5bf0702892cb4d8348f0a469
HumanEval/50,humaneval_plus,0,True,True,True,stop,stop,133,133,7.649223901402088,7.649223901402088,results/baseline/primary/repeat-0/HumanEval_50.json,results/dflash15/primary/repeat-0/HumanEval_50.json,9953cb8a1a468436f241235040873c55087b0bc41b91a8c41b33fc3fb5ffeaa7,93543c97ebb8c69e4763aae9634651a354cb773001e6371ca780173974ac2908
HumanEval/51,humaneval_plus,0,True,True,True,stop,stop,166,166,8.175251236163804,8.175251236163804,results/baseline/primary/repeat-0/HumanEval_51.json,results/dflash15/primary/repeat-0/HumanEval_51.json,a3b456a820ca7a3a2ad17708742863ea06010ac099beac20e1eab33498614fec,ab6643585082c1e11675a5b3eb394c6706aa351de847f14035635ec877a465e1
HumanEval/52,humaneval_plus,0,True,True,True,stop,stop,100,100,6.977939827186508,6.977939827186508,results/baseline/primary/repeat-0/HumanEval_52.json,results/dflash15/primary/repeat-0/HumanEval_52.json,37a4f0483f1cbc38e21690e99bd13cc3b6614e9bcdcf92fa9d62bca98ef76f14,9ae0e7b0ab9f220ba2f784712d65f7c039d3e857df8c6fd98bc4ce2b1db5643c
HumanEval/53,humaneval_plus,0,True,True,True,stop,stop,63,63,6.334478826157285,6.334478826157284,results/baseline/primary/repeat-0/HumanEval_53.json,results/dflash15/primary/repeat-0/HumanEval_53.json,9746019de725096b7a65e84f26e4406d6990ce94f60e3ad303547890fd898969,8915b72a77f1ebbbc48def97428f277bd98ec94ba485e37923b0a3b4316fc717
HumanEval/54,humaneval_plus,0,True,True,True,stop,stop,161,161,7.3997498115931375,7.399749811593137,results/baseline/primary/repeat-0/HumanEval_54.json,results/dflash15/primary/repeat-0/HumanEval_54.json,f78f4daebe85d2dfbac1849d09a6e1c65271adb54350abc46a5060ba7d91d1f7,ab9ecd188f3122e4e695342a5cdfc6ab3889acd711d85215f72ea246ba9c5476
HumanEval/55,humaneval_plus,0,False,False,True,stop,stop,143,143,6.355058538568974,6.355058538568974,results/baseline/primary/repeat-0/HumanEval_55.json,results/dflash15/primary/repeat-0/HumanEval_55.json,5c81c65ae9aadbc9b37c3f008ef3549bfa0230c134b94e461f68f79183a5b88a,0bd43ccc741824de80dee392534cee824038b547a3ef9b4a5834c51d495c74f8
HumanEval/56,humaneval_plus,0,True,True,True,stop,stop,157,157,7.792288200388225,7.792288200388224,results/baseline/primary/repeat-0/HumanEval_56.json,results/dflash15/primary/repeat-0/HumanEval_56.json,19ef83dfc7fbae0eb3561822f8c4975e17360341a044d56e1c977419f6ed3141,9e503ab5a15624d3cb198ab585726d5f4cc1eab27d9d66348678d8b4fa833506
HumanEval/57,humaneval_plus,0,True,True,True,stop,stop,192,192,7.125616562786827,7.125616562786827,results/baseline/primary/repeat-0/HumanEval_57.json,results/dflash15/primary/repeat-0/HumanEval_57.json,a49ab6b5808e8ad1eb756bd5118794e15fae19ee205c42f00d7b4a453884efb2,39fe973be46c7c577ec46ec87b6355d2680aa5c7785ef1bd5b4dd9b144838eb4
HumanEval/58,humaneval_plus,0,True,True,True,stop,stop,165,165,7.60576769428724,7.60576769428724,results/baseline/primary/repeat-0/HumanEval_58.json,results/dflash15/primary/repeat-0/HumanEval_58.json,f1d0e7afb87e60be6429ee864ad715e3576ac7d6bcd6ce2830228f252e693b14,77dfce08ca45d8705f8f891779bf04717dac238708d257c2f7a44d4018965e90
HumanEval/59,humaneval_plus,0,True,True,True,stop,stop,204,204,6.002035115685536,6.002035115685537,results/baseline/primary/repeat-0/HumanEval_59.json,results/dflash15/primary/repeat-0/HumanEval_59.json,fa04f1d0c061dc994573d5be190ed70c4df624f5ae3fda69263718bdc23bd6c4,6b0256aef2d68e2ca0e709aacdb75c7eb66279afec0aa73d69fc5eb3da417307
HumanEval/60,humaneval_plus,0,True,True,True,stop,stop,125,125,7.824052433063426,7.824052433063426,results/baseline/primary/repeat-0/HumanEval_60.json,results/dflash15/primary/repeat-0/HumanEval_60.json,72db6386457656657f356b5ae2ad0d2a6a4c47cd4ab52a9928a3f98070d245ce,d87f0d5416a29193a1b9b3ae4005a955de965ec4c2f53d22f1d1d33564e56fee
HumanEval/61,humaneval_plus,0,True,True,True,stop,stop,156,156,7.264727115195051,7.264727115195051,results/baseline/primary/repeat-0/HumanEval_61.json,results/dflash15/primary/repeat-0/HumanEval_61.json,78d9e0c010d9c7f33462c6e410dd7fba01c9bf745d0df8bb0a6e8c44e59a9ab3,5b51a83a2f5cd12365b3bac74dd39cd8efc946ed1b2946b9679f08ffe2ff038f
HumanEval/62,humaneval_plus,0,True,True,True,stop,stop,162,162,7.077831513301605,7.077831513301605,results/baseline/primary/repeat-0/HumanEval_62.json,results/dflash15/primary/repeat-0/HumanEval_62.json,b084ebf1de9f528c1f3b95f8c1767945955917252ebd2d0db90d5a555719580f,cd53c0e82378f025fcabfddc865b2d1a335216a43ac139603fdaa7e1fd951895
HumanEval/63,humaneval_plus,0,True,True,True,stop,stop,281,281,7.516711929815479,7.51671192981548,results/baseline/primary/repeat-0/HumanEval_63.json,results/dflash15/primary/repeat-0/HumanEval_63.json,0794e6e964c85451008991d0125bdb83ce3a6148a0955f722ec79478142e859f,0028d841f72b4400d644c7aaf78ce18dc7c52915e7d7200cdc33f477c32b2857
HumanEval/64,humaneval_plus,0,True,True,True,stop,stop,226,226,6.073019845368915,6.073019845368915,results/baseline/primary/repeat-0/HumanEval_64.json,results/dflash15/primary/repeat-0/HumanEval_64.json,0353e106421571f3e459e29faec7395ebf00e4429572e7f6dfa9e0e6a864b3a6,9ca40cb34dfb7636db1e7d22144d08617f3a29d355a03656112fa5a2330712f3
HumanEval/65,humaneval_plus,0,True,True,True,stop,stop,250,250,4.315448370242106,4.315448370242106,results/baseline/primary/repeat-0/HumanEval_65.json,results/dflash15/primary/repeat-0/HumanEval_65.json,81f5b678e311b129f256f9118cc434fa96144b1508899f98f442ddcafcceae3f,da40ac4bfe53917cc755eda603d8f651b43fd0519df5a91afcd17838a1dc31b8
HumanEval/66,humaneval_plus,0,True,True,True,stop,stop,140,140,6.973050665489274,6.973050665489275,results/baseline/primary/repeat-0/HumanEval_66.json,results/dflash15/primary/repeat-0/HumanEval_66.json,b55969264ca7310bc28b9da0d2e968a2b707006663c208e216f2ee2b4ccbcfee,1f79e3a008d8ca4152716e05801c80ee401558a4bd52ac34ee6fbc2928077f81
HumanEval/67,humaneval_plus,0,True,True,False,stop,stop,324,315,6.073517004939336,5.9048081992465775,results/baseline/primary/repeat-0/HumanEval_67.json,results/dflash15/primary/repeat-0/HumanEval_67.json,f136db67c8072a1f4736e44969bb334b966576e12953c238058bd1db9f748bf8,2ba9d4092e73e1225edd657c6ecd29e0d42a83a0cf7d915d3927eaceaf9c67fb
HumanEval/68,humaneval_plus,0,True,True,True,stop,stop,429,429,8.623792650460272,8.623792650460272,results/baseline/primary/repeat-0/HumanEval_68.json,results/dflash15/primary/repeat-0/HumanEval_68.json,33193278ab1c193ce4009752f6bf2d7fb48d752390e212b0410c6e2a1d19e057,4c1db4b5611a3384fd526c676599beaf665c780aff3c947c3b0f3227e7a14188
HumanEval/69,humaneval_plus,0,True,True,True,stop,stop,228,228,7.864365603511234,7.864365603511234,results/baseline/primary/repeat-0/HumanEval_69.json,results/dflash15/primary/repeat-0/HumanEval_69.json,84ba3db9b0ee9e7f0f4bbbf0929d75abe1496bb9615336c6c6829ec921f179a0,04a041c09f15c6c6b39716f44210f23fe4eb0a35bb2ad9729f2c9d1566a862b3
HumanEval/70,humaneval_plus,0,True,True,True,stop,stop,237,237,7.817165238049635,7.817165238049635,results/baseline/primary/repeat-0/HumanEval_70.json,results/dflash15/primary/repeat-0/HumanEval_70.json,ec5a956df90c69f67fdda4a1ef68c65de300e8e64f14bd1e4b082bc059fca31e,3fbd21457b2b2cd7e0612b1edab70d21b0b73b5e001b4a2287689327268fb7e2
HumanEval/71,humaneval_plus,0,True,True,True,stop,stop,233,233,6.538115951870288,6.538115951870288,results/baseline/primary/repeat-0/HumanEval_71.json,results/dflash15/primary/repeat-0/HumanEval_71.json,fa583eb3d2bb497a2840303d6427200ea9788413d96ed4853bf7285df3be0c49,d5d093ff1cd5c885280f18ced845c658a2ed8c36887ae79b2273b7e593f5c1b1
HumanEval/72,humaneval_plus,0,True,True,True,stop,stop,304,304,6.754652405447195,6.754652405447195,results/baseline/primary/repeat-0/HumanEval_72.json,results/dflash15/primary/repeat-0/HumanEval_72.json,0745d91dfc5ea7de325ab2d33ab65dca421338110b8bd72e85fa2573be2535f8,d5d88a77085319a1aa4c577dce147a805618db2ebfc64b62b6c4bafd39582e0f
HumanEval/73,humaneval_plus,0,True,True,True,stop,stop,210,210,8.029577193438422,8.029577193438422,results/baseline/primary/repeat-0/HumanEval_73.json,results/dflash15/primary/repeat-0/HumanEval_73.json,192e511451f4dacbdfc4cc18b3cc34bc943bb12988932e9cb0507dba03c44e90,335676c1bed7a986f1fee3cb5604be05be02f84500df16548098bea3861d039c
HumanEval/74,humaneval_plus,0,True,True,True,stop,stop,266,266,8.282873573480012,8.282873573480012,results/baseline/primary/repeat-0/HumanEval_74.json,results/dflash15/primary/repeat-0/HumanEval_74.json,54fcd4d3cb665b305e234a03c80b3f1d84f8314842b2caa0805f121a60ab8076,93c0eb60d3642d5e739f2beb7dbcb1140456e045f9cc6275cb29f1f32c289f49
HumanEval/75,humaneval_plus,0,True,True,True,stop,stop,283,283,6.851955338884189,6.851955338884189,results/baseline/primary/repeat-0/HumanEval_75.json,results/dflash15/primary/repeat-0/HumanEval_75.json,5adc006da81d19661a2d1e9af8e1852cd25424cc94d47b39c06b7f1480a58777,d5899c9d5d3d6ecb16f2a6c3b6afba48db464c2535d3953cbbc7e1cd93dbc363
HumanEval/76,humaneval_plus,0,False,False,False,stop,stop,689,668,3.625996729190531,3.515480138025072,results/baseline/primary/repeat-0/HumanEval_76.json,results/dflash15/primary/repeat-0/HumanEval_76.json,aa79f085860fce5975799d1d47433ab6622fc1b2115e8b8dfdf85a6dbf32af69,d1b94598f8a40dbd3b422689f975abeb56ea9a9ebb30fe8526fcf3176079728f
HumanEval/77,humaneval_plus,0,True,True,True,stop,stop,248,248,5.13032952104899,5.13032952104899,results/baseline/primary/repeat-0/HumanEval_77.json,results/dflash15/primary/repeat-0/HumanEval_77.json,eeac35b113c0f27d42ddb0a334021607c34d460bcf8825cbe9a1a041ae9c506c,5b13a68889d610253a443ef42955c52679b9d4495735e71d3feea6a836946dae
HumanEval/78,humaneval_plus,0,True,True,True,stop,stop,383,383,7.672744471144986,7.672744471144986,results/baseline/primary/repeat-0/HumanEval_78.json,results/dflash15/primary/repeat-0/HumanEval_78.json,021fb1b76e5a1bb87cb83e190c98799e9ee2f94c9ad24261acd5934df2a9fe15,2dd6101f175fbd98f8b60115ddc9b009efef243d8963648f04b89c8a9a74d869
HumanEval/79,humaneval_plus,0,True,True,True,stop,stop,209,209,6.288251481305369,6.28825148130537,results/baseline/primary/repeat-0/HumanEval_79.json,results/dflash15/primary/repeat-0/HumanEval_79.json,6e41498259c2f949947b34d0402479bfb9d03bc5f675fab6113a8cafda3e1171,1ce95e81f4d8ebf192b5b2fc784a15a48c456d0a720b7b75efe8630417a51fa8
HumanEval/80,humaneval_plus,0,True,True,True,stop,stop,194,194,7.932055728426339,7.93205572842634,results/baseline/primary/repeat-0/HumanEval_80.json,results/dflash15/primary/repeat-0/HumanEval_80.json,e88107455b2947c259f7be7aaaeecb22f9d606f09d1c182e7ad7dd663ea6b2ef,5688a1478911b3db0df30471f18fc312187e5fb9648be1678f4a1dbd27132cf2
HumanEval/81,humaneval_plus,0,True,True,True,stop,stop,524,524,7.79853651698722,7.79853651698722,results/baseline/primary/repeat-0/HumanEval_81.json,results/dflash15/primary/repeat-0/HumanEval_81.json,f55075018f7da705abe35d4ee2e447c1d7f9a810532d07f458a23690a4a4a659,592438a7764e44ed383fa1904647d3e6fa3614031ba5c3049f9f8384267508ec
HumanEval/82,humaneval_plus,0,True,True,True,stop,stop,170,170,7.05472667135385,7.054726671353851,results/baseline/primary/repeat-0/HumanEval_82.json,results/dflash15/primary/repeat-0/HumanEval_82.json,0f23cb558e3bad8b666da38427f72620f0dbe81b3e483741f3111d1adf4b3074,a1d13070472587f8cd25ad72466a4121d66c23a9b586eb7f79775b289d4be84f
HumanEval/83,humaneval_plus,0,True,True,False,stop,stop,419,387,5.316603394140773,4.910562084803053,results/baseline/primary/repeat-0/HumanEval_83.json,results/dflash15/primary/repeat-0/HumanEval_83.json,4d0f285a0f617b0c226ad20259ba962ecc074f4f9d3c2775566b2aa0ea995d2e,a2796a650303e3bd582f39668b6a0084cd643035ca9fb4b2a266305149f7a859
HumanEval/84,humaneval_plus,0,True,True,True,stop,stop,224,224,6.714926429065342,6.7149264290653425,results/baseline/primary/repeat-0/HumanEval_84.json,results/dflash15/primary/repeat-0/HumanEval_84.json,720eee70555f787f0d283837918ff430e64c7527e017ce6f844cab859d781b98,575f8eeb627d4ba7cc4df9ec16cfd5652b8b01ea3834b16144e1bfad064863b2
HumanEval/85,humaneval_plus,0,True,True,True,stop,stop,102,102,7.257797684379939,7.257797684379939,results/baseline/primary/repeat-0/HumanEval_85.json,results/dflash15/primary/repeat-0/HumanEval_85.json,68baf52e6b49b49814698a61f8d6e75ab647951a306016e175a5ac8b421937f8,96f13818a58f38e46492042ea85fbd6d6f371d879c293e2bff4273cf20a83949
HumanEval/86,humaneval_plus,0,False,True,False,stop,stop,323,429,3.213902945012538,4.268620320155971,results/baseline/primary/repeat-0/HumanEval_86.json,results/dflash15/primary/repeat-0/HumanEval_86.json,f0eb2e3e4549cbb1dd0af49eaf01d868780818c801476c04a784a02c493e3ae3,0d27a51cc67bdf884a21a33fbe587647e40f3006018b4d0a2d3cad193b003e9b
HumanEval/87,humaneval_plus,0,True,True,True,stop,stop,367,367,7.18734404683825,7.18734404683825,results/baseline/primary/repeat-0/HumanEval_87.json,results/dflash15/primary/repeat-0/HumanEval_87.json,624120942239bfd823c427d9200c676900c14151b50f18a816bde9afe90df04f,3f8ff5074601a6ac68e416c5a8504339540420afbc8cdaa66858cc42035fa136
HumanEval/88,humaneval_plus,0,True,True,False,stop,stop,348,339,6.537858496318145,6.368775948999572,results/baseline/primary/repeat-0/HumanEval_88.json,results/dflash15/primary/repeat-0/HumanEval_88.json,fcbb90178f711e0b45c8458d7c6af8012ee4721c0b2a5b0d90154f055d1bfa56,41f7af35db9abed7fe4950d093b05d0018c508a27ba404bc9997423fd89101bc
HumanEval/89,humaneval_plus,0,True,True,False,stop,stop,252,289,5.059842253811196,5.8027556006009355,results/baseline/primary/repeat-0/HumanEval_89.json,results/dflash15/primary/repeat-0/HumanEval_89.json,d0463a757f18fcb254e93fff1f32bf70f0395c3a86a829da92302d86174face1,47ce6be9e132460b6161df045026a2a16baebd6f75a4fc49b7fd3c3b57f73eda
HumanEval/90,humaneval_plus,0,True,True,False,stop,stop,182,178,7.047603412839489,6.892711030139719,results/baseline/primary/repeat-0/HumanEval_90.json,results/dflash15/primary/repeat-0/HumanEval_90.json,b4a419e295d5d5bcb4de10db50e882b3d281f74f6d24ee031e3b9de36d22ba8f,9147884d96198708c6474ab1d65c53b4c1911ed8e438ac7dcaf393bb1c477d33
HumanEval/91,humaneval_plus,0,False,False,False,stop,stop,333,333,4.206418262588841,4.206418262588841,results/baseline/primary/repeat-0/HumanEval_91.json,results/dflash15/primary/repeat-0/HumanEval_91.json,ef18ea039570902a2874ad9708db595e654ecaa4a65f08e54eee4b2bc9b6b637,80412c6e4713846a7b6c3f04cf6d84c3826cd527697e4691b5e2385ba2877832
HumanEval/92,humaneval_plus,0,True,True,False,stop,stop,273,338,3.6190246295318493,4.480697160372766,results/baseline/primary/repeat-0/HumanEval_92.json,results/dflash15/primary/repeat-0/HumanEval_92.json,63383ce64d07bcc0b43473e982156e06c289f7af9ce4f78121492355fe7fe09f,ea34fbe8c36dded040f642111e15ae8adcd77d5e5107bf325e739a0e6164e90b
HumanEval/93,humaneval_plus,0,True,True,False,stop,stop,359,385,4.6035010497280044,4.936902239959002,results/baseline/primary/repeat-0/HumanEval_93.json,results/dflash15/primary/repeat-0/HumanEval_93.json,2cda380952566b76b25d551b70e4e3d41fe5bef3a613efacf357fc134d51ace7,471a346d759c80be7c532d1237133b4fa1572b7f7a6dabb030ac60f0e7c428b4
HumanEval/94,humaneval_plus,0,True,True,True,stop,stop,484,484,6.802590895748177,6.802590895748176,results/baseline/primary/repeat-0/HumanEval_94.json,results/dflash15/primary/repeat-0/HumanEval_94.json,6d8cc709ca15e571ab5661f04127401d86f6a080858f74395606ccdfb775a202,86a4ceac8f97b71cdb719f26ed2414cec5db7c567d6f9e2eeb1592b69f2d3b32
HumanEval/95,humaneval_plus,0,True,True,True,stop,stop,284,284,7.548662066425774,7.548662066425775,results/baseline/primary/repeat-0/HumanEval_95.json,results/dflash15/primary/repeat-0/HumanEval_95.json,80c6c0a58ae3926e18f1fcb8a704ba55bab4f5d374939ecdcea50e0aaf3c3cba,707d55598a148b108d0024952e5a174ffa6d729394d448a76363e4e27667e510
HumanEval/96,humaneval_plus,0,True,True,True,stop,stop,298,298,8.242134401853221,8.242134401853221,results/baseline/primary/repeat-0/HumanEval_96.json,results/dflash15/primary/repeat-0/HumanEval_96.json,23ab5f0bd5e8cc3d34ac4ac22b7c8af660669614bad6bc84165f787bcf2b461a,5c209f4f619d0969bf6014abfab848d5fe8c940a40ed6d5e2f4bcab94d9bad07
HumanEval/97,humaneval_plus,0,True,True,True,stop,stop,153,153,7.050471579220019,7.050471579220019,results/baseline/primary/repeat-0/HumanEval_97.json,results/dflash15/primary/repeat-0/HumanEval_97.json,9342dbedbe625820b35e846f2f4cb4112793c9aace22db8b06847997b3b39f98,ed5ffa2f705d702a74b34f70603266924b4f29227f9922450f031fac55859603
HumanEval/98,humaneval_plus,0,True,True,True,stop,stop,132,132,7.096466022543629,7.096466022543629,results/baseline/primary/repeat-0/HumanEval_98.json,results/dflash15/primary/repeat-0/HumanEval_98.json,709ac82d664aae7d5a1e4b9e7c0b379a73ceef6f9a953e4f71a259de05e7b610,7c1b5d9c1a64075df6812dde67f4c4420571fe17d4db12e9629dc25360c6c941
HumanEval/99,humaneval_plus,0,True,True,True,stop,stop,248,248,5.730290119918222,5.730290119918222,results/baseline/primary/repeat-0/HumanEval_99.json,results/dflash15/primary/repeat-0/HumanEval_99.json,5e690122d90a4625f7fa33d5c2ffbff6a1a4564d375b0dd679544ab1399f4ded,f58c545251f61adcdf5237aa340a27db2e9b67c66c584c4393dd95ad36e25999
HumanEval/100,humaneval_plus,0,True,True,True,stop,stop,236,236,6.848918324095118,6.848918324095118,results/baseline/primary/repeat-0/HumanEval_100.json,results/dflash15/primary/repeat-0/HumanEval_100.json,4212e5e63613a16a0dfa473398ff4aa8fafd194c17a2c2cc6b12c61af6f9d5d5,00860958091b39884720e64eb89c5928af49a63e9ac57ac5018b7b8c971eaf61
HumanEval/101,humaneval_plus,0,True,True,True,stop,stop,183,183,5.778445549657627,5.778445549657627,results/baseline/primary/repeat-0/HumanEval_101.json,results/dflash15/primary/repeat-0/HumanEval_101.json,bf060bd915179ec251af5940b29f4124697476b77edca8a650607b7371223d7e,1fc0afe9570746c76b22bbbc64a073f6894da4088872611635c1f7ba0022c62c
HumanEval/102,humaneval_plus,0,True,True,True,stop,stop,167,167,6.492643668426088,6.492643668426089,results/baseline/primary/repeat-0/HumanEval_102.json,results/dflash15/primary/repeat-0/HumanEval_102.json,7e4436fbd2016e743f94e90165d0c3b774c5477a92c1ca5a1e69b9da9271ed83,aa8d3b641a07716ffc98cffc14609e4706fe3c7dd32d6d1fe532e06b024d0502
HumanEval/103,humaneval_plus,0,True,True,True,stop,stop,270,270,6.239753999729617,6.239753999729617,results/baseline/primary/repeat-0/HumanEval_103.json,results/dflash15/primary/repeat-0/HumanEval_103.json,d4528636aff2d1182a1fd05f27b76b1649bbbe8494a36e1b4b4e94161bc93f62,64f869c946ffc6c8a37b31335692e8f07d82cceac150d7dbfc1e28889f892c27
HumanEval/104,humaneval_plus,0,True,True,True,stop,stop,196,196,6.2150837011305216,6.2150837011305216,results/baseline/primary/repeat-0/HumanEval_104.json,results/dflash15/primary/repeat-0/HumanEval_104.json,a6b059d69b9043b27a96845e3c49ff2e033dfc19306edac8ecedcf131cc83811,9243cc26ce811136085cbd6d928fd5853109d245c3247d79dd54cf8feec64dab
HumanEval/105,humaneval_plus,0,True,True,True,stop,stop,474,474,7.7458999450514865,7.7458999450514865,results/baseline/primary/repeat-0/HumanEval_105.json,results/dflash15/primary/repeat-0/HumanEval_105.json,40e938e9cf9314a5f69b095310632f6f859d693dd44a8a310f02f2cb41d40055,dda10e41384362390359e090206e2ce7c13aa7e127cd4c5494a8c692f5262b45
HumanEval/106,humaneval_plus,0,True,True,True,stop,stop,241,241,7.277956672845377,7.277956672845378,results/baseline/primary/repeat-0/HumanEval_106.json,results/dflash15/primary/repeat-0/HumanEval_106.json,8fb434fe0adac7393aef171806a67c286a76e49a2bb03b0b8bcecb69aa593168,2f0a2c940288771d38dfd01ced494073376fbed8d72cdb15df04372427cd7db1
HumanEval/107,humaneval_plus,0,True,True,True,stop,stop,327,327,8.54724566513028,8.54724566513028,results/baseline/primary/repeat-0/HumanEval_107.json,results/dflash15/primary/repeat-0/HumanEval_107.json,106bc48f356225af2156d510c502a68b6a430b72e3bfac130b95a4898f6cf49e,170d73c06483277ccbbba83a77d7fad65975da30ec271d6d9a7e32f7f89bb249
HumanEval/108,humaneval_plus,0,True,True,False,stop,stop,317,306,5.03505926891385,4.860341123935767,results/baseline/primary/repeat-0/HumanEval_108.json,results/dflash15/primary/repeat-0/HumanEval_108.json,86993087e88fe91f10639f179a6a527f5b958db6e9b4095655586fd9427f95f6,cdde8aa41d57d4ef0248be8478f145a9a5100eb3e9b3cdc43635a6658f146f8d
HumanEval/109,humaneval_plus,0,True,True,True,stop,stop,443,443,5.176025521209609,5.176025521209609,results/baseline/primary/repeat-0/HumanEval_109.json,results/dflash15/primary/repeat-0/HumanEval_109.json,ba09784e78e642dcd4ae7d49e2087299770fe025dcd4c530e3a6fd89e7a09451,e138c96717c0390aad79577175344a6182c6acddf7687d00c2f5e6545b880b3c
HumanEval/110,humaneval_plus,0,True,True,True,stop,stop,352,352,6.759863921301418,6.759863921301418,results/baseline/primary/repeat-0/HumanEval_110.json,results/dflash15/primary/repeat-0/HumanEval_110.json,9e9f9270b79c206c6c220d717182a5232c83961053af500546651d1241d08228,644f323ba63a7d8254191493eec11e3376a605c25e385e3055e900f3d5fff4a1
HumanEval/111,humaneval_plus,0,True,True,False,stop,stop,287,288,6.803898219906797,6.827605182345497,results/baseline/primary/repeat-0/HumanEval_111.json,results/dflash15/primary/repeat-0/HumanEval_111.json,fccb7c349df09dde7690291597ba3e5894fcbcb3b2be1cbef5b98785f78ac1e9,7c57f8a662988b064d41c297007628910d4e22ebead7832065d56be530bd7d5d
HumanEval/112,humaneval_plus,0,True,True,True,stop,stop,258,258,6.142479420668933,6.142479420668933,results/baseline/primary/repeat-0/HumanEval_112.json,results/dflash15/primary/repeat-0/HumanEval_112.json,3a1c4ca706f9f2e21f89b230348f5bcf9a9ff37b6c8a79134a3906bb3181c15a,18bef22c0f56575931f958de6ea313047950faf408f6102278e6b3d101228bc1
HumanEval/113,humaneval_plus,0,True,True,True,stop,stop,511,511,5.544094099433396,5.544094099433397,results/baseline/primary/repeat-0/HumanEval_113.json,results/dflash15/primary/repeat-0/HumanEval_113.json,d5fecc9081aa7332b97d5473981662500250f4bbba353f9fa55023bebb17dc42,62dcbab71079f7c7d2ec57988d10b946f814a4f8bd5891995684f9077e49e0b3
HumanEval/114,humaneval_plus,0,True,True,True,stop,stop,214,214,5.182013224682738,5.182013224682738,results/baseline/primary/repeat-0/HumanEval_114.json,results/dflash15/primary/repeat-0/HumanEval_114.json,60835fa79bd6de6ce23c94eeaf7281669204f006828c1c80e2cced054a08e948,4f4671bd29e3cacb2911682ae7c418a810d7624d319876becb6b8d72be2f2ab0
HumanEval/115,humaneval_plus,0,True,True,True,stop,stop,413,413,7.793141232289332,7.793141232289331,results/baseline/primary/repeat-0/HumanEval_115.json,results/dflash15/primary/repeat-0/HumanEval_115.json,c73261e475d535438718dedca6d9dd9526bc694d588a5497fb153b9e1867a1d7,4bf0e9b07b00ef6a26dfa2f70b85acf2208eca83483e0be830dab031ba034696
HumanEval/116,humaneval_plus,0,True,False,False,stop,stop,2027,973,7.1982845016769,3.4553186088463854,results/baseline/primary/repeat-0/HumanEval_116.json,results/dflash15/primary/repeat-0/HumanEval_116.json,a2be08c030592ca03867edc6c1c3f202dd64523b623816253cdeea24b1cfa22d,4518f83c42ee42e9c01f6fd4c92da07e42c1c53f600d49f6261c1ab6cda226c8
HumanEval/117,humaneval_plus,0,True,True,True,stop,stop,302,302,7.715344724613293,7.715344724613293,results/baseline/primary/repeat-0/HumanEval_117.json,results/dflash15/primary/repeat-0/HumanEval_117.json,f68cf226b1f4742e3499a4dcf7c1cdc99c306757cfabadd6a2492e197978cdae,464728a78e708c4e67c647d90e6dac40207a70880b1368c92ca445d93021d934
HumanEval/118,humaneval_plus,0,True,True,False,stop,stop,393,425,4.5014819005939986,4.868014777996055,results/baseline/primary/repeat-0/HumanEval_118.json,results/dflash15/primary/repeat-0/HumanEval_118.json,c105aa6d4c920c53a655aa8a4b1bdc94889c628c4c3e50ff28a270b688be83a2,d230b588bdd5570f53de0590d85f86d9a857e208156e6acf50d36bae540a4910
HumanEval/119,humaneval_plus,0,True,True,True,stop,stop,317,317,6.4767480102697705,6.476748010269771,results/baseline/primary/repeat-0/HumanEval_119.json,results/dflash15/primary/repeat-0/HumanEval_119.json,7ebe1ed28e9d1f37f36e81f30b3083baa9a323c8267249d46394424bf0a31dc4,70c053245f2f0f66f20e3c3eb8a0b82a7a42b32bcda16c570e3152fe2971d553
HumanEval/120,humaneval_plus,0,True,True,True,stop,stop,300,300,7.890091526878701,7.890091526878701,results/baseline/primary/repeat-0/HumanEval_120.json,results/dflash15/primary/repeat-0/HumanEval_120.json,4e0f02b99de6a2fd20c54916a30b48a4c4148789dfab015cda09e31426722b5d,78f720eeff0bd65919246e47300668b26ab344898b47f51501160798da5b2ba9
HumanEval/121,humaneval_plus,0,True,True,True,stop,stop,150,150,6.9221482077167025,6.922148207716702,results/baseline/primary/repeat-0/HumanEval_121.json,results/dflash15/primary/repeat-0/HumanEval_121.json,e163dc997506ec0455c8c31e274e8018ab229188aebd72138e94f0728831c5c6,ad2c6239abe37b3f73be8485cb6fbe1d4e753d8a0dae875d69245a2dc1fd4970
HumanEval/122,humaneval_plus,0,True,True,True,stop,stop,268,268,5.3604801444510395,5.3604801444510395,results/baseline/primary/repeat-0/HumanEval_122.json,results/dflash15/primary/repeat-0/HumanEval_122.json,add9ce504d9bf15988bd0064dcc278f5f13a2e147283ccf6f4d1e9e37f6be756,f59ae9c0446be79de46adce4dcb34fe756c9f7b6c131a5d4f418a23d60cb4a7c
HumanEval/123,humaneval_plus,0,True,True,True,stop,stop,329,329,7.284980623357227,7.284980623357227,results/baseline/primary/repeat-0/HumanEval_123.json,results/dflash15/primary/repeat-0/HumanEval_123.json,b0bbe03fe63d8f5eb202af7b5602d56c73195dbc48306742996e40b4dfe24b44,22ad69534c62e6d101bc72de330282302adea46a4ceba98ffe9947f69540b310
HumanEval/124,humaneval_plus,0,True,True,True,stop,stop,760,760,7.215992374359943,7.215992374359944,results/baseline/primary/repeat-0/HumanEval_124.json,results/dflash15/primary/repeat-0/HumanEval_124.json,011e79858225b12af1d10730fd64fbfb3feff27859ef8b9f6a12ab987a0489a2,12c2e261e0938bd5787ec3d8975368d957cd3bb35d501745ce587f78655993c8
HumanEval/125,humaneval_plus,0,True,True,True,stop,stop,324,324,5.26718367886243,5.26718367886243,results/baseline/primary/repeat-0/HumanEval_125.json,results/dflash15/primary/repeat-0/HumanEval_125.json,1ecb7930caa35cd7d3d21eb436de5283eb8e424bc7aa82750e8fb3e7a88622d8,44df57f7cb9bf26796407f5b6e42d5057003e0777672a80820d9a5756aa5d011
HumanEval/126,humaneval_plus,0,True,True,False,stop,stop,518,367,9.898226605504494,7.012836224363222,results/baseline/primary/repeat-0/HumanEval_126.json,results/dflash15/primary/repeat-0/HumanEval_126.json,16768bde909fcdc124e4d57d530321d1b16620b2254e6030ae5b049acfd7c6e7,550d0333b7dc9b01bf3be4713934936ad8dcd24bbb80fec7ac6ed67b16565256
HumanEval/127,humaneval_plus,0,True,True,True,stop,stop,576,576,5.879181853807058,5.879181853807058,results/baseline/primary/repeat-0/HumanEval_127.json,results/dflash15/primary/repeat-0/HumanEval_127.json,441b15b6e3a5229b421b3bdaa2d460f3deacb4207f18cd5010d84a68d666a7d7,77be1698a5aad1df431c6ac33127d1c1420f2a8d44e3ebfb5f2bd6b0a342839a
HumanEval/128,humaneval_plus,0,True,True,False,stop,stop,237,237,6.3525880162587605,6.352588016258761,results/baseline/primary/repeat-0/HumanEval_128.json,results/dflash15/primary/repeat-0/HumanEval_128.json,1588d20823038ccf68371645485f767d0619608226b03d785c0f2ddad6bd62a9,aecb6d1847a13e558da9c3887a088dae3a32971510d42b7f5b3d6bc8f0bd0411
HumanEval/129,humaneval_plus,0,True,True,False,stop,stop,1246,971,5.605815078620159,4.368576598186336,results/baseline/primary/repeat-0/HumanEval_129.json,results/dflash15/primary/repeat-0/HumanEval_129.json,83a86c3fa22714196c070b940f0e285a4913ef569ba6902b5b38cce33514d8f7,7129bc1958929df6bbc1d2fbade06f50754263639968b72ef99de2ef99a30a1c
HumanEval/130,humaneval_plus,0,True,True,False,stop,stop,1057,1581,2.6505878310759883,3.96459731403135,results/baseline/primary/repeat-0/HumanEval_130.json,results/dflash15/primary/repeat-0/HumanEval_130.json,14bf514fa0c8d696f04d97d7d1cce0e98ee8481ca08802ad44f96869db09b3e0,d8f3319fd5778ea851d6aae6c01262c0357506b89d4955b2477b4e0c5b0c1137
HumanEval/131,humaneval_plus,0,True,True,True,stop,stop,146,146,7.277281658067196,7.277281658067197,results/baseline/primary/repeat-0/HumanEval_131.json,results/dflash15/primary/repeat-0/HumanEval_131.json,02dd5780bd950c10db7b384096752efe27f9fec1a5010114df81d228c57d1c19,7d12ed00ce096b09c16c0032eb09828c19c287617e22866ad11d009d35cbd9cb
HumanEval/132,humaneval_plus,0,False,False,False,stop,stop,708,699,3.6857752121756846,3.638922137444638,results/baseline/primary/repeat-0/HumanEval_132.json,results/dflash15/primary/repeat-0/HumanEval_132.json,dd82e24c37ac36f744d51703b916eaffe6e25a852acd886b20355ed05009d19b,bddd1240bca29b867f554c2fc314a774e4f991fca83824767cf7caa008ef8414
HumanEval/133,humaneval_plus,0,True,True,True,stop,stop,202,202,6.972516882040111,6.972516882040111,results/baseline/primary/repeat-0/HumanEval_133.json,results/dflash15/primary/repeat-0/HumanEval_133.json,c8ba34e5c9395e6d3acb160e87169ed487cd3a9b73adfb9cc4188085f3c05c58,36c6ff13ff4178624c75db0f013403ef8ebd60bdba396f2e3c4c41bd8f5470fb
HumanEval/134,humaneval_plus,0,False,False,False,stop,stop,368,367,4.231299273677747,4.219801177825362,results/baseline/primary/repeat-0/HumanEval_134.json,results/dflash15/primary/repeat-0/HumanEval_134.json,1378fb89090f28463e59acb0fb7d73538c9a05e698ff58c7c16d87e0303f80ef,ad1460201577ecf6cd6c3a658fd9697063efb0fdd9ab3305ab0dbec9915e9679
HumanEval/135,humaneval_plus,0,True,True,True,stop,stop,149,149,6.145022806820137,6.145022806820137,results/baseline/primary/repeat-0/HumanEval_135.json,results/dflash15/primary/repeat-0/HumanEval_135.json,be2c41192218a96192bba0338c6cd3b25c1aa83d11f43af54095a271a71b152a,34eaabcbf3ba21c4e891838a27f3dc2a20d36c5ed002112335f147721719cc5d
HumanEval/136,humaneval_plus,0,True,True,True,stop,stop,213,213,8.18230209696561,8.18230209696561,results/baseline/primary/repeat-0/HumanEval_136.json,results/dflash15/primary/repeat-0/HumanEval_136.json,dc03beb33dfaccfdab802fbe5145236e61cb38f2c517428068d9247434538eb4,e5edde991827429c86c59b7993e248cef855e9ce83898036bbe3197825afbc90
HumanEval/137,humaneval_plus,0,True,True,False,stop,stop,271,272,5.881996801347576,5.903701586592401,results/baseline/primary/repeat-0/HumanEval_137.json,results/dflash15/primary/repeat-0/HumanEval_137.json,f770a91fd7babed221c29cb5907abcd82bf335afcb42c917839f0544fd592a65,67200154092a31d349d2c45e92be63850936ffda4b738c0e35104a7e58f0a98a
HumanEval/138,humaneval_plus,0,True,True,True,stop,stop,209,209,4.335124062024379,4.335124062024379,results/baseline/primary/repeat-0/HumanEval_138.json,results/dflash15/primary/repeat-0/HumanEval_138.json,03594a26b17cd90727ceb1780479b5f074cfcabce5f70ee0eab790d21b95aebc,be71124c100ba829a06e8a4fc7c83d627cd1f6353f3e423293b2e0f6021cd75f
HumanEval/139,humaneval_plus,0,True,True,True,stop,stop,140,140,6.931861037464134,6.931861037464134,results/baseline/primary/repeat-0/HumanEval_139.json,results/dflash15/primary/repeat-0/HumanEval_139.json,5faa2c2a3614f0f081fc49961acac5d807dc0df8407258e2b6cc095e06529112,14f6f7462c885e170db054970cea4340836741e1d1fca149afa05e31adde27e2
HumanEval/140,humaneval_plus,0,True,True,False,stop,stop,460,373,4.434562476158239,3.5958517469717894,results/baseline/primary/repeat-0/HumanEval_140.json,results/dflash15/primary/repeat-0/HumanEval_140.json,ae248d7888f51660da67538fe22db974cefc4850921f3e6f47c53b8a0f0789d6,680705b4ebdf6782d97517ec962481491dca726d847c37f6a837f5f80d0b9ab3
HumanEval/141,humaneval_plus,0,False,False,True,stop,stop,443,443,6.033132228991891,6.0331322289918905,results/baseline/primary/repeat-0/HumanEval_141.json,results/dflash15/primary/repeat-0/HumanEval_141.json,8847a4412ec52365ad879eadb3d15474ec94400a5b8f6580b33defd7f63e6c2c,6f4a3c7f0075c0450e2c15cf9a9f37da08c364d35cead43edf7358342eb14d88
HumanEval/142,humaneval_plus,0,True,True,True,stop,stop,241,241,7.274340958013875,7.274340958013876,results/baseline/primary/repeat-0/HumanEval_142.json,results/dflash15/primary/repeat-0/HumanEval_142.json,dcfff3430d08f455b7524bb8651e0a22066026447760d00cfe8796f7704ad09e,306395e2907d08585482a5dd7dc0c216fcc3ef615b76f1bdb8f04defc6ffd0ff
HumanEval/143,humaneval_plus,0,True,True,False,stop,stop,284,283,8.178805112234112,8.150006502683993,results/baseline/primary/repeat-0/HumanEval_143.json,results/dflash15/primary/repeat-0/HumanEval_143.json,434a9775d32164747a8efbe6d186f764ee511212c706289b5b68e07ab468ee9f,227224159eed5acfbf21c03352ba0e45833701f7be72c8d8c01bb4ca3d2b92cd
HumanEval/144,humaneval_plus,0,True,True,True,stop,stop,285,285,5.667595815993576,5.667595815993576,results/baseline/primary/repeat-0/HumanEval_144.json,results/dflash15/primary/repeat-0/HumanEval_144.json,5aeccd48b29cb149ffcb23beadaa3f6e9b084fccd3409cba4dce9a039fe7354a,9b25545c3e7d1bf49c598485fc40229ec879f1f0bd16221fe482bf99a45abf29
HumanEval/145,humaneval_plus,0,False,True,False,stop,stop,1425,1624,3.7051924949217647,4.222619376668734,results/baseline/primary/repeat-0/HumanEval_145.json,results/dflash15/primary/repeat-0/HumanEval_145.json,1ed3e14c8098d31224a757981999ebfd3bb5c21ed74dfbf84ff71de162ce8750,4182ffec7fd3e5c08a9c4a225e70e00df25546b6220eb0064be1d5774f466c09
HumanEval/146,humaneval_plus,0,True,True,True,stop,stop,272,272,5.4377888765213855,5.437788876521385,results/baseline/primary/repeat-0/HumanEval_146.json,results/dflash15/primary/repeat-0/HumanEval_146.json,01489c66d7aa5f409593064a551b1f25288817a7f3fac942004c2cb2947a9620,693a9cb6c4d4f3f9510b5e196998a7c21380dd68eddb95d2e43bd782b408cc2f
HumanEval/147,humaneval_plus,0,True,True,True,stop,stop,652,652,5.474571897086217,5.474571897086217,results/baseline/primary/repeat-0/HumanEval_147.json,results/dflash15/primary/repeat-0/HumanEval_147.json,6b279094061ff422140f97a173ccab4a31e16297249398841381c00cd58e3e48,e5afb38045463d1502b8a646b7bd0302a6222d194c28d90de33386aa439f0e32
HumanEval/148,humaneval_plus,0,True,True,True,stop,stop,367,367,6.327338260305458,6.327338260305458,results/baseline/primary/repeat-0/HumanEval_148.json,results/dflash15/primary/repeat-0/HumanEval_148.json,48b6d112798eac679f2379cdd21b507372e760c5ceed50dd8c49c95a406bbd64,52366c106681423fe32121291ac1907ab37894cdc5545eb2df0df28d9ceef90d
HumanEval/149,humaneval_plus,0,True,True,False,stop,stop,264,266,7.563766009996468,7.621067267647956,results/baseline/primary/repeat-0/HumanEval_149.json,results/dflash15/primary/repeat-0/HumanEval_149.json,dcb5e093b15f9f2b5e1537b8f592fba6c8a6526f420d4ba8ae16aa1505f7ec38,ecd9eddf8923cf20563b31c79445bd0a69bbd6e2d25f1cf3de807b57d54d8fae
HumanEval/150,humaneval_plus,0,True,True,True,stop,stop,199,199,8.031954960199322,8.031954960199322,results/baseline/primary/repeat-0/HumanEval_150.json,results/dflash15/primary/repeat-0/HumanEval_150.json,01b8cee158fd79e8d226c3b56153f48c6f6cdfd5e2464bca3bf90275e2032028,d9b664660ae2d600c3c6ecfb3c8aee9c2b76f24727e7e44bcdbd2de6d9a0039e
HumanEval/151,humaneval_plus,0,False,False,True,stop,stop,293,293,5.6780214486149,5.6780214486149,results/baseline/primary/repeat-0/HumanEval_151.json,results/dflash15/primary/repeat-0/HumanEval_151.json,4d683f78f9907ebb1adbaba1e1a40de6593ce0e67bbb7d211e87ba6c3815231f,be6570acdc1602a78c193851c7521b179c0aa24fc9b6d0bf51bcc53cc8fbb808
HumanEval/152,humaneval_plus,0,True,True,True,stop,stop,259,259,6.81139318474902,6.81139318474902,results/baseline/primary/repeat-0/HumanEval_152.json,results/dflash15/primary/repeat-0/HumanEval_152.json,7367f1fa118fa02ed09d0e85d4b4e7372b5450e3726d742697b5f3e1aec40243,3594a5459cc7d91f29a734dab8cfd01ba4bcc1d547b0b1b98a8a80978a58783e
HumanEval/153,humaneval_plus,0,True,True,True,stop,stop,391,391,6.49297470613828,6.49297470613828,results/baseline/primary/repeat-0/HumanEval_153.json,results/dflash15/primary/repeat-0/HumanEval_153.json,8a8fc8f8589f603d0b07843602c9c72ac661ad38348a1bb11e1e6c685e418be6,267227fa37b7d5a1b30a9937f603f1f15a58cda75a5e771827f853fc5df8e15c
HumanEval/154,humaneval_plus,0,True,True,False,stop,stop,236,230,6.573028632324606,6.405917734892625,results/baseline/primary/repeat-0/HumanEval_154.json,results/dflash15/primary/repeat-0/HumanEval_154.json,0be66a9ec07d7b0dad78bc5cd57bae57dd10ea68388a504a9df8011cf2a6b225,60cca32db33d1e1987a01c4c599de6115cf4ce5c469da388e19bb5d290351f55
HumanEval/155,humaneval_plus,0,True,True,True,stop,stop,151,151,7.0029672869458315,7.002967286945832,results/baseline/primary/repeat-0/HumanEval_155.json,results/dflash15/primary/repeat-0/HumanEval_155.json,aef179558785721cfbc9d4585f8696e2418fd2ebbcd0d66551fba9bb25f70c75,933c681389d6ee10a94523855239a9d488740e8d19c5c7e2a18c79c118ddf11a
HumanEval/156,humaneval_plus,0,True,True,True,stop,stop,315,315,6.870714661950929,6.870714661950929,results/baseline/primary/repeat-0/HumanEval_156.json,results/dflash15/primary/repeat-0/HumanEval_156.json,d29e91dab29ad1832c36d32d1143d9e00e8711979b349d07a98af539ae77dad9,977d74eb21aab499245b165edf7966e07a76bcdc93c8b992839c671f91945c74
HumanEval/157,humaneval_plus,0,True,True,True,stop,stop,236,236,5.8753348417635936,5.875334841763593,results/baseline/primary/repeat-0/HumanEval_157.json,results/dflash15/primary/repeat-0/HumanEval_157.json,c4e321c89dba198f23aa5fdcacad26ecbffba1461496eb36a00f661f9b9c4375,a90a399acc7d6240eba0805723628f7a2d746c4336360570683e193e8a319693
HumanEval/158,humaneval_plus,0,True,True,True,stop,stop,226,226,6.274212758023359,6.274212758023359,results/baseline/primary/repeat-0/HumanEval_158.json,results/dflash15/primary/repeat-0/HumanEval_158.json,d9dfb786fee9271600e69c1c91f639f743b5d3948668b099366466e0d9b8e730,207c1d1deed2b3791ffb3926c07cb3acb630d6921f70d27c19ed564536da804b
HumanEval/159,humaneval_plus,0,True,True,True,stop,stop,372,372,7.648411640090518,7.648411640090519,results/baseline/primary/repeat-0/HumanEval_159.json,results/dflash15/primary/repeat-0/HumanEval_159.json,8cabd55ab2a549812621b836f94769196bc899db803bcd489907bc50e8a487cc,0f824cb3c3cd30a7ee6a23234831154973602e516dec8864e63428a18ff2d196
HumanEval/160,humaneval_plus,0,True,True,True,stop,stop,362,362,4.199689675655302,4.199689675655302,results/baseline/primary/repeat-0/HumanEval_160.json,results/dflash15/primary/repeat-0/HumanEval_160.json,b14fac0bc84972f2277ab62a5a136b182b053f3ec8df4d3aa421bc5a6c452643,01fbbbdc488bb61c6ca40a436e8524b7e0d1542a158f28668afd55ad075d616c
HumanEval/161,humaneval_plus,0,True,True,True,stop,stop,250,250,6.663320674100854,6.663320674100854,results/baseline/primary/repeat-0/HumanEval_161.json,results/dflash15/primary/repeat-0/HumanEval_161.json,ba2196fbe8137b86252b2d21bca7671a68a08785d86fe8920201782445eb6abd,afece641694989b83f22dda2cb63a6d47339b1093c010a08452243d9c0ef81e0
HumanEval/162,humaneval_plus,0,True,True,True,stop,stop,120,120,5.246771101299348,5.246771101299348,results/baseline/primary/repeat-0/HumanEval_162.json,results/dflash15/primary/repeat-0/HumanEval_162.json,a6441fe5e74eed3ac55cc5075a717bccba291db8a144cce37b5a65a3a4708fc6,5dd8102a863a3b78683cf21e742544034af0cd47325f9a297c76ed706503004d
HumanEval/163,humaneval_plus,0,False,False,True,stop,stop,170,170,7.872119924191992,7.872119924191992,results/baseline/primary/repeat-0/HumanEval_163.json,results/dflash15/primary/repeat-0/HumanEval_163.json,2516f371d901770e7065d39db05abdd65c36c60acbd78465d39978780e7154ab,ebe2ff26f8e8ec313d22e4ed1a83a39ff1c1a9dce63ce2b938394dac93a86322
MATH-500/0,math_500,0,True,True,True,stop,stop,353,353,5.182146018978912,5.182146018978912,results/baseline/primary/repeat-0/MATH-500_0.json,results/dflash15/primary/repeat-0/MATH-500_0.json,14110db2911228491eee00f161f514b892d50b1d3f48d010ba9d71322f9ebcd2,2a770011ab3e1f7d93973cb0b0275d146e2b96abf741e7db901b5915dff1b853
MATH-500/1,math_500,0,True,True,False,stop,stop,818,914,5.075174330472422,5.670793811799259,results/baseline/primary/repeat-0/MATH-500_1.json,results/dflash15/primary/repeat-0/MATH-500_1.json,312ffc4307322215ca3ddee9c6167504349de471839a02bfc0ceed68d268f55f,40d681c6810d865f5032e52a247808c5ab5ce65121dba1bafbaed2d63290b933
MATH-500/2,math_500,0,True,True,True,stop,stop,533,533,6.473839913788465,6.473839913788465,results/baseline/primary/repeat-0/MATH-500_2.json,results/dflash15/primary/repeat-0/MATH-500_2.json,ed2f64a9bae2aad7b5bcfe999695aa20ccd7050bf8b9e16a7ea8817c1219360f,e96fc08e7e72662214f4dec9641f357d86b37b8877586c5554d579f51fe9eecc
MATH-500/3,math_500,0,True,True,True,stop,stop,805,805,5.763334713515969,5.76333471351597,results/baseline/primary/repeat-0/MATH-500_3.json,results/dflash15/primary/repeat-0/MATH-500_3.json,640f48cb755cd10486348eb7d48386f66ebbbf86c79a4a023c9ced6c066c97d8,f6f283db0b698709f0f4c7443333d702fe5c18f480edc7ae6bae5ac1daa62d1a
MATH-500/4,math_500,0,True,True,False,stop,stop,693,668,4.414892305929922,4.255624906726101,results/baseline/primary/repeat-0/MATH-500_4.json,results/dflash15/primary/repeat-0/MATH-500_4.json,c1f377555351228e4e60c9589f12f3cb8d60aebc9e09c5fa5043cb38fc69035a,35560dbcba14261de9f7767adf2b1bf8b57b76d9181acf9dc33bb769014d423f
MATH-500/5,math_500,0,True,True,True,stop,stop,351,351,4.202546010836797,4.202546010836797,results/baseline/primary/repeat-0/MATH-500_5.json,results/dflash15/primary/repeat-0/MATH-500_5.json,09cdae9242f93c01d62b136aa4af2b7f71e3c79db6e8fa40be0285c83bb562af,e87ffa6734bda60b749bccdf16d5303f2e14f0413b3be1192ad188b929f4c335
MATH-500/6,math_500,0,True,True,True,stop,stop,901,901,4.400124353272699,4.400124353272699,results/baseline/primary/repeat-0/MATH-500_6.json,results/dflash15/primary/repeat-0/MATH-500_6.json,46c1e8effe460cba0e1f8b1cea6ad85493f6ea411044dc2ec1303b16b6f0bb9c,b279c988b9c4e82ab97efd7860f4dc4376fc897ab3058af0414b06b801642950
MATH-500/7,math_500,0,True,True,False,stop,stop,1025,1013,5.751760437028263,5.684422753863054,results/baseline/primary/repeat-0/MATH-500_7.json,results/dflash15/primary/repeat-0/MATH-500_7.json,24999ba7edef77318562dbeabdc3d3964189da6639b989a631bdf875dd719c2c,ed4b95f3bda9b0f4c329cf036c27de02b73cf34e83ba912af19055828c27647b
MATH-500/8,math_500,0,True,True,False,stop,stop,486,482,6.1223943682039925,6.072004291099432,results/baseline/primary/repeat-0/MATH-500_8.json,results/dflash15/primary/repeat-0/MATH-500_8.json,f53a690a78d0ac7d23e57b4b7300027fa98b91bdc866a2938b17b652d200add3,d681bcf0e70408d1321f3d0236fda35d02c856d6b27c181f964ded5e9d1320d5
MATH-500/9,math_500,0,True,True,False,stop,stop,6338,7075,3.2548809748515843,3.6333674498382704,results/baseline/primary/repeat-0/MATH-500_9.json,results/dflash15/primary/repeat-0/MATH-500_9.json,ef877041a44798a044836b95e0e1bd142b4dce0c9f02bab5595a4362d73432a6,7fa2d9dad14506e04ef3916f0c4c10b7aad3dc293ea61cc76cb7fa74fea0aa4f
MATH-500/10,math_500,0,True,True,False,stop,stop,1750,1518,4.026043765882523,3.4923053923483827,results/baseline/primary/repeat-0/MATH-500_10.json,results/dflash15/primary/repeat-0/MATH-500_10.json,2f18bf81dc29dd82e320527fd5802c49463fd28e71f7a71ac33e860967fdbec2,7ce0dc68eca4c3ad964648c5187039f94d1eeca57033ae26ae50d271fa710008
MATH-500/11,math_500,0,True,True,False,stop,stop,2849,2861,5.265897929985491,5.288077914246575,results/baseline/primary/repeat-0/MATH-500_11.json,results/dflash15/primary/repeat-0/MATH-500_11.json,c8d036b14adede71d215fc529cb2abdbd28620c5dc19ca2bd495235c942d1b80,275cd75a9d162703708d2b25fa4d1e124d4df6ec1901e85571e49885b4d56e7c
MATH-500/12,math_500,0,True,True,False,stop,stop,1256,1189,5.772554782428551,5.464623914257601,results/baseline/primary/repeat-0/MATH-500_12.json,results/dflash15/primary/repeat-0/MATH-500_12.json,d086343730aac72ae12a175b24155c6db1e1b74a2813e82b8ad686f7cb98a485,e1d3d9b1c8309cde4298f80b87fdfee05beab7b5811841b364d0755448ad4caa
MATH-500/13,math_500,0,True,True,True,stop,stop,351,351,4.776480098662171,4.776480098662171,results/baseline/primary/repeat-0/MATH-500_13.json,results/dflash15/primary/repeat-0/MATH-500_13.json,934fe871e32d2f2f001daffdacffb809ed6e5f29fce91845ade5edfdf01f6f44,a1c44d97d4b15165f84639313e097e732ebbf646d2dc63b3a35bc18d6365f840
MATH-500/14,math_500,0,True,True,False,stop,stop,791,766,5.173502567344638,5.009991108199739,results/baseline/primary/repeat-0/MATH-500_14.json,results/dflash15/primary/repeat-0/MATH-500_14.json,843bfbf8e05929e1875ef11537f7f2b5e804aa55572d2491e687f44c4a54bb2c,4f79987c3e78935596678c4ca74212bc9caeaa6812a03087094f4a61f716af88
MATH-500/15,math_500,0,True,True,False,stop,stop,1143,833,8.371028064546836,6.100670496734482,results/baseline/primary/repeat-0/MATH-500_15.json,results/dflash15/primary/repeat-0/MATH-500_15.json,85416236fb6ec18e5fceddd469dd6536aef8cd0cbfdb7cec5e4b3bf6631c860a,cb030704a3edac1458257011e692287019d5af8cd9f203e66d814f0529189636
MATH-500/16,math_500,0,True,True,False,stop,stop,567,585,4.644745998394485,4.7921982523117705,results/baseline/primary/repeat-0/MATH-500_16.json,results/dflash15/primary/repeat-0/MATH-500_16.json,2cd4fd6580b1cc1aebd327a19117d42354e2585e8416e7f2a135b74315caffba,88434218ca27e0b77661a8a7f58d16bdf72c51ef29dbd1e28b45cd90b2ee7a74
MATH-500/17,math_500,0,True,True,False,stop,stop,1910,1685,4.381749406836873,3.8655747384922154,results/baseline/primary/repeat-0/MATH-500_17.json,results/dflash15/primary/repeat-0/MATH-500_17.json,317b523503b877e2d62856e5278a7d7a3e3a01cabf64abd1f1efa74aa7af5bc0,051359823cc6cf43f95633964a89e1e6c961f1fe41d1962bbcef70490861a1f2
MATH-500/18,math_500,0,True,False,False,stop,length,8041,8192,3.062960837887698,3.120479440862582,results/baseline/primary/repeat-0/MATH-500_18.json,results/dflash15/primary/repeat-0/MATH-500_18.json,8435ec1a560e12cedd4f5e0730902ad2f1778ed747c3e4ce1709110a6e318a90,0fa58dab52d37bf3919cdecb92ec85ad3e080ba8c6a0bfbe8cd29dfc591470f8
MATH-500/19,math_500,0,True,True,False,stop,stop,1152,1200,4.560879162376538,4.750915794142226,results/baseline/primary/repeat-0/MATH-500_19.json,results/dflash15/primary/repeat-0/MATH-500_19.json,f9a780f828b8f30997d6c857063a61d0226e0454e244a76b21b995fca967b501,106f37915d41a3a3d27794e80711e6db897a3e6ea0203dcd79189b368e7fc5eb
MATH-500/20,math_500,0,True,True,True,stop,stop,201,201,4.191925263892462,4.191925263892462,results/baseline/primary/repeat-0/MATH-500_20.json,results/dflash15/primary/repeat-0/MATH-500_20.json,c260a9ec31b368b87deed416f39a7c789d6e904f66ad14f4564f3e2d7116fc43,110447c5835236529910bf04bde8d2584e17d6bd0b638fe1d64d3c8253cd0072
MATH-500/21,math_500,0,True,True,False,stop,stop,1774,1875,4.877082180719555,5.154751459328728,results/baseline/primary/repeat-0/MATH-500_21.json,results/dflash15/primary/repeat-0/MATH-500_21.json,79dfa7178ce194144c9a11194db6b7e85437e2f8147e0ee896de692e878a7ccb,57235c05393f1e4b62be7bf627a5b199aef0a83f913abfb95532cf6eb4a3ea66
MATH-500/22,math_500,0,True,True,True,stop,stop,1211,1211,5.2227923038167035,5.222792303816704,results/baseline/primary/repeat-0/MATH-500_22.json,results/dflash15/primary/repeat-0/MATH-500_22.json,0db08c02c6fa7046c56b6336b4968c12a43de498e80b6723b4e1d5895d3cdb1f,cad2146c0087de9697069539165b432d8eafc08e6f48fae1faffae5f270a9391
MATH-500/23,math_500,0,True,True,True,stop,stop,780,780,5.371531904235927,5.371531904235926,results/baseline/primary/repeat-0/MATH-500_23.json,results/dflash15/primary/repeat-0/MATH-500_23.json,95f620447a1bc012ec5acdd9a3d2b72daeef903dfb353b23bd12645bd4a3c04d,30c0836548a2ff08307ac60048b5c9960f64340aee70813564af2c55c55fd785
MATH-500/24,math_500,0,True,True,False,stop,stop,1047,1312,4.134318233953895,5.180731158498099,results/baseline/primary/repeat-0/MATH-500_24.json,results/dflash15/primary/repeat-0/MATH-500_24.json,5f504e8ddfca67c9f991b8263b07d65eb2ba085446071410cb2f5253071bd433,10633008f6bee000e89d92143e6a52eb83bae96e86f6a1e8dda554a4ce5c729b
MATH-500/25,math_500,0,True,True,True,stop,stop,1433,1433,6.455229132608707,6.455229132608706,results/baseline/primary/repeat-0/MATH-500_25.json,results/dflash15/primary/repeat-0/MATH-500_25.json,a0176b7fe3a4231e87693a506a1e9283e862acd3b04d348350e55dfcfa872b6c,205511701a734be34b4b2449e19ac8fa6dd0e3a8bee38ffff9c8ff7304f44ebe
MATH-500/26,math_500,0,True,True,False,stop,stop,2056,1985,3.9076578501837633,3.772714412750375,results/baseline/primary/repeat-0/MATH-500_26.json,results/dflash15/primary/repeat-0/MATH-500_26.json,36c51d6ecf640b6d43313d7ab603a79747dde540b088ec13d6986e1323f0cadd,7767502237b8a525b12aa5c885012e40450f5c080b63544829ce34d82f4b5187
MATH-500/27,math_500,0,True,True,True,stop,stop,441,441,5.071050555235419,5.071050555235419,results/baseline/primary/repeat-0/MATH-500_27.json,results/dflash15/primary/repeat-0/MATH-500_27.json,35d46bbf2da117ddd682c7953eb3a26ecaf0db44f07638bb25d7068d5ae3ca21,0ea4f0db792dd88f415d0c5c0dcbbb8e1d0af89525423ba6275d8eec394edeb7
MATH-500/28,math_500,0,True,True,False,stop,stop,507,524,4.24501734572026,4.387355205438691,results/baseline/primary/repeat-0/MATH-500_28.json,results/dflash15/primary/repeat-0/MATH-500_28.json,5634c22637bb12d44fb42ec271dff5b9153db082c9c0da253aed1a8c80c86ed0,a097875cc524c51e17c60ab6b3accdb3b0fa3e216bb7cbf4ce3f48c6be7ffec5
MATH-500/29,math_500,0,True,True,True,stop,stop,596,596,5.565853122660333,5.565853122660333,results/baseline/primary/repeat-0/MATH-500_29.json,results/dflash15/primary/repeat-0/MATH-500_29.json,25964f4070d71fe8632aa03ade74718ff04acec6e845d2ff86720c458c42f7b5,15448cf6f486a6964c008cefe23cbadb5e72f42db58288a400784c78863d85f4
MATH-500/30,math_500,0,True,True,False,stop,stop,503,500,3.7227825517387356,3.700579077275085,results/baseline/primary/repeat-0/MATH-500_30.json,results/dflash15/primary/repeat-0/MATH-500_30.json,39796b46e6e1a4a52db818bfabca52f16e6f3e999521e096a29de226faeb77c5,148bcd447974b10612089f61564bf6a5705f8e4579f017dc5aa1f558a552da72
MATH-500/31,math_500,0,True,True,True,stop,stop,381,381,5.261019352464135,5.261019352464135,results/baseline/primary/repeat-0/MATH-500_31.json,results/dflash15/primary/repeat-0/MATH-500_31.json,07b678c6d34ccffce32cd49700db2d5427b4625b10b15d2c2a0bc334ddf4c663,4c49dd83fb986207a2815b22905386f2cf20cec2a0c9e66628f4f52d1fbc4e13
MATH-500/32,math_500,0,True,True,False,stop,stop,590,651,3.6674146293547625,4.046588006288052,results/baseline/primary/repeat-0/MATH-500_32.json,results/dflash15/primary/repeat-0/MATH-500_32.json,c8f1ed8378ddfdd5375b1e2ad41aa36064fe5da859db4196d010d6f6c3f676b2,8d65561522013a6fff380646fa2c48a169f5d5b0518ba1f2cc12658ff0ea7571
MATH-500/33,math_500,0,True,True,False,stop,stop,1012,1010,6.273673105854733,6.2612745424044265,results/baseline/primary/repeat-0/MATH-500_33.json,results/dflash15/primary/repeat-0/MATH-500_33.json,c6887179cda95e21f93e461db646ac8711dd2c0e8ae702eecfd0737e1792fc40,45ac1642406d8a6aa0f738e934c6ae28e3d060e147d2f2b0f672d4102d59362c
MATH-500/34,math_500,0,True,True,True,stop,stop,1076,1076,7.25475940534173,7.25475940534173,results/baseline/primary/repeat-0/MATH-500_34.json,results/dflash15/primary/repeat-0/MATH-500_34.json,e42850a2a7d5844483e9b72eb524b25d69fe4d1452e48da16e09ab1a34e5e69a,963af1531cf2dfcbcc3349ca73af9c5e70d2ccec1624250ea0063cce71720b92
MATH-500/35,math_500,0,True,True,True,stop,stop,604,604,5.575727465281342,5.575727465281342,results/baseline/primary/repeat-0/MATH-500_35.json,results/dflash15/primary/repeat-0/MATH-500_35.json,bf3ed855fcedaf28a2b49a97e487396e3a70c987678566843e0d0dee53f28b0e,1e0ee5074fb2ea673519317f326e7cfc51c85a560784936521b797aaf6fba326
MATH-500/36,math_500,0,True,True,False,stop,stop,956,947,6.44696255769198,6.386269395537975,results/baseline/primary/repeat-0/MATH-500_36.json,results/dflash15/primary/repeat-0/MATH-500_36.json,1177c38454bebc2070a00012c87ff75bb337f9c42e280fc4fff9bd5a045a9de3,3af7f7aa5489b95afb6169f616076163317c026fa4717a005d29c710290bb5f8
MATH-500/37,math_500,0,True,True,False,stop,stop,357,399,2.9968729335119777,3.3494462198075046,results/baseline/primary/repeat-0/MATH-500_37.json,results/dflash15/primary/repeat-0/MATH-500_37.json,ddb16df4781591cae41332cbb13b3888d7a49f43637c3bf957f2a6a5857fc0c2,578b33268bbaf081105f987fb9b303e6c0a7a9a663605c94374bccfa0b85b952
MATH-500/38,math_500,0,True,True,False,stop,stop,361,374,4.884268333536089,5.060156112860104,results/baseline/primary/repeat-0/MATH-500_38.json,results/dflash15/primary/repeat-0/MATH-500_38.json,e8eba560edb34fe0e17488757129f4d2eeda28c71ffac5bcb1d4c8e225b39652,159ca2e732136242ad8bd08c2d0f029cbddbdaee32bd44d79b690097e0511ec4
MATH-500/39,math_500,0,True,True,True,stop,stop,901,901,6.07180081181003,6.0718008118100295,results/baseline/primary/repeat-0/MATH-500_39.json,results/dflash15/primary/repeat-0/MATH-500_39.json,793e00fe5ab671a19377cd9119e3aead7ccdba35b533985d141606af2ab01107,700ff28d0ba10b5328493d1853159b17725814036f920b99a852cd3e5b7b8ba7
MATH-500/40,math_500,0,True,True,True,stop,stop,366,366,5.541094119743116,5.541094119743116,results/baseline/primary/repeat-0/MATH-500_40.json,results/dflash15/primary/repeat-0/MATH-500_40.json,7f76c4360f92e293623895ad724d9692b39f1ff42a5faa919d3dbe7492d12eb1,d5e311f0647951d5478bebf16314351f1e3fe0466ad22397da41bc3070748e2a
MATH-500/41,math_500,0,True,True,True,stop,stop,892,892,6.19641010329889,6.19641010329889,results/baseline/primary/repeat-0/MATH-500_41.json,results/dflash15/primary/repeat-0/MATH-500_41.json,6e68fa488bfd95d2f4492b687c02f907db905193bea3b51e8bb0caf6abf887e9,e54f29d13d049d7c8344aff05bb226684d2233b6f2adb698b357bc039669589a
MATH-500/42,math_500,0,True,True,True,stop,stop,306,306,6.531935408967599,6.531935408967599,results/baseline/primary/repeat-0/MATH-500_42.json,results/dflash15/primary/repeat-0/MATH-500_42.json,7e002c1527874356acc1ce6c3814416dd49fffe0bcb87a20c01103813c293aad,34c7c5f5e1efc8d2cc53b9e2ed68abfca61bd41059fba73fc7b9c9c69a0863f3
MATH-500/43,math_500,0,False,True,False,length,stop,8192,3589,11.034741418381511,4.834434442208404,results/baseline/primary/repeat-0/MATH-500_43.json,results/dflash15/primary/repeat-0/MATH-500_43.json,eb59035c5cd2b815c4bec87a3a18a22c03831ec73bbfbe2a0234bb2a25434899,39c28a5d86d5a30783e1564f4d52e96c492e7f9077ab1fa8b5d948cf10db82ab
MATH-500/44,math_500,0,True,True,True,stop,stop,783,783,4.535367727992419,4.535367727992419,results/baseline/primary/repeat-0/MATH-500_44.json,results/dflash15/primary/repeat-0/MATH-500_44.json,1886969027a5c0b58be7f11c3680e7f6e806c2e4c590844bb4fd238d8fbb6dda,7a93f8ece4dad2e5431ff9f7959873668e60b699817489381ee666d04bd90b87
MATH-500/45,math_500,0,True,True,True,stop,stop,312,312,4.8847728268005675,4.8847728268005675,results/baseline/primary/repeat-0/MATH-500_45.json,results/dflash15/primary/repeat-0/MATH-500_45.json,3d75d3a1da73c6f6ab153715df41213191a4497c4a7bc8c42ef0e1d8e80252e1,b36f60ec5b03315e1cc4bcc7ae3a245ce4d99e47eee9cd95651a5b73c308b2cc
MATH-500/46,math_500,0,True,True,False,stop,stop,2372,2303,5.300290575496927,5.146108429751021,results/baseline/primary/repeat-0/MATH-500_46.json,results/dflash15/primary/repeat-0/MATH-500_46.json,a94accc7b8d69eda0e92bd598fe4b6724f0c73f94d58f0c55108e53129f9a120,249e1fbce24daf6389b86a64baaad407cdc5a717625ff589279372b016e321ec
MATH-500/47,math_500,0,True,True,True,stop,stop,741,741,4.947686553209158,4.9476865532091585,results/baseline/primary/repeat-0/MATH-500_47.json,results/dflash15/primary/repeat-0/MATH-500_47.json,61b2c7d4cfcff4569fc18f885758ba936fb11fd768bbe1594bc08726610a6c89,c8aea75bc2ed373c5d987f1046b6a7dfa4620975a55813b775c42c20b931d9d3
MATH-500/48,math_500,0,True,True,True,stop,stop,305,305,5.517377355367106,5.517377355367106,results/baseline/primary/repeat-0/MATH-500_48.json,results/dflash15/primary/repeat-0/MATH-500_48.json,22a5eb9e8cdd4df011e5ce568ec2fa450deeeb82f40e67a9dbb18d555c93ddb0,53a3a5f5d50572c8be2f40566b217bc7f0fea9a91031226ccb66246ecaa4fb0a
MATH-500/49,math_500,0,True,True,True,stop,stop,454,454,5.406744983867603,5.406744983867604,results/baseline/primary/repeat-0/MATH-500_49.json,results/dflash15/primary/repeat-0/MATH-500_49.json,4c1e2209f553318d150ec67b4b0d68ee3e2eeec454e87622288c23044850acdc,3e0e14b1dc758794b40900602ed81fdb9b1ab369e8442a0c47db7b7607083515
MATH-500/50,math_500,0,True,True,False,stop,stop,1152,1223,4.02436562643736,4.272395105150079,results/baseline/primary/repeat-0/MATH-500_50.json,results/dflash15/primary/repeat-0/MATH-500_50.json,c32172d68007d7cada3239c2d8f23574ad6ba8306309793d80de7c1de9e20a8e,3f7a5b26ad877641067b23e9dab96e6d35af0435f98e0242f000d449b3083178
MATH-500/51,math_500,0,True,True,False,stop,stop,1297,1205,5.681647791994447,5.278631911606252,results/baseline/primary/repeat-0/MATH-500_51.json,results/dflash15/primary/repeat-0/MATH-500_51.json,a1bf18009bd3c2b264ca291958be5c1f8993b57e63dd88df08c345ca5ef8f846,176d8f0c5cc90d762c4fedc6ca2a9a7384158be4bc8bbf7abf1cd2f6df7c3a13
MATH-500/52,math_500,0,True,True,True,stop,stop,867,867,5.959811109707978,5.959811109707978,results/baseline/primary/repeat-0/MATH-500_52.json,results/dflash15/primary/repeat-0/MATH-500_52.json,e54430d77ed7a31473a33fd172bc9f4b63faca2be421fe6448c331a9249c074b,49bfd9a12c5300aad62c4810317383d34ede38b7b92c9c22e41b40659f885483
MATH-500/53,math_500,0,True,True,True,stop,stop,491,491,4.726904747925018,4.726904747925018,results/baseline/primary/repeat-0/MATH-500_53.json,results/dflash15/primary/repeat-0/MATH-500_53.json,c24bc6af460ec019790fa4aa1996dc3f9a8f86abcd9c43c59f277e01e56d7e76,5afa3ec8c0477ea97cc8c72936e20008009e329ddb2c14e7f80541447e646ab5
MATH-500/54,math_500,0,True,True,True,stop,stop,465,465,4.142993217404837,4.142993217404838,results/baseline/primary/repeat-0/MATH-500_54.json,results/dflash15/primary/repeat-0/MATH-500_54.json,bd9dff448586348b5f5fb04260276ac5d687abf1ccf09205ef54bd31d5d0ca30,e3ef1aa559af083df469a617cab23f133af4ce7cfb1ec0766f780bb3e014cdab
MATH-500/55,math_500,0,True,True,True,stop,stop,935,935,5.3740382209115385,5.3740382209115385,results/baseline/primary/repeat-0/MATH-500_55.json,results/dflash15/primary/repeat-0/MATH-500_55.json,7f9b6fd67ec6523b807c074cfe5fe4fdb69c82320da98abfc62a6ea833bc975a,7426d35b542745c52f08330bc376f8417adf1d31cfcb444d3640d85bae7a92b8
MATH-500/56,math_500,0,True,True,True,stop,stop,599,599,5.261527315156754,5.261527315156755,results/baseline/primary/repeat-0/MATH-500_56.json,results/dflash15/primary/repeat-0/MATH-500_56.json,eb586d930a88f217ec180ff817cfff114bf38260bc9d4112fa23e3f4feb3d67b,b01340d7e58177706b19e8f4b81eca0709bea19203ab57a71e7564cb6f99c85d
MATH-500/57,math_500,0,True,True,True,stop,stop,581,581,5.034887337655676,5.034887337655676,results/baseline/primary/repeat-0/MATH-500_57.json,results/dflash15/primary/repeat-0/MATH-500_57.json,73308dd7f1181898dde1cc8e5981e6a9073b1299e48109a9e87ba3b3a6dd7117,56e63794f19cb04a2eff059e65af7af84bf573ce07970b0e3e68632d28089808
MATH-500/58,math_500,0,True,True,True,stop,stop,392,392,4.52376897070251,4.52376897070251,results/baseline/primary/repeat-0/MATH-500_58.json,results/dflash15/primary/repeat-0/MATH-500_58.json,186d0aed33f92dfc71fbf3708b1db9225f79b57a8af57b5e966a739ff2855b99,ce56631aa9e257559916678744f508ceaab94d43f10b86e44795d6ded7c6b5d8
MATH-500/59,math_500,0,True,True,False,stop,stop,500,493,5.41355347645955,5.337763727789117,results/baseline/primary/repeat-0/MATH-500_59.json,results/dflash15/primary/repeat-0/MATH-500_59.json,710c5d79845eb1d34425b077962d2a3ade1e493e2c6fbc6b5bac8f12b30ddf9d,f7e84ff28ce7fa86d116fc866a99ed1f35b55c29f8357f06c5a4e062d2e9ad18
MATH-500/60,math_500,0,True,True,False,stop,stop,2747,2903,6.015262453539607,6.356864544093731,results/baseline/primary/repeat-0/MATH-500_60.json,results/dflash15/primary/repeat-0/MATH-500_60.json,7c9547508296e33a73b2bbdc315c09ad001c8c93e159ff629827b06fb63362af,ac1787cc513560824201dc6cb2cb9e27ba735b0a5b291574f9a1934cdcf4d74e
MATH-500/61,math_500,0,True,True,False,stop,stop,1917,1922,3.9302485530131155,3.9404995925358417,results/baseline/primary/repeat-0/MATH-500_61.json,results/dflash15/primary/repeat-0/MATH-500_61.json,8f736240f1eb9937aaa76c48144ccd37f1d1aaa5d9a5932dc863c7ff78db7aa4,a26e685c65d1d31e5e8760a5b9da5aea11c7c59781d1013d6aee5492949e4b01
MATH-500/62,math_500,0,True,True,True,stop,stop,1023,1023,5.338748274408956,5.338748274408955,results/baseline/primary/repeat-0/MATH-500_62.json,results/dflash15/primary/repeat-0/MATH-500_62.json,32d93fbee431ed821380c0be6dc78e2820a879810119241a73803a36bc4b5b44,0c8578278c331b2ca7ed574488cf822fdd709293b05849d4318ce7f1df6f62cb
MATH-500/63,math_500,0,True,True,True,stop,stop,1224,1224,5.748096604156392,5.748096604156392,results/baseline/primary/repeat-0/MATH-500_63.json,results/dflash15/primary/repeat-0/MATH-500_63.json,ac3aa80b8e17ad719c84d06b49b93adb8fb92077d9175bf619c8caf3569b35b8,8cf23f8d7df05ad058fb56b03d5514213935e11424b7a31c8c77e27475c2252f
MATH-500/64,math_500,0,True,True,False,stop,stop,2235,1916,6.088706082879651,5.219669286262824,results/baseline/primary/repeat-0/MATH-500_64.json,results/dflash15/primary/repeat-0/MATH-500_64.json,4998549ee17b29a7819f2ce27e900b8a28c391a5206308bee1410af992429fba,d70c7963f68b3556309ea63df6e5b43b25e658034a67e21ecfa13d0030a83dfb
MATH-500/65,math_500,0,True,True,True,stop,stop,342,342,3.256012463984014,3.256012463984014,results/baseline/primary/repeat-0/MATH-500_65.json,results/dflash15/primary/repeat-0/MATH-500_65.json,3cd3635648b48e3dc5cee4d0d34da4f6c1a9901a0b9013282e683db9e4b069dd,18af7895adcf05329ad70dff161b82853652975f4740902697100ffe13f32739
MATH-500/66,math_500,0,True,True,False,stop,stop,583,545,5.609693864926066,5.2440534414832,results/baseline/primary/repeat-0/MATH-500_66.json,results/dflash15/primary/repeat-0/MATH-500_66.json,92f8e31333343c3877987cc0f05d2b2af023c825be05aebc5171c0a6ea99fc8c,484feb78d4893710bae205c36bbb6d882fe505f0bbdeb214553cfd81422c668f
MATH-500/67,math_500,0,True,True,True,stop,stop,743,743,5.53725261422993,5.53725261422993,results/baseline/primary/repeat-0/MATH-500_67.json,results/dflash15/primary/repeat-0/MATH-500_67.json,c2dd581dddc11f2732327374801645b4da7284266d14c6b27ced50c438a60437,ecdc1e7f104fb65412a3c73ab7b66cf5d276f77d29d4911c6ab92546c7c11476
MATH-500/68,math_500,0,True,True,False,stop,stop,1220,861,6.891135216255144,4.863333951799737,results/baseline/primary/repeat-0/MATH-500_68.json,results/dflash15/primary/repeat-0/MATH-500_68.json,f10bae1f33ec23628a65c0fa2e78c1fb444e47a4804e75f873fc0ab67b98670b,5bb6cfe2d14b2f4d8b045ec88780c7af8c6d554327cbfd06094837815d3f606b
MATH-500/69,math_500,0,True,True,False,stop,stop,1282,1097,5.983693613616409,5.120212085910453,results/baseline/primary/repeat-0/MATH-500_69.json,results/dflash15/primary/repeat-0/MATH-500_69.json,ecf0a00a7c4577340312214c3931592c79cb38b0f5daaad472e035e865a87493,ba428856dc5cdf519bd4d0e47bb4bf36d9647d48a4064ec7b91bcd64b50a9af4
MATH-500/70,math_500,0,True,True,False,stop,stop,531,533,4.556859398257816,4.574022710492309,results/baseline/primary/repeat-0/MATH-500_70.json,results/dflash15/primary/repeat-0/MATH-500_70.json,6568a61365564d025b6e2e3b013236f7a89e88dbb74d65f03e36ce6c932758ee,08e244ec35eb563b2c3d693d6c199c8b19133bf63ea08970b16104e8ed5edabd
MATH-500/71,math_500,0,True,True,False,stop,stop,5398,2884,9.21113725660313,4.921252287521939,results/baseline/primary/repeat-0/MATH-500_71.json,results/dflash15/primary/repeat-0/MATH-500_71.json,7c1c52a8196b422b2eeb3762931949cb095f650b631e165378d365d1567025d7,715ef5c6620e44be099918fd36f121177194d61a86bf801b1f13f06db3a9dc09
MATH-500/72,math_500,0,True,True,True,stop,stop,1128,1128,5.767852965634175,5.767852965634174,results/baseline/primary/repeat-0/MATH-500_72.json,results/dflash15/primary/repeat-0/MATH-500_72.json,7e5a1c7bfd2f2d26f47bc2b1906d6319bd643ffe5ee38040af83d855e742150c,4b39671fbd6d96dad6a4a2b04551b2509dcd5893863ea6197a5a3bd893a142a8
MATH-500/73,math_500,0,True,True,False,stop,stop,519,457,6.9966311769037635,6.160810111454759,results/baseline/primary/repeat-0/MATH-500_73.json,results/dflash15/primary/repeat-0/MATH-500_73.json,401d64c28428d07db75b1ba466080a79e65954e98edd108f33a55f5f0b261c9d,5c4d4db20cfcb48fda9a6e4de8b64eaa80a9a303152a37bec5c4fe6d6510570b
MATH-500/74,math_500,0,True,True,True,stop,stop,588,588,5.434303177912145,5.4343031779121445,results/baseline/primary/repeat-0/MATH-500_74.json,results/dflash15/primary/repeat-0/MATH-500_74.json,8b21ddfaeac48ed9cc9135bd7fc86f9ec3a95a3edda75206f0131a27c6de1c61,8c245bed1f8528245c0f48cab92bad0145364c989d65a4a1697cbb5a2d2e1601
MATH-500/75,math_500,0,True,True,False,stop,stop,839,838,5.450613074821834,5.444116515733845,results/baseline/primary/repeat-0/MATH-500_75.json,results/dflash15/primary/repeat-0/MATH-500_75.json,0103be7a86ee976712ea445668533ec36e447774c8474b52ed550efc5b029e74,c240b36b2c85f3c892769bb3212d8e6bb8b54bbf432c2becc76822f80c57bad1
MATH-500/76,math_500,0,True,True,True,stop,stop,458,458,4.477863479177177,4.477863479177177,results/baseline/primary/repeat-0/MATH-500_76.json,results/dflash15/primary/repeat-0/MATH-500_76.json,a3872b8ac0f29abdc58c55c81590927f56595d82f685cffdd0035a17097c2ab8,5f2f947019880bdda52cf8e9f67bd2cbead9efd1d547b7c453f94c58b3f29c1d
MATH-500/77,math_500,0,True,True,True,stop,stop,402,402,5.335441774156942,5.335441774156942,results/baseline/primary/repeat-0/MATH-500_77.json,results/dflash15/primary/repeat-0/MATH-500_77.json,eede590f806eda2ac9652ff8ead9dada1c1d94b12f2d23ae224df65fff005746,ef8b83bb5d2da47d0784102faf7c9fc77c5b13f9bab31f29751f96af75231268
MATH-500/78,math_500,0,True,True,False,stop,stop,1252,1325,5.955057586504365,6.302277397858054,results/baseline/primary/repeat-0/MATH-500_78.json,results/dflash15/primary/repeat-0/MATH-500_78.json,17717a53af6371c50652ce6a2eb2b126ad7fcdd2ebfb27c3f87d3db37be5106c,0829888e7122e460d2604ff31aaaf7fb93844698c47c0f186332538bddb3eb1e
MATH-500/79,math_500,0,True,True,False,stop,stop,316,311,5.053662453392022,4.973699439888985,results/baseline/primary/repeat-0/MATH-500_79.json,results/dflash15/primary/repeat-0/MATH-500_79.json,317f9d64207ea9c4a1308db232c866a1f8d0baa7267a955f09c55a2d31b5bf71,f22355a044ecdc6e386b939a106898d5ddc94ea604a9b0f381a580abd7f186af
MATH-500/80,math_500,0,True,True,False,stop,stop,3715,3728,4.309570574537844,4.324651171433939,results/baseline/primary/repeat-0/MATH-500_80.json,results/dflash15/primary/repeat-0/MATH-500_80.json,fdac42ab8b4c1aa18ecff136616235979fe8eeb3af7a96439bbbd903f736df02,8bbc49034155c92fbfbb75ab5804a286d59789db3c7dcbbf6f9e9777afa6bf19
MATH-500/81,math_500,0,True,True,True,stop,stop,428,428,4.853021810940221,4.853021810940221,results/baseline/primary/repeat-0/MATH-500_81.json,results/dflash15/primary/repeat-0/MATH-500_81.json,d42798123f08d2a60f6343ede7b45aa65d0d71717da05da2be7f3241acdf13b3,50421ee433bcdce6247406eaa73702281963eb0d8fff4bc3bc0106f22eadc6c6
MATH-500/82,math_500,0,True,True,False,stop,stop,1047,1051,4.518055956894272,4.535316915659866,results/baseline/primary/repeat-0/MATH-500_82.json,results/dflash15/primary/repeat-0/MATH-500_82.json,3aeddac5962b9faf0cdbc5a1d1bfb88c6bc28f16d253d24cd3ee2573f5acac32,238b7afa438de9fb1589f9bdcc95ab0ad1a9f519877f6e016d6310b21534a6bb
MATH-500/83,math_500,0,True,True,False,stop,stop,2294,878,13.403971972577608,5.130203745389337,results/baseline/primary/repeat-0/MATH-500_83.json,results/dflash15/primary/repeat-0/MATH-500_83.json,7f00ed34ec6709adf1c7a3bd41fc31e1a2484854affc25b4480d4a5f7f9f2e6e,6a4d69ca140ab69f4e43a997e166fc1782d3f71ab137b070e5cb6d0a9bda1ae4
MATH-500/84,math_500,0,True,True,True,stop,stop,1001,1001,6.038833596521251,6.038833596521251,results/baseline/primary/repeat-0/MATH-500_84.json,results/dflash15/primary/repeat-0/MATH-500_84.json,2dd15844b86da4766142812f26a646cf63b1d16185642edb86a41672a6e5bf15,37df702b4eda5ac1f78e1796bd0c2ba24038c6837f970d00ae0c494872063cbe
MATH-500/85,math_500,0,True,True,False,stop,stop,502,434,5.033308190388106,4.351505487307645,results/baseline/primary/repeat-0/MATH-500_85.json,results/dflash15/primary/repeat-0/MATH-500_85.json,decc688a3b7eeca2d2a77a7e1e8837b46957e6a5ada7ee0cd8c3c406f742dc48,5849cccabbf0f4a68547099eb0f7beeaca8749056a050d0924430ebff9d53c23
MATH-500/86,math_500,0,True,True,True,stop,stop,294,294,4.316225358449598,4.316225358449598,results/baseline/primary/repeat-0/MATH-500_86.json,results/dflash15/primary/repeat-0/MATH-500_86.json,72ef367f1a27eb30ae8c4621bdf51e2186535ae4d7e60961fd7292d86af84c8d,df80e595f5d10877c07baa65f96aa485f9fdb55dcf7d6a480ad14cd9c4ae6d84
MATH-500/87,math_500,0,True,True,True,stop,stop,617,617,6.008053153583941,6.008053153583941,results/baseline/primary/repeat-0/MATH-500_87.json,results/dflash15/primary/repeat-0/MATH-500_87.json,77ca26558e25151cb95bdc98353bc6b695c95c84719919970fadbd5154df532d,bd250090a73c12eecbf6568d5f78497ab9108c922d5c93734219fe43bb4adad2
MATH-500/88,math_500,0,False,False,False,stop,stop,2304,1826,6.751520364022781,5.350814316278471,results/baseline/primary/repeat-0/MATH-500_88.json,results/dflash15/primary/repeat-0/MATH-500_88.json,efe1082eacb33e711d4534804c80e8cc823459b5f7fc7bba600adadb501572bb,d0cb9a7471e29420eb3ef6a9f80ac69b1604cce6d8211fe9a92daebf936b38c1
MATH-500/89,math_500,0,True,True,False,stop,stop,1025,972,6.653096121302001,6.309082370639556,results/baseline/primary/repeat-0/MATH-500_89.json,results/dflash15/primary/repeat-0/MATH-500_89.json,efbd66b7c46e2e754e8b6e6e0afae1671f0d2978cbca8de8cb093188cecf52e3,af40b0bf5cae339068269aa977cdd937ffe28b528b1d4089d796c91fc0425437
MATH-500/90,math_500,0,True,True,False,stop,stop,422,409,4.3034433680217665,4.170872837727257,results/baseline/primary/repeat-0/MATH-500_90.json,results/dflash15/primary/repeat-0/MATH-500_90.json,1ed31136e0537c4b071ee5983d24e0ee010afb2214bf29c0c1506b162530dab9,b71337e399873cd936b0ec9ca9d697e40239d14f2a5bf60289c10eec9a73c5cf
MATH-500/91,math_500,0,True,True,True,stop,stop,439,439,4.747841452052624,4.747841452052624,results/baseline/primary/repeat-0/MATH-500_91.json,results/dflash15/primary/repeat-0/MATH-500_91.json,ae9ce55d165189472aa3553fa62dbfb3d5d71454fa53deabbbe3d8cc970e5145,d1cd4ffc12a900758ee633b199b9313bcf19bda003e61116fa0e841b6c93d6e8
MATH-500/92,math_500,0,True,True,True,stop,stop,1044,1044,5.077005821174107,5.077005821174107,results/baseline/primary/repeat-0/MATH-500_92.json,results/dflash15/primary/repeat-0/MATH-500_92.json,24227303932c1c200ed2ec97d271f207d68286d48292afc08e2267f1d972aea9,64da5ac0c982b28260b0daf02100fa737dc1274d7f2baad72975d2ff50e9d49e
MATH-500/93,math_500,0,True,True,False,stop,stop,560,693,4.513803731690296,5.585832117966741,results/baseline/primary/repeat-0/MATH-500_93.json,results/dflash15/primary/repeat-0/MATH-500_93.json,6c7ae92c27b0f402d34e0bd9add3655df059488da4910b4d0b8ed4778e9a034d,2b84110d956a7764ddb7b8946ea26225934bef46c28df142c06448d06a8668e9
MATH-500/94,math_500,0,True,True,False,stop,stop,4881,2753,6.588146204455419,3.715871030703906,results/baseline/primary/repeat-0/MATH-500_94.json,results/dflash15/primary/repeat-0/MATH-500_94.json,0079e6f0d555356f30e820146763918cd3f41fec688cc652c8d9310d850e7c63,8987d88f041ab63b3645536a9e47cc49a5d5329fb2623bb378cf06bc6384c6c2
MATH-500/95,math_500,0,True,True,False,stop,stop,786,787,6.958633296196348,6.9674865192194995,results/baseline/primary/repeat-0/MATH-500_95.json,results/dflash15/primary/repeat-0/MATH-500_95.json,91a8b2525c97ed5d5c128b1779db51e368c0b5c4e256216dd302abe4d74bfe72,7771cb4b79ead307761f82c564acd40b87bcd5c7f714d21d95e7c9f476de5c22
MATH-500/96,math_500,0,True,True,False,stop,stop,2383,2462,6.207971047242681,6.413774535590213,results/baseline/primary/repeat-0/MATH-500_96.json,results/dflash15/primary/repeat-0/MATH-500_96.json,f92cdb713ed6d904f1dbc17361c0fd1325438ef0b4ed7ccfa353cc5597957e26,c789dec946f4412050ca313dbf9fcfc8e68ce368b9faaa62180326b90a40982d
MATH-500/97,math_500,0,True,True,True,stop,stop,494,494,3.6547078308663457,3.654707830866345,results/baseline/primary/repeat-0/MATH-500_97.json,results/dflash15/primary/repeat-0/MATH-500_97.json,1f910960cae5ae55f4dc2a9885395f942b67150006640a929ef77e1e953cf128,8ffe04e01209254b5ac0929cc24c50d159edb67baddee21bc3a004471e698b90
MATH-500/98,math_500,0,True,True,True,stop,stop,241,241,5.323157645046011,5.323157645046011,results/baseline/primary/repeat-0/MATH-500_98.json,results/dflash15/primary/repeat-0/MATH-500_98.json,121edd70a713cf0673765b12a3e3dbf6b61415666779b56b2c63eec1226ba5d0,5111cef501f7a778c03002ac64b81a6962837a72519529e07d1151889a280dac
MATH-500/99,math_500,0,True,True,False,stop,stop,1622,1577,7.1098836406230905,6.9126303953530295,results/baseline/primary/repeat-0/MATH-500_99.json,results/dflash15/primary/repeat-0/MATH-500_99.json,daa21f0bdc4612b63b8ea3789182fd81a81a10a6c4c1d74985d619f8f98eff53,8f4574aeda41b5b129297982fd956bd874e8db041c8f104ed6cd1b76a04b68ce
MATH-500/100,math_500,0,True,True,False,stop,stop,1747,1841,4.235959048413833,4.463881286851669,results/baseline/primary/repeat-0/MATH-500_100.json,results/dflash15/primary/repeat-0/MATH-500_100.json,7814b75476759ab66a2b67c6f3fb9d4e0ffe48f76f9dab282f447cfa99a97091,cb709ffc9f500e2ffae44a20958b431ed59ddc255e2e0214fa87bff4b4d47820
MATH-500/101,math_500,0,True,True,False,stop,stop,2642,4271,2.8325641483759516,4.579061876500261,results/baseline/primary/repeat-0/MATH-500_101.json,results/dflash15/primary/repeat-0/MATH-500_101.json,9af55e6224ca84f3611bbe71b8ee267b8a131cdb1eca30fe0911a806804ef61f,b494aa1e8f1593c06f7f257d8401f67b665f34e2874ae34c6782a72c4495eb6d
MATH-500/102,math_500,0,True,True,True,stop,stop,350,350,4.642019288537464,4.6420192885374645,results/baseline/primary/repeat-0/MATH-500_102.json,results/dflash15/primary/repeat-0/MATH-500_102.json,4370729b6f710cdf69d28e998c71786397a66f37aa9cad9e4b881ef0a31b6031,6baeea5ca587830dac8356017dc8b36061150abf14f263dcc3ba625d0440614e
MATH-500/103,math_500,0,True,True,False,stop,stop,3704,3340,4.936461163830787,4.451344569977005,results/baseline/primary/repeat-0/MATH-500_103.json,results/dflash15/primary/repeat-0/MATH-500_103.json,fd2f783bcef1ad80574a6fd7f1fa14371a858cf1ab509d6d7cd49bf87b504c7e,0036f5a74fb97560eb3ad1ef69018bb55c69c9361404992b7abf32baafb8ce4b
MATH-500/104,math_500,0,True,True,False,stop,stop,2962,3751,4.216088781242987,5.339145516017029,results/baseline/primary/repeat-0/MATH-500_104.json,results/dflash15/primary/repeat-0/MATH-500_104.json,4a6e3ca7407a0dad2b8252e679ce097675b75e713a2b166891d182ae1447d239,b1e0d4a5677f42be9447a58993dddd9dc72c65f5e2c929b1bb0d5ba7d38646b5
MATH-500/105,math_500,0,True,True,True,stop,stop,495,495,5.340982086331416,5.340982086331415,results/baseline/primary/repeat-0/MATH-500_105.json,results/dflash15/primary/repeat-0/MATH-500_105.json,4cd7b45219a920dc667847b76053ed5d2fc4b24eba6c64d70e792ef706c274b4,1623243dd1cd6527c04b5cc50b6cbb23709a7e509826be274da9e8dda9a2565f
MATH-500/106,math_500,0,True,True,True,stop,stop,705,705,5.752834697890853,5.752834697890853,results/baseline/primary/repeat-0/MATH-500_106.json,results/dflash15/primary/repeat-0/MATH-500_106.json,cc63bccd4d216ca81dbf1ebe824243a47d058853ba283c5587ce3e266a6cbb38,840bda460ecbcf3e4f2c994a40dd86fe27f8fbe3ce6fa2bc7e66493473bec059
MATH-500/107,math_500,0,True,True,False,stop,stop,741,737,6.186803320148561,6.153406271186896,results/baseline/primary/repeat-0/MATH-500_107.json,results/dflash15/primary/repeat-0/MATH-500_107.json,9e8a81ad6be993dcdc60aa63b7577d397d2d080081352fd0a37f5fb23053d171,11c5c300556d0408f0bb8a3a0cd1dbee76af77a2a6bfdef0eca9773d89e646d0
MATH-500/108,math_500,0,True,True,False,stop,stop,3656,1607,11.249041951266623,4.944532389410685,results/baseline/primary/repeat-0/MATH-500_108.json,results/dflash15/primary/repeat-0/MATH-500_108.json,d3e6a292e999e9ea2514e43014484e335bb3515f9684d3d914162540051a7f14,ddae5d53f58adbfc82d05b016f9aba5492ee201e10523cd265cd0908ff95098e
MATH-500/109,math_500,0,True,True,True,stop,stop,1760,1760,6.846937297017578,6.846937297017579,results/baseline/primary/repeat-0/MATH-500_109.json,results/dflash15/primary/repeat-0/MATH-500_109.json,7dc7075132be3349221f76fa98f1d0687d760a2234a04efa8ed16932305ebf14,a3c9cde9b6b87aaff0a06fe24f91342ad06eb25b616c252559cf33afc6ecc6eb
MATH-500/110,math_500,0,True,True,False,stop,length,6753,8192,3.145017617601737,3.815190926017093,results/baseline/primary/repeat-0/MATH-500_110.json,results/dflash15/primary/repeat-0/MATH-500_110.json,35ddf2d4af4ed6d1745c638f965838106b80ae095480f7dee766556cc911949c,ea486d9dadb99e9bedc503081cf44970a95df64300e0e7c64d11c07495c30445
MATH-500/111,math_500,0,True,True,False,stop,stop,663,678,5.930868333383602,6.065050874862869,results/baseline/primary/repeat-0/MATH-500_111.json,results/dflash15/primary/repeat-0/MATH-500_111.json,ecb4ed54d9b4613893d564dbee92e735c35c4cd895ddb54a145fa7cded02d652,23f11cd5d27dd6397895c620c384918ee0b3ecf7005b162a80ae9055a4d89d98
MATH-500/112,math_500,0,True,True,True,stop,stop,849,849,5.079215574511632,5.079215574511632,results/baseline/primary/repeat-0/MATH-500_112.json,results/dflash15/primary/repeat-0/MATH-500_112.json,46c175ab5c119db743649038c4d16b5c7366c15093400faeb1dae99650a71807,0521bce455fad0586d224064904d9f27db50ec8c4205cdbdbcaffe4fa2505e60
MATH-500/113,math_500,0,True,True,True,stop,stop,563,563,5.3438379378604095,5.3438379378604095,results/baseline/primary/repeat-0/MATH-500_113.json,results/dflash15/primary/repeat-0/MATH-500_113.json,2c45957aba54c311ab3695fe12d7aca92a18a539eccf26317a8f3c6811a3f337,c57c7296422995236a8bfb968406054c6e83a5f29c8d840ce66d4248cfe0e56b
MATH-500/114,math_500,0,True,True,True,stop,stop,895,895,5.696496053936169,5.696496053936169,results/baseline/primary/repeat-0/MATH-500_114.json,results/dflash15/primary/repeat-0/MATH-500_114.json,3a61f4050010706b2f74437c4e82edd531f84c618a781584a4546234ea567275,056877c5c4f692189d0c6bc912fd7664205857565578ff141e14c6a0703bc056
MATH-500/115,math_500,0,True,True,False,stop,stop,597,597,4.762247715022001,4.762247715022,results/baseline/primary/repeat-0/MATH-500_115.json,results/dflash15/primary/repeat-0/MATH-500_115.json,b5f02c3598eacc5095963fa2071ae7ee9f06132735c25b0ed06e2d01d49a4620,ad38dc35d83a9f5a3a9292a3eac82d4e77634f67dcfa1619b75b9852e0fd7b7c
MATH-500/116,math_500,0,True,True,True,stop,stop,365,365,5.963937351587502,5.963937351587502,results/baseline/primary/repeat-0/MATH-500_116.json,results/dflash15/primary/repeat-0/MATH-500_116.json,4413224cb8ba3072cbd3afae75f1a83cdfd52d51801ff6f802a88e726e1d0afe,2b2a1b0938d021aba283b6decfe6db96f0aed614ca7265c0b907f34170eedba9
MATH-500/117,math_500,0,True,True,False,stop,stop,345,289,6.387428463550714,5.350628481061323,results/baseline/primary/repeat-0/MATH-500_117.json,results/dflash15/primary/repeat-0/MATH-500_117.json,f9d64e4f1cfe748ef8f1ece3344908ce130d6076f28249566195278680047eb2,06588ca86bc023c379a7c7d7a1074c341994cd0fbd317af9c2c19bb10872280c
MATH-500/118,math_500,0,True,True,False,stop,stop,1355,1563,4.728834158908462,5.454736376659725,results/baseline/primary/repeat-0/MATH-500_118.json,results/dflash15/primary/repeat-0/MATH-500_118.json,1c097d6667bbe33e698ae05e6f4fcc43e7e54a9754264ec9eef8bce7134e9a73,e7f0e3469b3172f476f9a975cb399346b0f6249f644347e9279e645bf6795aa2
MATH-500/119,math_500,0,True,True,False,stop,stop,6158,6225,3.29825600141346,3.334141540889702,results/baseline/primary/repeat-0/MATH-500_119.json,results/dflash15/primary/repeat-0/MATH-500_119.json,768bab22074b9f11fc3c6268c91e9b740bf2dc6978bd5f1a50ab5ca5b6735478,83e72cf3956619ba8b93b19a2042111a8715693bfbc6c416a2ba2060cc07ebfb
MATH-500/120,math_500,0,True,True,False,stop,stop,1104,1070,5.563018084203522,5.391693251900152,results/baseline/primary/repeat-0/MATH-500_120.json,results/dflash15/primary/repeat-0/MATH-500_120.json,fe676f9a62f8f418a75e743113ed23f9f363dd9bfe44a973ba94d20a2e9809ed,5be0277659f50c6389b6b6aa68bd316e5c3425f321dce1c81e06893c479c8e7a
MATH-500/121,math_500,0,True,True,True,stop,stop,335,335,5.893154134735323,5.893154134735323,results/baseline/primary/repeat-0/MATH-500_121.json,results/dflash15/primary/repeat-0/MATH-500_121.json,0362ea58708ef501b9eb95f3a068c8902a97cf0838fab8df8703b647de03585a,1984ebad005619dc79a780106fefafe584f53a4818c2137c6c68aabe53dc4a91
MATH-500/122,math_500,0,True,True,False,stop,stop,488,475,4.699517293567877,4.574325234517913,results/baseline/primary/repeat-0/MATH-500_122.json,results/dflash15/primary/repeat-0/MATH-500_122.json,7cbad785171f55729b4166cc276bb72a08a34ede44a0e29687d351604765744d,21e90f57f268be165edbc37f51a0a4dcce162fb978afc6b6f2c7415f43714176
MATH-500/123,math_500,0,True,True,False,stop,stop,2833,2685,4.669955080368646,4.425989901443633,results/baseline/primary/repeat-0/MATH-500_123.json,results/dflash15/primary/repeat-0/MATH-500_123.json,7ebe2238b92eb1a83b97b717a16123f49149f0e558b2643626712f30dade9b81,7db3bfc08ac3190eef9e27635aa1d316d0c7034bd5059a5dad35e5621daa48e8
MATH-500/124,math_500,0,True,True,False,stop,stop,725,712,6.201045832641033,6.08985466598678,results/baseline/primary/repeat-0/MATH-500_124.json,results/dflash15/primary/repeat-0/MATH-500_124.json,09004114dcd8cfca26177924000d0105ae06f865d366ad1c2013a4a0ba419dfd,d4f92f10ac334c2057aa1fc7530554f5a44b2b4d8098826403719c735712db83
MATH-500/125,math_500,0,True,True,True,stop,stop,441,441,4.77301151909818,4.773011519098179,results/baseline/primary/repeat-0/MATH-500_125.json,results/dflash15/primary/repeat-0/MATH-500_125.json,1061be28262fbb468fb520c479ee6fc5c34b4abb3190560e7f3b7a2527df1fc5,6c1629632494d0ee22006ee06285b3214eb182da6998404df05772a58a6fc066
MATH-500/126,math_500,0,False,False,False,stop,stop,1141,1831,3.533303733471599,5.67000800699956,results/baseline/primary/repeat-0/MATH-500_126.json,results/dflash15/primary/repeat-0/MATH-500_126.json,d6e7d369a3d44f92ce592b5c3b261a2ade072a98f996d276a643e2c387b4d9fd,3a7a398f68e2553067720bd594621ef7d1c81a42f620531d25a2a3ec96e913d4
MATH-500/127,math_500,0,True,True,False,stop,stop,545,550,5.181535577684001,5.2290726013324775,results/baseline/primary/repeat-0/MATH-500_127.json,results/dflash15/primary/repeat-0/MATH-500_127.json,6957d0ed28c265c07a5a0e2571f21099ef3b562b94af2ae5ddd5d1672ba54f60,fae5525222f3b1a558f0e2e9e5034d2fa6a85526133d571b9f2bc0b0fc4dc5c2
MATH-500/128,math_500,0,True,True,False,stop,stop,1326,2144,2.0340243642425997,3.2887995753666166,results/baseline/primary/repeat-0/MATH-500_128.json,results/dflash15/primary/repeat-0/MATH-500_128.json,e7e34f9e5fdd3c1ebe0fdb803e9c5bfdba3d0c78c31fa1ead221715c0096c6f9,57f54ec18db0eb4ec69d0b2a4f446a56a10ef849dc3ff7ad655283d7893e8816
MATH-500/129,math_500,0,True,True,True,stop,stop,1435,1435,5.337453256794131,5.337453256794131,results/baseline/primary/repeat-0/MATH-500_129.json,results/dflash15/primary/repeat-0/MATH-500_129.json,f65809a4c30543925a500349a76c9ca904f67de39dbb0f76cafb3112ded26ff1,3a234d76b0ecd6b02158dc01aa383dc35f3d6a3bfc7958e30fceb3b783f103bf
MATH-500/130,math_500,0,True,True,False,stop,stop,951,929,5.128297122792804,5.0096614375126345,results/baseline/primary/repeat-0/MATH-500_130.json,results/dflash15/primary/repeat-0/MATH-500_130.json,9c4778ebde969ce69a53f654e31892626b4a27f8cbb7796490b9e683562f55d1,f836691d2513b593552f8d64c513833d713f1c72e1db4964e510b0e4d08010d8
MATH-500/131,math_500,0,True,True,True,stop,stop,792,792,6.110332036551855,6.110332036551855,results/baseline/primary/repeat-0/MATH-500_131.json,results/dflash15/primary/repeat-0/MATH-500_131.json,d8e8eb80c94c86bf7c8468e030436268518b1fe99f0f22aceafed0fa4469e7ed,3d8876138081371a2804a0823e9a06d82cfedd64cf8ecd10e5d2b723ffdb9e44
MATH-500/132,math_500,0,True,True,True,stop,stop,485,485,5.087477729146892,5.087477729146892,results/baseline/primary/repeat-0/MATH-500_132.json,results/dflash15/primary/repeat-0/MATH-500_132.json,645f7e714eaa0cc32555fe3fd9f500f3e7886f7fbb88839be901c2100c5ed411,cf258090375c617d7212d16a2d7c4008088c338516cd7045a9fe30daf94166b5
MATH-500/133,math_500,0,True,True,False,stop,stop,643,644,6.018726845760796,6.028087229657779,results/baseline/primary/repeat-0/MATH-500_133.json,results/dflash15/primary/repeat-0/MATH-500_133.json,7f39f55b123e9f1f58d232e87e874311b07e74bfa14f0b81869ed0dcc7ce70a0,081e66dcb9a5aa6120a9038e2d1e7f88fa40c18031bbef8f3c967e5d62041ec0
MATH-500/134,math_500,0,True,True,False,stop,stop,915,917,5.289436253906863,5.300997863205019,results/baseline/primary/repeat-0/MATH-500_134.json,results/dflash15/primary/repeat-0/MATH-500_134.json,45f7e5704214946e735a310152235a7bc7b80b6da7f8c0471e45fefbc8e9339a,98aaeb2a70b871df33e1ddc53f90dc50edeabb43c451d4a5905f5ccd0eca188b
MATH-500/135,math_500,0,True,True,True,stop,stop,787,787,4.28061833124721,4.28061833124721,results/baseline/primary/repeat-0/MATH-500_135.json,results/dflash15/primary/repeat-0/MATH-500_135.json,291595f451c214b39d90f34a5a7be116f4e35350b248d9cf1aa7a12ceff6dd94,32734624b9976652143c6e4f8aa225dd393716b8f6c50561eac5984ca95e581c
MATH-500/136,math_500,0,True,True,False,stop,stop,4956,2809,7.809475210330107,4.426314742900982,results/baseline/primary/repeat-0/MATH-500_136.json,results/dflash15/primary/repeat-0/MATH-500_136.json,6231186bd9a65fb743a6e340382592b7c01ed4a02207f321ee5db7272f4fef0a,94a4233ded36eeffb5239bab42d8f0586a1ca956f27ceb5ce5bb3e3696207f37
MATH-500/137,math_500,0,True,True,False,stop,stop,1193,1256,4.511209934352109,4.749438120323762,results/baseline/primary/repeat-0/MATH-500_137.json,results/dflash15/primary/repeat-0/MATH-500_137.json,2ca8930954399cc8b2d22e724b07e2f290610e3ed817406402bbb9fd73720793,b807279161f66afbacbf43e0b10f60455f1ddfb1c1536cd7ec32bcf75a219e14
MATH-500/138,math_500,0,True,True,False,stop,stop,1782,1361,4.910108646269364,3.7500885901080836,results/baseline/primary/repeat-0/MATH-500_138.json,results/dflash15/primary/repeat-0/MATH-500_138.json,0e3159a9a9583e08e569ae4f30c4fa44a359d24d62003f9abc74edde534cffe8,672478bd6b107412da9c85792f8507a2287da513b238c901dd02d883a44b8a07
MATH-500/139,math_500,0,True,True,True,stop,stop,1175,1175,5.904692078162254,5.904692078162254,results/baseline/primary/repeat-0/MATH-500_139.json,results/dflash15/primary/repeat-0/MATH-500_139.json,2143e48a6978348b430aa553161503ec12f78bb7757551a2d7be96d0cdb8e543,c8713c2d9c59a6f4441092ed15a1bd8266ceed94a2461a034ede4ea0579d5361
MATH-500/140,math_500,0,True,True,False,stop,stop,632,568,5.577521776643733,5.01270944483171,results/baseline/primary/repeat-0/MATH-500_140.json,results/dflash15/primary/repeat-0/MATH-500_140.json,352d061b9ab1b71706089a2f9c59c1bef34b06083c45dd5e33f2f1b9055d1f18,39f24fbf6e070fe9bcd2afda0e7dc87f7b46717b6b80b233a26add16205d3271
MATH-500/141,math_500,0,True,True,False,stop,stop,421,413,3.380001443158696,3.31577338723169,results/baseline/primary/repeat-0/MATH-500_141.json,results/dflash15/primary/repeat-0/MATH-500_141.json,7f4000f32b397f51b666961ea3fa48823571928139da167ec6f711f5295cfe03,3eefdadbad95e56a61eee6ad33925822bc5ff2be3f8f6652717e637f91b08a2a
MATH-500/142,math_500,0,True,True,False,stop,stop,677,735,3.8231894393637025,4.150730041258968,results/baseline/primary/repeat-0/MATH-500_142.json,results/dflash15/primary/repeat-0/MATH-500_142.json,6c39febd157e42d1988e3c3e0d7e4e03d6c144ea86bf284989afea99fc56ed36,81fe0f86c6a39161890dd9e58e03d7d6dbaba1a907956c8f20ff4d074fda538f
MATH-500/143,math_500,0,True,True,False,stop,stop,927,925,6.785843418335485,6.771202979460975,results/baseline/primary/repeat-0/MATH-500_143.json,results/dflash15/primary/repeat-0/MATH-500_143.json,a80f114e42213e217df42250aa5d1f2874d21fb6095b6e625a7c3b535716de44,ceba304f576daa8c8d58cdcff134f48c2560ef5ce3323d210a9ca17115ad3ab7
MATH-500/144,math_500,0,True,True,True,stop,stop,343,343,6.707895343892599,6.707895343892599,results/baseline/primary/repeat-0/MATH-500_144.json,results/dflash15/primary/repeat-0/MATH-500_144.json,a43ad1c52673f2ba93c0062c723552702e5ca5bf934541056f7e87eb9db73361,4915e6269010bd534c13dc4e5d148f3be1c985579b60b9e55f81e672b9557ed2
MATH-500/145,math_500,0,True,True,False,stop,stop,1466,1380,5.307425920898844,4.9960762420466605,results/baseline/primary/repeat-0/MATH-500_145.json,results/dflash15/primary/repeat-0/MATH-500_145.json,f36ddc94b7b9e64bce6c094544a7645c826912e27ffdb0a5f8d1391636a98301,32dfcd9141ed1817dba94cf3217276df29df9add8a626dbc647edff7f5d27608
MATH-500/146,math_500,0,True,True,False,stop,stop,402,398,4.8218936954993215,4.77391465375306,results/baseline/primary/repeat-0/MATH-500_146.json,results/dflash15/primary/repeat-0/MATH-500_146.json,136afed87923e17825c6c6271717d3b6d4286c07a542c2d55f67c2dc915eb35d,82ed5e9fd0c34bfb76c332f63fa567fe42e552f5c4f48db07fdff5a6895d6ebc
MATH-500/147,math_500,0,True,True,False,stop,stop,2131,2101,4.173633993882985,4.114878001477312,results/baseline/primary/repeat-0/MATH-500_147.json,results/dflash15/primary/repeat-0/MATH-500_147.json,c8ce4f9b2fdecfb8ee7f2b6b08330959f252fd0132cd912837c16a79afae4c5c,211c600811506c7414c99a2d2e21800964d727e8529b1bff0c0906fdd9df7536
MATH-500/148,math_500,0,True,True,True,stop,stop,415,415,5.0514991997021745,5.051499199702174,results/baseline/primary/repeat-0/MATH-500_148.json,results/dflash15/primary/repeat-0/MATH-500_148.json,d96df744fcb081045dcfbe170ffbf30da75e2d1b3d8c338b5c8de657f2d99ab5,666ee1d1e4dd195a4d4b5a1aef4242aafdf891cbafc18c0ac1ec4e536714d594
MATH-500/149,math_500,0,True,True,True,stop,stop,1250,1250,6.010931321055072,6.0109313210550726,results/baseline/primary/repeat-0/MATH-500_149.json,results/dflash15/primary/repeat-0/MATH-500_149.json,c357c3e256a44239feb8cd968688e2ab3649a80ccebdf640d72e57619d865a07,27f05cfba6c9530d9bf4c36348838c8cd2e7469174fd986445d97c165eb591a3
MATH-500/150,math_500,0,True,True,False,stop,stop,5062,2925,11.567801007630933,6.684278535622379,results/baseline/primary/repeat-0/MATH-500_150.json,results/dflash15/primary/repeat-0/MATH-500_150.json,bac6687fc3edbe8ce6bd00ffc7a4b48c680d441ef8dc37e424de5d38c6889847,294d3e43136287834cef6b4c9953f5a84e18d3aa5511e618c223991b9c6bb35a
MATH-500/151,math_500,0,True,True,True,stop,stop,1069,1069,5.695321235530903,5.695321235530903,results/baseline/primary/repeat-0/MATH-500_151.json,results/dflash15/primary/repeat-0/MATH-500_151.json,879484e32a09de62647df1b975668303617d8b5fa696b3d6c135aa8ed2ee850b,4b9f8d0746748ea3f43d0e27d30682243cf595cf11f4612c7d826ed08ae06055
MATH-500/152,math_500,0,True,True,False,stop,stop,2549,5203,2.0668207540870234,4.218779279527181,results/baseline/primary/repeat-0/MATH-500_152.json,results/dflash15/primary/repeat-0/MATH-500_152.json,130a01d6599776199b66ce90170a75caf414906d8afc3cfec8cee7f068c45dae,13919920276e1b3621c0f46a3191b9c2e22be077e999d2f0467c82b17737ea66
MATH-500/153,math_500,0,True,True,False,stop,stop,1147,1133,4.273769354160981,4.221604776167735,results/baseline/primary/repeat-0/MATH-500_153.json,results/dflash15/primary/repeat-0/MATH-500_153.json,617f0ac7f5e003293fc9d15fc7edee39f6e71f87f7b519fb55f1858490b8e1ca,140e5076f8b76321cfcdb6390335d8d7ce8f3a9974591f2195eb13238e510ec1
MATH-500/154,math_500,0,False,False,False,length,stop,8192,3385,9.217870660478043,3.808897971889426,results/baseline/primary/repeat-0/MATH-500_154.json,results/dflash15/primary/repeat-0/MATH-500_154.json,95c71cde0d3461df1e211b34ff7f9890a1f5bbf4b3bb3a59bab595653fee3845,789044e08ecdeb60f187aeb89112d75e9f9d30744d1a1ddc4552b9f9da800657
MATH-500/155,math_500,0,True,True,False,stop,stop,682,714,4.566482360777426,4.780745462749387,results/baseline/primary/repeat-0/MATH-500_155.json,results/dflash15/primary/repeat-0/MATH-500_155.json,471f8b2e9cfb1d2bfd41c0a7f1721dec22341d43078893ae09d51315af1c60cb,33e931ac1d63ca48404227ec139a84b94063d9e2c14f524b08730a2f03f672c1
MATH-500/156,math_500,0,True,True,True,stop,stop,1566,1566,4.608674610984007,4.608674610984006,results/baseline/primary/repeat-0/MATH-500_156.json,results/dflash15/primary/repeat-0/MATH-500_156.json,92ba5162cfb980ec0128f4b0bb71383b553b6cd72ce5285cdf062127ca2a8e1f,c1a717110309cc9748841bcf84f41882ef409b2a41cfaa8a0e395314e556f999
MATH-500/157,math_500,0,True,True,False,stop,stop,497,495,4.9259059447483295,4.906083385614534,results/baseline/primary/repeat-0/MATH-500_157.json,results/dflash15/primary/repeat-0/MATH-500_157.json,31d843edc25f7cbfc9ba557bbe676c687734c99f9e2022f62190c813478ec98e,e9bda1312c4ce80f3e3ded0e951e214ea59979369d08fd4d5390197d5aa1235d
MATH-500/158,math_500,0,True,True,True,stop,stop,643,643,5.13826954436784,5.138269544367841,results/baseline/primary/repeat-0/MATH-500_158.json,results/dflash15/primary/repeat-0/MATH-500_158.json,5c5df72b9d8ee2537b1dbd7a2d806fba93e3915a3a9b55f490dda750a504d003,3945f4b9336d75f6eea8238bd470da5bc304bcf47d72d43c4ae9683af17875e6
MATH-500/159,math_500,0,True,True,False,stop,stop,663,664,5.420442253732426,5.428617883074406,results/baseline/primary/repeat-0/MATH-500_159.json,results/dflash15/primary/repeat-0/MATH-500_159.json,dc4e3833dfe602c6675ed39c1076e65ff572ca5dec602f9b67a0d3b572c6e664,214b01ebb92dbeedae6a9643a7d0eba803df0cc99378ce3d1d96a10529b404df
MATH-500/160,math_500,0,True,True,False,stop,stop,540,609,3.6932413133749975,4.165155481195136,results/baseline/primary/repeat-0/MATH-500_160.json,results/dflash15/primary/repeat-0/MATH-500_160.json,0f800352a70f4662d2ad787a9fa9512ac70305a20b2cbff96258f9a7053d426c,859ca9ae33791c481571bb0c0162142a0d0e783e3ee6cbc239a79a18c9f10b06
MATH-500/161,math_500,0,True,True,False,stop,stop,267,266,5.103581368257608,5.084466831297841,results/baseline/primary/repeat-0/MATH-500_161.json,results/dflash15/primary/repeat-0/MATH-500_161.json,097d6abb77440dea5bb9f61691800d4d9cd934115286d9f79cafd401b472f8c8,f180defb7b77273fb2ca06e6d50793441bb05a73108fbaaafae7c5ece9b25567
MATH-500/162,math_500,0,True,True,True,stop,stop,784,784,5.789361608445128,5.789361608445128,results/baseline/primary/repeat-0/MATH-500_162.json,results/dflash15/primary/repeat-0/MATH-500_162.json,9cc622374ed98c37823d76d71ee69c5f40160257ded42662a20b40bc3df6b588,cb90b1ef069e165353bc329b519fc8c1acbbe3d7520b45905b2c9a6c389836b5
MATH-500/163,math_500,0,True,True,False,stop,stop,920,920,5.040620602080852,5.040620602080852,results/baseline/primary/repeat-0/MATH-500_163.json,results/dflash15/primary/repeat-0/MATH-500_163.json,9a366adbd71e9017a91832f9bb84077ecaec8084761d6c8bf0ab74b5e35d1d0e,6efad348a431098294ba73a7cd3249205771b2453b57fb722fabc5efc0050cfd
MATH-500/164,math_500,0,True,True,False,stop,stop,1882,2626,4.119446353232138,5.747962871194257,results/baseline/primary/repeat-0/MATH-500_164.json,results/dflash15/primary/repeat-0/MATH-500_164.json,172432d7629d4edc091145c759707e4dc37899d15ccad17078f04e9d6d470960,fea38e073a72eeff7a0d7f0b54ce0c0956e07ca295c4e1fc88708293b12e18f0
MATH-500/165,math_500,0,True,True,True,stop,stop,589,589,4.86490517726848,4.864905177268479,results/baseline/primary/repeat-0/MATH-500_165.json,results/dflash15/primary/repeat-0/MATH-500_165.json,c2d493218f333ed8c584c412497389b07e576da8c79e0739caa2a13a24d0d8f6,3bb27923b19a54873c9e8c72e595b67713f61c562e7c0cdb8cfff5769c89ef09
MATH-500/166,math_500,0,False,True,False,length,stop,8192,7486,3.114566475918496,2.8461480271882156,results/baseline/primary/repeat-0/MATH-500_166.json,results/dflash15/primary/repeat-0/MATH-500_166.json,04d5d2cce50c73d2baff8ae3c9decfab7ff1a3c70798269962eafd118483f777,7ecfe8ea039bd7cf6e5894f95be836f476f548a1f72b3d29dd84ffe7b36358f9
MATH-500/167,math_500,0,True,True,True,stop,stop,221,221,5.9317993928349235,5.9317993928349235,results/baseline/primary/repeat-0/MATH-500_167.json,results/dflash15/primary/repeat-0/MATH-500_167.json,7434985080bf51fa7afcc1fab190cb5b8efcdcf492c8f3293f5bcceeb9301efc,f9ab7c0941a23492416a822fc7d7608f3263a922dc138aab148f375899eb5766
MATH-500/168,math_500,0,True,True,False,stop,stop,3274,4001,2.9479936811829446,3.6026031516227732,results/baseline/primary/repeat-0/MATH-500_168.json,results/dflash15/primary/repeat-0/MATH-500_168.json,ca5730a4cfe20a2b3b6998e2d7210bca0c322d0c4e17fce67a799767d537b18b,706c24e6c2c4188f4b2a768ff6fae27bb36e9545955c4ed3bd4c0c4c393fe7eb
MATH-500/169,math_500,0,True,True,False,stop,stop,785,725,5.471596514522876,5.053385315960618,results/baseline/primary/repeat-0/MATH-500_169.json,results/dflash15/primary/repeat-0/MATH-500_169.json,ead5b71b0ed3f97c391d2728f43c83d9c39abcbce50512118687f51ea5213a3c,9fc6243f55ac9d92cfbf3ad5da4cc3a9d33cd4d193d348423c8810e45c8bec0c
MATH-500/170,math_500,0,True,True,False,stop,stop,3317,3417,5.25349118053507,5.411871981877701,results/baseline/primary/repeat-0/MATH-500_170.json,results/dflash15/primary/repeat-0/MATH-500_170.json,bb195f1c25ca1c6ca5abf7e93debf92ef9fa354ea9723df1a075a1202ae06de0,edce7d56e7dd07732fa72c37e38dd49399493e667e38315749222f272cf63343
MATH-500/171,math_500,0,True,True,True,stop,stop,329,329,5.648537311016454,5.6485373110164545,results/baseline/primary/repeat-0/MATH-500_171.json,results/dflash15/primary/repeat-0/MATH-500_171.json,af1b1ed8f5093cd5db95b599b23a5473ca5d9f8179a7a0ef6db0491c07e3735c,a0294e29be9fcd61d4c10989bfadcff46141007992d197ffdb1beb2105b8ba3a
MATH-500/172,math_500,0,True,True,False,stop,stop,630,605,6.071129694811553,5.8302118497793485,results/baseline/primary/repeat-0/MATH-500_172.json,results/dflash15/primary/repeat-0/MATH-500_172.json,7cf79e4a073438a55e501e76ea8dad5bef34e54f4fd65a29b8d24d6a6d698ba1,688c806412dd6d37c831ab0b78844f8bafd49488531e37c38785c86e4af19ea0
MATH-500/173,math_500,0,True,True,False,stop,stop,1797,2659,3.5043839946226716,5.185396239121693,results/baseline/primary/repeat-0/MATH-500_173.json,results/dflash15/primary/repeat-0/MATH-500_173.json,ff9f1df631f96b1a196033665a3948abbcc9b748ff5b4612c9f949bc8acf5119,c0f14c70f661c2037074be01decf6ea675c19283f43cef3cd88151955675c3e6
MATH-500/174,math_500,0,True,True,False,stop,stop,633,630,5.243214868200861,5.2183655086359275,results/baseline/primary/repeat-0/MATH-500_174.json,results/dflash15/primary/repeat-0/MATH-500_174.json,0d5f0634b2e2696cc92a8fefd4ac5d8c9b176a499d568dfd2dca0574f2e0e858,1588fc61093a981561ae715baf99c9abf586b84e12a6637dd70d89760fc5c5af
MATH-500/175,math_500,0,True,True,False,stop,stop,1222,1348,5.237974807189844,5.778060589273249,results/baseline/primary/repeat-0/MATH-500_175.json,results/dflash15/primary/repeat-0/MATH-500_175.json,66d672bd539e58336063953508adc0cba201e3c929cecc7ceb25223bf73562fc,beccdad0891f3c76e83de77fa7e99305d26d5142ed28242649c123a318ecde60
MATH-500/176,math_500,0,True,True,False,stop,stop,836,822,5.126701917020227,5.040848057165821,results/baseline/primary/repeat-0/MATH-500_176.json,results/dflash15/primary/repeat-0/MATH-500_176.json,7a0f27d46ba7ee1615d291291a717694042d2429e43baa1e8ab5cd81e2da5146,90982e1787be1f7444fe601eec8b04c42cf232bf70e69c5ad9698701d2f047a5
MATH-500/177,math_500,0,True,True,False,stop,stop,3918,2809,6.16573676426619,4.4205090788217785,results/baseline/primary/repeat-0/MATH-500_177.json,results/dflash15/primary/repeat-0/MATH-500_177.json,7e0bc9617c34083768447176184febc0f3f83fd8152a14f6e8a6c00ad2e25de9,ef1efae4d58a71ea89f43b3adf5e6a032ff4a41a0f4080b04c7fbe2227e2d1ff
MATH-500/178,math_500,0,True,True,True,stop,stop,647,647,6.091665747947952,6.091665747947953,results/baseline/primary/repeat-0/MATH-500_178.json,results/dflash15/primary/repeat-0/MATH-500_178.json,1215a2f0887e992408f5486e4fbacfecf3983bbc426a1d42876e4e3d851581ca,976ddb97778a8028b044c33fc7a6e1d326bb023214c539efe82e2135be896f65
MATH-500/179,math_500,0,True,True,False,stop,stop,1436,1459,5.332625842168392,5.418036980308972,results/baseline/primary/repeat-0/MATH-500_179.json,results/dflash15/primary/repeat-0/MATH-500_179.json,391e6c09c47a8ae33900c9a1be7f3847073bbde1485225800424ed959b18cf99,8df0a31593d5c49ffd569d3e11902f5739a94281f10d085b83489e7836e01bcb
MATH-500/180,math_500,0,True,True,False,stop,stop,672,672,6.165093804759933,6.165093804759932,results/baseline/primary/repeat-0/MATH-500_180.json,results/dflash15/primary/repeat-0/MATH-500_180.json,4142aa84c29d2686362aa3bdaedfadc155a21ce97efb6aaba3b14593f08ae70d,6ece31155cd6c45bcb5d0e95c041d17e4c5c6a366752201e351cbaee2af62c99
MATH-500/181,math_500,0,True,True,True,stop,stop,1082,1082,5.327404620319285,5.327404620319286,results/baseline/primary/repeat-0/MATH-500_181.json,results/dflash15/primary/repeat-0/MATH-500_181.json,bb003d5e5bec9e196521febd7ff96be1c8ac508b239c7993f0e12137975f6111,fa799380209d5f6667550346166403b67596d0b6080fa8e3acdef81b7b888b88
MATH-500/182,math_500,0,True,True,True,stop,stop,368,368,5.65711036725051,5.65711036725051,results/baseline/primary/repeat-0/MATH-500_182.json,results/dflash15/primary/repeat-0/MATH-500_182.json,257d2908f7108b7a00ee4a53a065e6855a857ec0ec79e9de92615d0c771c7c33,ef9fa9fbced26c129b90a37c801a82fa69eba5a56d2e85787b0a915c18feedd6
MATH-500/183,math_500,0,True,True,True,stop,stop,1025,1025,5.669085464862666,5.6690854648626665,results/baseline/primary/repeat-0/MATH-500_183.json,results/dflash15/primary/repeat-0/MATH-500_183.json,eda5c7951d3e8c28b549c0edfe70af76720d8886135d11eda70e08463a136439,8984327faf61c0aa1012eb72d505042bfdb39fffdfdc3712dd139bbb4c2f9cfb
MATH-500/184,math_500,0,True,True,False,stop,stop,1623,2016,3.7194382204938807,4.62007852896837,results/baseline/primary/repeat-0/MATH-500_184.json,results/dflash15/primary/repeat-0/MATH-500_184.json,76c527c004670c5bcbc1c6c5d879fc623ef3930ca216f7c534695dd88490598d,c8652f5f7192360a0e7ad563af846f6ed508060370b9313260d5dcb5b638bdb2
MATH-500/185,math_500,0,True,True,True,stop,stop,287,287,5.337876263010462,5.337876263010462,results/baseline/primary/repeat-0/MATH-500_185.json,results/dflash15/primary/repeat-0/MATH-500_185.json,ece74d873d76b452b0fb08fd371f8bd085fa3f3f36e1883a60c43ebe7480aa77,2ccbc11019c14df175fd831d7605742d317163e4dffaf5c6f067a1ff5ad84670
MATH-500/186,math_500,0,True,True,False,stop,stop,801,845,4.299770808998556,4.535962963300598,results/baseline/primary/repeat-0/MATH-500_186.json,results/dflash15/primary/repeat-0/MATH-500_186.json,2ab40a441d6916214a6e45a013c357541c379b9414671d5db15a07c4a99ff18a,a534427e4d85b639c3ccdf2ff68933668a0fa4454c4546a778312f8e1b7ccaf2
MATH-500/187,math_500,0,True,True,False,stop,stop,491,482,5.493786067576627,5.3930853046271565,results/baseline/primary/repeat-0/MATH-500_187.json,results/dflash15/primary/repeat-0/MATH-500_187.json,882affc59391333c8a52852ae7a187020868ac95372dcefbeaddc08764c09a76,985b462b12145903716923182ade1d0bec0d80ef9e5cf6f792308406f0ebf0a0
MATH-500/188,math_500,0,True,True,False,stop,stop,1212,1291,5.15089087695391,5.486633764148101,results/baseline/primary/repeat-0/MATH-500_188.json,results/dflash15/primary/repeat-0/MATH-500_188.json,28d4d9691c7869411108f8bc21f0eb70505a7d266ba76c9bfa3cc7ac47f50949,50ab1887bab5bc207ee2ead2cd48b50eef19887619f4d085da5812d059c26600
MATH-500/189,math_500,0,True,True,False,stop,stop,2407,2768,4.18496518296206,4.812623027186946,results/baseline/primary/repeat-0/MATH-500_189.json,results/dflash15/primary/repeat-0/MATH-500_189.json,05e83c8ad9e769dd13c154d1555f90772423836cb529d9db1057a3cb1b7f3761,99ea06c2a7e4ad14be7c4c19416a9c5710daed33b39336011cf3b9c0aee0d4b1
MATH-500/190,math_500,0,True,True,False,stop,stop,672,667,5.490806005410555,5.449951794060774,results/baseline/primary/repeat-0/MATH-500_190.json,results/dflash15/primary/repeat-0/MATH-500_190.json,5de21f7854ffb379f1e22fe3ea8e249a2f3de16bce0aaf152692c3c07c955147,30209d6dabc8a28e196b4809fc1212739f4a8ecf3429f01ceee63bdcbb4290b7
MATH-500/191,math_500,0,True,True,True,stop,stop,325,325,5.8600431447706205,5.8600431447706205,results/baseline/primary/repeat-0/MATH-500_191.json,results/dflash15/primary/repeat-0/MATH-500_191.json,8e9daed9184b1a725565c5839be589cc4167750f6d81c56f1a2565671607b9ec,89efb4d0b0221c6399d0ec087f39d105804fbea2e908cf4463bb6aa4dca21515
MATH-500/192,math_500,0,True,True,True,stop,stop,855,855,5.509957738921788,5.509957738921787,results/baseline/primary/repeat-0/MATH-500_192.json,results/dflash15/primary/repeat-0/MATH-500_192.json,730f1e4440cc1877e73166ac7c01929153dea655cc6051bad7816d842d2e978c,9b690d4299f7315ef88588b05b0ad31156affb29f6adbf8be3cc616d3ad9039d
MATH-500/193,math_500,0,True,True,False,stop,stop,1805,1795,5.8750287669135925,5.842480131085816,results/baseline/primary/repeat-0/MATH-500_193.json,results/dflash15/primary/repeat-0/MATH-500_193.json,ffaa2087ac8d8e171993c64ba6667ca06341c88b7ea11a27ddd197e6fbeb14fd,5b8b66ca948937118db119ce9cf969c8cba4e6afa642c551fd88f4e496b62568
MATH-500/194,math_500,0,True,True,False,stop,stop,1953,2414,3.867855512842053,4.780851616999855,results/baseline/primary/repeat-0/MATH-500_194.json,results/dflash15/primary/repeat-0/MATH-500_194.json,bb8a41158c0c8a9dbe2d5ef749164ba61251f261693e9ad0e8be66b4a3bafd56,a982760a65b52b7cefcedcdc758664ddbd2ae64bbd13c935530c7e0bca76e752
MATH-500/195,math_500,0,True,True,False,stop,stop,929,941,5.550128483547481,5.621820132419999,results/baseline/primary/repeat-0/MATH-500_195.json,results/dflash15/primary/repeat-0/MATH-500_195.json,a3317db326e160a6cdefe943d3a0580ac67f36b4a4a54a736e3e260099e30d84,f713995c5384c4c7b1f421a4b4ceb562d8e9da8b193e616bf0765ddfa2b7464d
MATH-500/196,math_500,0,True,True,False,stop,stop,488,509,4.732146192895388,4.935783631524083,results/baseline/primary/repeat-0/MATH-500_196.json,results/dflash15/primary/repeat-0/MATH-500_196.json,209ce1bf08ba609a193e92f1d7bcbd3fd2f6de9175492d41e6d32aa386ec4a6a,98a395e43591db4c4d3fe2c4cf6f97beeb3c92760de880154629266e733ec2f0
MATH-500/197,math_500,0,True,True,False,stop,stop,1856,1654,7.277667881503891,6.485594114228144,results/baseline/primary/repeat-0/MATH-500_197.json,results/dflash15/primary/repeat-0/MATH-500_197.json,9bac0521cb60d2d5067d9a80752826658dafd22bee7d344413094abbc76bba93,7a10e777bbb9c54afb76102edb7dbb84def8f35ea52f018e025d588d2ec418ca
MATH-500/198,math_500,0,True,True,False,stop,stop,585,560,4.394590255653099,4.206787253274761,results/baseline/primary/repeat-0/MATH-500_198.json,results/dflash15/primary/repeat-0/MATH-500_198.json,b6b91cf05996664452d907b1b194cd7f8ac763b21984c2af91a834e8806a225e,1f9bb2a83d94a551a8760e4079580a6bb49654c50bb90f25a6544c2a1e4d6fdb
MATH-500/199,math_500,0,True,True,False,stop,stop,399,397,6.138803894372553,6.108032947533593,results/baseline/primary/repeat-0/MATH-500_199.json,results/dflash15/primary/repeat-0/MATH-500_199.json,eb8a8eaa04a8bc05d2464b57b69e2aa47022e13aa8fca2ea1cb8d775a72b01f7,cac8706867a8a18a4b00ab7b3f55e4d064307ca4577039c9234836500a076643
MATH-500/200,math_500,0,True,True,False,stop,stop,576,647,5.087877611465079,5.715029192044976,results/baseline/primary/repeat-0/MATH-500_200.json,results/dflash15/primary/repeat-0/MATH-500_200.json,3b1b7ec09e9c69a7fef629fd243406bc8ec94e0d0c2d437254fe4502a6664bfb,a7489e00cf2732c6e195139cf1b6b4931ca2233f35b07cbee89760cd1d8e4404
MATH-500/201,math_500,0,True,True,True,stop,stop,1027,1027,5.691995976316368,5.691995976316368,results/baseline/primary/repeat-0/MATH-500_201.json,results/dflash15/primary/repeat-0/MATH-500_201.json,5647e65b5aad7ab7ef8e2a8bda671bd49cdf150e98c101d57336a1459bc004d7,655e9b6da091adc8f4e07cc686ee3d2b9a491f31caaeac07dc52d5e22779ca9f
MATH-500/202,math_500,0,True,True,False,stop,stop,1128,1403,3.5615619024597747,4.42985048683605,results/baseline/primary/repeat-0/MATH-500_202.json,results/dflash15/primary/repeat-0/MATH-500_202.json,9c6c8fd96c5f92f976728bb58d264620798062cefd900f3bf73b3f5998f81353,cc882486eb28abd04bd7b893190ca7d13899fb6235ff350286c36775845a1aed
MATH-500/203,math_500,0,True,True,True,stop,stop,691,691,5.876312351313611,5.87631235131361,results/baseline/primary/repeat-0/MATH-500_203.json,results/dflash15/primary/repeat-0/MATH-500_203.json,8203efc06cf83893b0d18091b83880276f937a6c8d2b3b7e015778207e9e0548,c3e0616b62c5038b5f46a389b90295c0b768a5c6bb2d33a97e381b6cba1fa04d
MATH-500/204,math_500,0,True,True,False,stop,stop,6695,5712,3.8554999714355014,3.289412372940939,results/baseline/primary/repeat-0/MATH-500_204.json,results/dflash15/primary/repeat-0/MATH-500_204.json,6e784b0d2ba4300921250f5a6d6e09b9015812669b79128f207a963217b18a60,b168a50365e0c73b922775439595978e83c7c073be5e98e90ebed3bb9e14d843
MATH-500/205,math_500,0,True,True,False,stop,stop,1343,1376,6.671056461152518,6.834976686929163,results/baseline/primary/repeat-0/MATH-500_205.json,results/dflash15/primary/repeat-0/MATH-500_205.json,305b8c6483b6cd75fa13884cd9071e140d9b045e0ba9f04d4905cf84efe184fb,7fe3b75e14666957d94c7167ce7087ba450bc98941ac415472d4456906e71a31
MATH-500/206,math_500,0,True,True,True,stop,stop,489,489,6.365622377088088,6.365622377088088,results/baseline/primary/repeat-0/MATH-500_206.json,results/dflash15/primary/repeat-0/MATH-500_206.json,6487574e3d73ba5f54ef9b5ef23360aa09af01d70cec539f5d2e10c492732f94,95ecefdb0b98dff4d98880acc3de883209badf21dc847ef2bdd60f6466bee2be
MATH-500/207,math_500,0,True,True,True,stop,stop,588,588,4.724441004990424,4.724441004990423,results/baseline/primary/repeat-0/MATH-500_207.json,results/dflash15/primary/repeat-0/MATH-500_207.json,4a4e440c5d2a699fb7fd8d37b1b94e25985f03711eaa2e9b7c1fbfb125aca62f,6dd4ffd2c6c1b4461d79d5ca6571a9d5a32217b209c99a012498b65861f074fd
MATH-500/208,math_500,0,True,True,False,stop,stop,525,517,5.1620623401394585,5.083402342575429,results/baseline/primary/repeat-0/MATH-500_208.json,results/dflash15/primary/repeat-0/MATH-500_208.json,3c42fadef8c62cb840aee0e672ae3e1bd9ce489953155299f00e72b02310aa91,a0129e6d25e0800f9664e8a991ee94f8dc64352da9f011cf2da954912f8afa9d
MATH-500/209,math_500,0,True,True,False,stop,stop,1096,1194,5.0813168405460205,5.535668163879515,results/baseline/primary/repeat-0/MATH-500_209.json,results/dflash15/primary/repeat-0/MATH-500_209.json,14b34616325f78211c189dc81e47b3362289b3925b67c75e5c9911e5bb1da2ef,f959df01282abaa33ce3627bc348c2574b9dcb08dc97a485c2f43e8306082691
MATH-500/210,math_500,0,True,True,False,stop,stop,3147,3974,3.4125241463513025,4.3093012258023755,results/baseline/primary/repeat-0/MATH-500_210.json,results/dflash15/primary/repeat-0/MATH-500_210.json,df013aa32a10b46f2ae165ee7f66aac59f283933fb6f5811c0ab558dd72fb538,0934d350aeba529651005479deec288d8540d478de8023f72841dc3d61d7d3e8
MATH-500/211,math_500,0,True,True,True,stop,stop,554,554,5.587276623702728,5.587276623702728,results/baseline/primary/repeat-0/MATH-500_211.json,results/dflash15/primary/repeat-0/MATH-500_211.json,8e17f06777cea25d875e87a30e4cf75dca2440eaa7ddf2eb830c4501c3e0e184,00d3757d23a876949d2da0a386473d572bfe32237c489dc6130a891e251b23dd
MATH-500/212,math_500,0,True,True,True,stop,stop,657,657,5.651937290993599,5.651937290993599,results/baseline/primary/repeat-0/MATH-500_212.json,results/dflash15/primary/repeat-0/MATH-500_212.json,6d1e2d20dfc952a01a5e858baf40f912202ae6bd8a7d826d2184c8a92d3eaabd,ea441761c4317d2df27e825ea40e097979a4d4df50a8466d7307827a8cc1c94f
MATH-500/213,math_500,0,True,True,False,stop,stop,1993,1385,8.293577313118215,5.7634744499090464,results/baseline/primary/repeat-0/MATH-500_213.json,results/dflash15/primary/repeat-0/MATH-500_213.json,ef1807259446faf342c67b5d4cb0998a060ee38bdc50150892054a7e713fc477,8e7c6d2b0b055210723bf711cbf564a540efeb801ed092f460299beebac1c70d
MATH-500/214,math_500,0,True,True,False,stop,stop,1047,1047,6.132387098701182,6.132387098701182,results/baseline/primary/repeat-0/MATH-500_214.json,results/dflash15/primary/repeat-0/MATH-500_214.json,d2a00b01c2352f8436e1a4e19bab3b342a1dc8ad6fb93c0f6811aece669ef775,fd33aea8c5338c81b4e4a8ec75a2d07a9f0b26403e020ed2363ca439b572a050
MATH-500/215,math_500,0,True,True,True,stop,stop,716,716,6.087020686303206,6.087020686303206,results/baseline/primary/repeat-0/MATH-500_215.json,results/dflash15/primary/repeat-0/MATH-500_215.json,70375d2c5c2b536735ac3867f95457285e3a8aa0fd75766a740a9224eff25363,148118d674ff6409610573271a4d708383f60c35a199c83320548da7c3789651
MATH-500/216,math_500,0,True,True,False,stop,stop,481,476,4.92544806120601,4.8742479774096905,results/baseline/primary/repeat-0/MATH-500_216.json,results/dflash15/primary/repeat-0/MATH-500_216.json,5187375bd3898af921cc69004a197662d7738f6ff83f5b4cd7a0e48674830376,0e8eaa66e583011a1c019b5e1e43a5c3b873252cc33a3266c420b5ee1d9c0bdd
MATH-500/217,math_500,0,True,True,False,stop,stop,2039,1960,3.8394638907553764,3.6907058488869726,results/baseline/primary/repeat-0/MATH-500_217.json,results/dflash15/primary/repeat-0/MATH-500_217.json,21084264dbcc0e665d4d22868f334cdba44af192799f34faae0bde6b361d1393,c99a29a1fef1a23bc90c91c52ff90bf953318de23b5808cf78def957abffeb73
MATH-500/218,math_500,0,True,True,True,stop,stop,248,248,6.036979224831314,6.036979224831314,results/baseline/primary/repeat-0/MATH-500_218.json,results/dflash15/primary/repeat-0/MATH-500_218.json,85ef7e8890c584fbf8ef682c961a45fea52c9650d9baa4ff641bd3f92b8e0628,ef7fb544d5c111692dc7335e5c03e4be8eecf427eedd9f7dadc0dece27b751e2
MATH-500/219,math_500,0,True,True,False,stop,stop,2991,3211,5.494285912654489,5.898412592956725,results/baseline/primary/repeat-0/MATH-500_219.json,results/dflash15/primary/repeat-0/MATH-500_219.json,8882d8dde1db8dee0d988d0cbf38258011ac971a074bda0f1969b64acbe1b6aa,f744f68157cee205bf0fab3ed0c51ee8bd369ad403c2673eeff704968eab7575
MATH-500/220,math_500,0,True,True,True,stop,stop,502,502,5.195028381598437,5.195028381598437,results/baseline/primary/repeat-0/MATH-500_220.json,results/dflash15/primary/repeat-0/MATH-500_220.json,c7501fba3de791bbd1e27fb9ad8ce70137966f2d2dd191236e4e273b91ce83ba,c69d1e858514dcc2bb590142b8968f7d956ad27a4f9bdbdf56cf71d2d3631442
MATH-500/221,math_500,0,True,True,True,stop,stop,1096,1096,5.827540693361401,5.827540693361401,results/baseline/primary/repeat-0/MATH-500_221.json,results/dflash15/primary/repeat-0/MATH-500_221.json,1280ee5489d9a17d8398a0c442f46def3e6a78be7f5cfa586ca44e66c8fe781d,96bf4e7f673585e4deb8d113a3def741d1cb0ed0aaacbb43af00ba39bee1f8e2
MATH-500/222,math_500,0,True,True,False,stop,stop,3824,2438,5.690623930217328,3.6280703822881395,results/baseline/primary/repeat-0/MATH-500_222.json,results/dflash15/primary/repeat-0/MATH-500_222.json,2b77f6e448d3349fce5bdad32da37d194c06cc495d83d47627ab12fc541dedf8,b0c420a174d4cec88bb857409552c55174b6325c9051e7f2a2fc7f4b5f9ce4fa
MATH-500/223,math_500,0,True,True,False,stop,stop,1040,1011,4.595590592828494,4.467444316682315,results/baseline/primary/repeat-0/MATH-500_223.json,results/dflash15/primary/repeat-0/MATH-500_223.json,eeb1fdb38a67767324e76ad1ffdfa87d6b503f0d8076ff2e25a1caf32a6acff6,de31f156df7e2a1ce0ca76b59c8d51b596281e9c2c956743ec48a882ce27acd9
MATH-500/224,math_500,0,True,True,True,stop,stop,1080,1080,6.25412209161115,6.25412209161115,results/baseline/primary/repeat-0/MATH-500_224.json,results/dflash15/primary/repeat-0/MATH-500_224.json,505b35295fc9557a06fc4c930cceaafc567d892b8ac95ac1046909760a865464,97b4a52305864693a4ef68aa4ebb3792736dfa6269174a1c89f3b4e31022e64f
MATH-500/225,math_500,0,True,True,True,stop,stop,748,748,6.26082611717709,6.26082611717709,results/baseline/primary/repeat-0/MATH-500_225.json,results/dflash15/primary/repeat-0/MATH-500_225.json,c2010923fcf4315f074e73771162c0acc9d732c3861dfc49334d8766be99945c,855602e8e16cd93b97580071ecdf2767790cd85487d04d3d1d3ab8952da5afad
MATH-500/226,math_500,0,True,True,False,stop,stop,977,941,4.04036819414326,3.8914907581256983,results/baseline/primary/repeat-0/MATH-500_226.json,results/dflash15/primary/repeat-0/MATH-500_226.json,71642ad5c1970125039c6d3e9a09b021d65cf3d73041ef0ba4c51b04f5dce61e,7794e4dd28488bbd657dbadd4a8ebd491d608ee4de91fe72cab67d020ff7a4e9
MATH-500/227,math_500,0,True,True,False,stop,stop,581,549,3.6538750891672525,3.452628956889538,results/baseline/primary/repeat-0/MATH-500_227.json,results/dflash15/primary/repeat-0/MATH-500_227.json,be9ee095394b890e97b052a8d482845c241ee877f8edbc93d4a91bffd8736bf1,0eea8d1f59720e963d9fd65dcd6f45cea4ed6ee39fc52b7ea81bf65d73fc6b87
MATH-500/228,math_500,0,True,True,False,stop,stop,1635,1609,6.915322736409835,6.8053543014577516,results/baseline/primary/repeat-0/MATH-500_228.json,results/dflash15/primary/repeat-0/MATH-500_228.json,e6ddd42d0f6f5f5a6ee20b18075e28038ebc73f2bc3a4625ad6403a0f08deded,881bb193578cd85542bf4d00fbabb0f55eb7abeec2b60ed19fae0e13c62c5a6c
MATH-500/229,math_500,0,True,True,False,stop,stop,514,512,4.0119524820611625,3.9963417720142322,results/baseline/primary/repeat-0/MATH-500_229.json,results/dflash15/primary/repeat-0/MATH-500_229.json,6a4b35045aff4509229b22c4b8edc33212e0dcaceec62cd64453ddedb8eff803,13c86a89a1bedad4e9ed5b58276642edc9efa2c1cd85ad62289eae15c94e4537
MATH-500/230,math_500,0,True,True,False,stop,stop,1064,1000,5.6544352350929,5.31431882997453,results/baseline/primary/repeat-0/MATH-500_230.json,results/dflash15/primary/repeat-0/MATH-500_230.json,28789d15df477749ad9f53e51ea63c1ed98cedf63f4b440a039804e17afcc473,1fa9cc4522d6c5e611fad0219310339a0edb972dbade9f93df0282a9374eab83
MATH-500/231,math_500,0,True,True,True,stop,stop,1054,1054,5.956087213224293,5.956087213224293,results/baseline/primary/repeat-0/MATH-500_231.json,results/dflash15/primary/repeat-0/MATH-500_231.json,861b51df662de43ed2ebe5335bea53cc47f669d5fbf5eebaf21350ab1805081f,726dde8810c4f3193e473e778fb53f8288ff6887f18ef55f87d4b1b77d7922ab
MATH-500/232,math_500,0,True,True,False,stop,stop,2268,1828,5.47444305722239,4.412381793916459,results/baseline/primary/repeat-0/MATH-500_232.json,results/dflash15/primary/repeat-0/MATH-500_232.json,c912477e59b0ba93ba98d79f6d70b21ff1aeed80e36314223ab2abb13d3007dc,913172c6b2617b2ea1468ef90b2913bf22de4d993c42f2f2d5567efaa39ccb38
MATH-500/233,math_500,0,True,True,True,stop,stop,686,686,6.33690454040641,6.33690454040641,results/baseline/primary/repeat-0/MATH-500_233.json,results/dflash15/primary/repeat-0/MATH-500_233.json,adba38751bc65bd94483336750d78a2c9f0f4811f4314aca6bca26004b13ea57,90af39a582ee0b8821cf6f5c75d77e8d73296ab7f876f4aab16fbe0e09b9f408
MATH-500/234,math_500,0,True,True,False,stop,stop,1207,1298,5.6567497996006715,6.083232178858054,results/baseline/primary/repeat-0/MATH-500_234.json,results/dflash15/primary/repeat-0/MATH-500_234.json,31645a5a13fd0e6e87cfeb22bffc92522d0ca2e70e6f500d5730f319325d68b3,0e2f7d1d30e36265697cec5ac74c8d772dcf5974f01cd37f4ee01c79503799e4
MATH-500/235,math_500,0,True,True,True,stop,stop,474,474,5.583451029090521,5.583451029090521,results/baseline/primary/repeat-0/MATH-500_235.json,results/dflash15/primary/repeat-0/MATH-500_235.json,2c250d403c705ecc8a485b58e5dd43eff678d2bbf1ea67e805b88597074ec38a,98089c25aeb09750a1fa06e3524cf83a6e09137f51e35d6e03b60893ec1cc38d
MATH-500/236,math_500,0,True,True,False,stop,stop,2846,2834,5.094982715946606,5.073500005970724,results/baseline/primary/repeat-0/MATH-500_236.json,results/dflash15/primary/repeat-0/MATH-500_236.json,fe3b1f3474481c892ca18b0bf7cd7a66facee3003b4d94a1217f8bc53ced3446,73801051fb23112f74247b070b1f6306336919246c401028a1b2f004344e230e
MATH-500/237,math_500,0,True,True,True,stop,stop,801,801,5.189536379639162,5.189536379639162,results/baseline/primary/repeat-0/MATH-500_237.json,results/dflash15/primary/repeat-0/MATH-500_237.json,013f6c8df2a8e68233d5d914a91a0d86acb7b74cd48923e729a28b2d9d371ff4,40dfef7ed9e1d1146ae066c5fab4f60a11d774d820befdc70bfa3f4aa11e9544
MATH-500/238,math_500,0,True,True,False,stop,stop,816,1021,3.9937939403626546,4.99713678077239,results/baseline/primary/repeat-0/MATH-500_238.json,results/dflash15/primary/repeat-0/MATH-500_238.json,158c0492db325756d185e454717b3d24de4161d09100bf39ef4f6c6cbccfd701,9ac4c7e6fd797005c627e9c71912503473de55d063ab5f6359ee93d11656caac
MATH-500/239,math_500,0,True,True,False,stop,stop,4226,4810,3.766593382337991,4.287106996934628,results/baseline/primary/repeat-0/MATH-500_239.json,results/dflash15/primary/repeat-0/MATH-500_239.json,bb331564f0386580d1a3ab66338d8cb70b02f876c52b90a6c577ab06742bb118,633e2a370de1b1b7ad9e1dffcb65ba0c9db0db972fb8cc4d383101dd77a35e56
MATH-500/240,math_500,0,False,False,False,stop,stop,2915,1228,8.28200471132683,3.488954300346259,results/baseline/primary/repeat-0/MATH-500_240.json,results/dflash15/primary/repeat-0/MATH-500_240.json,0b14ef9664d9fe40f51c591ec395dab2ab999e1248ac9f2d887fd02e32cc24fc,bb177a17e12c55b163e5cee7c922da56fa9ffcc34e9d0c8cb9491d77175f9d77
MATH-500/241,math_500,0,True,True,False,stop,stop,1141,1044,5.814792299262102,5.3204585104554205,results/baseline/primary/repeat-0/MATH-500_241.json,results/dflash15/primary/repeat-0/MATH-500_241.json,35dbced2f97096287a471a85f3bd5d78af6677e8074bc2f338eff8652a5a3307,45026e2040593c5d68ebaf69f1d04777dba4a711e7c84bacc485f922f2040c52
MATH-500/242,math_500,0,True,True,False,stop,stop,521,521,4.69355308713068,4.69355308713068,results/baseline/primary/repeat-0/MATH-500_242.json,results/dflash15/primary/repeat-0/MATH-500_242.json,ae8c8dbc466efde07182021e9372634edcebf62a3606e4522e70217b149a465d,be478831aa3696be9839538078b9f5d526057868e80187b7fa6204ed2245f9e8
MATH-500/243,math_500,0,True,True,True,stop,stop,454,454,4.778317622766728,4.778317622766728,results/baseline/primary/repeat-0/MATH-500_243.json,results/dflash15/primary/repeat-0/MATH-500_243.json,c012d4a896f84c15042617c991f6d2e22091afba4e8bb77a277fa10028bf87a2,d17844eec4e835d71f13bd79fb67724c5a4fd6be24490f771367d93d80b5e253
MATH-500/244,math_500,0,True,True,False,stop,stop,782,811,5.392509815027867,5.592487800495652,results/baseline/primary/repeat-0/MATH-500_244.json,results/dflash15/primary/repeat-0/MATH-500_244.json,25abbfa507e58b6853bc990f276e3930edf656a7d42452a51cd4b5c4ec7c59fe,9ff3858648512128d22f16a15a19cdd434689eeb09516cf0350921e94846817a
MATH-500/245,math_500,0,True,True,True,stop,stop,1400,1400,6.402281187950208,6.402281187950208,results/baseline/primary/repeat-0/MATH-500_245.json,results/dflash15/primary/repeat-0/MATH-500_245.json,568fcda03e2ae72c6b1b5f495198aba7e31c07d3713920596ea027a7bc1b7cb0,cbe132909072ac6c2dc57f7f5505da2ca4fc4f86e28388db06b3a4dea0b7c2d0
MATH-500/246,math_500,0,True,True,True,stop,stop,569,569,4.545159859123876,4.545159859123876,results/baseline/primary/repeat-0/MATH-500_246.json,results/dflash15/primary/repeat-0/MATH-500_246.json,8c9816ce05f6c84f832e88bf2a199708ff7f5c0c44b27d1d6662a2ecc4f733fa,c2aab25a420ed7d516b176d8592a060d0629b56e2855fb3cd89d4802a0e8cf60
MATH-500/247,math_500,0,True,True,False,stop,stop,871,944,4.8156398087681715,5.219246819147134,results/baseline/primary/repeat-0/MATH-500_247.json,results/dflash15/primary/repeat-0/MATH-500_247.json,8ab87986fa81df8b8de92cdae3001e9a8cb43f2356b1d5a7fb3f7710c85d758a,487f943b3d973dd4a7e7329d9b35c2ff5233454d1f4df6b8ce248bae631b8837
MATH-500/248,math_500,0,True,True,False,stop,stop,2418,2704,5.5286809495620215,6.182610954348927,results/baseline/primary/repeat-0/MATH-500_248.json,results/dflash15/primary/repeat-0/MATH-500_248.json,83ce171f3d27fcaa31f9fd590b54b746d99a4c9f614b88f9fa5bfdf98474da6e,5e948b51970e97b85ba998f41b39d45afb483b7a88465aa0b813e4221e82cb38
MATH-500/249,math_500,0,True,True,False,stop,stop,878,900,5.108328635293657,5.2363277582736805,results/baseline/primary/repeat-0/MATH-500_249.json,results/dflash15/primary/repeat-0/MATH-500_249.json,a543adb845545621fb705687a8050a1711823bfc110f57e5acb3b49588646526,64e5df4301b903324dd02423f6c8a88ada33feffc365281d557a79d604743fe4
MATH-500/250,math_500,0,True,True,True,stop,stop,748,748,6.266420345171598,6.266420345171598,results/baseline/primary/repeat-0/MATH-500_250.json,results/dflash15/primary/repeat-0/MATH-500_250.json,2ce937bdfb32b4336b25f7d471801212a02918fdbbdc6a787b5e0ac2781b4e49,d1fec2c7a4402d7408781effb5cdcab6fc2fc20f02b23c9fbad188a6e0181544
MATH-500/251,math_500,0,True,True,True,stop,stop,1193,1193,4.277287247914895,4.277287247914895,results/baseline/primary/repeat-0/MATH-500_251.json,results/dflash15/primary/repeat-0/MATH-500_251.json,1b5cb039d88f9da649e07602a199b7de985d85c7c404e832dc1420b1ecf732c8,d2e7a13161fccca446fe13b2156472fb43dceefbffd93664512b73b94124e536
MATH-500/252,math_500,0,True,True,True,stop,stop,783,783,6.425110447347,6.4251104473469995,results/baseline/primary/repeat-0/MATH-500_252.json,results/dflash15/primary/repeat-0/MATH-500_252.json,294c43bdedbafa9833b09a06a82a7d85d20d95e26eb4091f7e38c7fca2efc316,aa3f1956f47810d291721183bd495267c0ac304b85f0beacee2728b02aac8a8a
MATH-500/253,math_500,0,True,True,True,stop,stop,281,281,5.861514991340223,5.861514991340224,results/baseline/primary/repeat-0/MATH-500_253.json,results/dflash15/primary/repeat-0/MATH-500_253.json,c21db8ec1e38f3d91a4dadf7d7a0667c1b0685b0355152c9884c2acbcbf7e979,5224677f3356b014c308d7dd703c691f46b576fe2e994ca4ca9118ee50470581
MATH-500/254,math_500,0,True,True,False,stop,stop,966,910,5.918200926974937,5.575116815266246,results/baseline/primary/repeat-0/MATH-500_254.json,results/dflash15/primary/repeat-0/MATH-500_254.json,3d62e714023054943336ca7d4e2e2265a4c198faac10aa16b7858af06c425a88,8b04565b9c17a124d30c48f143f06ceccb84324daccde67761b64aafb164dc56
MATH-500/255,math_500,0,True,True,False,stop,stop,635,636,5.036946788279182,5.044878987945764,results/baseline/primary/repeat-0/MATH-500_255.json,results/dflash15/primary/repeat-0/MATH-500_255.json,13958ffc682e671911462ff1a45e3ec9ce49064249c87ebf4d3e1fb9349d392e,d4d09ba3a7a53477389415357692e5142b411a880d5a5de37353be2d6cc58c01
MATH-500/256,math_500,0,True,True,True,stop,stop,551,551,5.414768122513869,5.414768122513869,results/baseline/primary/repeat-0/MATH-500_256.json,results/dflash15/primary/repeat-0/MATH-500_256.json,32f837539dfaf16c5ff02a3127a52bfea2e7b061d77cb85daf8deea50dd2494e,ea6411aad9d07bdc46f94df05c9a26a6013ca5cc42b72fd750046e024ee3ed5c
MATH-500/257,math_500,0,True,True,True,stop,stop,529,529,4.79872879213654,4.79872879213654,results/baseline/primary/repeat-0/MATH-500_257.json,results/dflash15/primary/repeat-0/MATH-500_257.json,ec8ffafd5877d534285ad799851550df7f15e98f3267cd7c40ad70018d3e8d80,45e0c60cdb0ab3336057ab1953c9d1927f8948f29c3b22a40a2c3c5e5e47b18c
MATH-500/258,math_500,0,True,True,False,stop,stop,639,649,5.175853350376072,5.2568526203350086,results/baseline/primary/repeat-0/MATH-500_258.json,results/dflash15/primary/repeat-0/MATH-500_258.json,bf3101a69f6dd71e1dad5f630054cbd5af0f8d5e66a9857108886dd091804140,7873b5cc3cc38e9a95c6195d8b3275c93db3a8966b71baf3fbd8335cac441203
MATH-500/259,math_500,0,True,True,True,stop,stop,284,284,5.034958610487369,5.034958610487369,results/baseline/primary/repeat-0/MATH-500_259.json,results/dflash15/primary/repeat-0/MATH-500_259.json,678ddb14ad554d48c287bfe73016d96b806ee7480506e2e142d3a83240428097,9eeb4b9adedc61de7de15f95a97e3119b003d56d9543f0fb6a5d6de7208583bf
MATH-500/260,math_500,0,True,True,True,stop,stop,852,852,6.4573883044447316,6.4573883044447316,results/baseline/primary/repeat-0/MATH-500_260.json,results/dflash15/primary/repeat-0/MATH-500_260.json,86e54d44687bb474c3a4b520657fd0558ded90eea6f8b67bfa1e913736c52986,b61f8187fa29d81ac745ee81fc00aa267566dcaea68d21a242f1fc5bb95d2a5b
MATH-500/261,math_500,0,True,True,True,stop,stop,411,411,4.411541737282432,4.411541737282432,results/baseline/primary/repeat-0/MATH-500_261.json,results/dflash15/primary/repeat-0/MATH-500_261.json,31bc4d95579f79fd5bd9a96651d4b321ced1fa6d11f2569593332499a89fe450,c48aad7a13ff35490b296931cc02c76230f5717f8bc34a9abcfb05432ebf8a3c
MATH-500/262,math_500,0,True,True,False,stop,stop,314,323,5.046762835236397,5.191415273189032,results/baseline/primary/repeat-0/MATH-500_262.json,results/dflash15/primary/repeat-0/MATH-500_262.json,0581057352f316eff3fff2667bff3014a9c269f51dd9dae627c0117caadbbbf5,1990cb9d0a5c637bdcb2609f383055c48e48fc7c2908ad07f449ecc072984e7f
MATH-500/263,math_500,0,True,True,False,stop,stop,593,591,5.301455484193362,5.283575364516486,results/baseline/primary/repeat-0/MATH-500_263.json,results/dflash15/primary/repeat-0/MATH-500_263.json,62b2cb7a8c967ef99935342774a138b3496748dc51d22ef09675163c2d715820,72e7f7b07b5f01877e45b3d05eb5c6244a2d197ba3cd5641874103d9d92ef1b0
MATH-500/264,math_500,0,False,False,False,stop,length,5893,8192,2.244533169239402,3.120179148550684,results/baseline/primary/repeat-0/MATH-500_264.json,results/dflash15/primary/repeat-0/MATH-500_264.json,0df2da3025259d0eb4a175ffab9d38ab89bfc6ee7b0d8bc8e5f7749c349a6259,f10ed93f6a041374057b21b3bd5c9b0717f2ff1759469ac05b96e7aef8cd38ad
MATH-500/265,math_500,0,True,True,True,stop,stop,436,436,5.683467268557632,5.683467268557632,results/baseline/primary/repeat-0/MATH-500_265.json,results/dflash15/primary/repeat-0/MATH-500_265.json,6d0e1c93b93e31b9c91b2d7ec4cddbb6e67edaf321e8bd2d5cc998dc0c8172f0,67a2344827d0249fe17fa77f31c16b672561ae8dcd2d1f14182a75c127cf3180
MATH-500/266,math_500,0,True,True,False,stop,stop,530,510,4.5520241585809185,4.380249662030695,results/baseline/primary/repeat-0/MATH-500_266.json,results/dflash15/primary/repeat-0/MATH-500_266.json,ad3105136875a7a800319913d3f908436cd590ce6013738cf32b43c64f064480,c59d68ebf0c7bfb16a5f3e410940d9d1e4dd22ca27a2b63016da47951317d0e9
MATH-500/267,math_500,0,True,True,False,stop,stop,660,618,5.185799653991011,4.85579422146431,results/baseline/primary/repeat-0/MATH-500_267.json,results/dflash15/primary/repeat-0/MATH-500_267.json,076a5bba9b9596d0d603abb54dc67cf734654818dd02cf529c7f81841bb8d8ca,98612d6e8e985085cf99089493c961dcd5d9ea082154ef5a5fc1391a6087b80a
MATH-500/268,math_500,0,True,True,False,stop,stop,562,587,4.889504959139432,5.107009628140297,results/baseline/primary/repeat-0/MATH-500_268.json,results/dflash15/primary/repeat-0/MATH-500_268.json,8de2c7e36d0dcbc5fa73bb55766ac12d3ab9ff0ec094ca957525bcfe64aeba72,3617e87fb8ba7eb645a2e60fa0faaa1c5732526b64c531a57304a3540e36be1a
MATH-500/269,math_500,0,True,True,True,stop,stop,408,408,4.634127574633264,4.634127574633264,results/baseline/primary/repeat-0/MATH-500_269.json,results/dflash15/primary/repeat-0/MATH-500_269.json,65ea8bff6cdfadf2dde07aa7001cdb8dccf0c952977590842e8103759ba76a4e,34ee0245b5ca06eccf54e7b2820c03280771eefb73e1f50a018ff14c7f36b1ae
MATH-500/270,math_500,0,True,True,False,stop,stop,572,570,5.435189587459347,5.4161854280626365,results/baseline/primary/repeat-0/MATH-500_270.json,results/dflash15/primary/repeat-0/MATH-500_270.json,32c0484f92d0e11f97380df436d886c0088ca1912c9e3a693d551cc60968e70c,cf1ef4b15c50bdde10bc01c3492211d00c1fb4d05a0026682660ede6481c17a6
MATH-500/271,math_500,0,True,True,True,stop,stop,579,579,5.5036981869249875,5.5036981869249875,results/baseline/primary/repeat-0/MATH-500_271.json,results/dflash15/primary/repeat-0/MATH-500_271.json,0464d9e0cfca29256e87ee7ae8b4565cc53bd80982cc61c842904c784cb0caeb,0d2d596e392f32e72397a9ff10887b8d169963a9a3dcb1a27bff7193309d3b32
MATH-500/272,math_500,0,True,True,True,stop,stop,1128,1128,5.103007032482729,5.103007032482729,results/baseline/primary/repeat-0/MATH-500_272.json,results/dflash15/primary/repeat-0/MATH-500_272.json,21cf695c22f837e70eef91881018c34a6d4b72c706ef350d810e61a9181e737e,525a6c60848c0a76235c9466033712c081140928c433685e4f1d2141d0760492
MATH-500/273,math_500,0,True,False,False,stop,stop,751,685,4.84059841019284,4.415192957366306,results/baseline/primary/repeat-0/MATH-500_273.json,results/dflash15/primary/repeat-0/MATH-500_273.json,1ff5d08dc2ee8247b91ea3edd8a3121f30630cd84d469c1d85222a05bcaa07f9,3e4939c1f5ce19f33d32a41b130b91a037b5baf7bc5c17ab06d98970cc18b784
MATH-500/274,math_500,0,True,True,False,stop,stop,958,779,4.054429651526814,3.296869205155937,results/baseline/primary/repeat-0/MATH-500_274.json,results/dflash15/primary/repeat-0/MATH-500_274.json,e12b161e7cfeafca67e4e0e1457ca6611df464609b7ed971d2ee5874986d373c,87bbc0432cf24ae2470284a9a4fcf45c13846c815e814f4132ec4801066d3586
MATH-500/275,math_500,0,True,True,True,stop,stop,316,316,5.566823759264625,5.566823759264625,results/baseline/primary/repeat-0/MATH-500_275.json,results/dflash15/primary/repeat-0/MATH-500_275.json,b6b1b6856b92163269c49b3c796172d86dfc1e977d13ef0c000753c38f001939,4517e1863c8c67e1e8e70f151c84442c0c1ca837630b55b3874efcea0e1019c8
MATH-500/276,math_500,0,True,True,False,stop,stop,1065,1062,4.643863891741057,4.630782585003758,results/baseline/primary/repeat-0/MATH-500_276.json,results/dflash15/primary/repeat-0/MATH-500_276.json,89da4dd387de37e71f2513ef6e8ed0d076c744854cad4ef53eb77180a81a2a1d,f5899fff5100bbf04c6e71833d93b53fd1a84774a6ced0a0962605ff64718ca2
MATH-500/277,math_500,0,True,True,True,stop,stop,418,418,3.8833271843679418,3.8833271843679418,results/baseline/primary/repeat-0/MATH-500_277.json,results/dflash15/primary/repeat-0/MATH-500_277.json,5a1a4c09de6a82f452c24a196ae3dc782ee499fcac91572c66cb28e1f6b6eb43,506f63337677e391459fa570442edaf8994bffc9636e22efc0c50d3aa333b7f5
MATH-500/278,math_500,0,True,True,True,stop,stop,668,668,5.172323217033902,5.1723232170339015,results/baseline/primary/repeat-0/MATH-500_278.json,results/dflash15/primary/repeat-0/MATH-500_278.json,143d82651d9b7d1425294c1d7e6a5fe25bb5f31ae51b7487a776a54f31c6dc0c,f3b1bcf6850236a08d20f3eded5928bf9fbdcee146d5a6dcc668544333a35f07
MATH-500/279,math_500,0,True,True,False,stop,stop,676,681,6.374894852832332,6.422046441980501,results/baseline/primary/repeat-0/MATH-500_279.json,results/dflash15/primary/repeat-0/MATH-500_279.json,976450f768171ec3f1a387115a56f172e7d2d6954349083b6c12c9cd42ed86cb,5c4511c2bb295dfb445a710953c76131eb562cc4219170c71b4d08ad4ca9a27e
MATH-500/280,math_500,0,True,True,False,stop,stop,650,750,3.973468257177424,4.584771065973951,results/baseline/primary/repeat-0/MATH-500_280.json,results/dflash15/primary/repeat-0/MATH-500_280.json,f7b5b896ac37cbf3aa115b73a69627b842d3285bebbf658b48459c6be51cf924,9323ea10bcac3d90f29c04264417884aae1aa96af43a554b8e6ef7ebeae7921b
MATH-500/281,math_500,0,True,True,False,stop,stop,3778,6569,1.9386668391406547,3.3708582494216413,results/baseline/primary/repeat-0/MATH-500_281.json,results/dflash15/primary/repeat-0/MATH-500_281.json,43ba2ffaacfd0dd2f929e182ca35778afaae274ed3fea7f39a96ddd3f6f1a0e8,fdeffbe2ed059404da89e39e2d91f20d20dfc6c7c4a81c8fb7360c2767b7f29a
MATH-500/282,math_500,0,True,True,False,stop,stop,806,739,7.239658507463501,6.637850666272367,results/baseline/primary/repeat-0/MATH-500_282.json,results/dflash15/primary/repeat-0/MATH-500_282.json,1c71de142ba3ddf418a85807a89864f32fb7faa842e4df6e35fab709a0791806,d0d29479e13bf492ef08ffa862c2d02ae52dbcdc154de5db8df3b1ae44422774
MATH-500/283,math_500,0,True,True,True,stop,stop,460,460,4.5102532993961155,4.5102532993961155,results/baseline/primary/repeat-0/MATH-500_283.json,results/dflash15/primary/repeat-0/MATH-500_283.json,41068000cdbd47433d85c8662981b01a0a4cb0408772d5c8c8612d753232365f,d3634bc0d8b016bd24f15c75078448f571102ccf52dd4ba3eeb503a7cab800a5
MATH-500/284,math_500,0,False,False,False,stop,stop,3194,3468,5.16873980464624,5.612144534287151,results/baseline/primary/repeat-0/MATH-500_284.json,results/dflash15/primary/repeat-0/MATH-500_284.json,e1daaa034df4227a4b79ac467c154e00bda0b326dbdaa16a4242f2efcdea53d0,cc27d7c4c65ae74de5197d6575158bf92bd9be8dd58d98e0227e34f64354aabb
MATH-500/285,math_500,0,True,True,False,stop,stop,1930,1868,5.0952134598803775,4.931533027490438,results/baseline/primary/repeat-0/MATH-500_285.json,results/dflash15/primary/repeat-0/MATH-500_285.json,b326f5a9eb39c6693406036386041fa6e4ad8819af6409de53cedc10648b4eda,527c05e777278aaff0e75b7f603499d63690547157b7d941bd2ffffbc9b48e8b
MATH-500/286,math_500,0,True,True,False,stop,stop,4470,4365,5.080263620077377,4.96092856859905,results/baseline/primary/repeat-0/MATH-500_286.json,results/dflash15/primary/repeat-0/MATH-500_286.json,76f1a47d59c5ef8dd7066d77aeba07e7e047ee9772966cc6382a2016883d44ad,e04d6bf3f1cc3a8ac678b87e505151709b621c9930998544ca51ec72d65dd26d
MATH-500/287,math_500,0,True,True,False,stop,stop,1107,1117,4.785654344949816,4.828885188174296,results/baseline/primary/repeat-0/MATH-500_287.json,results/dflash15/primary/repeat-0/MATH-500_287.json,53bf84fd1f1e503ad813e2486b8d549ff460dbb83a00fb124f4560e71f42e0ba,fcd6bedc8b558558f235bc6ffaac3b6a40e829e565d612b76943a2698766c228
MATH-500/288,math_500,0,True,True,False,stop,stop,1406,1415,6.16608234105304,6.205552284914688,results/baseline/primary/repeat-0/MATH-500_288.json,results/dflash15/primary/repeat-0/MATH-500_288.json,78017f1c15df18fe271c64b9e7049568c740217b894197aa90d334dc764591d4,7e96543e5fc35a698fc294c73125ee2a7fab04d5d3914cfe7023abdb3376e88f
MATH-500/289,math_500,0,True,True,False,stop,stop,1303,1294,6.138082598537791,6.095686018808826,results/baseline/primary/repeat-0/MATH-500_289.json,results/dflash15/primary/repeat-0/MATH-500_289.json,78729fdea6a04a68c2aa25ff08b0b0ce00e73e5e48afad019eb0f1f8a3699e12,66283ef4d55ba90c802300f03614ea31d0e430ce18d34fe5c300ff8645bf532e
MATH-500/290,math_500,0,True,True,False,stop,stop,1093,966,7.252761693112697,6.410034579640316,results/baseline/primary/repeat-0/MATH-500_290.json,results/dflash15/primary/repeat-0/MATH-500_290.json,ef88b8c5de07eee6f8e3da3703ad20bcadcfc8aa874abb91659dc35dd6367484,c79a31bdcc96d7a02f84dc4805831faf93d92422ae4a552bf0d963f948612c14
MATH-500/291,math_500,0,True,True,True,stop,stop,682,682,5.056172686565077,5.056172686565076,results/baseline/primary/repeat-0/MATH-500_291.json,results/dflash15/primary/repeat-0/MATH-500_291.json,93d02e23d33dca7fb299163bcdaf63f16108d171cb44c7e3018d17bd365f152f,d9e0bdde90c3a321674090d8ce9e3a45156d21f59b2b0250cac16dc6c21dc523
MATH-500/292,math_500,0,True,True,True,stop,stop,1732,1732,7.337245841874501,7.337245841874501,results/baseline/primary/repeat-0/MATH-500_292.json,results/dflash15/primary/repeat-0/MATH-500_292.json,a2fbe81bfa672455040d704d2bbb55004665e9b1014a7ef65bcb2af9beb7db22,30c9e2ccc92df94ec7fbb32ce370b56bc582d703456a0b7e5229efc9f31c89ca
MATH-500/293,math_500,0,True,True,False,stop,stop,609,582,6.036604520874807,5.768971808126663,results/baseline/primary/repeat-0/MATH-500_293.json,results/dflash15/primary/repeat-0/MATH-500_293.json,097ef1bf477e735cde8d0dbecad4c018212aee2a54d23095cf8eda3f990cb947,86b078954b34ac6a9f6dc57692b23bc60cf84b8601944078391bdd2e3047c8b9
MATH-500/294,math_500,0,True,True,False,stop,stop,1270,1740,3.7510444671167598,5.139226277782017,results/baseline/primary/repeat-0/MATH-500_294.json,results/dflash15/primary/repeat-0/MATH-500_294.json,c2dbaddb4f4cc550b93682098afdcb966e83f786f1421ab1b8e395a655010530,09f1b2face4ba4f39d0efa1b8b701b6a21f177ff40a59212625548db0d90d706
MATH-500/295,math_500,0,True,True,False,stop,stop,1322,1384,4.387017643132857,4.592762797349375,results/baseline/primary/repeat-0/MATH-500_295.json,results/dflash15/primary/repeat-0/MATH-500_295.json,aa3cd100faaccc78f896a13ef368aa4a40126a29e3fabc2d52b3bbe89113d0fc,c1bf8d80c9f6b5a746e8c9a93a971af58a251cb935954628fd945909eaa3804e
MATH-500/296,math_500,0,True,True,False,stop,stop,1512,1425,4.876683512356901,4.596080691209381,results/baseline/primary/repeat-0/MATH-500_296.json,results/dflash15/primary/repeat-0/MATH-500_296.json,c503864398accafe60c8a63ed2d53277541d1bf091bb1a4335f7d57e90e8769f,75fb0eb483cb01b0d4c2bab956885f40a021a8fca0a50d28ea7a40675f6f0c34
MATH-500/297,math_500,0,True,True,False,stop,stop,980,887,5.588559819170752,5.058216897555569,results/baseline/primary/repeat-0/MATH-500_297.json,results/dflash15/primary/repeat-0/MATH-500_297.json,99cad43e8b8ae654c2f7a009cee0003a8c3d2bba624f37be746be13443643f2e,8feeb84bf5ab07dbc7dd734068bdcd7d6fa79315adaa021d6d733e3e74617862
MATH-500/298,math_500,0,True,True,False,stop,stop,1311,1318,6.937517375687675,6.974559802560149,results/baseline/primary/repeat-0/MATH-500_298.json,results/dflash15/primary/repeat-0/MATH-500_298.json,72be08a3b69b30cef6671e7578f189ff0d529d55c20a7352ce44dad02f7bde92,0949c3034426bbbc466f7489c3fd0555f1ac91c90cccc9150b3c613bbb2bae65
MATH-500/299,math_500,0,True,True,False,stop,stop,732,730,5.47091513822864,5.455967282659708,results/baseline/primary/repeat-0/MATH-500_299.json,results/dflash15/primary/repeat-0/MATH-500_299.json,07fa124c98f085803b7fa9521585fbe51ff6e2c8715393e32b5f7d43f7eb142d,e2fbb996b300418fc9afe436e1d32c28d165954d09f76daa7bf036bc61b88ce9
MATH-500/300,math_500,0,True,True,False,stop,stop,654,659,2.8600078562338567,2.881873359721883,results/baseline/primary/repeat-0/MATH-500_300.json,results/dflash15/primary/repeat-0/MATH-500_300.json,18162bfd946ee9b2775f4a22e21e54949ab33d63dfe2077d2bbd4b9dc199fff9,0c12ae45791a2b6cbe5dc7a88a5d7d237f0448c901a6fd805500924639a4a26a
MATH-500/301,math_500,0,True,True,False,stop,stop,602,650,4.712424194919334,5.088165658966059,results/baseline/primary/repeat-0/MATH-500_301.json,results/dflash15/primary/repeat-0/MATH-500_301.json,e84fbf25627019a2702d8b581a1c498dbe23900f335c9eb6b18ab727a26cf089,87f38384af4e2384d68ccaf06e698b20c8e505523fae2b38511c94f5b1dab6d6
MATH-500/302,math_500,0,True,True,False,stop,stop,3165,2193,7.179897185086019,4.9748861064434875,results/baseline/primary/repeat-0/MATH-500_302.json,results/dflash15/primary/repeat-0/MATH-500_302.json,d714bf1cf2bc5b5054b6a3171d74246779f2c1f4bfde6b138a5c6e40fcc2c8e0,eadcf87221e4870c930e367c1b6677d1b9137426988d7db5482959abbb72cec8
MATH-500/303,math_500,0,True,True,False,stop,stop,1130,1193,4.1964654162742985,4.430427647447113,results/baseline/primary/repeat-0/MATH-500_303.json,results/dflash15/primary/repeat-0/MATH-500_303.json,4750601216110a6e06b3d773de89bcfc7c2041fdd0418e69a8f78ed8d09286f8,f9a380ef08677044c5deeb24325df0231b77d7a8b671f0949e0c8ade4231e45b
MATH-500/304,math_500,0,True,True,False,stop,stop,1107,1105,5.976941269262052,5.966142820717767,results/baseline/primary/repeat-0/MATH-500_304.json,results/dflash15/primary/repeat-0/MATH-500_304.json,3e4d8d713a0076137f91dd42d29a602d08801588bb41d654c13b47b99d226e63,6819110a20dc1a62a481db2daf33b0c79287ed66e6530025d9972b7c2691c7e6
MATH-500/305,math_500,0,True,True,True,stop,stop,783,783,6.181393442982774,6.181393442982774,results/baseline/primary/repeat-0/MATH-500_305.json,results/dflash15/primary/repeat-0/MATH-500_305.json,96a60fa723573641efb1b5897f97d1634d5c59ebcda99b5b62f8a1a8aa630c5b,c9e9cf966e0df23f30afe8f9120d3cbaa294d2e9c54da851b83a9af5597a19d2
MATH-500/306,math_500,0,False,False,False,stop,stop,2337,2352,4.960791270102812,4.992632035636206,results/baseline/primary/repeat-0/MATH-500_306.json,results/dflash15/primary/repeat-0/MATH-500_306.json,ce49c449f5f8ddeaeb07bd739baefaa92d42bb0efb03a3ccaa6aa62c89494163,6757c602814e9d6f42ec71c43e6b63751a68a46c88be4e1ea66a21bbce339fba
MATH-500/307,math_500,0,True,True,False,stop,stop,655,643,4.47802336842263,4.395983245642368,results/baseline/primary/repeat-0/MATH-500_307.json,results/dflash15/primary/repeat-0/MATH-500_307.json,5b87e717810fd639fbc09db52e67431f8ec4fb07cfdcb204a2463a2e73300977,9100e1200acf06c59148629afd943a00591bf7a66326e588586ac77a6d0f0f61
MATH-500/308,math_500,0,True,True,False,stop,stop,3008,5471,2.268574595036273,4.126120880799018,results/baseline/primary/repeat-0/MATH-500_308.json,results/dflash15/primary/repeat-0/MATH-500_308.json,1d4c39c6a70e1eafe4af4787653f3540fa6cba3d1c2a784e654c6703da3b216a,974f8ab49d8d2e20e1d216e4cb0a6a31ce14c8551b0e0a8283c0f9d7c561dc71
MATH-500/309,math_500,0,True,True,False,stop,stop,1677,3353,2.2184961347013186,4.435669373675325,results/baseline/primary/repeat-0/MATH-500_309.json,results/dflash15/primary/repeat-0/MATH-500_309.json,ac6db3112fb26fc22c3d1efe56c49466db9ef49fd3061bb476c4c3187c95722f,4bae0eeba034f6e0ba2eb36bd410f7483cc861addd4dbc169c44246391d66230
MATH-500/310,math_500,0,True,True,False,stop,stop,731,752,5.184856661708216,5.333806032290806,results/baseline/primary/repeat-0/MATH-500_310.json,results/dflash15/primary/repeat-0/MATH-500_310.json,043dc23b7d254f595ea6ce34417da09d4ffc17a6b2be83f5512609dddaa172f3,c10f743e2ff78871927f9f91a560ffa66bc907a1c279deeb7cf685e6c51289a6
MATH-500/311,math_500,0,True,True,True,stop,stop,1194,1194,6.698539440456211,6.698539440456211,results/baseline/primary/repeat-0/MATH-500_311.json,results/dflash15/primary/repeat-0/MATH-500_311.json,073be3b9f292af307df01acbd943fd8fe6094c2cee436db546d8adb0dd2ac034,48137f4f93b38d77607a67a7807e59f6224c5adef0ff4366012e46bcd44263dc
MATH-500/312,math_500,0,True,True,True,stop,stop,323,323,4.220660278894454,4.220660278894454,results/baseline/primary/repeat-0/MATH-500_312.json,results/dflash15/primary/repeat-0/MATH-500_312.json,8515ae4e461d2286bff577c97e68ff7ef942e24378f9648d4f3ab8b78288741f,96238d85363285bba12921c7109678880a37e0dd218c40c4c51831f19b37b4b0
MATH-500/313,math_500,0,True,True,True,stop,stop,419,419,4.765648853307022,4.765648853307022,results/baseline/primary/repeat-0/MATH-500_313.json,results/dflash15/primary/repeat-0/MATH-500_313.json,40b5b7e51567f377d69a2f2ea87ac3715021946a44e1551be85ae85e58b51667,8d760dcc8aa48886d9cd669bfb71cc7276571d6a9ba091ce551e28628985ce0c
MATH-500/314,math_500,0,True,True,True,stop,stop,454,454,5.244388259139009,5.244388259139009,results/baseline/primary/repeat-0/MATH-500_314.json,results/dflash15/primary/repeat-0/MATH-500_314.json,607e854339ff1feeb8df1a08921d15125fe26565ec41616f4072aba7a458f294,14af1a13ee8ffaacef7a2a3ef6359e1257de1275458c0739752c9e6adf2199f2
MATH-500/315,math_500,0,True,True,False,stop,stop,1157,1235,3.886044365919172,4.148024884969902,results/baseline/primary/repeat-0/MATH-500_315.json,results/dflash15/primary/repeat-0/MATH-500_315.json,d107ca96d4f28c979466a652c7a0d4134fda5beaaa355f7b10a77b8c3dc21a19,38ca309072f172474390a40eca1e5ef3b00c412d18d1a0f30017f55834a694fd
MATH-500/316,math_500,0,True,True,True,stop,stop,912,912,5.622147734019973,5.622147734019973,results/baseline/primary/repeat-0/MATH-500_316.json,results/dflash15/primary/repeat-0/MATH-500_316.json,53a9c56a36752be26bf8da34b7cdc1f45e5b1b8ca18e42009e2959eb8148e200,16c1043bbebeefec8cf77d04bbd636a5aa70aefb5ca8ac557a1be679ab596df7
MATH-500/317,math_500,0,True,True,False,stop,stop,1965,1774,5.496591747148626,4.9623174348303625,results/baseline/primary/repeat-0/MATH-500_317.json,results/dflash15/primary/repeat-0/MATH-500_317.json,def2f88f569bc966ac5e3999f17260a5d4eefa60d53c04acd7a07e62ad026dd3,4e5b93d20d183258bfd2e047d4a160772959898fd57600210f924599927e57f3
MATH-500/318,math_500,0,True,True,False,stop,stop,567,569,5.3958012215685995,5.414834030110288,results/baseline/primary/repeat-0/MATH-500_318.json,results/dflash15/primary/repeat-0/MATH-500_318.json,074f0219675e73f1bc5e3fd98e8e6188ef6329fed97c83d694f7c18fcf54358a,f766c700f026c8f2b9d39b44e3f91d0e519ad7fc343e515d9419c8a7d0e2d227
MATH-500/319,math_500,0,True,True,True,stop,stop,363,363,5.1198596761186,5.1198596761186,results/baseline/primary/repeat-0/MATH-500_319.json,results/dflash15/primary/repeat-0/MATH-500_319.json,313ae4706779ccc0dc66a0c6f1d4a84ed9bef4cbc56e77df2044f67f524650bf,7841c525e18d24ccde81e148c6093f3569d29ee0e47a37cb0b83e6bad13c7583
MATH-500/320,math_500,0,True,True,False,stop,stop,897,884,4.727465093473009,4.658951106611082,results/baseline/primary/repeat-0/MATH-500_320.json,results/dflash15/primary/repeat-0/MATH-500_320.json,1047cea721321f70036d5c7526bf7b29c392d32fb7ff136a9c8fb7f6a8ccd69d,6fb195f1c37f4d13a6f3d10a3fb4ebf9c5c46e8ef9b69a2a8158d16838b89858
MATH-500/321,math_500,0,True,True,True,stop,stop,678,678,4.96893004470061,4.968930044700611,results/baseline/primary/repeat-0/MATH-500_321.json,results/dflash15/primary/repeat-0/MATH-500_321.json,1623ab9177d1f4d8d382b30c257dd558b31212bef2aa6239c5e7c4f8b196d4b2,9a02012207b0ea94b0f91f40d465a994341fa8716cd053bee3221c28fe7bd645
MATH-500/322,math_500,0,True,True,True,stop,stop,415,415,5.6268353800098385,5.6268353800098385,results/baseline/primary/repeat-0/MATH-500_322.json,results/dflash15/primary/repeat-0/MATH-500_322.json,4329acf4836fa02eca14e008d2b3d5ca8719a9eccb5553220b48f40d03605169,7c740e059e94d23a58ea27ccb7b19a84941a38be0e63f9fda123876dc259c84f
MATH-500/323,math_500,0,True,True,False,stop,stop,2633,2165,4.205218402079798,3.45776598575874,results/baseline/primary/repeat-0/MATH-500_323.json,results/dflash15/primary/repeat-0/MATH-500_323.json,a8a1df09d85e77de28c52de2fd44803da19e2344bbb527c66bd7de40b31f6e8e,2abd66f021e6aedd8edec01d345b0cec07c2dc4ac413391a05f5433d08d8628e
MATH-500/324,math_500,0,True,True,True,stop,stop,1236,1236,4.185954428083249,4.185954428083249,results/baseline/primary/repeat-0/MATH-500_324.json,results/dflash15/primary/repeat-0/MATH-500_324.json,65b49fe006546faba066a474c6ae4ae13fcd5524d683acdb63c6b208eec057ec,fbb9b9045e4b50e65ebd4d96447012f0d4f4dfe718a2f85b7acf95205556a5e5
MATH-500/325,math_500,0,True,True,False,stop,stop,506,505,5.8453735769866695,5.83382145529302,results/baseline/primary/repeat-0/MATH-500_325.json,results/dflash15/primary/repeat-0/MATH-500_325.json,712917c70d516a66da5d71dcc1e22b35f0e78fbf228c6f9bde6dc24e855d64fd,25339219ca86328864d435b91be2dc593b0902ec3f5da1a2a3a80b982dfa3f87
MATH-500/326,math_500,0,True,True,True,stop,stop,1389,1389,6.013120859625948,6.013120859625948,results/baseline/primary/repeat-0/MATH-500_326.json,results/dflash15/primary/repeat-0/MATH-500_326.json,b1d42c44479238da3a8d19d249425303ac204bba4711586812cded95be6a095e,b2c50ffcb1a9bfcbee7803a698c14b68d58c971e369d60541af1b74bb21072f7
MATH-500/327,math_500,0,True,True,False,stop,stop,2159,2150,6.505457059639871,6.4783384336385925,results/baseline/primary/repeat-0/MATH-500_327.json,results/dflash15/primary/repeat-0/MATH-500_327.json,c110c9a51f48d462ed8b1baf18938c16e5a62dc63e6870e49fd5958edafa261d,3d1ea5f56550234db36cf38c06f5753b68d828dbfd3d6dc80dd239eeded37adc
MATH-500/328,math_500,0,True,True,False,stop,stop,2848,2291,4.937525306464575,3.9718646338168333,results/baseline/primary/repeat-0/MATH-500_328.json,results/dflash15/primary/repeat-0/MATH-500_328.json,d753cd31aa9f32b1c3d71ed717241b709cf13a6b497d2d49747f8ad402a827b2,e17ece03d76f9c9971124edaf1a9b38b9a6eeab7503b33949fad697edc0134e5
MATH-500/329,math_500,0,True,True,True,stop,stop,404,404,4.667039898693428,4.667039898693428,results/baseline/primary/repeat-0/MATH-500_329.json,results/dflash15/primary/repeat-0/MATH-500_329.json,c88d36108ea25d24d1a9f399b2757578e74fc95325a010452de2a515c8f0b00f,60e048fe88be92e8f062b0a6ed93a6ed099fab537cd1ddd6f20140a42229c0d3
MATH-500/330,math_500,0,True,True,False,stop,stop,1149,1215,5.20701979269762,5.5061175353591025,results/baseline/primary/repeat-0/MATH-500_330.json,results/dflash15/primary/repeat-0/MATH-500_330.json,218799698231efda0e31aa1e8608df4e44a003e8151248a84672ff0c2059dcf3,594433406fdcea5a9868e2c023b11a5abfe8f8972611bde8d5f32611cd59bfa6
MATH-500/331,math_500,0,True,True,True,stop,stop,1207,1207,6.182747615838893,6.182747615838893,results/baseline/primary/repeat-0/MATH-500_331.json,results/dflash15/primary/repeat-0/MATH-500_331.json,5e181a0e4e283d8fe8e372a8da75b42c3763de3f9d1ec3447d1bd32ac5592255,d84b79ed62bed09790de0d6f0af017fba09e4e5afaf0343f935933ec9cf01e23
MATH-500/332,math_500,0,True,True,False,stop,stop,1029,1068,4.465804506435176,4.635062403180532,results/baseline/primary/repeat-0/MATH-500_332.json,results/dflash15/primary/repeat-0/MATH-500_332.json,bfcb0633e212c81aa020b8960b0c5586244c1d92af5dd690fa7c3c1fee3fe262,b68f372b67a8264f2c4d50dfb3078aa1b833b4f15fa296e77dbad0e0ad596d07
MATH-500/333,math_500,0,True,True,False,stop,stop,1307,1094,5.633429352007746,4.715357085766239,results/baseline/primary/repeat-0/MATH-500_333.json,results/dflash15/primary/repeat-0/MATH-500_333.json,16e4476e44415e2f61f6602a14840221ae691a4507471e9c383275ba4c995c57,0f7c4482636b486a6e8ac399b132ec3780e9f2c29d309148ccaf3cc9a0a2f2fd
MATH-500/334,math_500,0,True,True,False,stop,stop,627,627,7.122250800123589,7.122250800123589,results/baseline/primary/repeat-0/MATH-500_334.json,results/dflash15/primary/repeat-0/MATH-500_334.json,be818159ed59be13bf813f08de9d87aa9e8c37b1f1b49f0f9931762e6bf28337,a8a88567026f53d686ec342b61656acc4d327278b706c85fdfd7c0a07a84ce7e
MATH-500/335,math_500,0,True,True,False,stop,stop,812,888,5.049257593389252,5.521848205578394,results/baseline/primary/repeat-0/MATH-500_335.json,results/dflash15/primary/repeat-0/MATH-500_335.json,93f17ea88b73080791e1336f1db08852961b3c9cc5556e8ec73f9a1ebb42554e,00ce5173b25c4db19b07d60729ad59312322d5dc257505f2d6fdd0787e868793
MATH-500/336,math_500,0,True,True,True,stop,stop,241,241,6.552957337772098,6.5529573377720975,results/baseline/primary/repeat-0/MATH-500_336.json,results/dflash15/primary/repeat-0/MATH-500_336.json,ef486b76fc155b081e763d5cee82fdc803dd871c4322221e451521f62f924f7c,83d15c2939dd3f4eb672346c141d7e77b980379046304c53ae779f2bb045d07b
MATH-500/337,math_500,0,True,True,False,stop,stop,550,548,4.078187410882745,4.063357638479536,results/baseline/primary/repeat-0/MATH-500_337.json,results/dflash15/primary/repeat-0/MATH-500_337.json,998e1bb1800095fad5eecc6a50c54fdaf2608edda155c6c5ecbd7725699189bb,3be2559585f8c943e6ed0be6c9cd4632ff9d1ca5a46d97e01c067d4007741020
MATH-500/338,math_500,0,True,True,False,stop,stop,560,507,5.988595206383702,5.421817445779531,results/baseline/primary/repeat-0/MATH-500_338.json,results/dflash15/primary/repeat-0/MATH-500_338.json,cbcbaf82f9e791ea7d4c6ec563b86beafbb72db0f3a4a9d5b9da2b16616b0694,da760c228dc7fdafb96feb05e119f59622dcdc426a9af7ef37385e03cff151b6
MATH-500/339,math_500,0,True,True,False,stop,stop,1466,1468,4.5313895548639005,4.537571532428516,results/baseline/primary/repeat-0/MATH-500_339.json,results/dflash15/primary/repeat-0/MATH-500_339.json,ef0a7861898eac0c12a004d39b33b15b538d7425c9acc116612fa1269289be7f,25e0ad3969c6769f5f330a23922eacf591de9d50cb52c04769a1a02b79bf7f62
MATH-500/340,math_500,0,True,True,False,stop,stop,3687,3611,5.166499526665577,5.060002655489394,results/baseline/primary/repeat-0/MATH-500_340.json,results/dflash15/primary/repeat-0/MATH-500_340.json,fed373c3ffeaf41ee72fe58a986900957695ff23bbf9b190c4fb97adf792ee5c,fe0dfea3c797c799b936cce3166bf19f78783f37b670debf4833a0dc6ea17a67
MATH-500/341,math_500,0,True,True,True,stop,stop,533,533,4.878158600923299,4.878158600923298,results/baseline/primary/repeat-0/MATH-500_341.json,results/dflash15/primary/repeat-0/MATH-500_341.json,70fa717f2f6a8ac2650643f5de1c70aa90b68c65c565944bf81e709f19b85fce,295af6bd90d025779d15b73009c6a8cb40c0e4f8ed6a7edc4de1b01aa634215f
MATH-500/342,math_500,0,True,True,True,stop,stop,530,530,4.916086755920037,4.916086755920037,results/baseline/primary/repeat-0/MATH-500_342.json,results/dflash15/primary/repeat-0/MATH-500_342.json,0c99f93c57390ea42f0352308793ee591c1711cb972c3609fef8b0665cc6ca98,16c4732899d95176fb50124a81492ef5eb6f2c72d05b6e7bd1f31e1236a5afa2
MATH-500/343,math_500,0,True,True,True,stop,stop,480,480,4.706928701285619,4.7069287012856185,results/baseline/primary/repeat-0/MATH-500_343.json,results/dflash15/primary/repeat-0/MATH-500_343.json,a2597ae648d3e0491d95e356741fadc998fa4d791fcaddcdc1774846accbdee4,846944f5f422829399b56d9993308f1c8222c9459eb100fe4f7687e673dd9ca2
MATH-500/344,math_500,0,True,True,False,stop,stop,563,730,4.043169742741095,5.242475865365897,results/baseline/primary/repeat-0/MATH-500_344.json,results/dflash15/primary/repeat-0/MATH-500_344.json,0c32cda715899aa7ed39780bd3570c8d67a165fd51739e4a744cb436b699a79a,a4b6c555b6a5e1c07c621e14e4bfe77ed3133535fa969392257e68c3c903d2df
MATH-500/345,math_500,0,True,True,False,stop,stop,332,331,6.510014398349613,6.49040592124615,results/baseline/primary/repeat-0/MATH-500_345.json,results/dflash15/primary/repeat-0/MATH-500_345.json,db5cef65d509ffe985fcda78a69d36cb38fc50835b21f0e8c82e6cb0ea9cbd5d,da8f53f32bc83937d9afe984b4cf10e5ae3e09cf2e5ceb4f740a2613a7c23ece
MATH-500/346,math_500,0,True,True,True,stop,stop,764,764,5.911665976928026,5.911665976928025,results/baseline/primary/repeat-0/MATH-500_346.json,results/dflash15/primary/repeat-0/MATH-500_346.json,5c5e8c48e86e02703a4a54a7325f031dba1c46a82d1ba84812683d832ec9ac68,8270a754d8dc78a1b4632bf4e9319197bcff3ab94d1b3218fa92b3fcf8d5e896
MATH-500/347,math_500,0,True,True,True,stop,stop,669,669,6.538034563994089,6.53803456399409,results/baseline/primary/repeat-0/MATH-500_347.json,results/dflash15/primary/repeat-0/MATH-500_347.json,61c11e5c467736da1ab5c12dbb272900e30570aa92927eeca624d9f891d6ee1a,ed99a3405be99d9f3809ca7021a8d1062eaf0be25fff746d348cc374267a3205
MATH-500/348,math_500,0,True,True,True,stop,stop,675,675,6.094859047187992,6.094859047187992,results/baseline/primary/repeat-0/MATH-500_348.json,results/dflash15/primary/repeat-0/MATH-500_348.json,fa596d6569b19b9ebdd5408df596702220c5d823dd982b7c7610187bc9b379ff,5b8b648fa0848d20b6a486888fb8dc7bf7dc84a0b7dd714e3afe589db88d5ec4
MATH-500/349,math_500,0,True,True,False,stop,stop,3992,1897,5.934791502360722,2.8202153005957635,results/baseline/primary/repeat-0/MATH-500_349.json,results/dflash15/primary/repeat-0/MATH-500_349.json,0a5c004869ac5fa2c0c626c8a76918efbfb7bd53abfe08bba1b04ecc1829830a,39f3ca988b60254a80168bc24e70e116ace23d35deb13c101ca617c1dad10b31
MATH-500/350,math_500,0,True,True,False,stop,stop,455,560,4.800589136500788,5.9084173987702,results/baseline/primary/repeat-0/MATH-500_350.json,results/dflash15/primary/repeat-0/MATH-500_350.json,5fb3f0fba46a01e567fa6eb8531ec4f13ce4d3a528fbf68b2e28d4ca74b99d0f,92b694cbdb1f929946786227db623b37cf05a45d60e66c0044eb9a0568b2aa2f
MATH-500/351,math_500,0,True,True,False,stop,stop,1625,1516,7.653217879509509,7.1398635725147175,results/baseline/primary/repeat-0/MATH-500_351.json,results/dflash15/primary/repeat-0/MATH-500_351.json,749cc37993d1f03b0f5e406933944d996c1700c54b177d844acc567dc8108f5d,9e3b2437aa3cf57dfb9f58d9bb517f2499e2b239190057d4391f9d423b775134
MATH-500/352,math_500,0,True,True,False,stop,stop,1189,1147,5.234262699287631,5.0493686426265025,results/baseline/primary/repeat-0/MATH-500_352.json,results/dflash15/primary/repeat-0/MATH-500_352.json,58664884811176049aafc887dc4929b4fde021422555c697e78d5e7d56ee246d,30db67c4393b3c6a1cdda4d785e9e5330762b1c76860069fa7e039106168dbc3
MATH-500/353,math_500,0,True,True,False,stop,stop,856,790,4.534932948098105,4.185276903034467,results/baseline/primary/repeat-0/MATH-500_353.json,results/dflash15/primary/repeat-0/MATH-500_353.json,9d49538be1ec4707a64909abe5e8ed3ba8aa8b2494d4297f152724f2ecc6f059,7e59a0b18bb3028d8b7e6aa8e06c3413765a341f6b071e1d8837e1af4674d736
MATH-500/354,math_500,0,True,True,True,stop,stop,581,581,4.4636744676271265,4.4636744676271265,results/baseline/primary/repeat-0/MATH-500_354.json,results/dflash15/primary/repeat-0/MATH-500_354.json,ab24eba1abdb54ac8eec5a02e0d1a9e98acb8bf374e8b863429198b061a97561,45142ac482d98b609a26a438f378590019f25128f23d0dbe0d30d0746103552a
MATH-500/355,math_500,0,True,True,False,stop,stop,2005,2084,5.248749855405531,5.455558453199565,results/baseline/primary/repeat-0/MATH-500_355.json,results/dflash15/primary/repeat-0/MATH-500_355.json,61801bfba1b5d3e9467025b3545dc85c14830b00e12fb8e2db803d3bf9104f62,b073f39ef1e31c8757a42ee06ec15922c203c21a29aa4a9d109fbd7d62f8d62a
MATH-500/356,math_500,0,True,True,False,stop,stop,773,1130,3.5801752965004043,5.233632710278728,results/baseline/primary/repeat-0/MATH-500_356.json,results/dflash15/primary/repeat-0/MATH-500_356.json,39bec511014e645855e13376371620b28ca900b4b9346b09955519b548fa0b50,0c8be1e6be4d69722022d165580ed70798dce5f7a63423cf8de961a52cebc71e
MATH-500/357,math_500,0,True,True,False,stop,stop,1103,934,6.066295597018929,5.136826915336065,results/baseline/primary/repeat-0/MATH-500_357.json,results/dflash15/primary/repeat-0/MATH-500_357.json,6832d42fd5b74b720201eea64f679f157e91cc293006887b67be789cf98732f5,ad6a39f2648ce741638903e107e07768ec1793c3adf55c43bd58f9579223566b
MATH-500/358,math_500,0,True,True,False,stop,stop,604,722,3.7358361587469155,4.465684944727274,results/baseline/primary/repeat-0/MATH-500_358.json,results/dflash15/primary/repeat-0/MATH-500_358.json,c8c40ba51c71e2babf76669d76258383d117d6f49b425b2878f959966e0cc395,a64c8d8857c7b9d8e1c321e2e048df79fc94d564aaf9dadc06326599f51daed2
MATH-500/359,math_500,0,True,True,False,stop,stop,1921,1642,7.402621601927655,6.3274881157549245,results/baseline/primary/repeat-0/MATH-500_359.json,results/dflash15/primary/repeat-0/MATH-500_359.json,bf5cb86bb20baa4f018db33e2482cfef73e5a62f5751ef0c2d9502160bfdfe03,34cf360975ef0d3113297bbc28d8b12df726957c45447ef55423bda2054dd890
MATH-500/360,math_500,0,True,True,True,stop,stop,661,661,5.188630089450785,5.188630089450784,results/baseline/primary/repeat-0/MATH-500_360.json,results/dflash15/primary/repeat-0/MATH-500_360.json,d1cb050088de99e383809f671c55a9dddbcec78ba44fcad6110dc1a43b6e7a7c,e673756a4bbe6b62c216cb6d1a9f789b0662adcdba71e011029ced4f9b2002f7
MATH-500/361,math_500,0,True,True,True,stop,stop,1404,1404,4.6342457890146225,4.6342457890146225,results/baseline/primary/repeat-0/MATH-500_361.json,results/dflash15/primary/repeat-0/MATH-500_361.json,7d093446bfba9f68a809c41f7c660780b2301104da4cefe6aa5921f2da9e0da1,3f9e962710127cb8aea4bd3f2289a93eb7844c9cb5a3a6dc783754143d5a515a
MATH-500/362,math_500,0,True,True,False,stop,stop,373,369,5.153951336122299,5.098681080507046,results/baseline/primary/repeat-0/MATH-500_362.json,results/dflash15/primary/repeat-0/MATH-500_362.json,92bf9b4915afcf63ab149e3d6a0d4d49ed2006712dabc4a0635537bf904a39fb,e16e081b5e1b0c4c203400dae06472e5e218c67a2f53f3f06bbece25a5f1ed72
MATH-500/363,math_500,0,True,True,True,stop,stop,375,375,5.526937036478492,5.526937036478492,results/baseline/primary/repeat-0/MATH-500_363.json,results/dflash15/primary/repeat-0/MATH-500_363.json,f5bbcaa6862f46722f6ada15200a1d32384fccd53d703b97deeb2dfacfff9361,4c384536b582a246ef1b130ba95ee6db8221d343040db7697ff325bebad4086e
MATH-500/364,math_500,0,True,True,True,stop,stop,818,818,4.841330197291721,4.841330197291721,results/baseline/primary/repeat-0/MATH-500_364.json,results/dflash15/primary/repeat-0/MATH-500_364.json,97069884e7bf1153c76e9cb04924b655186e7683d7224b710a762985569aa19a,450ef5658d7c9953762ed20483e8e22cf251289635ae10fa3a690547ac210c37
MATH-500/365,math_500,0,True,True,False,stop,stop,1765,1882,4.323535616502225,4.610138260768945,results/baseline/primary/repeat-0/MATH-500_365.json,results/dflash15/primary/repeat-0/MATH-500_365.json,778a13fe341528ced962e074fd5394e3eca7e76f5f244a30ee603d0b34c29a23,5e8e518ff38ca1201f835712375ac557c62a5936feab80a8c89e0be115aee24d
MATH-500/366,math_500,0,True,True,False,stop,stop,807,893,4.855848294841054,5.373324073473434,results/baseline/primary/repeat-0/MATH-500_366.json,results/dflash15/primary/repeat-0/MATH-500_366.json,7028f7eebdbc901e8ddd25af3ef49a3664f90dd67c064e32d4dbd886802870b5,04496a02d155af40ad6bbb7a9ceab6502a36ab52bdde286473aa32b14099f33e
MATH-500/367,math_500,0,True,True,False,stop,stop,375,379,6.006205275306261,6.070271464909529,results/baseline/primary/repeat-0/MATH-500_367.json,results/dflash15/primary/repeat-0/MATH-500_367.json,95b08276062b1b64014c23812a9496d733f008199320c91f21f12899d9581a15,05db26fe68cd7ac77d609af1b2cc028519cf9069bc9ad4e3f0a9916dc7dc46c4
MATH-500/368,math_500,0,True,True,True,stop,stop,417,417,4.676418139001237,4.676418139001238,results/baseline/primary/repeat-0/MATH-500_368.json,results/dflash15/primary/repeat-0/MATH-500_368.json,785d4ed8e7d57db89ee457a8ec351162a4280e3b6c5c51cfe25981f803b84b5f,0ebe4037fed184d1ae9250ac761cf2a08d068bb753cc040c35ed2e62740aac7d
MATH-500/369,math_500,0,True,True,False,stop,stop,976,1037,3.6256863825635848,3.8522917814738085,results/baseline/primary/repeat-0/MATH-500_369.json,results/dflash15/primary/repeat-0/MATH-500_369.json,50d76eaeccad5a322f46acce3b71ad6cb0fc7a3f4b1914b2d68a468704551096,932e3391b9ecc9f382bbfd47c441ea113ffe0f4e120276feb4abf88004064ff5
MATH-500/370,math_500,0,True,True,True,stop,stop,317,317,5.881035438203038,5.881035438203038,results/baseline/primary/repeat-0/MATH-500_370.json,results/dflash15/primary/repeat-0/MATH-500_370.json,68daea383f278a9be0a4c4513e556062bae43484097fd835d7cb4db50130d9fc,4eb3bb3e4b10c93e40e08891bc6b0e6563937dc833b1d5cd7f6e596c242834aa
MATH-500/371,math_500,0,True,True,False,stop,stop,2377,3837,2.9815916160374942,4.812943639350386,results/baseline/primary/repeat-0/MATH-500_371.json,results/dflash15/primary/repeat-0/MATH-500_371.json,82ba10bd90b8a66e95fe04a0d81bafd5df62374ba472c9c905d64051144c492a,46526044da02011e7b31c6cf0ab06dff5dba1182bb2915d7b3368d0f63eb4490
MATH-500/372,math_500,0,True,True,False,stop,stop,949,985,4.368546892800137,4.534266269133968,results/baseline/primary/repeat-0/MATH-500_372.json,results/dflash15/primary/repeat-0/MATH-500_372.json,7355c04e79d2f927f405f4420ca6f43a2dedb5117a394a6a55e2873058a95dca,469ff11974a32bda46269e36a7c2238aa79a4d104c0961aea0bcd231ff405bf9
MATH-500/373,math_500,0,True,True,False,stop,stop,1157,905,6.730961120390102,5.264926373338843,results/baseline/primary/repeat-0/MATH-500_373.json,results/dflash15/primary/repeat-0/MATH-500_373.json,e03a65b63696d410e05d804eac762d8ff018351d553f7d78e8dd957eb9093cd9,1cb0141338e7c986f1ed6d4a9c91677b14cb2f118d932448e98c3cd9befe03ae
MATH-500/374,math_500,0,True,True,True,stop,stop,345,345,5.424779095884925,5.424779095884925,results/baseline/primary/repeat-0/MATH-500_374.json,results/dflash15/primary/repeat-0/MATH-500_374.json,b668b1f1a1860e3dffda907dce8a2c6909a87d014b2b4d01a9dcca3a90f6f16f,3b800d5ebc694da56b7aee12cce22b732a0cde3e291d2c081b46b61ce132fc07
MATH-500/375,math_500,0,True,True,False,stop,stop,995,945,5.745114090971387,5.456414890420061,results/baseline/primary/repeat-0/MATH-500_375.json,results/dflash15/primary/repeat-0/MATH-500_375.json,c74e1625889d890cdc7ca0ed4964c9e0fe526afa2568c6389a2fcabbc93221fe,aa456308afbb38eef7aa3a1f52d9237eb55ff055f2f4bf8fe181ddbe1a2edd7e
MATH-500/376,math_500,0,True,True,False,stop,stop,1041,1045,6.4807827687618484,6.505684911965544,results/baseline/primary/repeat-0/MATH-500_376.json,results/dflash15/primary/repeat-0/MATH-500_376.json,f0f0f7cb865fd844e035fd8f86630bbf741e67c87e35fddc546762f0bc63d541,11906643aa6eb1db466df9c683c1dca13a86ec7f3ab7da27d35579daf7bd3e9a
MATH-500/377,math_500,0,True,True,False,stop,stop,912,998,3.4908566986476224,3.820038361020096,results/baseline/primary/repeat-0/MATH-500_377.json,results/dflash15/primary/repeat-0/MATH-500_377.json,794532718ba0ce234e14d09df8caa46b3f286f9022d557244c2b9fa78cf2e677,bd6b7a09d044c86c3cf4a719b4d2f1b27048b09d10e6dec65e4e648c1e42f131
MATH-500/378,math_500,0,True,True,False,stop,stop,1047,1084,6.042738752274724,6.256283483730469,results/baseline/primary/repeat-0/MATH-500_378.json,results/dflash15/primary/repeat-0/MATH-500_378.json,de531977fe59d716a150b196676f558ce043485ae4585ab1c4e0a7492b1b38ed,0a22869c1bb0e66b65882551add9a2f0ebc5336f644170e0eaa3c7f276250608
MATH-500/379,math_500,0,True,True,True,stop,stop,1081,1081,5.008593451042663,5.008593451042662,results/baseline/primary/repeat-0/MATH-500_379.json,results/dflash15/primary/repeat-0/MATH-500_379.json,711ccb9e0a868208ffa30c63cf9eeb485f299be04e1ac1fbbb311f198815b73d,7cc703937a8fe8eaece08be24bc72280f6ba7647d4da530d751bba0b89caa748
MATH-500/380,math_500,0,True,True,False,stop,stop,1130,1074,4.94002428544447,4.695208922625983,results/baseline/primary/repeat-0/MATH-500_380.json,results/dflash15/primary/repeat-0/MATH-500_380.json,af5ab8c143bbe503ca8d40a6c2f83585548e710b8de71404ae70a632fe5477a9,918d9633537bbabed4fe3d0fdd17ec63831d5748eb6ebbfc23c5e3e947686449
MATH-500/381,math_500,0,True,True,False,stop,stop,2894,3849,3.245893003502075,4.317015262777985,results/baseline/primary/repeat-0/MATH-500_381.json,results/dflash15/primary/repeat-0/MATH-500_381.json,7931252c459011f7fb8377d8a79069f8b2658de6443b2584c890ee67234dc388,ba282f2222e000c254d7b3dbb7302006adccedb5b2a67d2a9ecf9b0867cfe89b
MATH-500/382,math_500,0,True,True,False,stop,stop,858,859,4.592399673579278,4.597752120751282,results/baseline/primary/repeat-0/MATH-500_382.json,results/dflash15/primary/repeat-0/MATH-500_382.json,db7a2e5abb2bb2c6c0a621c6c0df8c8050c3039bfbdeef72d178d79fb05dcfa9,7a9563d0a8fd09dc0607ad9d5650cf3d3bde9dc7e84e1c30a54bcb4a672c0491
MATH-500/383,math_500,0,True,True,True,stop,stop,794,794,5.651105458565812,5.651105458565812,results/baseline/primary/repeat-0/MATH-500_383.json,results/dflash15/primary/repeat-0/MATH-500_383.json,6166f613941217dc5913ac99034ba533fc1ef3a89dd4e8f7ffd73f45388dacd2,814ca55a57ca47d1bc88e5285786fafd66a4782b23f8436d378cb241c997f217
MATH-500/384,math_500,0,True,True,True,stop,stop,238,238,4.8236320504677055,4.8236320504677055,results/baseline/primary/repeat-0/MATH-500_384.json,results/dflash15/primary/repeat-0/MATH-500_384.json,d63e780ececac99a53b38f141c7b4a253d7b320f8344b2bd0b1428f436f6c32d,79aaf3e78f24c3958367f74f4d8ea91f29e91cd165bc7c9bd92218bc8540f11f
MATH-500/385,math_500,0,True,True,True,stop,stop,464,464,4.606907241658372,4.606907241658372,results/baseline/primary/repeat-0/MATH-500_385.json,results/dflash15/primary/repeat-0/MATH-500_385.json,f95a6d8e73f52919c12e37f53f06af3c7ab8070590bd04fbd800844e0bac6398,af06febd0f771fb8df0deeadac7686f78aaea7799f45ab7de9bc9c96c57d4d33
MATH-500/386,math_500,0,True,True,True,stop,stop,637,637,5.550988329297815,5.550988329297815,results/baseline/primary/repeat-0/MATH-500_386.json,results/dflash15/primary/repeat-0/MATH-500_386.json,b299dc75f5d7080d310627c3bb8e88945e6eea2967cf8eb96c72b1a57416c9bb,96cf934b9a469af524d054bf998c88a34655c50cc4159f656929bfc8f4e4d21f
MATH-500/387,math_500,0,True,True,False,stop,stop,255,251,6.940094036409869,6.831229816230891,results/baseline/primary/repeat-0/MATH-500_387.json,results/dflash15/primary/repeat-0/MATH-500_387.json,8711b70f67ad174e40ee6a0d2fa6f2ee36d4083f01a08f3174835a560112c2d8,50ff8a896cebbd55b851edeac77f7eb77f255eda3c86350412a8d66643c3d561
MATH-500/388,math_500,0,True,True,False,stop,stop,678,737,4.981178507055568,5.414643893362764,results/baseline/primary/repeat-0/MATH-500_388.json,results/dflash15/primary/repeat-0/MATH-500_388.json,e081439ee1074a1b9a3f91aff8289fb1e82596769c5cc1e541b2d2fa1c598867,fdd678948848089ff93405ecc2d8d58a9f05371809f1842cc6e5072cbda6671c
MATH-500/389,math_500,0,True,True,False,stop,stop,889,882,5.387812409007313,5.345388689251349,results/baseline/primary/repeat-0/MATH-500_389.json,results/dflash15/primary/repeat-0/MATH-500_389.json,cd61695fc18b6914bec98f13daceeacf508bbd6fbbcd8407bb771bae82e67873,f6218e546bbf09e729c22b98b2213a13f438083bece37be0c2dc1794d78ab1b6
MATH-500/390,math_500,0,True,True,False,stop,stop,924,965,5.458587642027869,5.700797699736897,results/baseline/primary/repeat-0/MATH-500_390.json,results/dflash15/primary/repeat-0/MATH-500_390.json,b6df089fbf4c7137d851990ed3f9043286cc88e25de5470a0317da1bbaa963a1,cba1579f1a9af56f9023d49784ee089cd7bde262c98c96f4de7cdad8dfc46ae0
MATH-500/391,math_500,0,True,True,True,stop,stop,963,963,5.891944233804922,5.891944233804923,results/baseline/primary/repeat-0/MATH-500_391.json,results/dflash15/primary/repeat-0/MATH-500_391.json,aad5a2652f863f7a43190a0464717c91ba0acc7b73009e1fb4fd92c815800213,882adf6293bf7f06be4f28c6a76d1fd4b80ed08bd32f3a172044d80cceac1a0b
MATH-500/392,math_500,0,True,True,False,stop,stop,2826,3304,4.407118950109475,5.152555205648163,results/baseline/primary/repeat-0/MATH-500_392.json,results/dflash15/primary/repeat-0/MATH-500_392.json,d2fbb440de857943608efb83f492f814d05ac6c3c0957fd05b9cd0d9036d270d,80ff7b0aa22780b01eadfa04c00aa7dc7b9b4822d21c1b0a7d4993ff44f24eb3
MATH-500/393,math_500,0,True,True,True,stop,stop,466,466,4.7628460027954365,4.762846002795437,results/baseline/primary/repeat-0/MATH-500_393.json,results/dflash15/primary/repeat-0/MATH-500_393.json,c24a666cb3bd73acc71fc55fdf37f18d92ee07268ba222ebe14e571c46398e74,2f977abfae573684b33afc71c901b0dc7415fa3b56ba2dd6f2980f4e6f23a6b0
MATH-500/394,math_500,0,True,True,False,stop,stop,1148,1261,4.287596370471532,4.7096332954395494,results/baseline/primary/repeat-0/MATH-500_394.json,results/dflash15/primary/repeat-0/MATH-500_394.json,d833d0ccb8793cf4e14f6967b6ab9e294d9d2fdc8c28a06b28cca80e211b7b8f,586941d8427dd498da61555d912763204e0830c28b082213953a1b8efd19d295
MATH-500/395,math_500,0,True,True,False,stop,stop,500,735,3.6036401264614106,5.297350985898274,results/baseline/primary/repeat-0/MATH-500_395.json,results/dflash15/primary/repeat-0/MATH-500_395.json,ff8501c85b3ae4749af09fce3b6e37debf866751b4c77b74dfd0da419951d163,b3c59545648c6fe212e1a244d3f2c4556c9dd1cff04cc39e2e3aac95e3af76c0
MATH-500/396,math_500,0,False,True,False,length,stop,8192,2747,10.877603796748003,3.6475558629964318,results/baseline/primary/repeat-0/MATH-500_396.json,results/dflash15/primary/repeat-0/MATH-500_396.json,d486d8dc38afbc3541737fba440aba991afcded173f95b72afa201d9552244cf,d916c0d3aceda7c953ea9326bfae944ab7dab8085cd4fde526ef1d5145ae668d
MATH-500/397,math_500,0,True,True,True,stop,stop,394,394,5.343011434200678,5.343011434200678,results/baseline/primary/repeat-0/MATH-500_397.json,results/dflash15/primary/repeat-0/MATH-500_397.json,daba252cf8f75074e97f0730bb655cafa2d3afff6e1b5a5fcf93d9a052ef0763,ce8c1a1bac12c48f0b933d36c3f3c4a362ee79388a559680110f035bcc85bf1c
MATH-500/398,math_500,0,True,True,False,stop,stop,513,514,5.382034993921492,5.392526290205939,results/baseline/primary/repeat-0/MATH-500_398.json,results/dflash15/primary/repeat-0/MATH-500_398.json,66dac51ea9f70991ba456b8a82d2182b64805e98b7e92147adc9efe0a42a31f5,02ebae21157ff2bf65e3759d2c93b67e92063b1baf6ad8d03ab72b988fe7dfad
MATH-500/399,math_500,0,True,True,False,stop,stop,267,267,4.204413208390377,4.204413208390377,results/baseline/primary/repeat-0/MATH-500_399.json,results/dflash15/primary/repeat-0/MATH-500_399.json,187f05904bb93b61df9f411531bbcc99dc1fb6674167b360e6d76c7aced20db8,65cff0eb01938bc147f6bae41b321077d17348ee01a292de9ea65ea0fef7113a
MATH-500/400,math_500,0,False,False,False,stop,stop,7940,8009,2.648447766541711,2.6714632446136735,results/baseline/primary/repeat-0/MATH-500_400.json,results/dflash15/primary/repeat-0/MATH-500_400.json,7007536178b3b302c7d959a7c5efa5937b1bf92933ca9f5dc28df9e1a3f63eb3,ecd1648362d4ef2be9584c32cb9dd59b8eac24ee35c1eb19b79f6599d711619a
MATH-500/401,math_500,0,True,True,False,stop,stop,2147,2092,5.489698158813389,5.349067791447419,results/baseline/primary/repeat-0/MATH-500_401.json,results/dflash15/primary/repeat-0/MATH-500_401.json,c2188828c0d159edef4b6ff7ab3cc8f7ad0332332d57c41998a50d3d56cd4303,18d09c73145b9cce4ca98f1e4f2658d2cb7a02c1e905d1385e283eb927bf1438
MATH-500/402,math_500,0,True,True,False,stop,stop,781,666,5.34352444108448,4.556705861411349,results/baseline/primary/repeat-0/MATH-500_402.json,results/dflash15/primary/repeat-0/MATH-500_402.json,3e6887b2dd29c5e28264005d45aec9bbcb845e249dd50849c400b7acaf835ae1,42966bf55f3b7a733e3dcb18f76ac851ee6ea459c4b145a686c84b732e658516
MATH-500/403,math_500,0,True,True,False,stop,stop,1054,1049,4.979546572274092,4.955924434834461,results/baseline/primary/repeat-0/MATH-500_403.json,results/dflash15/primary/repeat-0/MATH-500_403.json,407f98c6a27a5c8bd5f61fa4feb5fdba464a652693fa5817992b76fc27a9ad60,257eaba0b3f932f83d5c38b7cee0791baec2c940c56f629cf0aa440c6db3553f
MATH-500/404,math_500,0,True,True,False,stop,stop,398,400,5.405523578261366,5.432687013328007,results/baseline/primary/repeat-0/MATH-500_404.json,results/dflash15/primary/repeat-0/MATH-500_404.json,3e15060f27276a7c47af9f53e6d9f484a366ff7a5c1cfbb62b22edca6844f93f,1c1ad53a926939e6d38b1aecf2f09f26bf34d9f73bb14b7a5449e15cc6ac1247
MATH-500/405,math_500,0,True,True,False,stop,stop,562,566,4.010121299337166,4.038663087944549,results/baseline/primary/repeat-0/MATH-500_405.json,results/dflash15/primary/repeat-0/MATH-500_405.json,348bbb5fe6ecc86ac522031b22cad7a61b518b5a51a6ba3545d738eda1145c21,2ef64ed92b75d507666b68ab3378ee141e9e3dc854408cc86a0fb10f8a56b7e4
MATH-500/406,math_500,0,True,True,True,stop,stop,497,497,5.322842448238467,5.322842448238467,results/baseline/primary/repeat-0/MATH-500_406.json,results/dflash15/primary/repeat-0/MATH-500_406.json,eb9ba0938830478307c6c14f3fa038f8cb46037fd7b18db51d030975553c6343,dc6fcce2c48d0062283e6af314a666012696c10618b8b5d187395a93c9c90533
MATH-500/407,math_500,0,True,True,False,stop,stop,564,476,7.371719721643741,6.221522318266703,results/baseline/primary/repeat-0/MATH-500_407.json,results/dflash15/primary/repeat-0/MATH-500_407.json,5bb4940d0eac429d2f92fa71343ad9ae33fe17e116952173b65b79cb2cb8045b,0890a0d634a64ce21e6653cdea080b7029c6fba4013583910e2cc333d809232d
MATH-500/408,math_500,0,True,True,False,stop,stop,2003,2134,5.974348974267659,6.365082731446424,results/baseline/primary/repeat-0/MATH-500_408.json,results/dflash15/primary/repeat-0/MATH-500_408.json,b1fdaea8c6f4906fdb960f85e6ae90b9e36abb4745df80ac959083b9f526de45,0a46bdac8835594d412ec6f63eb4c0ac5a64f7c711c906152ac8e2c52b670b8b
MATH-500/409,math_500,0,True,True,False,stop,stop,1748,1262,6.7166860033894045,4.849232114575187,results/baseline/primary/repeat-0/MATH-500_409.json,results/dflash15/primary/repeat-0/MATH-500_409.json,6551e7ab0ec9cd01a5def895d9e3999c347192941e0477c00010ef8ac870cf33,ceae92730d45a3f632642bd32c87c9286245714ec8dcdeacb26f75bc375f860d
MATH-500/410,math_500,0,True,True,True,stop,stop,664,664,5.035251011432444,5.035251011432445,results/baseline/primary/repeat-0/MATH-500_410.json,results/dflash15/primary/repeat-0/MATH-500_410.json,0aba2198eeef0fe74075bba90c12420a6b9251bd53f2ce19bb960281d2ef55af,6d084050e7a3c51f7599a248cbc212a42ec39bf57f86754622c3eca1695abe06
MATH-500/411,math_500,0,True,True,True,stop,stop,430,430,4.60239940512552,4.60239940512552,results/baseline/primary/repeat-0/MATH-500_411.json,results/dflash15/primary/repeat-0/MATH-500_411.json,93c8e1f4ce46175f308cc02045c93ea68f4b8e20fab07976fea848d4a681c2f3,df51aeab0d7d1f24811c0c1a62ae75fa3d5b1097f036fc3ad17b699adfa508ad
MATH-500/412,math_500,0,True,True,False,stop,stop,2166,2240,5.993496167784307,6.198260118114887,results/baseline/primary/repeat-0/MATH-500_412.json,results/dflash15/primary/repeat-0/MATH-500_412.json,0efb776d22c9ac64dd9ca9a09aa88847227fc6aa5cb8a0e281f4606cf0898d00,ecf42bb01b4ce15f1370afbcbdc56d49d0443270ac4733734fe4c9de652a4288
MATH-500/413,math_500,0,True,True,False,stop,stop,328,332,4.385569023753551,4.4390515728237165,results/baseline/primary/repeat-0/MATH-500_413.json,results/dflash15/primary/repeat-0/MATH-500_413.json,1cf565e285c2774349baf8bff138f74191793cc242b5951da1eba82fdbbda82a,765b3340d68397da2c3f0f3d22b364325e3b523a6691b1178f6626f45f610077
MATH-500/414,math_500,0,True,True,False,stop,stop,788,745,5.73335435645648,5.420493649187915,results/baseline/primary/repeat-0/MATH-500_414.json,results/dflash15/primary/repeat-0/MATH-500_414.json,76d8980a49c2f4f7a8b4f4cee35bb5acaa0d141e2fbaf4da286bd45b7938edd9,dcad9671e7aabe5746ae572fb587dc3b802aa9dfa97e979b9e1b6f7d7feea303
MATH-500/415,math_500,0,True,True,False,stop,stop,1297,1671,4.531652630471342,5.8383897806612275,results/baseline/primary/repeat-0/MATH-500_415.json,results/dflash15/primary/repeat-0/MATH-500_415.json,73ad27a6a369cbbb45c9788c55405b700de53bd5d4a631eed4d956d2d087bd74,b1393427d55d6957052c0108e54eec29a91366a322570fbb8e23df6fa57685d4
MATH-500/416,math_500,0,True,True,False,stop,stop,1543,1540,6.568981302034275,6.55620946541334,results/baseline/primary/repeat-0/MATH-500_416.json,results/dflash15/primary/repeat-0/MATH-500_416.json,63cc3eda1f72c1cbbe478cc41e1d3de7f14bc803e69a2fb522d927f57c4863f8,e942d08765952af43e6d888e449f842ba4adc14789d814469b0ead38ba4ad83e
MATH-500/417,math_500,0,True,True,True,stop,stop,1016,1016,6.811824743798809,6.811824743798808,results/baseline/primary/repeat-0/MATH-500_417.json,results/dflash15/primary/repeat-0/MATH-500_417.json,d0c6aa0f91ded8ba764b2626ee25acf5937914aa86a6fc7f3bf0621ada38e614,d22377ab33863ee90f9c56a630cd50b51af427141d8ddfaea6a9f500a20571ee
MATH-500/418,math_500,0,True,True,True,stop,stop,563,563,6.114537903628026,6.114537903628025,results/baseline/primary/repeat-0/MATH-500_418.json,results/dflash15/primary/repeat-0/MATH-500_418.json,d0598571a21d34a572e63b5555beaec21d02a783cb804feb53790b0ec1cd2c72,131cf364e5565bb60367bdf1c342702d377a0ab4b33a2e942fba803cdedcbb5e
MATH-500/419,math_500,0,True,True,False,stop,stop,2847,3084,5.781464521482506,6.262745551194959,results/baseline/primary/repeat-0/MATH-500_419.json,results/dflash15/primary/repeat-0/MATH-500_419.json,4a09d3fab735a3de4e19f45d68f870dbaf2196adf4dfd29f6c19f4211b6d0b1b,178c98847610ba4e7c28ac9f76d6570078496f40a65cd970cb5fc53c81c713fb
MATH-500/420,math_500,0,True,True,True,stop,stop,604,604,7.337014850853538,7.337014850853538,results/baseline/primary/repeat-0/MATH-500_420.json,results/dflash15/primary/repeat-0/MATH-500_420.json,e313e4e9c7cb4095964f9c4acbcf858ed1f7e7ef2212a721c2d525d824b8e2a1,f7c7ac7aa7da76e703df2e12010e485530411c08aa19a47aa9a293f8e4a6d626
MATH-500/421,math_500,0,True,True,False,stop,stop,2093,2844,3.281411722155672,4.458831790640579,results/baseline/primary/repeat-0/MATH-500_421.json,results/dflash15/primary/repeat-0/MATH-500_421.json,d7ec90cf507e8e69c81cf84a243806722661e18844c4cecf56a72598730e2228,14d3a2b64fc6b2166eaa73447e4dac4d77f8fe2c07616c3c281889e1be196d67
MATH-500/422,math_500,0,True,True,False,stop,stop,4688,4472,5.221523641536885,4.980941494230578,results/baseline/primary/repeat-0/MATH-500_422.json,results/dflash15/primary/repeat-0/MATH-500_422.json,175ec36d9881faefa6e48ab9358ca68244c3e1a219ac0ffa763b869496c69fda,04d22c77efd2bd76d00d38c31798676b50b9ae17ce58959255ff417b488f26b4
MATH-500/423,math_500,0,True,True,False,stop,stop,1342,1357,5.553561185790972,5.615635267599366,results/baseline/primary/repeat-0/MATH-500_423.json,results/dflash15/primary/repeat-0/MATH-500_423.json,1cbb13e8ff450a57a9c62050292cb04df3bdf2399bf58356becc96e0718fdd69,a243d8b1567a3bd569be7425c71dfa0491754349248d6d105a9c22f62392df81
MATH-500/424,math_500,0,True,True,False,stop,stop,632,694,5.119481623602289,5.621709251234159,results/baseline/primary/repeat-0/MATH-500_424.json,results/dflash15/primary/repeat-0/MATH-500_424.json,ff667e0c6d644bec273b7fb3a4cca4cdcbbb276017a9787b09fe56e2eaa108dc,775cb32bca71ba2a09bd59e51051fbad0688a7d6309e304ee5387bff1f283312
MATH-500/425,math_500,0,True,True,False,stop,stop,3560,3020,5.609778095128231,4.758856698676195,results/baseline/primary/repeat-0/MATH-500_425.json,results/dflash15/primary/repeat-0/MATH-500_425.json,54be5240956717c1e6548496b1cae55dc5d0190d1679ea7dde1d3c64bc45094c,6db51eae721ba1b8d0d686b5db3e7ec4e918272d90d7879a608302354e08b3c4
MATH-500/426,math_500,0,True,True,False,stop,stop,554,545,5.399410834351951,5.311694773866089,results/baseline/primary/repeat-0/MATH-500_426.json,results/dflash15/primary/repeat-0/MATH-500_426.json,d3073909ff8dc77916c3cec3e305d2fe32a2212bd6547bb1efb1e952a58ae6a5,4c1c1e757f3b7a1ec3ba8f10e76c6d4b9ded6178cb9412b25ccb503c53db9821
MATH-500/427,math_500,0,True,True,True,stop,stop,536,536,5.25237438455638,5.252374384556381,results/baseline/primary/repeat-0/MATH-500_427.json,results/dflash15/primary/repeat-0/MATH-500_427.json,4cee28a1c71f20d4b0ca19be01f69fec7d810f5d66c221415752d68416124b6f,7049bbbac063985676ecbf968d9aa30343f75a8a785c83fe3b2b4b28f2527ccc
MATH-500/428,math_500,0,True,True,False,stop,stop,1593,1766,4.819063996739054,5.342414951814921,results/baseline/primary/repeat-0/MATH-500_428.json,results/dflash15/primary/repeat-0/MATH-500_428.json,e1b3a8952a29435a3e0534bfe9bf8616842318fc96f04d7015b108c4168944aa,6bc726a00ffbb5191798b64c52c19c2f23f009cb541cf8fa73b7e9d48905387b
MATH-500/429,math_500,0,True,True,False,stop,stop,1187,1026,4.983700747514892,4.307731227422307,results/baseline/primary/repeat-0/MATH-500_429.json,results/dflash15/primary/repeat-0/MATH-500_429.json,24e58e31e7e4ad113835c5210cdd16d215f7938dd6feee6f9836f9765f4a8220,99571997e0ab9286904691fa5d2e6d0f3af96694605d19eb7801ef6f0d1c4fd4
MATH-500/430,math_500,0,True,True,True,stop,stop,316,316,4.227703873482281,4.22770387348228,results/baseline/primary/repeat-0/MATH-500_430.json,results/dflash15/primary/repeat-0/MATH-500_430.json,22d307ad468ff1393d68a7ec28b3f2cfbe20e8bb432ac88e5e96493e5d175b3d,6fcfe896b7413d3e9da5e9e8daef95893c0a95c9682d187b7cc2d48d841a64d2
MATH-500/431,math_500,0,True,True,False,stop,stop,1631,1608,6.625662848343279,6.532229221419984,results/baseline/primary/repeat-0/MATH-500_431.json,results/dflash15/primary/repeat-0/MATH-500_431.json,3b275319f559bf2420d6a1d56de916d3783fa08c4394ffc5a6448fcfdaf24ac4,15fa655d3cff079d42370f89edc42a49627b434f6439f36cc6a733934f69e62f
MATH-500/432,math_500,0,True,True,False,stop,stop,1633,1905,4.69122605109787,5.472618265365243,results/baseline/primary/repeat-0/MATH-500_432.json,results/dflash15/primary/repeat-0/MATH-500_432.json,6169f5f82dec0bfc25948acf53ae9c6c8ff534832783c6c38a8daffbb4954109,d01626ee6b1d3cfb87fdbb1473e3b3cfbf68de9e7d44101ae3a6d8178a420e33
MATH-500/433,math_500,0,True,True,False,stop,stop,999,993,5.587951369702831,5.554390100215127,results/baseline/primary/repeat-0/MATH-500_433.json,results/dflash15/primary/repeat-0/MATH-500_433.json,f24e8ad7e77655c9d218cefa0269f807cfdfe25ac006e64794d115a263086087,a34fac954cc2315f36f53faa4c1fb2c724f3614e659176720fa7d7dc4b593026
MATH-500/434,math_500,0,True,True,False,stop,stop,1080,972,5.397537941033683,4.857784146930314,results/baseline/primary/repeat-0/MATH-500_434.json,results/dflash15/primary/repeat-0/MATH-500_434.json,7cc3e2fb7c631b636fe0d761727cf241585174675ec278a1b92fbfdc99eb358a,f3e4787edf639ad36987a806f6d29783dfcdcb176af606107cd01707e6efd37d
MATH-500/435,math_500,0,True,True,False,stop,stop,804,751,5.4572637536547015,5.097518754968508,results/baseline/primary/repeat-0/MATH-500_435.json,results/dflash15/primary/repeat-0/MATH-500_435.json,6ede14d70e86b86a35a4d98d4ffcb906e13585d99d7764e98ee75a34f388e79d,aef9006a9c63ce1eb8982d02b1dabafba6e3878bc37cac399b9f0b2ff16eb944
MATH-500/436,math_500,0,True,True,False,stop,stop,1329,1455,5.194714407971537,5.6872155482306885,results/baseline/primary/repeat-0/MATH-500_436.json,results/dflash15/primary/repeat-0/MATH-500_436.json,087f333f21768078486015085d7a87b74fa1ebc36849e26f418860c48e0e72ac,e1aeea3a5361d933c7540d2ff3c18affdb31e8a0fc2db716e0e16b18a2492e68
MATH-500/437,math_500,0,True,True,False,stop,stop,906,865,5.538463212323003,5.2878263561362004,results/baseline/primary/repeat-0/MATH-500_437.json,results/dflash15/primary/repeat-0/MATH-500_437.json,2c82873f243bebdf663eb8ecc009cbef28daedabf45226409f39583cc476c9ae,dc574f84b607b90bc2407d3d68a8b50341aafaf4750949bd91ba889502238151
MATH-500/438,math_500,0,True,True,True,stop,stop,589,589,5.012104913087158,5.012104913087159,results/baseline/primary/repeat-0/MATH-500_438.json,results/dflash15/primary/repeat-0/MATH-500_438.json,2a5775d618a7ed2e0b95a40a9c7a5fb2d586d18d4875b4653ca7d18612825f5f,0bd716444fee585f9ccfa2b335d6c87de6f858e5f3df318e322e39b49ff12696
MATH-500/439,math_500,0,True,True,False,stop,stop,1365,1296,6.583336735455635,6.25055268069634,results/baseline/primary/repeat-0/MATH-500_439.json,results/dflash15/primary/repeat-0/MATH-500_439.json,f4711d89c006659ee8cbc74150648c5caf1247952e6dc05c4319a4e94ff7c5ea,ee83aeb5a714851f04197d55ec060416fff21045231b25fff82e4b611396335a
MATH-500/440,math_500,0,True,True,True,stop,stop,477,477,6.358104920715856,6.3581049207158555,results/baseline/primary/repeat-0/MATH-500_440.json,results/dflash15/primary/repeat-0/MATH-500_440.json,ab71d8efc96beb0f8204db4a65ffbb007c735a646b5b6158b36468c0ccdb5bd0,ff9d53a35fc992da9ed6d62719fe6edc96a762f1ae63d0718dc4c1826bdeda40
MATH-500/441,math_500,0,True,True,True,stop,stop,392,392,5.647300975540747,5.647300975540747,results/baseline/primary/repeat-0/MATH-500_441.json,results/dflash15/primary/repeat-0/MATH-500_441.json,7e0bf4d42661804da79b0ddc557ebbc2d85e3baec25d27470c2d377ba9f81d45,e5e21545acc84ef74ab2c965c7810629aae2d7015063b3f095647183fc0e506d
MATH-500/442,math_500,0,True,True,False,stop,stop,487,502,5.381134122119963,5.546877472903946,results/baseline/primary/repeat-0/MATH-500_442.json,results/dflash15/primary/repeat-0/MATH-500_442.json,772a0ee61e9ce202460b31b096d20ceebc77dcfd9d141cc1602cfd1338b64578,6362d70a1a2926a5c665cf2545f5f20c0a520597395d9dc5a9867c4c60987092
MATH-500/443,math_500,0,True,True,False,stop,stop,378,389,5.1404454364020085,5.290035118413708,results/baseline/primary/repeat-0/MATH-500_443.json,results/dflash15/primary/repeat-0/MATH-500_443.json,6230b92d4e9637b81a94961445a050707a774147c56ebf4f415eff0bd7bca599,65dd8e6a6f5f0140e760d194396aeea7060bdac9c5e089412ff6a9c7896849dd
MATH-500/444,math_500,0,True,True,False,stop,stop,5984,6197,3.8044015228700445,3.9398188899107063,results/baseline/primary/repeat-0/MATH-500_444.json,results/dflash15/primary/repeat-0/MATH-500_444.json,d0b56c2b6993e241921b58a8a71549e1352ea39337b433610acb80feb4a9dec6,e2ad23a70316521ca34262a2badbd581b5c9b366884eb526fcf48009ac14c259
MATH-500/445,math_500,0,True,True,False,stop,stop,2556,2560,5.21947641052136,5.227644605217012,results/baseline/primary/repeat-0/MATH-500_445.json,results/dflash15/primary/repeat-0/MATH-500_445.json,ca7d75bcf71740ca677ee27e203647ba338019b340a01f7424fdebc3a9b4bcf9,c069d3fe6c4a66b06c0edc345ee927d7ca787a350d68fbb41151c57596e0fa9a
MATH-500/446,math_500,0,True,True,False,stop,stop,998,1053,6.106587856199274,6.443123259096028,results/baseline/primary/repeat-0/MATH-500_446.json,results/dflash15/primary/repeat-0/MATH-500_446.json,2a7a44ec694a51c3ff3acbbf3cd5d0b3c32d036fad871ed1ffeaba1558aba0e4,23f1e7cd42223ab3a54d2fd1a31a1a1435b2ce9bd2a73bd685a70d7f5ac2bbc0
MATH-500/447,math_500,0,True,True,False,stop,stop,495,540,5.1386064517882,5.605752492859854,results/baseline/primary/repeat-0/MATH-500_447.json,results/dflash15/primary/repeat-0/MATH-500_447.json,d5397a8162d2b55afcf9221466d23b1f8b78e061a1a15c525701addec215a3c2,d4e9ca4156f10e296f5776a22a69b9f444dbbc13f563f605283f9e0670d80517
MATH-500/448,math_500,0,True,True,False,stop,stop,1274,1268,5.469757764541053,5.443997523891722,results/baseline/primary/repeat-0/MATH-500_448.json,results/dflash15/primary/repeat-0/MATH-500_448.json,3d1b8a00ac4a68fe82a15b3fd3a0d57150d4df928c7ab3b9cac1ca093b15f4a9,da6d271f35504a5e29010ff8b174dac418481b27c283de19f9fa7b244e48f124
MATH-500/449,math_500,0,True,True,True,stop,stop,316,316,6.040101659567738,6.040101659567739,results/baseline/primary/repeat-0/MATH-500_449.json,results/dflash15/primary/repeat-0/MATH-500_449.json,feed2e3262879a0d94ae80deae7e2f6a80cf3e5a076701a6e319134bcea821e4,56408d6a0d660797c87e343fdd52ae2fe952796c6ce4bf2bce1eb27c1004435f
MATH-500/450,math_500,0,True,True,False,stop,stop,1369,1019,7.194451750779097,5.3551105434944475,results/baseline/primary/repeat-0/MATH-500_450.json,results/dflash15/primary/repeat-0/MATH-500_450.json,c2f187cf6934fd82140f315841355d5d3755fe32271808bd0258496caee56dd0,8ad7ccaf82e01a286ddbe17b78a6e9219f259c4d60c31ce320576f1e922ce699
MATH-500/451,math_500,0,True,True,False,stop,stop,619,652,4.27969206356407,4.507850121880088,results/baseline/primary/repeat-0/MATH-500_451.json,results/dflash15/primary/repeat-0/MATH-500_451.json,e96d2bd43398b03b59b398ff53f0632da8fdb7bbba397336949575e94c4e2cf7,fce6ba5878a475d4ec4f146fea64fe2c9e0049feefc88baea3978102e88057db
MATH-500/452,math_500,0,True,True,False,stop,stop,798,798,5.215046901678548,5.215046901678548,results/baseline/primary/repeat-0/MATH-500_452.json,results/dflash15/primary/repeat-0/MATH-500_452.json,667ed112a84747384ab3f61a170c823ab52d58271d7615ded53b9f79ad52fcbf,6cd021fbd1fa04c737633a57905283a66ddfcc0f1120e928863270494b690086
MATH-500/453,math_500,0,True,True,False,stop,stop,626,574,5.256395024919543,4.819761572370316,results/baseline/primary/repeat-0/MATH-500_453.json,results/dflash15/primary/repeat-0/MATH-500_453.json,8ee7d52abca12494973d9eeb99c58010ec0092ed188cdf7eabccec44f5c74e20,ed22d30431eb6682375bb85f470ec337eaa4f6920a1f9687080a29239f03b8b2
MATH-500/454,math_500,0,True,True,False,stop,stop,1428,1731,5.813123230631851,7.046580050576845,results/baseline/primary/repeat-0/MATH-500_454.json,results/dflash15/primary/repeat-0/MATH-500_454.json,8adcc69146ea84d15619c0a831880dd790816806e3f31927225d55cfb20319e4,93eabe699c8aa8b15168324aed73c33956b81563c3013e04a9e8e12376b07589
MATH-500/455,math_500,0,True,True,True,stop,stop,397,397,4.019090515959763,4.019090515959763,results/baseline/primary/repeat-0/MATH-500_455.json,results/dflash15/primary/repeat-0/MATH-500_455.json,86c264343448e7047c592c6e2cb75e4ccb27454b5f70c038b34f5d0dc6cf627a,bc96ff587d4686735ade00a5276650549bba632063b11bb20ab2bf51a5145db9
MATH-500/456,math_500,0,True,True,True,stop,stop,1593,1593,5.303835272284457,5.303835272284457,results/baseline/primary/repeat-0/MATH-500_456.json,results/dflash15/primary/repeat-0/MATH-500_456.json,50f6a2f4481106f037ca54db92d2703fe6da8d4b600759b12632bb652684fa4f,20f8fec6c9dddbd7fc9c4b60274c1533580307c74569a46379a8f04712e647bb
MATH-500/457,math_500,0,True,True,True,stop,stop,141,141,3.873026366987955,3.873026366987955,results/baseline/primary/repeat-0/MATH-500_457.json,results/dflash15/primary/repeat-0/MATH-500_457.json,ce6f8824453d4168fe8d4df37a7849ba9d615fd76000eaf98f797cf69b95980e,1dec513f167722c1c57c290eefbb01512213ce08a9b9396cefd93d5d4ec037d9
MATH-500/458,math_500,0,True,True,False,stop,stop,1186,1106,4.611579897153526,4.300512113197133,results/baseline/primary/repeat-0/MATH-500_458.json,results/dflash15/primary/repeat-0/MATH-500_458.json,9211f21fe10ba9249c833156f900e471eb3a74801552f4aee129245e63473768,0bc9f8e923cf3178e00690375cdbe4a7e718120800d0a43887224cc961867261
MATH-500/459,math_500,0,True,True,False,stop,stop,889,909,6.321687569692951,6.463907762486944,results/baseline/primary/repeat-0/MATH-500_459.json,results/dflash15/primary/repeat-0/MATH-500_459.json,2c33b1472aa6b96825748472ec02dcaf01b9740613eed8602b62d970a147494b,e55ce22b86bc37bc69c6b47b955f929145c32881a29b09c4e67073623064fd5f
MATH-500/460,math_500,0,True,True,False,stop,stop,1699,2207,2.8278040933471886,3.6733158528647705,results/baseline/primary/repeat-0/MATH-500_460.json,results/dflash15/primary/repeat-0/MATH-500_460.json,3668d64b90f811723e8c3fe4edc57c6e6b4616e51816f224750c17899c844d91,8bda6d1df9db26a91e41c37cb020c5f0e5b0ac8dd383affcb3afbe4daf2aa23e
MATH-500/461,math_500,0,True,True,False,stop,stop,983,993,6.0112995793543105,6.0724521691748015,results/baseline/primary/repeat-0/MATH-500_461.json,results/dflash15/primary/repeat-0/MATH-500_461.json,a23f9d5d1c887f9eebf3e44db491b2334eb376a72624428226090a682c158b93,bdca368edba9453e5d3229bfc4a54843c5a435c99e434bc0f9869e9fc173e197
MATH-500/462,math_500,0,True,True,False,stop,stop,844,908,3.8614689466919967,4.154281757815561,results/baseline/primary/repeat-0/MATH-500_462.json,results/dflash15/primary/repeat-0/MATH-500_462.json,02171bf1e3ff1e0970e161bbf4005ab765ceb4c1873922c7ca38ea62c08a5536,9a494a9bd086a73dee3b83ca17628567b09183879a6d35786f393a76f4bcefee
MATH-500/463,math_500,0,True,True,True,stop,stop,367,367,4.905321565682771,4.90532156568277,results/baseline/primary/repeat-0/MATH-500_463.json,results/dflash15/primary/repeat-0/MATH-500_463.json,f5809c5c682b0c59b8d816eaef01278303cfbbade2519a0ace0aab349ae5f7f9,b77d732d0d9f7eb336b6ef1c37e0333b4472603afd52dd503055030d7bcae689
MATH-500/464,math_500,0,True,True,False,stop,stop,1218,1239,4.546391608520487,4.624777670736358,results/baseline/primary/repeat-0/MATH-500_464.json,results/dflash15/primary/repeat-0/MATH-500_464.json,288306896480b7843c4c664ae9d9b47736c85cf9775161d3fe321cefcb51e498,495be00dcc935f74a6ac3292b329ae81350c1257e1f28c1a8e49ebfe467f0550
MATH-500/465,math_500,0,True,True,True,stop,stop,788,788,5.6882502136588435,5.6882502136588435,results/baseline/primary/repeat-0/MATH-500_465.json,results/dflash15/primary/repeat-0/MATH-500_465.json,49c680ed759323d19a9e25eafe4cf1535d23d8e1a93b843860a60850467a3284,b844ad284589a94eff42dea6ee2b3e45e4cee3516d96698be2b210a74464e0e0
MATH-500/466,math_500,0,True,True,False,stop,stop,1548,1525,4.978201696385304,4.904236167304644,results/baseline/primary/repeat-0/MATH-500_466.json,results/dflash15/primary/repeat-0/MATH-500_466.json,173de83fb20b6b7733561353ecfdbd2b0c709a86cd6e8e9e80691b52ec2257a1,6990f60cce22e3ac350a6ccf61553e2a480197cb307c7dcabaef8baefcf803a5
MATH-500/467,math_500,0,True,True,False,stop,stop,581,581,4.592512480465906,4.592512480465906,results/baseline/primary/repeat-0/MATH-500_467.json,results/dflash15/primary/repeat-0/MATH-500_467.json,b3bc3bee80aebc4d742af4bc0f55f162b0616a4ded7013d979f47634f234f6aa,a3705aabeafb09e5c5ab9cd5e7c5e0fbdf002504e735412a9f25fa4aaf047094
MATH-500/468,math_500,0,True,True,False,stop,stop,519,519,4.436993223893613,4.436993223893613,results/baseline/primary/repeat-0/MATH-500_468.json,results/dflash15/primary/repeat-0/MATH-500_468.json,36a8233de27a7efb70cec3d8f2c0f2958d7173bb7fc319a471b7ffff3ac84f7c,081e1a9e2e0c0c78fbc0ab46223a58221f64f133db3aeffc079f8ec569a9b27f
MATH-500/469,math_500,0,True,True,True,stop,stop,303,303,5.3897169822601505,5.3897169822601505,results/baseline/primary/repeat-0/MATH-500_469.json,results/dflash15/primary/repeat-0/MATH-500_469.json,04cf31165c37818330c3249d5d65d954107123ee6e62a68adcebfbf0deba3782,4c670c8518fa288594ae7ef211e1b80356aa4e7c33c9cf31c25c181db51c005b
MATH-500/470,math_500,0,True,True,True,stop,stop,1377,1377,5.713780544593083,5.713780544593083,results/baseline/primary/repeat-0/MATH-500_470.json,results/dflash15/primary/repeat-0/MATH-500_470.json,b35bd6abe2989374326fdabf82161d156d7fc6163c76022f1abccc607464d4bd,6259a2be6c9ae1efacb31a3721d9cf5aff6866baed2678166e3c05ae4289a6d9
MATH-500/471,math_500,0,True,True,False,stop,stop,351,347,5.415288508616111,5.353575819059232,results/baseline/primary/repeat-0/MATH-500_471.json,results/dflash15/primary/repeat-0/MATH-500_471.json,366cf1d786e29d17071b095ec5f27e95fd67a4fd79b8035a7e4f90c8d10126f6,6838493e7b4fcc8ea4302323cc9ff85fcdfa20d32c94896752728f99874a0264
MATH-500/472,math_500,0,True,True,True,stop,stop,426,426,5.497247940135332,5.497247940135332,results/baseline/primary/repeat-0/MATH-500_472.json,results/dflash15/primary/repeat-0/MATH-500_472.json,f90b316c386309fa2119e47e1f7f3584fb0a9e830c93ab41522dd583f9058e96,156ff46118386a425cfd4c930aee89d2197e9f76b4f78a7e03da90737778f8f3
MATH-500/473,math_500,0,True,True,False,stop,stop,1085,1128,4.310344506520782,4.481169219682435,results/baseline/primary/repeat-0/MATH-500_473.json,results/dflash15/primary/repeat-0/MATH-500_473.json,244387798e6fd380368fa3e15a498ba0d49f54f6e66c05ba23766e38ad8ea7dc,9f108297066cf08e5ab7b03c2efb338c782de02a41392fbd4e639f3076eb0e6e
MATH-500/474,math_500,0,True,True,False,stop,stop,799,786,5.649559053265221,5.557638818356025,results/baseline/primary/repeat-0/MATH-500_474.json,results/dflash15/primary/repeat-0/MATH-500_474.json,51c19129b5eb6dd0816c921b5a9d1ce0655a2b0df3bcdd4ad224b4ea18939a16,2e101c156c1354fc978c70300fc2cefaf81b7e0668afe4229804df63a1fe2a31
MATH-500/475,math_500,0,True,True,False,stop,stop,2384,2550,4.556740085349217,4.874029873171352,results/baseline/primary/repeat-0/MATH-500_475.json,results/dflash15/primary/repeat-0/MATH-500_475.json,b0f6b498dcf8043da82e45baaeba61a65e9a0923897ee62daebff77b711ffab9,701b6cd062d83e127c6a141f274fda0f5c45707df5a3088b58e62c46f8c2cc65
MATH-500/476,math_500,0,True,True,False,stop,stop,538,535,4.948383122108587,4.920789907673037,results/baseline/primary/repeat-0/MATH-500_476.json,results/dflash15/primary/repeat-0/MATH-500_476.json,219b4bb3ebf95000489242764bf27abe5591b509c62edce9823e5e224f9130db,d63a4c5b66f59b78f06bb5b4929b0b99cc862aa9748f803451b932d4994fb7d6
MATH-500/477,math_500,0,True,True,False,stop,stop,902,907,4.7188140382426775,4.744971543997903,results/baseline/primary/repeat-0/MATH-500_477.json,results/dflash15/primary/repeat-0/MATH-500_477.json,d9400d6047cfa51fde5e6d46940538d392ccca339f79ef346ae6fadc8b7061da,4fd6273f1349f4350a7b934eba7f50d5cf475efe69d71a0c5e0c0a8f842f5cde
MATH-500/478,math_500,0,True,True,False,stop,stop,2096,2087,4.754777807935054,4.734361300171974,results/baseline/primary/repeat-0/MATH-500_478.json,results/dflash15/primary/repeat-0/MATH-500_478.json,0d6d0c405ca3c03ae61b6673166c1fb9409e2b3c6105e0910b7bda6f1dbee544,1d6d89ea07b3363b7ce7edd934e24dee1c92b787f3bf3846b73427aed5e52b4b
MATH-500/479,math_500,0,True,True,False,stop,stop,727,749,4.276018912751341,4.405417009148217,results/baseline/primary/repeat-0/MATH-500_479.json,results/dflash15/primary/repeat-0/MATH-500_479.json,12f79c969a13a2f05e437ec39823afeb630d23b9d7da1b41618466d31aecee9b,b94c4205a884b419f048fd532304b79e5e90757d46f6eedc1a8aa1a2d8686dde
MATH-500/480,math_500,0,True,True,False,stop,stop,1228,1432,4.66758229056403,5.442978697139814,results/baseline/primary/repeat-0/MATH-500_480.json,results/dflash15/primary/repeat-0/MATH-500_480.json,6db9659f150e7323ebe7373c6600ac113c8634769b267ee79e2401b7cb94cd4c,edd9a0ac6cc2050982ff3791c4367e9ced01e5224fcd046fa0bbe7ef1f56abdd
MATH-500/481,math_500,0,True,True,False,stop,stop,2134,1755,7.40414789077801,6.089165673999721,results/baseline/primary/repeat-0/MATH-500_481.json,results/dflash15/primary/repeat-0/MATH-500_481.json,e06759a403187753ff4045b8d90a783dcb14ed78a85668dcf2be4b421e6b847c,58c802f1349160f43de0a1d5e00b61adac33bd395314a9a7239c163dcd384ff8
MATH-500/482,math_500,0,True,True,False,stop,stop,917,1135,3.865932544575995,4.784987391596243,results/baseline/primary/repeat-0/MATH-500_482.json,results/dflash15/primary/repeat-0/MATH-500_482.json,aefaa8b7ede0b85f0330c3adeefb4163326b29949438ea848d0b707c4a3a8ca9,920c9ad13f2079a483c8dcdb693d3f6e17a9379d7f44d5684c754334e9b4036f
MATH-500/483,math_500,0,True,True,True,stop,stop,1541,1541,6.445170699159678,6.445170699159678,results/baseline/primary/repeat-0/MATH-500_483.json,results/dflash15/primary/repeat-0/MATH-500_483.json,3dbf0ea857acdbff0a2b0c6696471f811c5e5d46b33cd23d2333d547cf556ce7,f8735a1c5eb332b5a5d290f958f414f3d8017d49b6827980d4f9f45c55bc3d44
MATH-500/484,math_500,0,True,True,True,stop,stop,1516,1516,5.66304028094249,5.663040280942489,results/baseline/primary/repeat-0/MATH-500_484.json,results/dflash15/primary/repeat-0/MATH-500_484.json,1ae9bb84f88fed20c1246a0b2eca6e0f16891127d0df88995a71f5dab184ba5e,e46e77c8ed03f17099d2efb94aaea0c6fc0cce2f9bba865c026cc77bc3aa2131
MATH-500/485,math_500,0,True,True,False,stop,stop,2683,4696,1.9704023133301694,3.4487548503162415,results/baseline/primary/repeat-0/MATH-500_485.json,results/dflash15/primary/repeat-0/MATH-500_485.json,6be172c321379fedb42e2180594b744d8f4e7ead35e86a9267882035624a646e,053934e5d175b56ea31f674b92e3c28193d2b39cbc4b98ef845a2ec92fab59cf
MATH-500/486,math_500,0,True,True,False,stop,stop,394,386,3.9747156007259528,3.8940107154320245,results/baseline/primary/repeat-0/MATH-500_486.json,results/dflash15/primary/repeat-0/MATH-500_486.json,f22fe67cb1f512794685ce0944703d2d6cda60e33e3b79499b3884f58fc3264b,4684c48374bfd14842d1fd2a3f904fa54312113240496b8b2f6072ba79dd5c43
MATH-500/487,math_500,0,True,True,False,stop,stop,493,689,3.9083649999091685,5.462197738209771,results/baseline/primary/repeat-0/MATH-500_487.json,results/dflash15/primary/repeat-0/MATH-500_487.json,5d4c58845836e21bb1ffb05a28dd61ba73fc0c13340e595d6334131635a5f3cb,91e988ac9aebd61d3f2a864d69284dd885b1d1a034e90e4237290202edab1ac7
MATH-500/488,math_500,0,True,True,False,stop,stop,450,450,5.294588182391627,5.294588182391627,results/baseline/primary/repeat-0/MATH-500_488.json,results/dflash15/primary/repeat-0/MATH-500_488.json,cb5fa07af0110aaa26c860a232ea252ea10a160da1de44b612970e51d5884949,134fce4f40b1cdd09c8b3c69ee752b2ff17c1e33f6da52080bf8f2ea37853880
MATH-500/489,math_500,0,True,True,False,stop,stop,1033,1023,4.914440131717567,4.866865687073641,results/baseline/primary/repeat-0/MATH-500_489.json,results/dflash15/primary/repeat-0/MATH-500_489.json,14bbc9968e55c83dc3b4ddbf034286a97ec3cf8da14142775fae8124014a8a0e,f198606c597c7e1eb154f56c5e0b16a601d55ed754e522e161771e649731cfa9
MATH-500/490,math_500,0,True,True,False,stop,stop,5029,6431,3.1198741281627425,3.9896421790046923,results/baseline/primary/repeat-0/MATH-500_490.json,results/dflash15/primary/repeat-0/MATH-500_490.json,6137f70091a84f886b0eb41a079fffed7d26b2574c069d02a7f8adb507bde8a0,be3d631c0dc699e019b4e8e1686daeac39ac45687ad86ae8247df255639c6b10
MATH-500/491,math_500,0,True,True,False,stop,stop,568,571,4.0917128690462,4.113324028565811,results/baseline/primary/repeat-0/MATH-500_491.json,results/dflash15/primary/repeat-0/MATH-500_491.json,ea131f267e7244f2657a3bebad724cde83548b2a0ca380fb9f2e8f212a42b0e8,ab29bad7101f6004df049755840a384e9e2609ff7d2c43ea07f834d247abd949
MATH-500/492,math_500,0,True,True,True,stop,stop,634,634,5.970216165083632,5.970216165083632,results/baseline/primary/repeat-0/MATH-500_492.json,results/dflash15/primary/repeat-0/MATH-500_492.json,5bc183cf797b18a161468ee4fd0c78e149a0305270d871ff79e5fb14ef900cb4,56c02a7705e6b224781b7c8c6a092931969c2ff088183b9a2f2cbea102eb16f5
MATH-500/493,math_500,0,True,True,False,stop,stop,850,850,6.978659102401802,6.978659102401802,results/baseline/primary/repeat-0/MATH-500_493.json,results/dflash15/primary/repeat-0/MATH-500_493.json,f742ff1824128f8d0084323dde7564bc0ff4c1966b42b5152335ed011a01f0e2,f450e724ab803ae914d77009abdb4e07a138289258e65a8c64d8f0e462f555b8
MATH-500/494,math_500,0,True,True,False,stop,stop,2943,3151,4.487627014937089,4.804795353063801,results/baseline/primary/repeat-0/MATH-500_494.json,results/dflash15/primary/repeat-0/MATH-500_494.json,6fe604035e39f250537d208b9cb5870c720721bf233a5f7b11587590b4018949,b55102923d5a34c73c9e8886e45e90d8b17faed054c3ec7510a5a99dcfac536f
MATH-500/495,math_500,0,True,True,True,stop,stop,812,812,4.870679751371715,4.870679751371714,results/baseline/primary/repeat-0/MATH-500_495.json,results/dflash15/primary/repeat-0/MATH-500_495.json,19956f302da3df932743b4922e1d0eb58e0116e4ec9ec863f008623bdc2e7276,7d36c3b36c43bb73f95a5f3d482262200790d0ea3e06c934556f0b47ab890090
MATH-500/496,math_500,0,True,True,True,stop,stop,1218,1218,6.146088762283613,6.146088762283613,results/baseline/primary/repeat-0/MATH-500_496.json,results/dflash15/primary/repeat-0/MATH-500_496.json,4200b614b01405a48e86cf0ef4af1d7c562b0845d717aea0ac8970ba1a669e18,95beaf2321b0a84b73fa33bc7a8bc3ae44133d771c9273574eb96d6b8a2d5e76
MATH-500/497,math_500,0,True,True,False,stop,stop,4484,4786,4.703590690793554,5.020380251145841,results/baseline/primary/repeat-0/MATH-500_497.json,results/dflash15/primary/repeat-0/MATH-500_497.json,04ebd6f88e2187abaa3afea88a4523800fe6d1c26ef560757dc08e10b5c9299d,0b413a18e0c21af00e2f0a20ad797d95ac61d797cb9c0c0d8b14eb01745accc9
MATH-500/498,math_500,0,True,True,False,stop,stop,1362,1311,6.191586666793402,5.9597431131910055,results/baseline/primary/repeat-0/MATH-500_498.json,results/dflash15/primary/repeat-0/MATH-500_498.json,9c3caf608e24d7b4a14a112fb22e117162a608df8aee0da058de76892c9259d4,7c88bc639ee667826a88ce27f30af4d145b5d7cf52d0ed20963946969132b94f
MATH-500/499,math_500,0,True,True,False,stop,stop,1014,997,5.299702130690386,5.210851108775459,results/baseline/primary/repeat-0/MATH-500_499.json,results/dflash15/primary/repeat-0/MATH-500_499.json,061c011bdb8ec94faf4b60cc8841728dcb5b0c2b89b79939ad508bdff5dcf697,63df7beb1497c498ce0cd54dda8724cbc4df12c50c08050d6eb5ebedd64466e1
