task_id,dataset,repetition,reference_correct,candidate_correct,same_content,reference_finish,candidate_finish,reference_tokens,candidate_tokens,latency_ratio_reference_over_candidate,tps_ratio_candidate_over_reference,reference_record,candidate_record,reference_sha256,candidate_sha256
HumanEval/0,humaneval_plus,0,True,True,True,stop,stop,177,177,2.527603609116645,2.527603609116645,results/baseline/primary/repeat-0/HumanEval_0.json,results/mtp5/primary/repeat-0/HumanEval_0.json,5421341340a55d1e6772a93bb49fe62ed9c3be0bd6410d13fa4d119e8da07271,f82b5852d4a6f7726ecacdf3b8b607e9428b62a94a403c4f5aabf40edf56d093
HumanEval/1,humaneval_plus,0,True,True,True,stop,stop,230,230,3.7050382416417156,3.7050382416417156,results/baseline/primary/repeat-0/HumanEval_1.json,results/mtp5/primary/repeat-0/HumanEval_1.json,c3c75501db9ff8a20faffa36e3e2d3631dac97c60a75217321e68d4f3f73e1ae,f886981b3b43a2bad61468f94d316f9da7286e1f3a411b19a7fdbb17513a8743
HumanEval/2,humaneval_plus,0,True,True,True,stop,stop,97,97,3.731058847668056,3.7310588476680557,results/baseline/primary/repeat-0/HumanEval_2.json,results/mtp5/primary/repeat-0/HumanEval_2.json,502fbcee56b843fdf5ff5555306f2701c81d6dc82f8ef0bf5b31dfccbb907bbc,31c63a087b10f92a6fa680b22e7256663b6ec24283ed1dc2a125658df90833e3
HumanEval/3,humaneval_plus,0,True,True,True,stop,stop,157,157,3.7722540463831113,3.7722540463831113,results/baseline/primary/repeat-0/HumanEval_3.json,results/mtp5/primary/repeat-0/HumanEval_3.json,588340e8d0e151e911a9f92c75ad1b5dd6272523e82c01424ac5042c457b9098,1e650e369c2d8e41891b2770eb2fc4c2d646b9a9bbfca09b9f8b39bff554c50d
HumanEval/4,humaneval_plus,0,True,True,True,stop,stop,172,172,3.8687114610250135,3.868711461025014,results/baseline/primary/repeat-0/HumanEval_4.json,results/mtp5/primary/repeat-0/HumanEval_4.json,6121bb505ce8eb114faa08a944de92661464a15c7c4d48f8eee22392d3ff4c4a,f3712480632df926ceb8d68c08ecb6e4d86e4d0258eacc3bb41485474870070a
HumanEval/5,humaneval_plus,0,True,True,True,stop,stop,154,154,4.145651813001198,4.145651813001199,results/baseline/primary/repeat-0/HumanEval_5.json,results/mtp5/primary/repeat-0/HumanEval_5.json,1d024b4bcce9f79383405c4ada110d1ece12aeaecaf98afd57239afc71528d09,8ad96e909a49fbbc6a260df0527258edb2625a96335c05686f55de9ced9e1aac
HumanEval/6,humaneval_plus,0,True,True,True,stop,stop,229,229,3.787724665870415,3.787724665870415,results/baseline/primary/repeat-0/HumanEval_6.json,results/mtp5/primary/repeat-0/HumanEval_6.json,fed865312a36d450097fd80125f4066d6a3a08d99e1d1306961be1a2a9c303da,48a068a58f209f4fc8b30116c47ae28856c7a69cb421ca5505821b748efc7ac1
HumanEval/7,humaneval_plus,0,True,True,True,stop,stop,112,112,3.709489093958302,3.7094890939583016,results/baseline/primary/repeat-0/HumanEval_7.json,results/mtp5/primary/repeat-0/HumanEval_7.json,9032591c495e5bb8a47afc198e53209e8016ead3cf68de0c126d7fa983f1a062,16b45bb0cb82660aea9aba8b2b20451d8260f1c6de437a03cf1c8f7758998fa7
HumanEval/8,humaneval_plus,0,True,True,True,stop,stop,163,163,3.779816278112364,3.7798162781123636,results/baseline/primary/repeat-0/HumanEval_8.json,results/mtp5/primary/repeat-0/HumanEval_8.json,80eb8ec6a6342a5ee6e14528739a76380af47e410c0bf67d9c1e4c82bef51293,d4fceefc1c8b9e591bcaa41e6b74d70a5bf08211519da74945b83be2703d3379
HumanEval/9,humaneval_plus,0,True,True,True,stop,stop,162,162,3.6662591607607964,3.6662591607607964,results/baseline/primary/repeat-0/HumanEval_9.json,results/mtp5/primary/repeat-0/HumanEval_9.json,f0e83050e8df06587e87d861ab88c1c3d03b6883e34eba586b20cd532dd8f6ae,d626d183d5657b0ff1a6c1f9394bbb6b9d3217e1d04f5cf8ddf1eea520623a11
HumanEval/10,humaneval_plus,0,True,True,False,stop,stop,315,323,3.0091291777507188,3.0855515060745464,results/baseline/primary/repeat-0/HumanEval_10.json,results/mtp5/primary/repeat-0/HumanEval_10.json,e6f3547e85023b9c1e71ba49baee53ae08018d3a2e3e126ab419324fff7fea46,e3bc7ece4bb56d4706eca51934f8b2341d5da3ddb15d73dc19d7166c01f52757
HumanEval/11,humaneval_plus,0,True,True,True,stop,stop,140,140,3.7650672204315168,3.7650672204315168,results/baseline/primary/repeat-0/HumanEval_11.json,results/mtp5/primary/repeat-0/HumanEval_11.json,6add5db31ca938a2dbb9ef9c43542ecee03ec12db92a0ca26b737cb4b159b40f,f26d71faa23a87b77bd7770a2048efa9666d6b5c99fa0a95a534925a164359e7
HumanEval/12,humaneval_plus,0,True,True,True,stop,stop,161,161,3.5168233153163198,3.5168233153163198,results/baseline/primary/repeat-0/HumanEval_12.json,results/mtp5/primary/repeat-0/HumanEval_12.json,c15a75bb4df39cb37a0e496d81f98ad846f83235a5a2e94f9c5bb0497a85671e,c4645b923f27a85d4ed2d8cc57047413161632d527c08cb944bf60063c707316
HumanEval/13,humaneval_plus,0,True,True,True,stop,stop,109,109,3.6503421850994315,3.6503421850994315,results/baseline/primary/repeat-0/HumanEval_13.json,results/mtp5/primary/repeat-0/HumanEval_13.json,bc1b4fdd7b3d1a043b733bb7658282b09cf236fcfd1275a442a7846ee4690664,7c37d03a97399774e9fbb71816fd10a1d76220339971dba9bd35e2cea670811f
HumanEval/14,humaneval_plus,0,True,True,True,stop,stop,95,95,3.5548912375703736,3.554891237570373,results/baseline/primary/repeat-0/HumanEval_14.json,results/mtp5/primary/repeat-0/HumanEval_14.json,46aee424d3a518908eed18202d52601bfe3eb3bd36f6a864484042930e27f977,f1120dbfb0344f6ee0f8f2506f622784857c08fa13003bf3ab159296bf81b059
HumanEval/15,humaneval_plus,0,True,True,True,stop,stop,92,92,3.408982232474617,3.4089822324746164,results/baseline/primary/repeat-0/HumanEval_15.json,results/mtp5/primary/repeat-0/HumanEval_15.json,4a218fc8149ec8ae6144b058dd2813d0f861e7be7383d3e096e9f9bacab8bc87,e9907a11f3a4614f10b26079a88f4acbe71cafc4b5f6a61bce1954ae488b3519
HumanEval/16,humaneval_plus,0,True,True,True,stop,stop,122,122,3.578311098619759,3.578311098619759,results/baseline/primary/repeat-0/HumanEval_16.json,results/mtp5/primary/repeat-0/HumanEval_16.json,7e04c54ff1b88bf8e808430b2cfbb3c8fe8ae48076129cb4183721b8883828b3,65f3c35e2ebf68ff53b6012bbd6f10cec423adaf202c58b367120da40ba8fdd0
HumanEval/17,humaneval_plus,0,True,True,True,stop,stop,261,261,3.8455920334952567,3.8455920334952567,results/baseline/primary/repeat-0/HumanEval_17.json,results/mtp5/primary/repeat-0/HumanEval_17.json,66f009c5200632da99a54ea902ebf0933cd8de4afe072c947fc5e1ae39dde6bb,af4eb7ecb15f450a02beb239e067ff8e62af49d18493c80104c8a2bea851b15e
HumanEval/18,humaneval_plus,0,True,True,True,stop,stop,161,161,3.5286893133946835,3.528689313394683,results/baseline/primary/repeat-0/HumanEval_18.json,results/mtp5/primary/repeat-0/HumanEval_18.json,bb7eae9e60225596b5da68f806f5590544b95d474eb83f2f917714c74dacb77e,608705a7b9f6d1f5d315e4ed33513697d207823a797e3901f1f9ee63531f3947
HumanEval/19,humaneval_plus,0,True,True,True,stop,stop,254,254,3.7060756163133437,3.7060756163133437,results/baseline/primary/repeat-0/HumanEval_19.json,results/mtp5/primary/repeat-0/HumanEval_19.json,748868ff698c53065e23b0be8cab19375da7b32de9bb73e84a4321140619d84b,0d864e09ed6e36dc23ab564dda5247ad152ec10d3191a03e40d32602e067b1f7
HumanEval/20,humaneval_plus,0,True,True,True,stop,stop,309,309,3.714963392810183,3.714963392810183,results/baseline/primary/repeat-0/HumanEval_20.json,results/mtp5/primary/repeat-0/HumanEval_20.json,d81f1284d5fc7570c6a0453f2208f104c0301c466d7faa04015261f903aa69f7,c502cbe252763a2a528fc7479f1a37769a2b414977e1dacf9e07ae362500ec05
HumanEval/21,humaneval_plus,0,True,True,True,stop,stop,193,193,3.84799830158226,3.84799830158226,results/baseline/primary/repeat-0/HumanEval_21.json,results/mtp5/primary/repeat-0/HumanEval_21.json,5cee0f38dcb00aad81ed448333d2fccfa65b9edd405af4cf0d137b0159c4bc79,ac8db947cf2841cb64624990bc50b9ed9ecb892caf135730aa2a7628ea028da3
HumanEval/22,humaneval_plus,0,True,True,True,stop,stop,119,119,3.6158346249809625,3.615834624980962,results/baseline/primary/repeat-0/HumanEval_22.json,results/mtp5/primary/repeat-0/HumanEval_22.json,9a6b81bea8dca52dfb7566643846f2f8a43937c08f32d9288aee5716fc8c2a02,6967c17695dbd3b70b0804dfb7a594837ee9ed135f10c82f5f067dad6495c238
HumanEval/23,humaneval_plus,0,True,True,True,stop,stop,53,53,3.472908742621205,3.472908742621205,results/baseline/primary/repeat-0/HumanEval_23.json,results/mtp5/primary/repeat-0/HumanEval_23.json,689a58bdc944655d2a028df645a1135bd53813d8c486221e7ec8972e2f927446,83172a40d8f7e44ba6dadd3311ddd397b40c8375e148b5245df525954b303373
HumanEval/24,humaneval_plus,0,True,True,False,stop,stop,136,134,2.7523937097180866,2.711917331633997,results/baseline/primary/repeat-0/HumanEval_24.json,results/mtp5/primary/repeat-0/HumanEval_24.json,8cf22ffc98a19c318e14ed63746608b8c18b4e319727ac9d4de695ee635f10e3,678d5df44c1fccadea406ee848d62e0cf175e250fa5117c04a6589504c4457b6
HumanEval/25,humaneval_plus,0,True,True,True,stop,stop,215,215,3.948332663054042,3.948332663054042,results/baseline/primary/repeat-0/HumanEval_25.json,results/mtp5/primary/repeat-0/HumanEval_25.json,ebc3a942cc202f2fd9f401c05b46a555b21947818d92527d7d412ad339f20ab2,04ad84aae9933303fdddf13c3ea476fc7219076b799ab1d75cafa2977c89b620
HumanEval/26,humaneval_plus,0,True,True,True,stop,stop,141,141,3.540583925831823,3.540583925831823,results/baseline/primary/repeat-0/HumanEval_26.json,results/mtp5/primary/repeat-0/HumanEval_26.json,21189dbeba2291cd87764ea8d43b3b5ef131b665bd73cf1e1d679db8028ff79b,b5a9205b2229d07a644c5334373105f487cb38ab20ef7e33ccffb0e5a58daa22
HumanEval/27,humaneval_plus,0,True,True,True,stop,stop,58,58,3.4188490831228076,3.4188490831228076,results/baseline/primary/repeat-0/HumanEval_27.json,results/mtp5/primary/repeat-0/HumanEval_27.json,f8f5fb0b7e422b902637517a977c3f74760adb2f7c71ddd0e91bdb4f0f332261,a3927595665dc9fa8d787ed5ba677fd1d1dd1b3b86541755c2c4a8ea56f3d138
HumanEval/28,humaneval_plus,0,True,True,True,stop,stop,70,70,3.544408447021677,3.5444084470216763,results/baseline/primary/repeat-0/HumanEval_28.json,results/mtp5/primary/repeat-0/HumanEval_28.json,f0ed2779e7171aa4225fd117ff2db6b638d66da5ef348b6142e99527d9f94221,df81ab97e204219e54444a66edeac1fd367d74006d3ad1e2ce24667323861a52
HumanEval/29,humaneval_plus,0,True,True,True,stop,stop,107,107,3.735605322607755,3.735605322607755,results/baseline/primary/repeat-0/HumanEval_29.json,results/mtp5/primary/repeat-0/HumanEval_29.json,395b72f05ed59daf7146cb13adb24d28acb29b45f8f3640fd38c55996c4452e9,13280920b34b1d3d0676e87373ce6b4eaa5b0aa5e11b2a7449d2dbaac83721ec
HumanEval/30,humaneval_plus,0,True,True,True,stop,stop,139,139,3.7309332905542583,3.7309332905542583,results/baseline/primary/repeat-0/HumanEval_30.json,results/mtp5/primary/repeat-0/HumanEval_30.json,c30e298de6da74f8749d87b5caa0b9d25908126a8da58f6eb059c97726d49f51,34b43a6a1d98b24868c2393958e3f5c4dbc835881f49c62b23ff2e3e8bcbc99b
HumanEval/31,humaneval_plus,0,True,True,True,stop,stop,193,193,3.9595679791992744,3.959567979199275,results/baseline/primary/repeat-0/HumanEval_31.json,results/mtp5/primary/repeat-0/HumanEval_31.json,442b970eed9a9fa4ffa82d91a5802c0f02bcdf75644a1a5921ecafe01f69883f,9fe777dd18f1cfdfb51d400ad8952eb1a7cc9b49801d907af74e5a4741f8d262
HumanEval/32,humaneval_plus,0,False,False,False,stop,stop,702,838,2.71664885383302,3.2429511958861412,results/baseline/primary/repeat-0/HumanEval_32.json,results/mtp5/primary/repeat-0/HumanEval_32.json,309293cb51417afb7d11be2ec059c0bc47f147f1e26869bc1e1318fe7cd06361,fe80b5157fc0335ea8475e0fb813de61dbd3fd87effd00693ce4c1ff17563246
HumanEval/33,humaneval_plus,0,True,True,True,stop,stop,285,285,3.5579017861961177,3.5579017861961177,results/baseline/primary/repeat-0/HumanEval_33.json,results/mtp5/primary/repeat-0/HumanEval_33.json,c36c0df320eb0508a69620c1732c80bfb0575a72064188e3a192055ba778f366,e153e669bbb3e524014f41d221395aa7c02e29d4863bf6a50fe2692c14e60eb8
HumanEval/34,humaneval_plus,0,True,True,True,stop,stop,87,87,3.5944340315234835,3.594434031523484,results/baseline/primary/repeat-0/HumanEval_34.json,results/mtp5/primary/repeat-0/HumanEval_34.json,8ff71681f3359e450950715a8a07f33810a273238671981d26f51cafb7ef5d09,19c9c28e8ade863a097e99bc95dc1a68e6e3764c097881ea94746da40d37fe95
HumanEval/35,humaneval_plus,0,True,True,True,stop,stop,97,97,3.769821001817673,3.769821001817673,results/baseline/primary/repeat-0/HumanEval_35.json,results/mtp5/primary/repeat-0/HumanEval_35.json,5ed6b1c4e966c77b34783353e18be9a0063aeefd03202b41a0928f28c53dab56,8529fb000b18e2642cc19d601382968b58c31d9bfc403bc8474fa562232ebedb
HumanEval/36,humaneval_plus,0,True,True,True,stop,stop,142,142,3.830282965434839,3.8302829654348387,results/baseline/primary/repeat-0/HumanEval_36.json,results/mtp5/primary/repeat-0/HumanEval_36.json,d7604048c5373f3ab2f4d66318089e37d619f9a8b49e22c4214ff0e94cea7885,38c682abfcd8bae588559febdb73a88acecd0250cc632afbac57f26de86bbaf2
HumanEval/37,humaneval_plus,0,True,True,True,stop,stop,225,225,3.502568588142222,3.502568588142222,results/baseline/primary/repeat-0/HumanEval_37.json,results/mtp5/primary/repeat-0/HumanEval_37.json,346b18ec10d67d32fe52e7135a47c6dce283754ebb736ce4a3c0ea8692b18e91,4e0301a9cad1fca10d5c9e0b71caf2e81dfc04a2ab4fc95406cccade3cdbd29c
HumanEval/38,humaneval_plus,0,True,True,True,stop,stop,388,388,3.124209803175282,3.124209803175282,results/baseline/primary/repeat-0/HumanEval_38.json,results/mtp5/primary/repeat-0/HumanEval_38.json,1bfc9743b1e477ccfd8fc8caee5b0d2bedf51be5ca5c079f9e27a9b497f5585e,a312d5bcfd0fa51fcaf9c07b80664b81f9d31c5dfa257dd07bd59af54fe4c13a
HumanEval/39,humaneval_plus,0,False,False,True,stop,stop,278,278,3.6831380560989686,3.6831380560989686,results/baseline/primary/repeat-0/HumanEval_39.json,results/mtp5/primary/repeat-0/HumanEval_39.json,a62d21941662bea6ea95647bc2ead26e8f29bd095d56ed6853ee906164838fe3,0013ac83fc11af5f57d56eb3a4378d1dcd2fe011ccca064c5c9935f4fc1348ff
HumanEval/40,humaneval_plus,0,True,True,True,stop,stop,292,292,3.301984837330603,3.3019848373306027,results/baseline/primary/repeat-0/HumanEval_40.json,results/mtp5/primary/repeat-0/HumanEval_40.json,c8ddfd4d5f8b865dde0e773b3edad1e9b64cd70f7b0dcae5e51d4941acb98e67,27c190234f8e0488e9d59726084d79fad047c1987be589e4fcc774b814068956
HumanEval/41,humaneval_plus,0,True,True,True,stop,stop,240,240,3.3535968644977863,3.3535968644977863,results/baseline/primary/repeat-0/HumanEval_41.json,results/mtp5/primary/repeat-0/HumanEval_41.json,c4e27032aff9c11804f2048387d7e73bf4d3e4dbdac62e9645ccb53bd9697307,7021fdc3ca817a13a8d87709b5a3af381d974da5b8477f09bafd60a88de7c7e7
HumanEval/42,humaneval_plus,0,True,True,True,stop,stop,132,132,3.6969590780628176,3.6969590780628176,results/baseline/primary/repeat-0/HumanEval_42.json,results/mtp5/primary/repeat-0/HumanEval_42.json,52e9db501ffafc3ea08f450c25c205c7f6b8fb4ca702286db4e7e8ba8cd51e6e,abb9b6e73fb746ccbff8d84aa2065fa37eb681649df01f9e4f1d864dd91da8e1
HumanEval/43,humaneval_plus,0,True,True,True,stop,stop,201,201,3.885233543973166,3.885233543973166,results/baseline/primary/repeat-0/HumanEval_43.json,results/mtp5/primary/repeat-0/HumanEval_43.json,955d104b20a80362c929dfc2eb48150bfa9db9108e37cd375dbf18e56f1b72af,c77b9d81aef3957175dd1699a726e8114fb581d3a1996c57302bfe9381bfe466
HumanEval/44,humaneval_plus,0,True,True,True,stop,stop,158,158,3.691691264281549,3.691691264281549,results/baseline/primary/repeat-0/HumanEval_44.json,results/mtp5/primary/repeat-0/HumanEval_44.json,e2f863c1aa51f2e8ca8e81dbe0d49f32ff64e20d13dc015ceaf2ba570078b619,a9e81f717e40b7f4fa440b7bb883490b6180c9a5be1404e7597525511ef968e4
HumanEval/45,humaneval_plus,0,True,True,True,stop,stop,60,60,3.5451536139037496,3.5451536139037496,results/baseline/primary/repeat-0/HumanEval_45.json,results/mtp5/primary/repeat-0/HumanEval_45.json,5ebccf76ee88190f5018edda3d16139afe87295d3bf3a227e78976697087ea99,3e1d38e9faa106a2aa2e8895e3c213f0a7f7f3729f8aa168d668b9e7239c6b1f
HumanEval/46,humaneval_plus,0,True,True,True,stop,stop,372,372,3.7746500540702,3.7746500540702,results/baseline/primary/repeat-0/HumanEval_46.json,results/mtp5/primary/repeat-0/HumanEval_46.json,cc739ff359097199d9c6cc4e715e4e16b9d8a0f0ac4c8cf3996fb25ffa6e7cef,611ff6652c36f122f3538f6ecd3f4dd4f916ae5127b262c6cdf5762da41ef55f
HumanEval/47,humaneval_plus,0,True,True,True,stop,stop,169,169,3.597126678361079,3.597126678361079,results/baseline/primary/repeat-0/HumanEval_47.json,results/mtp5/primary/repeat-0/HumanEval_47.json,e3e122c476f2652e339a9814c42d047d52e605fd94c672a335d4796bccd0d804,883c71503fd2b4766824743525a72c89878be02102e08d355c5513cb230f8ed4
HumanEval/48,humaneval_plus,0,True,True,True,stop,stop,87,87,3.5925960822568017,3.5925960822568017,results/baseline/primary/repeat-0/HumanEval_48.json,results/mtp5/primary/repeat-0/HumanEval_48.json,35f3ad98836598a299bb8570b9f8e2d266724a8c3f03b840b458506c30496f9a,b0d2bbaee15d26af0fb81466736f31c7ca5623b17cacd6d5a4292e51658de635
HumanEval/49,humaneval_plus,0,True,True,True,stop,stop,134,134,3.743327942116934,3.7433279421169345,results/baseline/primary/repeat-0/HumanEval_49.json,results/mtp5/primary/repeat-0/HumanEval_49.json,d7c0761cf74ac0d709f1b296bcb618db8f03e12df9993dc9ad4cac27162fa95c,e3df3dc155daf0eb437e6b5227c9203e4ca35e89cf3b5167db24b7dd9670602f
HumanEval/50,humaneval_plus,0,True,True,True,stop,stop,133,133,3.8977180225143404,3.8977180225143404,results/baseline/primary/repeat-0/HumanEval_50.json,results/mtp5/primary/repeat-0/HumanEval_50.json,9953cb8a1a468436f241235040873c55087b0bc41b91a8c41b33fc3fb5ffeaa7,6e4cdb03e77f869853a20838f1e25fc1c4ae857c17aaed345c37128894d417e0
HumanEval/51,humaneval_plus,0,True,True,True,stop,stop,166,166,3.738706793190997,3.7387067931909974,results/baseline/primary/repeat-0/HumanEval_51.json,results/mtp5/primary/repeat-0/HumanEval_51.json,a3b456a820ca7a3a2ad17708742863ea06010ac099beac20e1eab33498614fec,8b0e3205e7f15487f56b88f090cc60ee978d535b4c6ea762cb3fe4806942c085
HumanEval/52,humaneval_plus,0,True,True,True,stop,stop,100,100,3.690014965232873,3.6900149652328733,results/baseline/primary/repeat-0/HumanEval_52.json,results/mtp5/primary/repeat-0/HumanEval_52.json,37a4f0483f1cbc38e21690e99bd13cc3b6614e9bcdcf92fa9d62bca98ef76f14,7baeed243ef60ea233b0ccd5494e8c499e2b1bfecd4881192984deff84a293ea
HumanEval/53,humaneval_plus,0,True,True,True,stop,stop,63,63,3.452742092690451,3.452742092690451,results/baseline/primary/repeat-0/HumanEval_53.json,results/mtp5/primary/repeat-0/HumanEval_53.json,9746019de725096b7a65e84f26e4406d6990ce94f60e3ad303547890fd898969,1008024d55d691421b140d16a98f0ba870e50a9f4956e54cd25c54b6214597f1
HumanEval/54,humaneval_plus,0,True,True,True,stop,stop,161,161,3.5121078527077048,3.5121078527077048,results/baseline/primary/repeat-0/HumanEval_54.json,results/mtp5/primary/repeat-0/HumanEval_54.json,f78f4daebe85d2dfbac1849d09a6e1c65271adb54350abc46a5060ba7d91d1f7,393f1c8a2ee7d5e9955a8652d0b123b8c8edba1f8c7e0be48b6912d884ed3608
HumanEval/55,humaneval_plus,0,False,False,True,stop,stop,143,143,3.7419972456164676,3.7419972456164676,results/baseline/primary/repeat-0/HumanEval_55.json,results/mtp5/primary/repeat-0/HumanEval_55.json,5c81c65ae9aadbc9b37c3f008ef3549bfa0230c134b94e461f68f79183a5b88a,937f910fdf485a9249b6a42bdf17544e8f4fb27af79c4facd11637dd2c5a8892
HumanEval/56,humaneval_plus,0,True,True,True,stop,stop,157,157,3.9279265192515407,3.9279265192515407,results/baseline/primary/repeat-0/HumanEval_56.json,results/mtp5/primary/repeat-0/HumanEval_56.json,19ef83dfc7fbae0eb3561822f8c4975e17360341a044d56e1c977419f6ed3141,420fc7fd1f1535236dc9d3804ca3fcf527d10ff88821bf1c5d92422c1c04089a
HumanEval/57,humaneval_plus,0,True,True,True,stop,stop,192,192,3.742589528342056,3.7425895283420565,results/baseline/primary/repeat-0/HumanEval_57.json,results/mtp5/primary/repeat-0/HumanEval_57.json,a49ab6b5808e8ad1eb756bd5118794e15fae19ee205c42f00d7b4a453884efb2,7c98fd6de53c7391a8c5e28bff83bb82f514be0012f55fadf4c623a6b7be0c55
HumanEval/58,humaneval_plus,0,True,True,True,stop,stop,165,165,3.71627018977322,3.71627018977322,results/baseline/primary/repeat-0/HumanEval_58.json,results/mtp5/primary/repeat-0/HumanEval_58.json,f1d0e7afb87e60be6429ee864ad715e3576ac7d6bcd6ce2830228f252e693b14,9421875c3b125a5337958e518d9d25aed7110dacc141938813883e839a4100a7
HumanEval/59,humaneval_plus,0,True,True,True,stop,stop,204,204,3.4203871925739078,3.420387192573908,results/baseline/primary/repeat-0/HumanEval_59.json,results/mtp5/primary/repeat-0/HumanEval_59.json,fa04f1d0c061dc994573d5be190ed70c4df624f5ae3fda69263718bdc23bd6c4,bc20ff1bce787a38d582d113d435004f175a7a46283fef270ec894edfed72675
HumanEval/60,humaneval_plus,0,True,True,True,stop,stop,125,125,3.8043493106357733,3.8043493106357738,results/baseline/primary/repeat-0/HumanEval_60.json,results/mtp5/primary/repeat-0/HumanEval_60.json,72db6386457656657f356b5ae2ad0d2a6a4c47cd4ab52a9928a3f98070d245ce,8d1cd831500393947b327ab745720662aee59ec1c92b67ed8e2fa7ed14c2bc23
HumanEval/61,humaneval_plus,0,True,True,True,stop,stop,156,156,3.7773819366899266,3.7773819366899266,results/baseline/primary/repeat-0/HumanEval_61.json,results/mtp5/primary/repeat-0/HumanEval_61.json,78d9e0c010d9c7f33462c6e410dd7fba01c9bf745d0df8bb0a6e8c44e59a9ab3,8c9b3da0209cb0831726c655c09df53cd979fe0ac58ec64719132428469723a7
HumanEval/62,humaneval_plus,0,True,True,True,stop,stop,162,162,3.4422005919311047,3.442200591931105,results/baseline/primary/repeat-0/HumanEval_62.json,results/mtp5/primary/repeat-0/HumanEval_62.json,b084ebf1de9f528c1f3b95f8c1767945955917252ebd2d0db90d5a555719580f,d5e0b8ab97b84aa8941f918a035778fb4eb51ce239c02d9bf8e84786aa408d76
HumanEval/63,humaneval_plus,0,True,True,True,stop,stop,281,281,3.63942964095603,3.6394296409560294,results/baseline/primary/repeat-0/HumanEval_63.json,results/mtp5/primary/repeat-0/HumanEval_63.json,0794e6e964c85451008991d0125bdb83ce3a6148a0955f722ec79478142e859f,52ea9a6607b7a7555ca3561687b20163c728960f7ee844f3462d0fce1ec7d3b5
HumanEval/64,humaneval_plus,0,True,True,True,stop,stop,226,226,3.5962119955476752,3.5962119955476757,results/baseline/primary/repeat-0/HumanEval_64.json,results/mtp5/primary/repeat-0/HumanEval_64.json,0353e106421571f3e459e29faec7395ebf00e4429572e7f6dfa9e0e6a864b3a6,dcca56fbbddb78a508d4d81caf79e0f8d781331cfabde0c8d81ad36c391f893f
HumanEval/65,humaneval_plus,0,True,True,True,stop,stop,250,250,3.2580997582819977,3.258099758281998,results/baseline/primary/repeat-0/HumanEval_65.json,results/mtp5/primary/repeat-0/HumanEval_65.json,81f5b678e311b129f256f9118cc434fa96144b1508899f98f442ddcafcceae3f,3b0a64a77d7a84d8e4d63857892047dad35e7770492efeef833f69eb7c341717
HumanEval/66,humaneval_plus,0,True,True,True,stop,stop,140,140,3.7623554164057573,3.7623554164057573,results/baseline/primary/repeat-0/HumanEval_66.json,results/mtp5/primary/repeat-0/HumanEval_66.json,b55969264ca7310bc28b9da0d2e968a2b707006663c208e216f2ee2b4ccbcfee,b44bbe65abfaf1ab395dd090fac640454398d5063686ca36be3594c353317d98
HumanEval/67,humaneval_plus,0,True,True,True,stop,stop,324,324,3.759932300975093,3.759932300975093,results/baseline/primary/repeat-0/HumanEval_67.json,results/mtp5/primary/repeat-0/HumanEval_67.json,f136db67c8072a1f4736e44969bb334b966576e12953c238058bd1db9f748bf8,6e324d2f5b63cc3e611a0b7f66b888f36c0ba78312cff2131865f390f5619ae4
HumanEval/68,humaneval_plus,0,True,True,True,stop,stop,429,429,3.962876794108457,3.9628767941084564,results/baseline/primary/repeat-0/HumanEval_68.json,results/mtp5/primary/repeat-0/HumanEval_68.json,33193278ab1c193ce4009752f6bf2d7fb48d752390e212b0410c6e2a1d19e057,659824e110a8d996ea844aaad6fb557b3dcaf2dcb8dafec9f9b9c3a1da3ab7a4
HumanEval/69,humaneval_plus,0,True,True,True,stop,stop,228,228,3.78311396786014,3.7831139678601406,results/baseline/primary/repeat-0/HumanEval_69.json,results/mtp5/primary/repeat-0/HumanEval_69.json,84ba3db9b0ee9e7f0f4bbbf0929d75abe1496bb9615336c6c6829ec921f179a0,10dec9e0636006405c51b2a13e1badd94be22fe1e9e71eefc2fc8a69b2659f73
HumanEval/70,humaneval_plus,0,True,True,True,stop,stop,237,237,3.7678131963062413,3.767813196306242,results/baseline/primary/repeat-0/HumanEval_70.json,results/mtp5/primary/repeat-0/HumanEval_70.json,ec5a956df90c69f67fdda4a1ef68c65de300e8e64f14bd1e4b082bc059fca31e,9e86d78e13c0af809f5aeaf67bf493a88d2c273cacb703722839a627fe5039cc
HumanEval/71,humaneval_plus,0,True,True,True,stop,stop,233,233,3.7166672041411792,3.7166672041411792,results/baseline/primary/repeat-0/HumanEval_71.json,results/mtp5/primary/repeat-0/HumanEval_71.json,fa583eb3d2bb497a2840303d6427200ea9788413d96ed4853bf7285df3be0c49,5c27ad1a2bd9e5bc1900cdbc9ffc314c3286d75d1bc53e8c8fa05c50340316a2
HumanEval/72,humaneval_plus,0,True,True,True,stop,stop,304,304,3.7868777912181018,3.7868777912181018,results/baseline/primary/repeat-0/HumanEval_72.json,results/mtp5/primary/repeat-0/HumanEval_72.json,0745d91dfc5ea7de325ab2d33ab65dca421338110b8bd72e85fa2573be2535f8,12f60d93872089eab0a4e4e0f0ca42fa8c0709645a1cd9e743e93a26246b4014
HumanEval/73,humaneval_plus,0,True,True,True,stop,stop,210,210,3.756944629900428,3.756944629900428,results/baseline/primary/repeat-0/HumanEval_73.json,results/mtp5/primary/repeat-0/HumanEval_73.json,192e511451f4dacbdfc4cc18b3cc34bc943bb12988932e9cb0507dba03c44e90,c8693c5b474f7a3f5aa2efebff77df173bd7567c352273989ff937181f1fc9bd
HumanEval/74,humaneval_plus,0,True,True,True,stop,stop,266,266,3.696334768156817,3.6963347681568166,results/baseline/primary/repeat-0/HumanEval_74.json,results/mtp5/primary/repeat-0/HumanEval_74.json,54fcd4d3cb665b305e234a03c80b3f1d84f8314842b2caa0805f121a60ab8076,b5cd1031d93cdcf1561a6c2ec4083955015affd309b47dd42dc926f846e4b31a
HumanEval/75,humaneval_plus,0,True,True,False,stop,stop,283,295,3.433931570165696,3.5795399759677746,results/baseline/primary/repeat-0/HumanEval_75.json,results/mtp5/primary/repeat-0/HumanEval_75.json,5adc006da81d19661a2d1e9af8e1852cd25424cc94d47b39c06b7f1480a58777,fe2b902991f640a322f7ee8cde5c787aac6e541424a720d169c3043b61eb877d
HumanEval/76,humaneval_plus,0,False,False,True,stop,stop,689,689,2.9359527102283014,2.935952710228301,results/baseline/primary/repeat-0/HumanEval_76.json,results/mtp5/primary/repeat-0/HumanEval_76.json,aa79f085860fce5975799d1d47433ab6622fc1b2115e8b8dfdf85a6dbf32af69,d7673bd809d9947c7d77f38dcba68033a4b96a1c1a25304f23f4146fd9c4d0c5
HumanEval/77,humaneval_plus,0,True,True,True,stop,stop,248,248,3.3505358134237744,3.3505358134237744,results/baseline/primary/repeat-0/HumanEval_77.json,results/mtp5/primary/repeat-0/HumanEval_77.json,eeac35b113c0f27d42ddb0a334021607c34d460bcf8825cbe9a1a041ae9c506c,e4a16a129bdaa036ece53073e1b218bf976649d13b94afab56741a756a5076b5
HumanEval/78,humaneval_plus,0,True,True,True,stop,stop,383,383,3.910414293230989,3.910414293230989,results/baseline/primary/repeat-0/HumanEval_78.json,results/mtp5/primary/repeat-0/HumanEval_78.json,021fb1b76e5a1bb87cb83e190c98799e9ee2f94c9ad24261acd5934df2a9fe15,f9840b322328d7d66ca671e5b24acd76bbc605617770e4239fff45e7c8f74ec3
HumanEval/79,humaneval_plus,0,True,True,True,stop,stop,209,209,3.5538722908060727,3.5538722908060727,results/baseline/primary/repeat-0/HumanEval_79.json,results/mtp5/primary/repeat-0/HumanEval_79.json,6e41498259c2f949947b34d0402479bfb9d03bc5f675fab6113a8cafda3e1171,0551d67a469cb2a7351b7b957605ad49d4bcd5d2c1c05f53f4b68ff837f26f91
HumanEval/80,humaneval_plus,0,True,True,True,stop,stop,194,194,3.8839504657526254,3.8839504657526254,results/baseline/primary/repeat-0/HumanEval_80.json,results/mtp5/primary/repeat-0/HumanEval_80.json,e88107455b2947c259f7be7aaaeecb22f9d606f09d1c182e7ad7dd663ea6b2ef,ce30ee2769f5a1c4fcf673e6a2dd6ba1dc6f27e41cb742a5a6b3f43b16f13d13
HumanEval/81,humaneval_plus,0,True,True,True,stop,stop,524,524,3.8497877054243097,3.8497877054243097,results/baseline/primary/repeat-0/HumanEval_81.json,results/mtp5/primary/repeat-0/HumanEval_81.json,f55075018f7da705abe35d4ee2e447c1d7f9a810532d07f458a23690a4a4a659,a1d96b140feaeab294086076371aba72bde4fc645e95eadf05d8a1cd931f1b74
HumanEval/82,humaneval_plus,0,True,True,False,stop,stop,170,159,3.8571706084228077,3.607588980818979,results/baseline/primary/repeat-0/HumanEval_82.json,results/mtp5/primary/repeat-0/HumanEval_82.json,0f23cb558e3bad8b666da38427f72620f0dbe81b3e483741f3111d1adf4b3074,032c34dcc16e3a7f5489b6866975f542928ec659329795d7748a5574c5290df7
HumanEval/83,humaneval_plus,0,True,True,True,stop,stop,419,419,3.3603461737581557,3.3603461737581557,results/baseline/primary/repeat-0/HumanEval_83.json,results/mtp5/primary/repeat-0/HumanEval_83.json,4d0f285a0f617b0c226ad20259ba962ecc074f4f9d3c2775566b2aa0ea995d2e,6f2d704c4b8cab54037a21cdb2a5742d9d4caefeb9686898d34a5579cb52d7c4
HumanEval/84,humaneval_plus,0,True,True,True,stop,stop,224,224,3.6365629652469176,3.6365629652469176,results/baseline/primary/repeat-0/HumanEval_84.json,results/mtp5/primary/repeat-0/HumanEval_84.json,720eee70555f787f0d283837918ff430e64c7527e017ce6f844cab859d781b98,92bdf70e9b98a2d2e3f1c6c79bfe922307a0bc853b864c4ccaa247cc4785c567
HumanEval/85,humaneval_plus,0,True,True,True,stop,stop,102,102,3.614700888694896,3.6147008886948955,results/baseline/primary/repeat-0/HumanEval_85.json,results/mtp5/primary/repeat-0/HumanEval_85.json,68baf52e6b49b49814698a61f8d6e75ab647951a306016e175a5ac8b421937f8,3a816d851c0bcf7c6c2b352e3f8492f7c5ff32829ddafa2121cdc8378b264a27
HumanEval/86,humaneval_plus,0,False,True,False,stop,stop,323,429,2.368444003687159,3.145704264959106,results/baseline/primary/repeat-0/HumanEval_86.json,results/mtp5/primary/repeat-0/HumanEval_86.json,f0eb2e3e4549cbb1dd0af49eaf01d868780818c801476c04a784a02c493e3ae3,6d8216b834587cf39ee855590947c1582a272db77bf79a2619c7759119b19ba7
HumanEval/87,humaneval_plus,0,True,True,True,stop,stop,367,367,3.815058661241146,3.815058661241146,results/baseline/primary/repeat-0/HumanEval_87.json,results/mtp5/primary/repeat-0/HumanEval_87.json,624120942239bfd823c427d9200c676900c14151b50f18a816bde9afe90df04f,2aa7b9766f6fd75d3ff945e03957b5570a7b75dfce2f30056bd2a17c23981d34
HumanEval/88,humaneval_plus,0,True,True,False,stop,stop,348,339,3.6207281594143463,3.527088638050182,results/baseline/primary/repeat-0/HumanEval_88.json,results/mtp5/primary/repeat-0/HumanEval_88.json,fcbb90178f711e0b45c8458d7c6af8012ee4721c0b2a5b0d90154f055d1bfa56,dbca1859ee690cdd0127050d5e4b3171a62d0512541fd8da694729c71739451f
HumanEval/89,humaneval_plus,0,True,True,False,stop,stop,252,289,3.1611120931402628,3.6252436306251425,results/baseline/primary/repeat-0/HumanEval_89.json,results/mtp5/primary/repeat-0/HumanEval_89.json,d0463a757f18fcb254e93fff1f32bf70f0395c3a86a829da92302d86174face1,919950c9514d3d7f366a3a0d947fecad75859b764abcc5b1433017edc8b35502
HumanEval/90,humaneval_plus,0,True,True,False,stop,stop,182,178,3.855393301708562,3.770659382989692,results/baseline/primary/repeat-0/HumanEval_90.json,results/mtp5/primary/repeat-0/HumanEval_90.json,b4a419e295d5d5bcb4de10db50e882b3d281f74f6d24ee031e3b9de36d22ba8f,e108c229eed303c4abc59906f34d203ca45843a3435794a1afcf943074bd0a01
HumanEval/91,humaneval_plus,0,False,False,False,stop,stop,333,333,3.0399190179248063,3.0399190179248063,results/baseline/primary/repeat-0/HumanEval_91.json,results/mtp5/primary/repeat-0/HumanEval_91.json,ef18ea039570902a2874ad9708db595e654ecaa4a65f08e54eee4b2bc9b6b637,ae1873bd07323a700af2e3eae6ffe8f75ae48f454fec7c43f54f677d815a3eb6
HumanEval/92,humaneval_plus,0,True,True,False,stop,stop,273,338,2.591235563107499,3.208196411466427,results/baseline/primary/repeat-0/HumanEval_92.json,results/mtp5/primary/repeat-0/HumanEval_92.json,63383ce64d07bcc0b43473e982156e06c289f7af9ce4f78121492355fe7fe09f,d3191fa01eb392164ff143217447ffdec8da886f4d3735bc83ac85fd0010bef1
HumanEval/93,humaneval_plus,0,True,True,True,stop,stop,359,359,3.2744810556630846,3.2744810556630846,results/baseline/primary/repeat-0/HumanEval_93.json,results/mtp5/primary/repeat-0/HumanEval_93.json,2cda380952566b76b25d551b70e4e3d41fe5bef3a613efacf357fc134d51ace7,f7ee7a700ef2dd4dde393962f61917e770c47ac0da49e02025ba279265f599fd
HumanEval/94,humaneval_plus,0,True,True,True,stop,stop,484,484,3.830065143636595,3.8300651436365944,results/baseline/primary/repeat-0/HumanEval_94.json,results/mtp5/primary/repeat-0/HumanEval_94.json,6d8cc709ca15e571ab5661f04127401d86f6a080858f74395606ccdfb775a202,abef75f9ea667de7c7702f28b578bd534f5d5b1a5f5766e5b8cfb873dbff4b97
HumanEval/95,humaneval_plus,0,True,True,False,stop,stop,284,288,3.5981043172489136,3.648781842843969,results/baseline/primary/repeat-0/HumanEval_95.json,results/mtp5/primary/repeat-0/HumanEval_95.json,80c6c0a58ae3926e18f1fcb8a704ba55bab4f5d374939ecdcea50e0aaf3c3cba,0d823977711046a1fbde37ce91f03e3025357680b2d4f6e8884399b39f6701c2
HumanEval/96,humaneval_plus,0,True,True,True,stop,stop,298,298,3.850197358410959,3.850197358410959,results/baseline/primary/repeat-0/HumanEval_96.json,results/mtp5/primary/repeat-0/HumanEval_96.json,23ab5f0bd5e8cc3d34ac4ac22b7c8af660669614bad6bc84165f787bcf2b461a,dc90cd8ce992020f843ecb43ac35d6ecdb77118ebe4c0a04b695c8f375890dab
HumanEval/97,humaneval_plus,0,True,True,True,stop,stop,153,153,3.678743597393483,3.678743597393483,results/baseline/primary/repeat-0/HumanEval_97.json,results/mtp5/primary/repeat-0/HumanEval_97.json,9342dbedbe625820b35e846f2f4cb4112793c9aace22db8b06847997b3b39f98,c63cabc75f3f0f0c1cd2d6f93690fb3ddb29c4aaf62fd0a76957028852abf61e
HumanEval/98,humaneval_plus,0,True,True,True,stop,stop,132,132,3.5659147376022204,3.5659147376022204,results/baseline/primary/repeat-0/HumanEval_98.json,results/mtp5/primary/repeat-0/HumanEval_98.json,709ac82d664aae7d5a1e4b9e7c0b379a73ceef6f9a953e4f71a259de05e7b610,010aaa6ba165100dc15cad4abd050c79176d14dab59fd8d49708aff257c59061
HumanEval/99,humaneval_plus,0,True,True,True,stop,stop,248,248,3.383540915068307,3.383540915068307,results/baseline/primary/repeat-0/HumanEval_99.json,results/mtp5/primary/repeat-0/HumanEval_99.json,5e690122d90a4625f7fa33d5c2ffbff6a1a4564d375b0dd679544ab1399f4ded,a3fb2cb01678fd831dba104da2bc162139df0bb89c1ae0bc19e60c4fb084173d
HumanEval/100,humaneval_plus,0,True,True,True,stop,stop,236,236,3.6545003812716494,3.654500381271649,results/baseline/primary/repeat-0/HumanEval_100.json,results/mtp5/primary/repeat-0/HumanEval_100.json,4212e5e63613a16a0dfa473398ff4aa8fafd194c17a2c2cc6b12c61af6f9d5d5,e0e7d1283ac125211b0db242bb20938402a54bbcf65934685e3aeac05fd79c29
HumanEval/101,humaneval_plus,0,True,True,True,stop,stop,183,183,3.281840024198254,3.281840024198254,results/baseline/primary/repeat-0/HumanEval_101.json,results/mtp5/primary/repeat-0/HumanEval_101.json,bf060bd915179ec251af5940b29f4124697476b77edca8a650607b7371223d7e,e2c2b3c080edff448531f479901a6e1447ddb606d317c877f7091457ec1e87b0
HumanEval/102,humaneval_plus,0,True,True,True,stop,stop,167,167,3.5463874908699657,3.5463874908699657,results/baseline/primary/repeat-0/HumanEval_102.json,results/mtp5/primary/repeat-0/HumanEval_102.json,7e4436fbd2016e743f94e90165d0c3b774c5477a92c1ca5a1e69b9da9271ed83,241f164a2a2c93ed646dfae674519f82df84942012191fbf9af08180124584cd
HumanEval/103,humaneval_plus,0,True,True,True,stop,stop,270,270,3.687551435599026,3.687551435599026,results/baseline/primary/repeat-0/HumanEval_103.json,results/mtp5/primary/repeat-0/HumanEval_103.json,d4528636aff2d1182a1fd05f27b76b1649bbbe8494a36e1b4b4e94161bc93f62,ad8b2554b18519d5ee2bde4c7c9c37241e1b8a036b6bdcb8a05375b070e3fa0b
HumanEval/104,humaneval_plus,0,True,True,False,stop,stop,196,199,3.597096025955216,3.652153618189224,results/baseline/primary/repeat-0/HumanEval_104.json,results/mtp5/primary/repeat-0/HumanEval_104.json,a6b059d69b9043b27a96845e3c49ff2e033dfc19306edac8ecedcf131cc83811,333704288059d92600029b56a2d7a0e7423ae30ddf67b1ba9aa46c601a814970
HumanEval/105,humaneval_plus,0,True,True,True,stop,stop,474,474,3.7836117133849454,3.7836117133849454,results/baseline/primary/repeat-0/HumanEval_105.json,results/mtp5/primary/repeat-0/HumanEval_105.json,40e938e9cf9314a5f69b095310632f6f859d693dd44a8a310f02f2cb41d40055,7d6eedc6d33b8173074bfaeddc506781fbe6d8d38be7f6beac456b1e8e0b07ad
HumanEval/106,humaneval_plus,0,True,True,True,stop,stop,241,241,3.816389426977625,3.8163894269776253,results/baseline/primary/repeat-0/HumanEval_106.json,results/mtp5/primary/repeat-0/HumanEval_106.json,8fb434fe0adac7393aef171806a67c286a76e49a2bb03b0b8bcecb69aa593168,810ba6c63b21dc18fc4ff2eac73483d21e2fe8fcd843d021da521456044c2922
HumanEval/107,humaneval_plus,0,True,True,True,stop,stop,327,327,3.971695183965543,3.971695183965543,results/baseline/primary/repeat-0/HumanEval_107.json,results/mtp5/primary/repeat-0/HumanEval_107.json,106bc48f356225af2156d510c502a68b6a430b72e3bfac130b95a4898f6cf49e,760a8b60604ec9a511d3f5e34e5640dde224bfd914fc578876042875b99a1a44
HumanEval/108,humaneval_plus,0,True,True,False,stop,stop,317,306,3.460353266525689,3.3402779165831573,results/baseline/primary/repeat-0/HumanEval_108.json,results/mtp5/primary/repeat-0/HumanEval_108.json,86993087e88fe91f10639f179a6a527f5b958db6e9b4095655586fd9427f95f6,ae6e52b4c7392fffec5c80c5d1e8cf5dd3b281e6782be643a29f1e9d513ae76c
HumanEval/109,humaneval_plus,0,True,True,False,stop,stop,443,443,3.4158037572900763,3.4158037572900763,results/baseline/primary/repeat-0/HumanEval_109.json,results/mtp5/primary/repeat-0/HumanEval_109.json,ba09784e78e642dcd4ae7d49e2087299770fe025dcd4c530e3a6fd89e7a09451,04c572b769f9ac915087d0e6476c1221b272aa1af3f1d2ef439f16e4a98ff2b1
HumanEval/110,humaneval_plus,0,True,True,True,stop,stop,352,352,3.646268399299409,3.6462683992994096,results/baseline/primary/repeat-0/HumanEval_110.json,results/mtp5/primary/repeat-0/HumanEval_110.json,9e9f9270b79c206c6c220d717182a5232c83961053af500546651d1241d08228,fc3c4a728ab4691af5d638bd0f984ef8ff90f38098efa53b93a38d9bf18e97f9
HumanEval/111,humaneval_plus,0,True,True,True,stop,stop,287,287,3.8436163547991997,3.8436163547991997,results/baseline/primary/repeat-0/HumanEval_111.json,results/mtp5/primary/repeat-0/HumanEval_111.json,fccb7c349df09dde7690291597ba3e5894fcbcb3b2be1cbef5b98785f78ac1e9,54ed51bd077529f280f068fe25d084ca7575dffabbd99dbeab0fd7e600fbc093
HumanEval/112,humaneval_plus,0,True,True,True,stop,stop,258,258,3.732047687784569,3.7320476877845694,results/baseline/primary/repeat-0/HumanEval_112.json,results/mtp5/primary/repeat-0/HumanEval_112.json,3a1c4ca706f9f2e21f89b230348f5bcf9a9ff37b6c8a79134a3906bb3181c15a,74b4261736e970cfbc2e325d4a0421c6a06d66334cd89b3c167c90815f3be218
HumanEval/113,humaneval_plus,0,True,True,False,stop,stop,511,714,2.399987156578355,3.3534067119314,results/baseline/primary/repeat-0/HumanEval_113.json,results/mtp5/primary/repeat-0/HumanEval_113.json,d5fecc9081aa7332b97d5473981662500250f4bbba353f9fa55023bebb17dc42,fd4cee2d95f5cc977408edb22f8cb35dee4da9bd89bf426f5a5a03f04630f0ef
HumanEval/114,humaneval_plus,0,True,True,False,stop,stop,214,207,3.741111021151792,3.6187382307402847,results/baseline/primary/repeat-0/HumanEval_114.json,results/mtp5/primary/repeat-0/HumanEval_114.json,60835fa79bd6de6ce23c94eeaf7281669204f006828c1c80e2cced054a08e948,7db72721b5234f7eaef409c3f80ef199e8935a0e8a6d7907cd79bf17052f0a1e
HumanEval/115,humaneval_plus,0,True,True,True,stop,stop,413,413,3.921686397363376,3.9216863973633758,results/baseline/primary/repeat-0/HumanEval_115.json,results/mtp5/primary/repeat-0/HumanEval_115.json,c73261e475d535438718dedca6d9dd9526bc694d588a5497fb153b9e1867a1d7,2b15e0b05a92f8e6ae5384ca458abbb67ee6e0b42ae729b2d1f6a3e13d57f777
HumanEval/116,humaneval_plus,0,True,True,False,stop,stop,2027,1510,3.757088425889203,2.798817722295361,results/baseline/primary/repeat-0/HumanEval_116.json,results/mtp5/primary/repeat-0/HumanEval_116.json,a2be08c030592ca03867edc6c1c3f202dd64523b623816253cdeea24b1cfa22d,75c7525382ff9c3333fb0987e6c03d56950515548fc57f53c6b03938da8d486d
HumanEval/117,humaneval_plus,0,True,True,True,stop,stop,302,302,3.827543562437808,3.827543562437808,results/baseline/primary/repeat-0/HumanEval_117.json,results/mtp5/primary/repeat-0/HumanEval_117.json,f68cf226b1f4742e3499a4dcf7c1cdc99c306757cfabadd6a2492e197978cdae,f28088512aabfce93673189c503a761c2ec08fcea436f29baddefac2210e8b48
HumanEval/118,humaneval_plus,0,True,True,False,stop,stop,393,425,3.204498600446094,3.465424695138905,results/baseline/primary/repeat-0/HumanEval_118.json,results/mtp5/primary/repeat-0/HumanEval_118.json,c105aa6d4c920c53a655aa8a4b1bdc94889c628c4c3e50ff28a270b688be83a2,74b91900d057b4fad583bdecc288597cb9ffdf635aae9d53b2b1a2ef0a17d828
HumanEval/119,humaneval_plus,0,True,True,True,stop,stop,317,317,3.816843393092966,3.816843393092966,results/baseline/primary/repeat-0/HumanEval_119.json,results/mtp5/primary/repeat-0/HumanEval_119.json,7ebe1ed28e9d1f37f36e81f30b3083baa9a323c8267249d46394424bf0a31dc4,1abbca04ab0091cca7adeccc1eb6ada120e0c999d03afb4db1faf3f5aec79718
HumanEval/120,humaneval_plus,0,True,True,True,stop,stop,300,300,3.7925727958558757,3.7925727958558753,results/baseline/primary/repeat-0/HumanEval_120.json,results/mtp5/primary/repeat-0/HumanEval_120.json,4e0f02b99de6a2fd20c54916a30b48a4c4148789dfab015cda09e31426722b5d,136dfc07953266482fb307699f3f7793cae3d0122cf6e947b493e6e580d62876
HumanEval/121,humaneval_plus,0,True,True,True,stop,stop,150,150,3.7548960994320955,3.7548960994320955,results/baseline/primary/repeat-0/HumanEval_121.json,results/mtp5/primary/repeat-0/HumanEval_121.json,e163dc997506ec0455c8c31e274e8018ab229188aebd72138e94f0728831c5c6,f40842a73727af8b771476c817e52bb0db3d76bbcb2e3dac5abf1a6cae8f4344
HumanEval/122,humaneval_plus,0,True,True,True,stop,stop,268,268,3.604362801626561,3.604362801626561,results/baseline/primary/repeat-0/HumanEval_122.json,results/mtp5/primary/repeat-0/HumanEval_122.json,add9ce504d9bf15988bd0064dcc278f5f13a2e147283ccf6f4d1e9e37f6be756,009862f851f57ce7561f642014d1042b7f930eaac77c12241233d2b399416a55
HumanEval/123,humaneval_plus,0,True,True,True,stop,stop,329,329,3.7625502973785756,3.762550297378576,results/baseline/primary/repeat-0/HumanEval_123.json,results/mtp5/primary/repeat-0/HumanEval_123.json,b0bbe03fe63d8f5eb202af7b5602d56c73195dbc48306742996e40b4dfe24b44,4056fe366d20383d43809fe4094f68a8898d571f4e03823339b4e232c5fd06b4
HumanEval/124,humaneval_plus,0,True,True,True,stop,stop,760,760,3.7989954845797573,3.7989954845797573,results/baseline/primary/repeat-0/HumanEval_124.json,results/mtp5/primary/repeat-0/HumanEval_124.json,011e79858225b12af1d10730fd64fbfb3feff27859ef8b9f6a12ab987a0489a2,8b4149207269d96e2ad070de413f4ac8b417b0ad6239a7fea47d9d4c53606020
HumanEval/125,humaneval_plus,0,True,True,False,stop,stop,324,326,3.6042475965643437,3.6264960385184444,results/baseline/primary/repeat-0/HumanEval_125.json,results/mtp5/primary/repeat-0/HumanEval_125.json,1ecb7930caa35cd7d3d21eb436de5283eb8e424bc7aa82750e8fb3e7a88622d8,1608148cfece02eaa7a3d4e05a0c5074e0038f935dc679d8e24e3c28c5229cb7
HumanEval/126,humaneval_plus,0,True,True,False,stop,stop,518,504,3.6926025622180827,3.5928024929689455,results/baseline/primary/repeat-0/HumanEval_126.json,results/mtp5/primary/repeat-0/HumanEval_126.json,16768bde909fcdc124e4d57d530321d1b16620b2254e6030ae5b049acfd7c6e7,386a34563ee4b3558d29eeabf120d371a0c511568eb6a65fe1444ad35a5bda65
HumanEval/127,humaneval_plus,0,True,True,True,stop,stop,576,576,3.596084701988952,3.596084701988952,results/baseline/primary/repeat-0/HumanEval_127.json,results/mtp5/primary/repeat-0/HumanEval_127.json,441b15b6e3a5229b421b3bdaa2d460f3deacb4207f18cd5010d84a68d666a7d7,1f3f1dabdccd29595cc59372865b459e1d704d194f62868f7172bc5ed0e6fff0
HumanEval/128,humaneval_plus,0,True,True,False,stop,stop,237,237,3.8520916764217117,3.8520916764217117,results/baseline/primary/repeat-0/HumanEval_128.json,results/mtp5/primary/repeat-0/HumanEval_128.json,1588d20823038ccf68371645485f767d0619608226b03d785c0f2ddad6bd62a9,e2437ed06d2887798e9734c3df9a1ba4933ef1733021ba5969cfb36cd42bf234
HumanEval/129,humaneval_plus,0,True,True,False,stop,stop,1246,1251,3.185915252686481,3.198699824326475,results/baseline/primary/repeat-0/HumanEval_129.json,results/mtp5/primary/repeat-0/HumanEval_129.json,83a86c3fa22714196c070b940f0e285a4913ef569ba6902b5b38cce33514d8f7,b8eeb62c044e93adf91b54a7f21f9e70320672d0bf319a4694e216106f5e08ac
HumanEval/130,humaneval_plus,0,True,True,False,stop,stop,1057,1270,2.8994886107774356,3.483775341236843,results/baseline/primary/repeat-0/HumanEval_130.json,results/mtp5/primary/repeat-0/HumanEval_130.json,14bf514fa0c8d696f04d97d7d1cce0e98ee8481ca08802ad44f96869db09b3e0,f39850adf8771e55c98244422608bc78c403b63cf9d545957b5ffd6aebd56507
HumanEval/131,humaneval_plus,0,True,True,True,stop,stop,146,146,3.6646375354914755,3.6646375354914755,results/baseline/primary/repeat-0/HumanEval_131.json,results/mtp5/primary/repeat-0/HumanEval_131.json,02dd5780bd950c10db7b384096752efe27f9fec1a5010114df81d228c57d1c19,d8b046278350f248232809dd3f3b4681c5af96b0dcadbdf56087cd9fe3d471a1
HumanEval/132,humaneval_plus,0,False,False,False,stop,stop,708,1613,1.1733043620207302,2.673079005564178,results/baseline/primary/repeat-0/HumanEval_132.json,results/mtp5/primary/repeat-0/HumanEval_132.json,dd82e24c37ac36f744d51703b916eaffe6e25a852acd886b20355ed05009d19b,a762e9d42bc62a7b6973c30ac0f016d3f184b050875fff8990aebabe7822b0ad
HumanEval/133,humaneval_plus,0,True,True,False,stop,stop,202,204,3.6150080830143576,3.6508002422521235,results/baseline/primary/repeat-0/HumanEval_133.json,results/mtp5/primary/repeat-0/HumanEval_133.json,c8ba34e5c9395e6d3acb160e87169ed487cd3a9b73adfb9cc4188085f3c05c58,94451289825ead33b0ceabf278fc4df818482c0bd888f1f41a2bcb863ca6ee67
HumanEval/134,humaneval_plus,0,False,True,False,stop,stop,368,1255,0.8431154359314617,2.8752985654727836,results/baseline/primary/repeat-0/HumanEval_134.json,results/mtp5/primary/repeat-0/HumanEval_134.json,1378fb89090f28463e59acb0fb7d73538c9a05e698ff58c7c16d87e0303f80ef,693ab498a7ca9ea5a9a7c2591e5537b4d77d4d78837cfee259257188baea1686
HumanEval/135,humaneval_plus,0,True,True,True,stop,stop,149,149,3.725986750883134,3.7259867508831337,results/baseline/primary/repeat-0/HumanEval_135.json,results/mtp5/primary/repeat-0/HumanEval_135.json,be2c41192218a96192bba0338c6cd3b25c1aa83d11f43af54095a271a71b152a,1c8f71d0f1ce0a5129ec3c9103a9d0ba4187b9872a327de462180fd304f8ee89
HumanEval/136,humaneval_plus,0,True,True,True,stop,stop,213,213,3.808829554819778,3.8088295548197775,results/baseline/primary/repeat-0/HumanEval_136.json,results/mtp5/primary/repeat-0/HumanEval_136.json,dc03beb33dfaccfdab802fbe5145236e61cb38f2c517428068d9247434538eb4,ae686b2a0586d4cb81b6b9de2150803bb9b15f6e69ff3b0b67cfa35061e2c63e
HumanEval/137,humaneval_plus,0,True,True,True,stop,stop,271,271,3.648784638458234,3.648784638458234,results/baseline/primary/repeat-0/HumanEval_137.json,results/mtp5/primary/repeat-0/HumanEval_137.json,f770a91fd7babed221c29cb5907abcd82bf335afcb42c917839f0544fd592a65,276db3504d92d79014b6534e310707072b4cc8c03f0f1d329ff831475a209888
HumanEval/138,humaneval_plus,0,True,True,True,stop,stop,209,209,3.4209397857110435,3.420939785711043,results/baseline/primary/repeat-0/HumanEval_138.json,results/mtp5/primary/repeat-0/HumanEval_138.json,03594a26b17cd90727ceb1780479b5f074cfcabce5f70ee0eab790d21b95aebc,441b8e5a0fc06df012f9f7ac8e782b3e63e256a44bb3907ae700a2fd67c12556
HumanEval/139,humaneval_plus,0,True,True,True,stop,stop,140,140,3.7706728490978314,3.7706728490978314,results/baseline/primary/repeat-0/HumanEval_139.json,results/mtp5/primary/repeat-0/HumanEval_139.json,5faa2c2a3614f0f081fc49961acac5d807dc0df8407258e2b6cc095e06529112,a2a4a75faf246ef6cb3324a96765bd39b4c920692bf6f3f253436e21b037b3ff
HumanEval/140,humaneval_plus,0,True,True,True,stop,stop,460,460,3.082298928063054,3.082298928063054,results/baseline/primary/repeat-0/HumanEval_140.json,results/mtp5/primary/repeat-0/HumanEval_140.json,ae248d7888f51660da67538fe22db974cefc4850921f3e6f47c53b8a0f0789d6,04e6a4aae9e6652c624d752be634bd49ca994c68c7143cd78a2d11b6e8c0970b
HumanEval/141,humaneval_plus,0,False,False,True,stop,stop,443,443,3.772967008397741,3.772967008397741,results/baseline/primary/repeat-0/HumanEval_141.json,results/mtp5/primary/repeat-0/HumanEval_141.json,8847a4412ec52365ad879eadb3d15474ec94400a5b8f6580b33defd7f63e6c2c,32cebddef994e3d5cf0a6e07b3ecb7744ecdf14d841e6dcb534e189266d53090
HumanEval/142,humaneval_plus,0,True,True,True,stop,stop,241,241,3.898830457589521,3.898830457589521,results/baseline/primary/repeat-0/HumanEval_142.json,results/mtp5/primary/repeat-0/HumanEval_142.json,dcfff3430d08f455b7524bb8651e0a22066026447760d00cfe8796f7704ad09e,e9d8ea99821d0bc8aeab75b5baf610254c815f4369865a5df9128de59b433805
HumanEval/143,humaneval_plus,0,True,True,False,stop,stop,284,283,3.8966268926237424,3.882906375396194,results/baseline/primary/repeat-0/HumanEval_143.json,results/mtp5/primary/repeat-0/HumanEval_143.json,434a9775d32164747a8efbe6d186f764ee511212c706289b5b68e07ab468ee9f,fa967ed2c83b82a06f6c61b2fc449d14af7e72c75f51b3d74e29978e0ae7bb21
HumanEval/144,humaneval_plus,0,True,True,True,stop,stop,285,285,3.560550174468316,3.560550174468316,results/baseline/primary/repeat-0/HumanEval_144.json,results/mtp5/primary/repeat-0/HumanEval_144.json,5aeccd48b29cb149ffcb23beadaa3f6e9b084fccd3409cba4dce9a039fe7354a,7c08d2202883c301e6592716b3dcbeabdbe1eee767a38f2c79adb1397d0421a5
HumanEval/145,humaneval_plus,0,False,True,False,stop,stop,1425,1594,2.768642141854767,3.0969933853449114,results/baseline/primary/repeat-0/HumanEval_145.json,results/mtp5/primary/repeat-0/HumanEval_145.json,1ed3e14c8098d31224a757981999ebfd3bb5c21ed74dfbf84ff71de162ce8750,a036d358cccafd75a58628c093f2a17540dfea27de32b1b121b87fb0bc72d825
HumanEval/146,humaneval_plus,0,True,True,True,stop,stop,272,272,3.593945144064363,3.593945144064363,results/baseline/primary/repeat-0/HumanEval_146.json,results/mtp5/primary/repeat-0/HumanEval_146.json,01489c66d7aa5f409593064a551b1f25288817a7f3fac942004c2cb2947a9620,213022c84cece9d563c50497acfab4df64b85ffd1389a7534fd9ae78cd8475d7
HumanEval/147,humaneval_plus,0,True,True,False,stop,stop,652,744,3.1944224077718566,3.645169127886904,results/baseline/primary/repeat-0/HumanEval_147.json,results/mtp5/primary/repeat-0/HumanEval_147.json,6b279094061ff422140f97a173ccab4a31e16297249398841381c00cd58e3e48,fba13a706f4c6a4fa26abf9583d569d74c2179ef142e852a543f55f966b77049
HumanEval/148,humaneval_plus,0,True,True,True,stop,stop,367,367,3.927465127716577,3.9274651277165766,results/baseline/primary/repeat-0/HumanEval_148.json,results/mtp5/primary/repeat-0/HumanEval_148.json,48b6d112798eac679f2379cdd21b507372e760c5ceed50dd8c49c95a406bbd64,bae02c64eea13acb8909692df56ecbfcacb2360ca3652b1e3e6190264657c1a8
HumanEval/149,humaneval_plus,0,True,True,False,stop,stop,264,266,3.8201986153825485,3.849139513983932,results/baseline/primary/repeat-0/HumanEval_149.json,results/mtp5/primary/repeat-0/HumanEval_149.json,dcb5e093b15f9f2b5e1537b8f592fba6c8a6526f420d4ba8ae16aa1505f7ec38,1c06b21329cc7746be9a1d837dd4a720371c813acfb82ee774255bc1b6afc053
HumanEval/150,humaneval_plus,0,True,True,True,stop,stop,199,199,3.8664854953614456,3.8664854953614456,results/baseline/primary/repeat-0/HumanEval_150.json,results/mtp5/primary/repeat-0/HumanEval_150.json,01b8cee158fd79e8d226c3b56153f48c6f6cdfd5e2464bca3bf90275e2032028,9fd704ec4b3fa501049ab9398cf47ec6d659fb29bf001fcfb387d3995d4966ab
HumanEval/151,humaneval_plus,0,False,False,True,stop,stop,293,293,3.2002486127920844,3.2002486127920844,results/baseline/primary/repeat-0/HumanEval_151.json,results/mtp5/primary/repeat-0/HumanEval_151.json,4d683f78f9907ebb1adbaba1e1a40de6593ce0e67bbb7d211e87ba6c3815231f,b1cf6f6c017a101c2ea3b5f3b2612233c1c4401aa707fc2a63004693a34efaa9
HumanEval/152,humaneval_plus,0,True,True,True,stop,stop,259,259,3.7380344387074462,3.7380344387074462,results/baseline/primary/repeat-0/HumanEval_152.json,results/mtp5/primary/repeat-0/HumanEval_152.json,7367f1fa118fa02ed09d0e85d4b4e7372b5450e3726d742697b5f3e1aec40243,0d4636ef332fb0b194b1a7647cad6dd1f22a2f7ae9cb859480ae07fcad1e51b0
HumanEval/153,humaneval_plus,0,True,True,True,stop,stop,391,391,3.722239436153174,3.7222394361531737,results/baseline/primary/repeat-0/HumanEval_153.json,results/mtp5/primary/repeat-0/HumanEval_153.json,8a8fc8f8589f603d0b07843602c9c72ac661ad38348a1bb11e1e6c685e418be6,3507634d31abcc3b25151bdf900ac8e6e00e93f048d83f0908587a07b7ce4644
HumanEval/154,humaneval_plus,0,True,True,False,stop,stop,236,230,3.7392079058355017,3.6441432980600226,results/baseline/primary/repeat-0/HumanEval_154.json,results/mtp5/primary/repeat-0/HumanEval_154.json,0be66a9ec07d7b0dad78bc5cd57bae57dd10ea68388a504a9df8011cf2a6b225,8dc790ac9ab0064215af2911d43b51b26044ea26c6455d47d52e288de8a87423
HumanEval/155,humaneval_plus,0,True,True,True,stop,stop,151,151,3.658505491036717,3.658505491036717,results/baseline/primary/repeat-0/HumanEval_155.json,results/mtp5/primary/repeat-0/HumanEval_155.json,aef179558785721cfbc9d4585f8696e2418fd2ebbcd0d66551fba9bb25f70c75,9efd418dd95558dc49c426c8291abda08b77189aa92e2d9b22a1082d2a640261
HumanEval/156,humaneval_plus,0,True,True,True,stop,stop,315,315,3.4441075423010825,3.444107542301083,results/baseline/primary/repeat-0/HumanEval_156.json,results/mtp5/primary/repeat-0/HumanEval_156.json,d29e91dab29ad1832c36d32d1143d9e00e8711979b349d07a98af539ae77dad9,6718169a00bc0dcbf79838df9c7b1e0e5dd2fc9bbaece173f331d11e46c11988
HumanEval/157,humaneval_plus,0,True,True,True,stop,stop,236,236,3.3641033863391545,3.364103386339155,results/baseline/primary/repeat-0/HumanEval_157.json,results/mtp5/primary/repeat-0/HumanEval_157.json,c4e321c89dba198f23aa5fdcacad26ecbffba1461496eb36a00f661f9b9c4375,1bd747709432377c604865dfd27b2ee58ba74a23a5778498c4b65bb21e768a07
HumanEval/158,humaneval_plus,0,True,True,True,stop,stop,226,226,3.434883698886593,3.434883698886593,results/baseline/primary/repeat-0/HumanEval_158.json,results/mtp5/primary/repeat-0/HumanEval_158.json,d9dfb786fee9271600e69c1c91f639f743b5d3948668b099366466e0d9b8e730,1cdf76588b27ba15661acb1a896f77003ab464681aad1046018a5ae60f5f5a1e
HumanEval/159,humaneval_plus,0,True,True,True,stop,stop,372,372,3.848890538833984,3.848890538833984,results/baseline/primary/repeat-0/HumanEval_159.json,results/mtp5/primary/repeat-0/HumanEval_159.json,8cabd55ab2a549812621b836f94769196bc899db803bcd489907bc50e8a487cc,4de662448f2b3eef949a4e67bc965b0d0c810b82f11dc85bbfaf843b9ac5f098
HumanEval/160,humaneval_plus,0,True,True,False,stop,stop,362,339,3.4061874503347758,3.1897722255897487,results/baseline/primary/repeat-0/HumanEval_160.json,results/mtp5/primary/repeat-0/HumanEval_160.json,b14fac0bc84972f2277ab62a5a136b182b053f3ec8df4d3aa421bc5a6c452643,2650f57c53fc998d23cf1f4b6456e610897e1ea63e095c73b4ba33ce39d0ae20
HumanEval/161,humaneval_plus,0,True,True,True,stop,stop,250,250,3.6388197526677204,3.6388197526677204,results/baseline/primary/repeat-0/HumanEval_161.json,results/mtp5/primary/repeat-0/HumanEval_161.json,ba2196fbe8137b86252b2d21bca7671a68a08785d86fe8920201782445eb6abd,1aea48de4d57680abd3338b99c0bd11c3d3e1e215b36aaf4448a9c71ecf7f962
HumanEval/162,humaneval_plus,0,True,True,True,stop,stop,120,120,3.4979125591949556,3.4979125591949556,results/baseline/primary/repeat-0/HumanEval_162.json,results/mtp5/primary/repeat-0/HumanEval_162.json,a6441fe5e74eed3ac55cc5075a717bccba291db8a144cce37b5a65a3a4708fc6,8b731a50a8099428caf48482946e2df1751b4c66c01ab0bdaa2ef1efb3e7d342
HumanEval/163,humaneval_plus,0,False,False,True,stop,stop,170,170,3.830392795733334,3.8303927957333346,results/baseline/primary/repeat-0/HumanEval_163.json,results/mtp5/primary/repeat-0/HumanEval_163.json,2516f371d901770e7065d39db05abdd65c36c60acbd78465d39978780e7154ab,72b640b88c18ee14fd4f3ae8a4095c692aa332bab9349e2a92c34cbae669f86c
MATH-500/0,math_500,0,True,True,True,stop,stop,353,353,3.6041858431645744,3.6041858431645744,results/baseline/primary/repeat-0/MATH-500_0.json,results/mtp5/primary/repeat-0/MATH-500_0.json,14110db2911228491eee00f161f514b892d50b1d3f48d010ba9d71322f9ebcd2,ce4ac9d51c59ebddc63980dec74ffb2777dc82a9b9539c0796644df2a86bf6bf
MATH-500/1,math_500,0,True,True,False,stop,stop,818,914,3.122071164104155,3.4884756039012204,results/baseline/primary/repeat-0/MATH-500_1.json,results/mtp5/primary/repeat-0/MATH-500_1.json,312ffc4307322215ca3ddee9c6167504349de471839a02bfc0ceed68d268f55f,7b1ba9343303c25efc7978962e737d91cda8a9f058dac4a6110e69bba6761064
MATH-500/2,math_500,0,True,True,True,stop,stop,533,533,3.5361814617309544,3.5361814617309544,results/baseline/primary/repeat-0/MATH-500_2.json,results/mtp5/primary/repeat-0/MATH-500_2.json,ed2f64a9bae2aad7b5bcfe999695aa20ccd7050bf8b9e16a7ea8817c1219360f,a0a4e11d4525703aabb03bba7ffa75c0b01bfb086a47c7573c11b4b0a1d27eb7
MATH-500/3,math_500,0,True,True,True,stop,stop,805,805,3.590382532356544,3.5903825323565446,results/baseline/primary/repeat-0/MATH-500_3.json,results/mtp5/primary/repeat-0/MATH-500_3.json,640f48cb755cd10486348eb7d48386f66ebbbf86c79a4a023c9ced6c066c97d8,69bd024e087c392b65ebc9c80f2086c22eb913382d250df98f7a9347bba99c6f
MATH-500/4,math_500,0,True,True,False,stop,stop,693,697,3.164657292168808,3.1829237123256267,results/baseline/primary/repeat-0/MATH-500_4.json,results/mtp5/primary/repeat-0/MATH-500_4.json,c1f377555351228e4e60c9589f12f3cb8d60aebc9e09c5fa5043cb38fc69035a,50c17f73c026a605cee407ee9ade1b966c147c62f9c2a4edf5272683495d0985
MATH-500/5,math_500,0,True,True,True,stop,stop,351,351,3.3891890715888406,3.38918907158884,results/baseline/primary/repeat-0/MATH-500_5.json,results/mtp5/primary/repeat-0/MATH-500_5.json,09cdae9242f93c01d62b136aa4af2b7f71e3c79db6e8fa40be0285c83bb562af,588d42b6d074b55c58cd456780c80d3ebd2e27586c81038f4bc711fef3a5f982
MATH-500/6,math_500,0,True,True,True,stop,stop,901,901,3.39614618300841,3.39614618300841,results/baseline/primary/repeat-0/MATH-500_6.json,results/mtp5/primary/repeat-0/MATH-500_6.json,46c1e8effe460cba0e1f8b1cea6ad85493f6ea411044dc2ec1303b16b6f0bb9c,34b09dbe401177b51e0c5601e6e23d7c1a7b8a2a946c45f6f7fa9b43896a3d25
MATH-500/7,math_500,0,True,True,False,stop,stop,1025,1239,3.006231075986781,3.633873466485484,results/baseline/primary/repeat-0/MATH-500_7.json,results/mtp5/primary/repeat-0/MATH-500_7.json,24999ba7edef77318562dbeabdc3d3964189da6639b989a631bdf875dd719c2c,6cf95e5caeadf5cbd12c17d67b35b0de6b06b7c93056d64bd597ca5c19b691e3
MATH-500/8,math_500,0,True,True,False,stop,stop,486,492,3.498019094722111,3.5412045156446057,results/baseline/primary/repeat-0/MATH-500_8.json,results/mtp5/primary/repeat-0/MATH-500_8.json,f53a690a78d0ac7d23e57b4b7300027fa98b91bdc866a2938b17b652d200add3,53fa79e4cec900855bd03c77caa2dac047fe58d949c269d35ef8d7fcab3e142b
MATH-500/9,math_500,0,True,True,False,stop,stop,6338,5623,3.7486781558516475,3.325783728361283,results/baseline/primary/repeat-0/MATH-500_9.json,results/mtp5/primary/repeat-0/MATH-500_9.json,ef877041a44798a044836b95e0e1bd142b4dce0c9f02bab5595a4362d73432a6,76c44943d7d98396955dc2b485a8751351df2c8aed00a05a3c55e2176aabc37f
MATH-500/10,math_500,0,True,True,False,stop,stop,1750,1427,3.6635202508494116,2.9873390845497774,results/baseline/primary/repeat-0/MATH-500_10.json,results/mtp5/primary/repeat-0/MATH-500_10.json,2f18bf81dc29dd82e320527fd5802c49463fd28e71f7a71ac33e860967fdbec2,52b731277a9bcb11d4c57234e7f92e678a4e32dd510feb9b1246fbcebb0b90c5
MATH-500/11,math_500,0,True,True,False,stop,stop,2849,2920,3.3577810411854108,3.4414603861921376,results/baseline/primary/repeat-0/MATH-500_11.json,results/mtp5/primary/repeat-0/MATH-500_11.json,c8d036b14adede71d215fc529cb2abdbd28620c5dc19ca2bd495235c942d1b80,7596406521208d96b1840e0447d30ab1b34b11185190b6d82e2898f426fd6c0f
MATH-500/12,math_500,0,True,True,False,stop,stop,1256,1257,3.5801938875867347,3.58304436042717,results/baseline/primary/repeat-0/MATH-500_12.json,results/mtp5/primary/repeat-0/MATH-500_12.json,d086343730aac72ae12a175b24155c6db1e1b74a2813e82b8ad686f7cb98a485,0b124bb0d344b8a0cd23e47ffaf780f01f7c19b8336b566c5fd253f8b5acf605
MATH-500/13,math_500,0,True,True,False,stop,stop,351,347,3.6509246982489474,3.6093187187817226,results/baseline/primary/repeat-0/MATH-500_13.json,results/mtp5/primary/repeat-0/MATH-500_13.json,934fe871e32d2f2f001daffdacffb809ed6e5f29fce91845ade5edfdf01f6f44,f4ba7974ebc4a01c43221e4a6f42d0f840040544c19eb69965628b62f9e23d15
MATH-500/14,math_500,0,True,True,False,stop,stop,791,825,3.3230972789347484,3.46593584718226,results/baseline/primary/repeat-0/MATH-500_14.json,results/mtp5/primary/repeat-0/MATH-500_14.json,843bfbf8e05929e1875ef11537f7f2b5e804aa55572d2491e687f44c4a54bb2c,21601d92e3dc2f621337dedc333d718d907217c8677b47889e3dd3065be5e739
MATH-500/15,math_500,0,True,True,False,stop,stop,1143,833,4.973062454997868,3.6242878609039577,results/baseline/primary/repeat-0/MATH-500_15.json,results/mtp5/primary/repeat-0/MATH-500_15.json,85416236fb6ec18e5fceddd469dd6536aef8cd0cbfdb7cec5e4b3bf6631c860a,1bca3b40beaee32e128a90d984e1685edbe0e957abf66b80e4add357c7757879
MATH-500/16,math_500,0,True,True,False,stop,stop,567,576,3.3831669367719677,3.436867999260412,results/baseline/primary/repeat-0/MATH-500_16.json,results/mtp5/primary/repeat-0/MATH-500_16.json,2cd4fd6580b1cc1aebd327a19117d42354e2585e8416e7f2a135b74315caffba,9f37eeaf15e400ed81f5455a3d3d7b0343738bd5acddcd8dfb16644e984448a5
MATH-500/17,math_500,0,True,True,False,stop,stop,1910,1665,3.725133090240167,3.247301882329779,results/baseline/primary/repeat-0/MATH-500_17.json,results/mtp5/primary/repeat-0/MATH-500_17.json,317b523503b877e2d62856e5278a7d7a3e3a01cabf64abd1f1efa74aa7af5bc0,3ec2b16c6533bd688cb010ae25709711725b46f9eb838bba040a5f7b0f8017e6
MATH-500/18,math_500,0,True,False,False,stop,stop,8041,8117,3.008009753763453,3.036440140691201,results/baseline/primary/repeat-0/MATH-500_18.json,results/mtp5/primary/repeat-0/MATH-500_18.json,8435ec1a560e12cedd4f5e0730902ad2f1778ed747c3e4ce1709110a6e318a90,901ce27428d892c0527b0d004be6cfd4cf284ec7f5fcf8517b90bdfbf6ab4de8
MATH-500/19,math_500,0,True,True,False,stop,stop,1152,1251,3.0697318472180934,3.333536927838398,results/baseline/primary/repeat-0/MATH-500_19.json,results/mtp5/primary/repeat-0/MATH-500_19.json,f9a780f828b8f30997d6c857063a61d0226e0454e244a76b21b995fca967b501,a7a9be85fc11ff48b8ade9dfdc2df70d34dfe4e55b031a00841aaeae2bce0a74
MATH-500/20,math_500,0,True,True,True,stop,stop,201,201,3.0242788325506265,3.024278832550627,results/baseline/primary/repeat-0/MATH-500_20.json,results/mtp5/primary/repeat-0/MATH-500_20.json,c260a9ec31b368b87deed416f39a7c789d6e904f66ad14f4564f3e2d7116fc43,493ccbda660cdd9e064e8a0e50d32e05ab61ccde622752619b59bc71080b1c96
MATH-500/21,math_500,0,True,True,False,stop,stop,1774,1875,3.2207257216554193,3.4040928568793185,results/baseline/primary/repeat-0/MATH-500_21.json,results/mtp5/primary/repeat-0/MATH-500_21.json,79dfa7178ce194144c9a11194db6b7e85437e2f8147e0ee896de692e878a7ccb,15884d809d8fc060fc75019aa7aa27bad120482c7cb65cd763fbcf73d6f46c1f
MATH-500/22,math_500,0,True,True,True,stop,stop,1211,1211,3.499114157965872,3.499114157965872,results/baseline/primary/repeat-0/MATH-500_22.json,results/mtp5/primary/repeat-0/MATH-500_22.json,0db08c02c6fa7046c56b6336b4968c12a43de498e80b6723b4e1d5895d3cdb1f,7f07f42a4fde837b05765edc7f02795db8f69d9d6bac00cccba11a0a2b436c77
MATH-500/23,math_500,0,True,True,True,stop,stop,780,780,3.6075115451972213,3.607511545197221,results/baseline/primary/repeat-0/MATH-500_23.json,results/mtp5/primary/repeat-0/MATH-500_23.json,95f620447a1bc012ec5acdd9a3d2b72daeef903dfb353b23bd12645bd4a3c04d,1e9011ad15c52c5c5a550755b198a0977ca7a7cd561046c8d64c5449e7f3638b
MATH-500/24,math_500,0,True,True,True,stop,stop,1047,1047,3.452079659930838,3.452079659930838,results/baseline/primary/repeat-0/MATH-500_24.json,results/mtp5/primary/repeat-0/MATH-500_24.json,5f504e8ddfca67c9f991b8263b07d65eb2ba085446071410cb2f5253071bd433,9da3a1033b75a9a429e4e69d0787e48819fae5b630d46566b38b3a54c2b319cd
MATH-500/25,math_500,0,True,True,False,stop,stop,1433,1445,3.6469280027722983,3.6774675254752065,results/baseline/primary/repeat-0/MATH-500_25.json,results/mtp5/primary/repeat-0/MATH-500_25.json,a0176b7fe3a4231e87693a506a1e9283e862acd3b04d348350e55dfcfa872b6c,c111ae305831d1140b7cfc1fad7b1e0dd4e67d632bac980e15b64588434acd45
MATH-500/26,math_500,0,True,True,False,stop,stop,2056,1992,3.153653147969923,3.0554849565934274,results/baseline/primary/repeat-0/MATH-500_26.json,results/mtp5/primary/repeat-0/MATH-500_26.json,36c51d6ecf640b6d43313d7ab603a79747dde540b088ec13d6986e1323f0cadd,a47766a9e6570aaa4a3777d7efdad4f1c4b41d0dc91d36794f83fdcab8433909
MATH-500/27,math_500,0,True,True,True,stop,stop,441,441,3.5984439175158216,3.5984439175158216,results/baseline/primary/repeat-0/MATH-500_27.json,results/mtp5/primary/repeat-0/MATH-500_27.json,35d46bbf2da117ddd682c7953eb3a26ecaf0db44f07638bb25d7068d5ae3ca21,b3c643e83422d795a6662a866e2347fd8b5713ee21ee9107a852cfa17599515d
MATH-500/28,math_500,0,True,True,False,stop,stop,507,524,3.1290254053325697,3.2339434169512162,results/baseline/primary/repeat-0/MATH-500_28.json,results/mtp5/primary/repeat-0/MATH-500_28.json,5634c22637bb12d44fb42ec271dff5b9153db082c9c0da253aed1a8c80c86ed0,02b3577a03d8a815ac3535f6b5f290386cd83b5e1acc16cde0bc286ab82aacb5
MATH-500/29,math_500,0,True,True,True,stop,stop,596,596,3.6700250322501944,3.670025032250194,results/baseline/primary/repeat-0/MATH-500_29.json,results/mtp5/primary/repeat-0/MATH-500_29.json,25964f4070d71fe8632aa03ade74718ff04acec6e845d2ff86720c458c42f7b5,49a52b43ce287a2e0e118492ec4de005a6855334d8c5c1f66eae6d67a640870b
MATH-500/30,math_500,0,True,True,False,stop,stop,503,534,3.133451086414841,3.3265663621183403,results/baseline/primary/repeat-0/MATH-500_30.json,results/mtp5/primary/repeat-0/MATH-500_30.json,39796b46e6e1a4a52db818bfabca52f16e6f3e999521e096a29de226faeb77c5,0ae8ee0bd5304ff35e9f3a2cc0a96c8c73c739254ea0f474225da6445db3630b
MATH-500/31,math_500,0,True,True,True,stop,stop,381,381,3.53252556104091,3.53252556104091,results/baseline/primary/repeat-0/MATH-500_31.json,results/mtp5/primary/repeat-0/MATH-500_31.json,07b678c6d34ccffce32cd49700db2d5427b4625b10b15d2c2a0bc334ddf4c663,cc785d36023d4871e3defa25f9ff7da900ce6f3bbfb240b7e7109503165ac1eb
MATH-500/32,math_500,0,True,True,True,stop,stop,590,590,3.2920272987977253,3.2920272987977253,results/baseline/primary/repeat-0/MATH-500_32.json,results/mtp5/primary/repeat-0/MATH-500_32.json,c8f1ed8378ddfdd5375b1e2ad41aa36064fe5da859db4196d010d6f6c3f676b2,5a26a39ac4a71535a7d5b850a9ecb6d25c4cb3d3d99d4e53b1c4d6d11d47b27c
MATH-500/33,math_500,0,True,True,True,stop,stop,1012,1012,3.5903901423104645,3.5903901423104645,results/baseline/primary/repeat-0/MATH-500_33.json,results/mtp5/primary/repeat-0/MATH-500_33.json,c6887179cda95e21f93e461db646ac8711dd2c0e8ae702eecfd0737e1792fc40,e304e4db572a2fb54e81f2b8f0a881a847e84e2e61beb7b6db6f418ae5e6a66a
MATH-500/34,math_500,0,True,True,True,stop,stop,1076,1076,3.65153715246164,3.65153715246164,results/baseline/primary/repeat-0/MATH-500_34.json,results/mtp5/primary/repeat-0/MATH-500_34.json,e42850a2a7d5844483e9b72eb524b25d69fe4d1452e48da16e09ab1a34e5e69a,3a918b0301f3002aa7c66b624fe694f9f71b0c51da2a2f2827b8431b9e0b7ea3
MATH-500/35,math_500,0,True,True,True,stop,stop,604,604,3.59661132440357,3.59661132440357,results/baseline/primary/repeat-0/MATH-500_35.json,results/mtp5/primary/repeat-0/MATH-500_35.json,bf3ed855fcedaf28a2b49a97e487396e3a70c987678566843e0d0dee53f28b0e,62bd42e3254734fd0177a5553a9b848757333299131da493f2955d4957dc4240
MATH-500/36,math_500,0,True,True,False,stop,stop,956,931,3.7125798684167743,3.6154935747866284,results/baseline/primary/repeat-0/MATH-500_36.json,results/mtp5/primary/repeat-0/MATH-500_36.json,1177c38454bebc2070a00012c87ff75bb337f9c42e280fc4fff9bd5a045a9de3,e4d12592f833bb647edb77a007e1ae02224d40ad02548c7a1a3bd6eada749772
MATH-500/37,math_500,0,True,True,False,stop,stop,357,362,2.8277928867806486,2.867397829172534,results/baseline/primary/repeat-0/MATH-500_37.json,results/mtp5/primary/repeat-0/MATH-500_37.json,ddb16df4781591cae41332cbb13b3888d7a49f43637c3bf957f2a6a5857fc0c2,7755a82a95a389ff9f9d808f01c634ce22c391085a952b26ef76653e469b58b0
MATH-500/38,math_500,0,True,True,False,stop,stop,361,374,3.480764060774897,3.606110134985627,results/baseline/primary/repeat-0/MATH-500_38.json,results/mtp5/primary/repeat-0/MATH-500_38.json,e8eba560edb34fe0e17488757129f4d2eeda28c71ffac5bcb1d4c8e225b39652,489f70c6f5244fee77593d0735f918b53b534c1ed84fe4c8259e8a6a80960a01
MATH-500/39,math_500,0,True,True,False,stop,stop,901,934,3.4970463119792607,3.6251290292881566,results/baseline/primary/repeat-0/MATH-500_39.json,results/mtp5/primary/repeat-0/MATH-500_39.json,793e00fe5ab671a19377cd9119e3aead7ccdba35b533985d141606af2ab01107,2e167f3317d867629734b212274774cf1113501a3feb7a635e62d2f0316ad058
MATH-500/40,math_500,0,True,True,True,stop,stop,366,366,3.6637235248589275,3.663723524858928,results/baseline/primary/repeat-0/MATH-500_40.json,results/mtp5/primary/repeat-0/MATH-500_40.json,7f76c4360f92e293623895ad724d9692b39f1ff42a5faa919d3dbe7492d12eb1,ce5a928c9e854842bb8f1ef464be17ffd22527ae97b4f2679a35c30e5cbbdc2e
MATH-500/41,math_500,0,True,True,True,stop,stop,892,892,3.730475249630698,3.730475249630698,results/baseline/primary/repeat-0/MATH-500_41.json,results/mtp5/primary/repeat-0/MATH-500_41.json,6e68fa488bfd95d2f4492b687c02f907db905193bea3b51e8bb0caf6abf887e9,dad5740856497c89f120cc68033b12466fc57c2f1562a56334e35837f3d12467
MATH-500/42,math_500,0,True,True,True,stop,stop,306,306,3.6470067349285116,3.6470067349285116,results/baseline/primary/repeat-0/MATH-500_42.json,results/mtp5/primary/repeat-0/MATH-500_42.json,7e002c1527874356acc1ce6c3814416dd49fffe0bcb87a20c01103813c293aad,aa9a7bcffd79740b36aa340245ba689d5d8a57fa569c35356bb146d7b169db89
MATH-500/43,math_500,0,False,False,False,length,length,8192,8192,3.1774570471250003,3.1774570471250003,results/baseline/primary/repeat-0/MATH-500_43.json,results/mtp5/primary/repeat-0/MATH-500_43.json,eb59035c5cd2b815c4bec87a3a18a22c03831ec73bbfbe2a0234bb2a25434899,e655326085a34d06389cb8bd4980a29fab55190d53011668cab988531add89ac
MATH-500/44,math_500,0,True,True,False,stop,stop,783,748,3.502587741695876,3.3460225169712836,results/baseline/primary/repeat-0/MATH-500_44.json,results/mtp5/primary/repeat-0/MATH-500_44.json,1886969027a5c0b58be7f11c3680e7f6e806c2e4c590844bb4fd238d8fbb6dda,8544d30e25bc57d0531e59fe25752d41dd28005403a6dbe94dd9a9204d2f9496
MATH-500/45,math_500,0,True,True,True,stop,stop,312,312,3.3819364920131827,3.3819364920131822,results/baseline/primary/repeat-0/MATH-500_45.json,results/mtp5/primary/repeat-0/MATH-500_45.json,3d75d3a1da73c6f6ab153715df41213191a4497c4a7bc8c42ef0e1d8e80252e1,469a621a2b8a7e9018c4175e0511b6cf8f6aea9c8362071c0d6acaa1e535e204
MATH-500/46,math_500,0,True,True,False,stop,stop,2372,1783,4.776841069153904,3.5906861830950296,results/baseline/primary/repeat-0/MATH-500_46.json,results/mtp5/primary/repeat-0/MATH-500_46.json,a94accc7b8d69eda0e92bd598fe4b6724f0c73f94d58f0c55108e53129f9a120,c3c822113133b4cc10b8f0dfcd260bab13ad5e6d0efa411e4073ae55d11998e2
MATH-500/47,math_500,0,True,True,False,stop,stop,741,738,3.5662338289692594,3.551795635329708,results/baseline/primary/repeat-0/MATH-500_47.json,results/mtp5/primary/repeat-0/MATH-500_47.json,61b2c7d4cfcff4569fc18f885758ba936fb11fd768bbe1594bc08726610a6c89,43772a730d9d597884647fa3ba19cfe8ab7e7c9d49300df4a7d23a9717bfbdfd
MATH-500/48,math_500,0,True,True,True,stop,stop,305,305,3.3578815624696574,3.3578815624696574,results/baseline/primary/repeat-0/MATH-500_48.json,results/mtp5/primary/repeat-0/MATH-500_48.json,22a5eb9e8cdd4df011e5ce568ec2fa450deeeb82f40e67a9dbb18d555c93ddb0,f12a7f998755cc67461d7d3e0abc3fd9c43f5403616bbe6f85156af3effca960
MATH-500/49,math_500,0,True,True,True,stop,stop,454,454,3.5099588188519175,3.5099588188519175,results/baseline/primary/repeat-0/MATH-500_49.json,results/mtp5/primary/repeat-0/MATH-500_49.json,4c1e2209f553318d150ec67b4b0d68ee3e2eeec454e87622288c23044850acdc,52825930bc754b011795dfedbcaf8b2aceb74234bf8ca7757f6a5eefea0455f7
MATH-500/50,math_500,0,True,True,False,stop,stop,1152,1255,3.064539038578486,3.338538622756944,results/baseline/primary/repeat-0/MATH-500_50.json,results/mtp5/primary/repeat-0/MATH-500_50.json,c32172d68007d7cada3239c2d8f23574ad6ba8306309793d80de7c1de9e20a8e,39d8c857cc23ae7b307342469e6cf20b8f7d8af856d76b1d746150a9599039fe
MATH-500/51,math_500,0,True,True,True,stop,stop,1297,1297,3.547299450603242,3.5472994506032425,results/baseline/primary/repeat-0/MATH-500_51.json,results/mtp5/primary/repeat-0/MATH-500_51.json,a1bf18009bd3c2b264ca291958be5c1f8993b57e63dd88df08c345ca5ef8f846,04ec8811d989217fb5707a02cbfbd3bc77e692b861a3d823b25506aa4402f4bd
MATH-500/52,math_500,0,True,True,False,stop,stop,867,865,3.585823288591445,3.577551493231373,results/baseline/primary/repeat-0/MATH-500_52.json,results/mtp5/primary/repeat-0/MATH-500_52.json,e54430d77ed7a31473a33fd172bc9f4b63faca2be421fe6448c331a9249c074b,5c84b863f52e71b9e9ccf3468286ea39e72dafb10fc42214edd298cb8950adea
MATH-500/53,math_500,0,True,True,True,stop,stop,491,491,3.4533709177876375,3.4533709177876375,results/baseline/primary/repeat-0/MATH-500_53.json,results/mtp5/primary/repeat-0/MATH-500_53.json,c24bc6af460ec019790fa4aa1996dc3f9a8f86abcd9c43c59f277e01e56d7e76,22b2921e7441899748f5b9dfcb9f27d2add93cd7f197b384acfd38c116259da7
MATH-500/54,math_500,0,True,True,True,stop,stop,465,465,3.4456838088709363,3.4456838088709363,results/baseline/primary/repeat-0/MATH-500_54.json,results/mtp5/primary/repeat-0/MATH-500_54.json,bd9dff448586348b5f5fb04260276ac5d687abf1ccf09205ef54bd31d5d0ca30,a44991d9c9ee414d6e302169801470f7b94e744987b0b64627be3aaee4b74249
MATH-500/55,math_500,0,True,True,True,stop,stop,935,935,3.691301215403165,3.6913012154031644,results/baseline/primary/repeat-0/MATH-500_55.json,results/mtp5/primary/repeat-0/MATH-500_55.json,7f9b6fd67ec6523b807c074cfe5fe4fdb69c82320da98abfc62a6ea833bc975a,960e60307b0178ccde73fc29aef4cda63be5b1f6c937e7e7aac0b6002554a274
MATH-500/56,math_500,0,True,True,False,stop,stop,599,407,5.259181600539146,3.573433908880522,results/baseline/primary/repeat-0/MATH-500_56.json,results/mtp5/primary/repeat-0/MATH-500_56.json,eb586d930a88f217ec180ff817cfff114bf38260bc9d4112fa23e3f4feb3d67b,de28ae59a5e7a2a88e24a249e40c66c575e1547946641c851eabacd1e9aca8c0
MATH-500/57,math_500,0,True,True,True,stop,stop,581,581,3.4318830967725695,3.4318830967725695,results/baseline/primary/repeat-0/MATH-500_57.json,results/mtp5/primary/repeat-0/MATH-500_57.json,73308dd7f1181898dde1cc8e5981e6a9073b1299e48109a9e87ba3b3a6dd7117,92a2626b76246c676d6fb6851fe41305248aeab238b5b81ff297117bad2b861b
MATH-500/58,math_500,0,True,True,True,stop,stop,392,392,3.172920758690825,3.172920758690825,results/baseline/primary/repeat-0/MATH-500_58.json,results/mtp5/primary/repeat-0/MATH-500_58.json,186d0aed33f92dfc71fbf3708b1db9225f79b57a8af57b5e966a739ff2855b99,66fcf354b5de5620831906817c0f9f2a036e50465677c6cd270994171ccd2121
MATH-500/59,math_500,0,True,True,True,stop,stop,500,500,3.4135345308619596,3.4135345308619596,results/baseline/primary/repeat-0/MATH-500_59.json,results/mtp5/primary/repeat-0/MATH-500_59.json,710c5d79845eb1d34425b077962d2a3ade1e493e2c6fbc6b5bac8f12b30ddf9d,d71b776e562aa716e60b38a466b2524fb1ef07632ff67fbac88883f9c28d28b3
MATH-500/60,math_500,0,True,True,True,stop,stop,2747,2747,3.5413786683443442,3.541378668344344,results/baseline/primary/repeat-0/MATH-500_60.json,results/mtp5/primary/repeat-0/MATH-500_60.json,7c9547508296e33a73b2bbdc315c09ad001c8c93e159ff629827b06fb63362af,8fc32767fa867b233f50ecef9b60f381f43b0fcab93cba6c6115d99a4175edcf
MATH-500/61,math_500,0,True,True,False,stop,stop,1917,2453,2.4214941673903296,3.098552526139008,results/baseline/primary/repeat-0/MATH-500_61.json,results/mtp5/primary/repeat-0/MATH-500_61.json,8f736240f1eb9937aaa76c48144ccd37f1d1aaa5d9a5932dc863c7ff78db7aa4,cf5a808d16274e98c886558da2c5968fa02e500248d53432866d91d7db81ccea
MATH-500/62,math_500,0,True,True,True,stop,stop,1023,1023,3.6267416456059482,3.6267416456059482,results/baseline/primary/repeat-0/MATH-500_62.json,results/mtp5/primary/repeat-0/MATH-500_62.json,32d93fbee431ed821380c0be6dc78e2820a879810119241a73803a36bc4b5b44,8cf0e808a6656b9aec132188b9386dc0de445ba0706d88894a62d09b40777304
MATH-500/63,math_500,0,True,True,False,stop,stop,1224,1170,3.8369000428627453,3.667625040971742,results/baseline/primary/repeat-0/MATH-500_63.json,results/mtp5/primary/repeat-0/MATH-500_63.json,ac3aa80b8e17ad719c84d06b49b93adb8fb92077d9175bf619c8caf3569b35b8,f0d913581127d2732beab780da8ccdd94784c4a4a050206052e24e9dcd19d80d
MATH-500/64,math_500,0,True,True,False,stop,stop,2235,1933,3.9167358969541444,3.387494625866829,results/baseline/primary/repeat-0/MATH-500_64.json,results/mtp5/primary/repeat-0/MATH-500_64.json,4998549ee17b29a7819f2ce27e900b8a28c391a5206308bee1410af992429fba,e6c6e6ba416fa8e4ab77cdd56b69cc2c6001721058523e69e807165870f4e785
MATH-500/65,math_500,0,True,True,True,stop,stop,342,342,2.973712385868118,2.973712385868118,results/baseline/primary/repeat-0/MATH-500_65.json,results/mtp5/primary/repeat-0/MATH-500_65.json,3cd3635648b48e3dc5cee4d0d34da4f6c1a9901a0b9013282e683db9e4b069dd,5e45f779c420306c4010856eecead1c760d2d372d8aacb27e54468619db4292f
MATH-500/66,math_500,0,True,True,False,stop,stop,583,578,3.416276818710035,3.386977703626759,results/baseline/primary/repeat-0/MATH-500_66.json,results/mtp5/primary/repeat-0/MATH-500_66.json,92f8e31333343c3877987cc0f05d2b2af023c825be05aebc5171c0a6ea99fc8c,17014f5572de3109ab83a52c27f6ce16ca9df472a10888dde86887877639686e
MATH-500/67,math_500,0,True,True,True,stop,stop,743,743,3.675972185902209,3.6759721859022085,results/baseline/primary/repeat-0/MATH-500_67.json,results/mtp5/primary/repeat-0/MATH-500_67.json,c2dd581dddc11f2732327374801645b4da7284266d14c6b27ced50c438a60437,757566cddf4eb8ede1cffac3b5bb532855511c209c0d44e32a1bdf409b034f7b
MATH-500/68,math_500,0,True,True,True,stop,stop,1220,1220,3.402913324569161,3.402913324569161,results/baseline/primary/repeat-0/MATH-500_68.json,results/mtp5/primary/repeat-0/MATH-500_68.json,f10bae1f33ec23628a65c0fa2e78c1fb444e47a4804e75f873fc0ab67b98670b,59a0156bf33868c84d8dc69e4fa4441303a032c85a17d60d6d20ddd5957d78f3
MATH-500/69,math_500,0,True,True,False,stop,stop,1282,1110,4.023578630327852,3.483753728286986,results/baseline/primary/repeat-0/MATH-500_69.json,results/mtp5/primary/repeat-0/MATH-500_69.json,ecf0a00a7c4577340312214c3931592c79cb38b0f5daaad472e035e865a87493,7093077e3e0447cc7417d993ece9e6f5e2cada814d0fef5ba744741cf1c926bb
MATH-500/70,math_500,0,True,True,True,stop,stop,531,531,3.1168370268143657,3.1168370268143657,results/baseline/primary/repeat-0/MATH-500_70.json,results/mtp5/primary/repeat-0/MATH-500_70.json,6568a61365564d025b6e2e3b013236f7a89e88dbb74d65f03e36ce6c932758ee,cb73ed47f802117e2ae585046c0966c8334505d30592544bad77153506bb341b
MATH-500/71,math_500,0,True,True,False,stop,stop,5398,3935,4.619046941371149,3.36716371142932,results/baseline/primary/repeat-0/MATH-500_71.json,results/mtp5/primary/repeat-0/MATH-500_71.json,7c1c52a8196b422b2eeb3762931949cb095f650b631e165378d365d1567025d7,f310d91084f755810bc860f8c38626943e9c188f1c5dedf1edc14493bd46317f
MATH-500/72,math_500,0,True,True,False,stop,stop,1128,433,9.55316388385402,3.667127625628361,results/baseline/primary/repeat-0/MATH-500_72.json,results/mtp5/primary/repeat-0/MATH-500_72.json,7e5a1c7bfd2f2d26f47bc2b1906d6319bd643ffe5ee38040af83d855e742150c,1833d9319e337116d71f3406c7dccc4fbc3a99fbe09bc3d664fa35ba5f9609bd
MATH-500/73,math_500,0,True,True,False,stop,stop,519,457,4.145152664493648,3.6499706506235015,results/baseline/primary/repeat-0/MATH-500_73.json,results/mtp5/primary/repeat-0/MATH-500_73.json,401d64c28428d07db75b1ba466080a79e65954e98edd108f33a55f5f0b261c9d,5d50efe409092166bcb606d7c8cf4b4fad8bce9a0819928cfa556b0bab86ca47
MATH-500/74,math_500,0,True,True,True,stop,stop,588,588,3.6593911253709,3.6593911253709,results/baseline/primary/repeat-0/MATH-500_74.json,results/mtp5/primary/repeat-0/MATH-500_74.json,8b21ddfaeac48ed9cc9135bd7fc86f9ec3a95a3edda75206f0131a27c6de1c61,a9920fbee715c734c38736d8644b58c88a5b84785e32c86de1d8ac1173725969
MATH-500/75,math_500,0,True,True,False,stop,stop,839,842,3.5331425868309765,3.5457759929817425,results/baseline/primary/repeat-0/MATH-500_75.json,results/mtp5/primary/repeat-0/MATH-500_75.json,0103be7a86ee976712ea445668533ec36e447774c8474b52ed550efc5b029e74,f758a6ffcd5c0b59f665061257a4a70a6db6f85e4386b848d38383f2a77e8fe4
MATH-500/76,math_500,0,True,True,False,stop,stop,458,461,3.390985984454958,3.4131976830430912,results/baseline/primary/repeat-0/MATH-500_76.json,results/mtp5/primary/repeat-0/MATH-500_76.json,a3872b8ac0f29abdc58c55c81590927f56595d82f685cffdd0035a17097c2ab8,0a14fd8bc650206bd7fc1f62b7f0f8533d96561ef426c4b7c5e1c33d1b5c1e1f
MATH-500/77,math_500,0,True,True,False,stop,stop,402,392,3.4937087713793633,3.406800592986842,results/baseline/primary/repeat-0/MATH-500_77.json,results/mtp5/primary/repeat-0/MATH-500_77.json,eede590f806eda2ac9652ff8ead9dada1c1d94b12f2d23ae224df65fff005746,4bea6fcc095296a7e5b32d916ca60c3c35f5cf9b04cfb9dca7d38fb8bb370aaf
MATH-500/78,math_500,0,True,True,False,stop,stop,1252,1035,4.111400146752172,3.398801239527554,results/baseline/primary/repeat-0/MATH-500_78.json,results/mtp5/primary/repeat-0/MATH-500_78.json,17717a53af6371c50652ce6a2eb2b126ad7fcdd2ebfb27c3f87d3db37be5106c,9d46123035ba3a4fd74ff6d4791b900c4821aef96f3f5039cdc187f0da622792
MATH-500/79,math_500,0,True,True,False,stop,stop,316,311,3.5878668145825694,3.5310967700480353,results/baseline/primary/repeat-0/MATH-500_79.json,results/mtp5/primary/repeat-0/MATH-500_79.json,317f9d64207ea9c4a1308db232c866a1f8d0baa7267a955f09c55a2d31b5bf71,5f8886702d5c09115a9986bea76db1dda7b359d14b2e25dedef8f72df3611443
MATH-500/80,math_500,0,True,True,False,stop,stop,3715,3050,3.9501084273453846,3.2430230695567763,results/baseline/primary/repeat-0/MATH-500_80.json,results/mtp5/primary/repeat-0/MATH-500_80.json,fdac42ab8b4c1aa18ecff136616235979fe8eeb3af7a96439bbbd903f736df02,c45515f3f79cf0357bea066a731c32375adc5cf0339a8013d002f43c287cede9
MATH-500/81,math_500,0,True,True,True,stop,stop,428,428,3.5424724131942025,3.5424724131942025,results/baseline/primary/repeat-0/MATH-500_81.json,results/mtp5/primary/repeat-0/MATH-500_81.json,d42798123f08d2a60f6343ede7b45aa65d0d71717da05da2be7f3241acdf13b3,abcf8123d2499b2a4467b48b2c881913d40caa766a70a906820ea82865f6416f
MATH-500/82,math_500,0,True,True,False,stop,stop,1047,1060,3.3287588805595987,3.370090175160625,results/baseline/primary/repeat-0/MATH-500_82.json,results/mtp5/primary/repeat-0/MATH-500_82.json,3aeddac5962b9faf0cdbc5a1d1bfb88c6bc28f16d253d24cd3ee2573f5acac32,5361a27a5dd5e4befef1fce20b3e5f622af689f92b46d345f04364ac0038e974
MATH-500/83,math_500,0,True,True,False,stop,stop,2294,850,8.911670809325743,3.302057623333427,results/baseline/primary/repeat-0/MATH-500_83.json,results/mtp5/primary/repeat-0/MATH-500_83.json,7f00ed34ec6709adf1c7a3bd41fc31e1a2484854affc25b4480d4a5f7f9f2e6e,f9170e78296fbeba62e49021682e1819d60431521c6088cd4248a94381de0c25
MATH-500/84,math_500,0,True,True,False,stop,stop,1001,994,3.6072703782198987,3.5820447112393397,results/baseline/primary/repeat-0/MATH-500_84.json,results/mtp5/primary/repeat-0/MATH-500_84.json,2dd15844b86da4766142812f26a646cf63b1d16185642edb86a41672a6e5bf15,6689af92861aa9c584cff2c6c20dd404321c3319bf0a55c1f556cafd54c21e9f
MATH-500/85,math_500,0,True,True,True,stop,stop,502,502,3.270420777285498,3.270420777285498,results/baseline/primary/repeat-0/MATH-500_85.json,results/mtp5/primary/repeat-0/MATH-500_85.json,decc688a3b7eeca2d2a77a7e1e8837b46957e6a5ada7ee0cd8c3c406f742dc48,fafa5acfa9757b84ebcba17b61c1a30e07eb188cb1ed23e726ef4c83cd7ef08a
MATH-500/86,math_500,0,True,True,True,stop,stop,294,294,3.2900341302752576,3.2900341302752576,results/baseline/primary/repeat-0/MATH-500_86.json,results/mtp5/primary/repeat-0/MATH-500_86.json,72ef367f1a27eb30ae8c4621bdf51e2186535ae4d7e60961fd7292d86af84c8d,f5a21949179a0852f103784cc0363e29524f7d4283604d8be9591f7c6f817fa5
MATH-500/87,math_500,0,True,True,True,stop,stop,617,617,3.557538879810558,3.557538879810558,results/baseline/primary/repeat-0/MATH-500_87.json,results/mtp5/primary/repeat-0/MATH-500_87.json,77ca26558e25151cb95bdc98353bc6b695c95c84719919970fadbd5154df532d,790e5f2760e67c7626d2a2bc5fb77fda6936ebd8ae0cf5c410b779af8ffff4a0
MATH-500/88,math_500,0,False,False,False,stop,stop,2304,1979,4.148321657893387,3.5631634379214465,results/baseline/primary/repeat-0/MATH-500_88.json,results/mtp5/primary/repeat-0/MATH-500_88.json,efe1082eacb33e711d4534804c80e8cc823459b5f7fc7bba600adadb501572bb,6de60622f0c2c3b489b027cfe0aac93c27f73969903c5945c5ad5b45f5725c6c
MATH-500/89,math_500,0,True,True,False,stop,stop,1025,972,3.937661658698698,3.734055738785497,results/baseline/primary/repeat-0/MATH-500_89.json,results/mtp5/primary/repeat-0/MATH-500_89.json,efbd66b7c46e2e754e8b6e6e0afae1671f0d2978cbca8de8cb093188cecf52e3,578b8f101b2c11b1bd3f4ebf39ff2305f2fe6650856c7e497a91295a8ea51114
MATH-500/90,math_500,0,True,True,False,stop,stop,422,440,3.264496532657893,3.4037404605911683,results/baseline/primary/repeat-0/MATH-500_90.json,results/mtp5/primary/repeat-0/MATH-500_90.json,1ed31136e0537c4b071ee5983d24e0ee010afb2214bf29c0c1506b162530dab9,4b251989b1e6f8773b442749f2e89ef959a9a6ccadc72773b924177981e0113e
MATH-500/91,math_500,0,True,True,True,stop,stop,439,439,3.590998745258476,3.590998745258476,results/baseline/primary/repeat-0/MATH-500_91.json,results/mtp5/primary/repeat-0/MATH-500_91.json,ae9ce55d165189472aa3553fa62dbfb3d5d71454fa53deabbbe3d8cc970e5145,3720f4531f3d02a437688d454b17454500cf2f73498c6eea6fb8f824d1cbaf46
MATH-500/92,math_500,0,True,True,True,stop,stop,1044,1044,3.4773780916632093,3.4773780916632098,results/baseline/primary/repeat-0/MATH-500_92.json,results/mtp5/primary/repeat-0/MATH-500_92.json,24227303932c1c200ed2ec97d271f207d68286d48292afc08e2267f1d972aea9,ccc84617e26988bdb02704930f0297b0b3d1f58bb80a07e4ee3894d35314079e
MATH-500/93,math_500,0,True,True,True,stop,stop,560,560,3.5799938703101875,3.579993870310187,results/baseline/primary/repeat-0/MATH-500_93.json,results/mtp5/primary/repeat-0/MATH-500_93.json,6c7ae92c27b0f402d34e0bd9add3655df059488da4910b4d0b8ed4778e9a034d,940a4974f00360aa7d9677d71c9fc36894d4a3d312a1c9007bf20ef8d042f9a5
MATH-500/94,math_500,0,True,True,False,stop,stop,4881,6319,2.394644569343585,3.100135020217602,results/baseline/primary/repeat-0/MATH-500_94.json,results/mtp5/primary/repeat-0/MATH-500_94.json,0079e6f0d555356f30e820146763918cd3f41fec688cc652c8d9310d850e7c63,ff76a9df81ae4c19ded7a88fc0a710524a09ef79f13f23511cd26e26f5ca3f3c
MATH-500/95,math_500,0,True,True,False,stop,stop,786,787,3.75280419115968,3.7575787511993233,results/baseline/primary/repeat-0/MATH-500_95.json,results/mtp5/primary/repeat-0/MATH-500_95.json,91a8b2525c97ed5d5c128b1779db51e368c0b5c4e256216dd302abe4d74bfe72,ff2db3573dcbc9af9bbd8279f5a38d74a3ea3906410084e04693226b21784bd0
MATH-500/96,math_500,0,True,True,False,stop,stop,2383,2462,3.556361282438761,3.6742599569300167,results/baseline/primary/repeat-0/MATH-500_96.json,results/mtp5/primary/repeat-0/MATH-500_96.json,f92cdb713ed6d904f1dbc17361c0fd1325438ef0b4ed7ccfa353cc5597957e26,7f3cb7a091d510f8d448da9a762c3d5689fae78a944b21aa8c369091a6ed1e57
MATH-500/97,math_500,0,True,True,True,stop,stop,494,494,2.7559281820346766,2.7559281820346766,results/baseline/primary/repeat-0/MATH-500_97.json,results/mtp5/primary/repeat-0/MATH-500_97.json,1f910960cae5ae55f4dc2a9885395f942b67150006640a929ef77e1e953cf128,eb66ccbca0e366c8c887789077d9409c68e2adcecb8aee9511bc94b29c7abafa
MATH-500/98,math_500,0,True,True,True,stop,stop,241,241,3.4638253300640582,3.4638253300640582,results/baseline/primary/repeat-0/MATH-500_98.json,results/mtp5/primary/repeat-0/MATH-500_98.json,121edd70a713cf0673765b12a3e3dbf6b61415666779b56b2c63eec1226ba5d0,466115ddd2d975a9ed000f938f522a2f41c82f57da4493538520ea171b2f1db2
MATH-500/99,math_500,0,True,True,False,stop,stop,1622,1605,3.845700591208787,3.805394234827437,results/baseline/primary/repeat-0/MATH-500_99.json,results/mtp5/primary/repeat-0/MATH-500_99.json,daa21f0bdc4612b63b8ea3789182fd81a81a10a6c4c1d74985d619f8f98eff53,88513e94614681d739877895f1290f406afaf61f716852b450b44e29562089b9
MATH-500/100,math_500,0,True,True,False,stop,stop,1747,1846,3.100336293909025,3.276027932773933,results/baseline/primary/repeat-0/MATH-500_100.json,results/mtp5/primary/repeat-0/MATH-500_100.json,7814b75476759ab66a2b67c6f3fb9d4e0ffe48f76f9dab282f447cfa99a97091,848d10f727944bc0b92e4137c6819eafc27f4ddfd646342ed04545e37a827692
MATH-500/101,math_500,0,True,True,False,stop,stop,2642,4382,2.044827054415008,3.391533744302258,results/baseline/primary/repeat-0/MATH-500_101.json,results/mtp5/primary/repeat-0/MATH-500_101.json,9af55e6224ca84f3611bbe71b8ee267b8a131cdb1eca30fe0911a806804ef61f,4458632cc3717888cb8fc4d92700e2925c4f092d7240ac001a9864b470bfbdf2
MATH-500/102,math_500,0,True,True,True,stop,stop,350,350,3.3278515135013738,3.3278515135013738,results/baseline/primary/repeat-0/MATH-500_102.json,results/mtp5/primary/repeat-0/MATH-500_102.json,4370729b6f710cdf69d28e998c71786397a66f37aa9cad9e4b881ef0a31b6031,717daccb13900f97520dd1153259a0a184b185bef69cff040e83fc8df6f5c1bf
MATH-500/103,math_500,0,True,True,False,stop,stop,3704,4909,2.462216874111742,3.2632350526497143,results/baseline/primary/repeat-0/MATH-500_103.json,results/mtp5/primary/repeat-0/MATH-500_103.json,fd2f783bcef1ad80574a6fd7f1fa14371a858cf1ab509d6d7cd49bf87b504c7e,58bb3e326ff4b760fc26d5ffd3f9208b1e9dcf2b23594136034592858b91ad19
MATH-500/104,math_500,0,True,True,False,stop,stop,2962,2976,3.438825536096631,3.455079269217952,results/baseline/primary/repeat-0/MATH-500_104.json,results/mtp5/primary/repeat-0/MATH-500_104.json,4a6e3ca7407a0dad2b8252e679ce097675b75e713a2b166891d182ae1447d239,978b4d2a50bbd18f73fa5a08d869f528bad346ee68ae634b897e2e753827d742
MATH-500/105,math_500,0,True,True,True,stop,stop,495,495,3.586184691372191,3.586184691372191,results/baseline/primary/repeat-0/MATH-500_105.json,results/mtp5/primary/repeat-0/MATH-500_105.json,4cd7b45219a920dc667847b76053ed5d2fc4b24eba6c64d70e792ef706c274b4,1ecfc36799315ff5a07398b360aba4ffdbe0a727b03132e28e22c71431b087ca
MATH-500/106,math_500,0,True,True,True,stop,stop,705,705,3.639882496951182,3.639882496951182,results/baseline/primary/repeat-0/MATH-500_106.json,results/mtp5/primary/repeat-0/MATH-500_106.json,cc63bccd4d216ca81dbf1ebe824243a47d058853ba283c5587ce3e266a6cbb38,1be97be66fcaa95d5e69b8e29ae87afbd14d002556f0fa152898942dab253624
MATH-500/107,math_500,0,True,True,False,stop,stop,741,735,3.586462355550389,3.557422174533787,results/baseline/primary/repeat-0/MATH-500_107.json,results/mtp5/primary/repeat-0/MATH-500_107.json,9e8a81ad6be993dcdc60aa63b7577d397d2d080081352fd0a37f5fb23053d171,7458dec91b4dc9a883abba1fb8df721bb179c78bd2bd5416a9f86cbae699d5e0
MATH-500/108,math_500,0,True,True,False,stop,stop,3656,2526,4.620025897518721,3.1920638449486565,results/baseline/primary/repeat-0/MATH-500_108.json,results/mtp5/primary/repeat-0/MATH-500_108.json,d3e6a292e999e9ea2514e43014484e335bb3515f9684d3d914162540051a7f14,aaf10561112623480a6f909df1ef8b8bf75c2ef93d2885c5e3be3af341446a02
MATH-500/109,math_500,0,True,True,True,stop,stop,1760,1760,3.7611592685465673,3.7611592685465673,results/baseline/primary/repeat-0/MATH-500_109.json,results/mtp5/primary/repeat-0/MATH-500_109.json,7dc7075132be3349221f76fa98f1d0687d760a2234a04efa8ed16932305ebf14,78acd98a8123e24c2ff128771b51eb4d42633764aaefc6952476677d89e0e00f
MATH-500/110,math_500,0,True,True,False,stop,stop,6753,6145,3.750339443537154,3.4126811610448406,results/baseline/primary/repeat-0/MATH-500_110.json,results/mtp5/primary/repeat-0/MATH-500_110.json,35ddf2d4af4ed6d1745c638f965838106b80ae095480f7dee766556cc911949c,fb3ac986a42a062b7b7431006a34450237a2fd43e02798a97a911657b6d3b8d9
MATH-500/111,math_500,0,True,True,False,stop,stop,663,678,3.6072355965074174,3.6888472615867705,results/baseline/primary/repeat-0/MATH-500_111.json,results/mtp5/primary/repeat-0/MATH-500_111.json,ecb4ed54d9b4613893d564dbee92e735c35c4cd895ddb54a145fa7cded02d652,16486510d1b1a0d175edac0e00e89d22c18afe9d0d01d8a5c213c4eb8d5c74d3
MATH-500/112,math_500,0,True,True,True,stop,stop,849,849,3.4226464133762913,3.4226464133762913,results/baseline/primary/repeat-0/MATH-500_112.json,results/mtp5/primary/repeat-0/MATH-500_112.json,46c175ab5c119db743649038c4d16b5c7366c15093400faeb1dae99650a71807,5e416b137fa0aef0f443b54ca52ce6da454ea5dc886028f900f14f41f9d55d9f
MATH-500/113,math_500,0,True,True,True,stop,stop,563,563,3.6613482424502393,3.6613482424502393,results/baseline/primary/repeat-0/MATH-500_113.json,results/mtp5/primary/repeat-0/MATH-500_113.json,2c45957aba54c311ab3695fe12d7aca92a18a539eccf26317a8f3c6811a3f337,76af2bf303c11d3fb250dc70d2d2335ab3d6b0c0738e5b0cdbd39ea20dcc04b2
MATH-500/114,math_500,0,True,True,True,stop,stop,895,895,3.547021671928621,3.547021671928621,results/baseline/primary/repeat-0/MATH-500_114.json,results/mtp5/primary/repeat-0/MATH-500_114.json,3a61f4050010706b2f74437c4e82edd531f84c618a781584a4546234ea567275,83aacc9ed08815746c1e7b639501914348192f9c8be3f291a4c515cd1434f0ed
MATH-500/115,math_500,0,True,True,False,stop,stop,597,678,3.1074716560573665,3.529088413411883,results/baseline/primary/repeat-0/MATH-500_115.json,results/mtp5/primary/repeat-0/MATH-500_115.json,b5f02c3598eacc5095963fa2071ae7ee9f06132735c25b0ed06e2d01d49a4620,dfc30fe0f15f9986c9bef4d54537944ca00a3a9eb955a7cf0b43f0a30ad98ed5
MATH-500/116,math_500,0,True,True,True,stop,stop,365,365,3.612878886636761,3.612878886636761,results/baseline/primary/repeat-0/MATH-500_116.json,results/mtp5/primary/repeat-0/MATH-500_116.json,4413224cb8ba3072cbd3afae75f1a83cdfd52d51801ff6f802a88e726e1d0afe,3bd2de88e1c7e43281dcc2574c42e939b4306c0d86ee7dd8cf8bfeef7fdf8b33
MATH-500/117,math_500,0,True,True,False,stop,stop,345,289,4.2540333777907176,3.56352361212034,results/baseline/primary/repeat-0/MATH-500_117.json,results/mtp5/primary/repeat-0/MATH-500_117.json,f9d64e4f1cfe748ef8f1ece3344908ce130d6076f28249566195278680047eb2,4f438416e95310881affe1c19ed96248a4d4fa0ec326c42e47734b08a9764f01
MATH-500/118,math_500,0,True,True,False,stop,stop,1355,1354,3.6296541711641708,3.626975459598736,results/baseline/primary/repeat-0/MATH-500_118.json,results/mtp5/primary/repeat-0/MATH-500_118.json,1c097d6667bbe33e698ae05e6f4fcc43e7e54a9754264ec9eef8bce7134e9a73,5f475740fd2e5f69c8bdfb3b91bfde3f5f2ecb3bf6da2114926c769344dc9dc4
MATH-500/119,math_500,0,True,True,False,stop,stop,6158,4660,3.8519477742167743,2.914919881105906,results/baseline/primary/repeat-0/MATH-500_119.json,results/mtp5/primary/repeat-0/MATH-500_119.json,768bab22074b9f11fc3c6268c91e9b740bf2dc6978bd5f1a50ab5ca5b6735478,bffe69c7f25faf7d8895af55b7451e045696be6385637f747af0aa98377e7184
MATH-500/120,math_500,0,True,True,False,stop,stop,1104,1347,2.796903127031512,3.412525826187905,results/baseline/primary/repeat-0/MATH-500_120.json,results/mtp5/primary/repeat-0/MATH-500_120.json,fe676f9a62f8f418a75e743113ed23f9f363dd9bfe44a973ba94d20a2e9809ed,0052e23b567774cfe56031e33c4b12e02ed3a7a5e117c56cdc83b930fa55243e
MATH-500/121,math_500,0,True,True,True,stop,stop,335,335,3.6268592042909917,3.6268592042909917,results/baseline/primary/repeat-0/MATH-500_121.json,results/mtp5/primary/repeat-0/MATH-500_121.json,0362ea58708ef501b9eb95f3a068c8902a97cf0838fab8df8703b647de03585a,4b06d93848bba20261ac190512376ef519efb370a6d67058aab32b4ca8e326a2
MATH-500/122,math_500,0,True,True,True,stop,stop,488,488,3.460266613311303,3.460266613311303,results/baseline/primary/repeat-0/MATH-500_122.json,results/mtp5/primary/repeat-0/MATH-500_122.json,7cbad785171f55729b4166cc276bb72a08a34ede44a0e29687d351604765744d,e0af483f46f1aca53650c32f930facc932a79aca5bc0c41997557c4bc6d87f7f
MATH-500/123,math_500,0,True,True,False,stop,stop,2833,3632,2.553277890027962,3.273386973731577,results/baseline/primary/repeat-0/MATH-500_123.json,results/mtp5/primary/repeat-0/MATH-500_123.json,7ebe2238b92eb1a83b97b717a16123f49149f0e558b2643626712f30dade9b81,bd81d6ead2804e447e7ab042e3f850237d3a1a4425da86b7501a6c006912620d
MATH-500/124,math_500,0,True,True,False,stop,stop,725,712,3.661393983153578,3.595741401386686,results/baseline/primary/repeat-0/MATH-500_124.json,results/mtp5/primary/repeat-0/MATH-500_124.json,09004114dcd8cfca26177924000d0105ae06f865d366ad1c2013a4a0ba419dfd,91ae11125901de74ea80ae85152ddda405f1cf7823223627eddec17e1c06740f
MATH-500/125,math_500,0,True,True,True,stop,stop,441,441,3.3323742894067694,3.332374289406769,results/baseline/primary/repeat-0/MATH-500_125.json,results/mtp5/primary/repeat-0/MATH-500_125.json,1061be28262fbb468fb520c479ee6fc5c34b4abb3190560e7f3b7a2527df1fc5,91f9f6db9dd9338b017af98b4c8f31a68e83d67ae5b18294b7d680948602c079
MATH-500/126,math_500,0,False,True,False,stop,stop,1141,2595,1.514594786087956,3.444674382031767,results/baseline/primary/repeat-0/MATH-500_126.json,results/mtp5/primary/repeat-0/MATH-500_126.json,d6e7d369a3d44f92ce592b5c3b261a2ade072a98f996d276a643e2c387b4d9fd,ce15b49d05cc9269f0491e1deb94f2128441fdd0fff4d8f7a50cfc6b0a1aa668
MATH-500/127,math_500,0,True,True,False,stop,stop,545,550,3.480995581355378,3.5129313206338675,results/baseline/primary/repeat-0/MATH-500_127.json,results/mtp5/primary/repeat-0/MATH-500_127.json,6957d0ed28c265c07a5a0e2571f21099ef3b562b94af2ae5ddd5d1672ba54f60,60ffb0860b7e15f0108b7c4aa9c99ca40eb61e45376b6e0f61926feb4ecc992a
MATH-500/128,math_500,0,True,True,False,stop,stop,1326,1324,3.1650101462509914,3.160236375291337,results/baseline/primary/repeat-0/MATH-500_128.json,results/mtp5/primary/repeat-0/MATH-500_128.json,e7e34f9e5fdd3c1ebe0fdb803e9c5bfdba3d0c78c31fa1ead221715c0096c6f9,fcd704b8447fd74a00423b1661e97fb789b54703214a4f7e0761b4aa5e2991f1
MATH-500/129,math_500,0,True,True,False,stop,stop,1435,2223,2.1776462425533842,3.3734547715652776,results/baseline/primary/repeat-0/MATH-500_129.json,results/mtp5/primary/repeat-0/MATH-500_129.json,f65809a4c30543925a500349a76c9ca904f67de39dbb0f76cafb3112ded26ff1,0c45d515b727ce8eec69334daf926151cd8b327307e95be767380cbddeea6343
MATH-500/130,math_500,0,True,True,False,stop,stop,951,929,3.5497442205716325,3.467626057740322,results/baseline/primary/repeat-0/MATH-500_130.json,results/mtp5/primary/repeat-0/MATH-500_130.json,9c4778ebde969ce69a53f654e31892626b4a27f8cbb7796490b9e683562f55d1,e33a4af6bb8b6fccff6631e2cf496f9e7eb7cae6ef7e1eef77d111ffa812cbfd
MATH-500/131,math_500,0,True,True,True,stop,stop,792,792,3.5879245922164444,3.587924592216445,results/baseline/primary/repeat-0/MATH-500_131.json,results/mtp5/primary/repeat-0/MATH-500_131.json,d8e8eb80c94c86bf7c8468e030436268518b1fe99f0f22aceafed0fa4469e7ed,85066809d8399dfa349b9d929528e31ee4770329eb6967b711f1a811c7c37193
MATH-500/132,math_500,0,True,True,True,stop,stop,485,485,3.5127360434858255,3.5127360434858255,results/baseline/primary/repeat-0/MATH-500_132.json,results/mtp5/primary/repeat-0/MATH-500_132.json,645f7e714eaa0cc32555fe3fd9f500f3e7886f7fbb88839be901c2100c5ed411,c914cb0b36b0cf85f8c91fd91c5f45ba6d7dd3c4490b3771edfc75bae3c7078f
MATH-500/133,math_500,0,True,True,False,stop,stop,643,644,3.6996398111986593,3.705393527856822,results/baseline/primary/repeat-0/MATH-500_133.json,results/mtp5/primary/repeat-0/MATH-500_133.json,7f39f55b123e9f1f58d232e87e874311b07e74bfa14f0b81869ed0dcc7ce70a0,353aea699fe28b71727315fce2c3a9e989cbccf9a3c29738ba59fc50e8a45c7a
MATH-500/134,math_500,0,True,True,False,stop,stop,915,911,3.683216235408936,3.667114743669443,results/baseline/primary/repeat-0/MATH-500_134.json,results/mtp5/primary/repeat-0/MATH-500_134.json,45f7e5704214946e735a310152235a7bc7b80b6da7f8c0471e45fefbc8e9339a,a99f77b2b565338421ddc4f211954632f37809d09d100096c3b7ab5ea825d17e
MATH-500/135,math_500,0,True,True,True,stop,stop,787,787,3.365653851591574,3.365653851591574,results/baseline/primary/repeat-0/MATH-500_135.json,results/mtp5/primary/repeat-0/MATH-500_135.json,291595f451c214b39d90f34a5a7be116f4e35350b248d9cf1aa7a12ceff6dd94,3d1d171bfdb8fd689990615b16794a623f1fd10099b7317c1da5822b73fb68a6
MATH-500/136,math_500,0,True,True,False,stop,stop,4956,5649,2.8879305630160843,3.2917513620818926,results/baseline/primary/repeat-0/MATH-500_136.json,results/mtp5/primary/repeat-0/MATH-500_136.json,6231186bd9a65fb743a6e340382592b7c01ed4a02207f321ee5db7272f4fef0a,a6650c8cbcd1ec58b9709b901d3c67f627ea3a8e3e939b5e88ed12408620595f
MATH-500/137,math_500,0,True,True,False,stop,stop,1193,1032,3.8525050967151,3.3325945178625176,results/baseline/primary/repeat-0/MATH-500_137.json,results/mtp5/primary/repeat-0/MATH-500_137.json,2ca8930954399cc8b2d22e724b07e2f290610e3ed817406402bbb9fd73720793,f79f8f4fb723440818300d25f268e59798220a35c7f5287ebcad14367de826ef
MATH-500/138,math_500,0,True,True,False,stop,stop,1782,1884,2.9570489108871563,3.126307602756118,results/baseline/primary/repeat-0/MATH-500_138.json,results/mtp5/primary/repeat-0/MATH-500_138.json,0e3159a9a9583e08e569ae4f30c4fa44a359d24d62003f9abc74edde534cffe8,fa7ecefbdaf9b480c89ac18bda10d1e6209800c1cc696ecbd6a8d5c31f9e90ed
MATH-500/139,math_500,0,True,True,True,stop,stop,1175,1175,3.612273901463922,3.6122739014639214,results/baseline/primary/repeat-0/MATH-500_139.json,results/mtp5/primary/repeat-0/MATH-500_139.json,2143e48a6978348b430aa553161503ec12f78bb7757551a2d7be96d0cdb8e543,836dc8f16bc7100372f13e5fc6f2b04413c8cb39eaee3557dd846530bf754b48
MATH-500/140,math_500,0,True,True,False,stop,stop,632,547,3.9050898983914686,3.3798800228166668,results/baseline/primary/repeat-0/MATH-500_140.json,results/mtp5/primary/repeat-0/MATH-500_140.json,352d061b9ab1b71706089a2f9c59c1bef34b06083c45dd5e33f2f1b9055d1f18,679a722bde589923fd6a758235d0c75ad681359b40ec9b31f5e206301baf057c
MATH-500/141,math_500,0,True,True,False,stop,stop,421,413,2.85223088622904,2.7980317244954716,results/baseline/primary/repeat-0/MATH-500_141.json,results/mtp5/primary/repeat-0/MATH-500_141.json,7f4000f32b397f51b666961ea3fa48823571928139da167ec6f711f5295cfe03,e43e2b27740c0b736217158169eec2b4eb62fd4ee27a2f422ed1e7872d876069
MATH-500/142,math_500,0,True,True,True,stop,stop,677,677,3.076126629188116,3.076126629188116,results/baseline/primary/repeat-0/MATH-500_142.json,results/mtp5/primary/repeat-0/MATH-500_142.json,6c39febd157e42d1988e3c3e0d7e4e03d6c144ea86bf284989afea99fc56ed36,f0186dc18b21742f8e67e278ad4ea8e8ee4446b4417c5624051793b77186b124
MATH-500/143,math_500,0,True,True,False,stop,stop,927,925,3.721669869926622,3.713640377219121,results/baseline/primary/repeat-0/MATH-500_143.json,results/mtp5/primary/repeat-0/MATH-500_143.json,a80f114e42213e217df42250aa5d1f2874d21fb6095b6e625a7c3b535716de44,9da262ba84718e1ceb659acf2bde10dcf8cc322ca7ed416d9894688253616737
MATH-500/144,math_500,0,True,True,True,stop,stop,343,343,3.500647610395886,3.5006476103958857,results/baseline/primary/repeat-0/MATH-500_144.json,results/mtp5/primary/repeat-0/MATH-500_144.json,a43ad1c52673f2ba93c0062c723552702e5ca5bf934541056f7e87eb9db73361,34ce66b06139084359fd513d83ea24f97dc43ad0a660d1c3ae37565e79cbddd2
MATH-500/145,math_500,0,True,True,False,stop,stop,1466,1377,3.6958611135618504,3.471487553461574,results/baseline/primary/repeat-0/MATH-500_145.json,results/mtp5/primary/repeat-0/MATH-500_145.json,f36ddc94b7b9e64bce6c094544a7645c826912e27ffdb0a5f8d1391636a98301,2a263ae33278d19b8b23bfc48bcf11bca2c486e0bedef284937f60b3e9f669f0
MATH-500/146,math_500,0,True,True,False,stop,stop,402,399,3.3752883631793873,3.350099644051183,results/baseline/primary/repeat-0/MATH-500_146.json,results/mtp5/primary/repeat-0/MATH-500_146.json,136afed87923e17825c6c6271717d3b6d4286c07a542c2d55f67c2dc915eb35d,7f659f4703bdbe978a257d6a30f338b8284f19470b136760cec1e4b126ae0477
MATH-500/147,math_500,0,True,True,False,stop,stop,2131,4595,1.4407157602299916,3.10656448533872,results/baseline/primary/repeat-0/MATH-500_147.json,results/mtp5/primary/repeat-0/MATH-500_147.json,c8ce4f9b2fdecfb8ee7f2b6b08330959f252fd0132cd912837c16a79afae4c5c,2b887e3bcbb463a889c1a58f2ed2ec94af1bb73388030e076ef48b346278feda
MATH-500/148,math_500,0,True,True,True,stop,stop,415,415,3.483403151842307,3.483403151842307,results/baseline/primary/repeat-0/MATH-500_148.json,results/mtp5/primary/repeat-0/MATH-500_148.json,d96df744fcb081045dcfbe170ffbf30da75e2d1b3d8c338b5c8de657f2d99ab5,9367ac1bd909a31b5e1df017eaaad8d803c18f4e8fdcaf2cb274bc176cdfc1ef
MATH-500/149,math_500,0,True,True,False,stop,stop,1250,1245,3.63249505151183,3.6179650713057825,results/baseline/primary/repeat-0/MATH-500_149.json,results/mtp5/primary/repeat-0/MATH-500_149.json,c357c3e256a44239feb8cd968688e2ab3649a80ccebdf640d72e57619d865a07,a60868a60dcd9c729623517dfee8448dac48aebd926eeee9d226a50e233ba00e
MATH-500/150,math_500,0,True,True,False,stop,stop,5062,3767,5.094505231381746,3.7911894916268345,results/baseline/primary/repeat-0/MATH-500_150.json,results/mtp5/primary/repeat-0/MATH-500_150.json,bac6687fc3edbe8ce6bd00ffc7a4b48c680d441ef8dc37e424de5d38c6889847,93ef7d19aea400669a2a62e784deb5aa437284d038b4e1190414cc2233a5df14
MATH-500/151,math_500,0,True,True,True,stop,stop,1069,1069,3.6372656873694997,3.6372656873694993,results/baseline/primary/repeat-0/MATH-500_151.json,results/mtp5/primary/repeat-0/MATH-500_151.json,879484e32a09de62647df1b975668303617d8b5fa696b3d6c135aa8ed2ee850b,d9148a9adfd8f9549152803e308b431e1916f345af829834ac70e4d58a4692d2
MATH-500/152,math_500,0,True,True,False,stop,stop,2549,7101,1.206252216699718,3.360375437734287,results/baseline/primary/repeat-0/MATH-500_152.json,results/mtp5/primary/repeat-0/MATH-500_152.json,130a01d6599776199b66ce90170a75caf414906d8afc3cfec8cee7f068c45dae,e1c822aee3fd43f8818a382af968da165770ac2613f6ea437aa29ac9e2557696
MATH-500/153,math_500,0,True,True,False,stop,stop,1147,1133,3.302875498035173,3.2625614117470367,results/baseline/primary/repeat-0/MATH-500_153.json,results/mtp5/primary/repeat-0/MATH-500_153.json,617f0ac7f5e003293fc9d15fc7edee39f6e71f87f7b519fb55f1858490b8e1ca,7c7822a200d7f16195790a77f1dbddb64e36adf9e7612542236aca550eea3dc3
MATH-500/154,math_500,0,False,False,False,length,stop,8192,7880,3.2121155219311,3.0897790909200524,results/baseline/primary/repeat-0/MATH-500_154.json,results/mtp5/primary/repeat-0/MATH-500_154.json,95c71cde0d3461df1e211b34ff7f9890a1f5bbf4b3bb3a59bab595653fee3845,a799bc66857b978b9874febb25bf21344c1c3967f480a8b484fd3176fe995604
MATH-500/155,math_500,0,True,True,False,stop,stop,682,756,3.0330962524599645,3.3622005379174973,results/baseline/primary/repeat-0/MATH-500_155.json,results/mtp5/primary/repeat-0/MATH-500_155.json,471f8b2e9cfb1d2bfd41c0a7f1721dec22341d43078893ae09d51315af1c60cb,0b5bb16ec5b0f80f586d796ab862f31d0110004de44d841650f4118c20197fc4
MATH-500/156,math_500,0,True,True,False,stop,stop,1566,1700,3.1852224566275984,3.457776613197265,results/baseline/primary/repeat-0/MATH-500_156.json,results/mtp5/primary/repeat-0/MATH-500_156.json,92ba5162cfb980ec0128f4b0bb71383b553b6cd72ce5285cdf062127ca2a8e1f,cb6d3368d0ad372e0e515da7a753586f56b09a0e21d5912d8dd7f03be9016809
MATH-500/157,math_500,0,True,True,False,stop,stop,497,495,3.5305073471905075,3.5163000741635835,results/baseline/primary/repeat-0/MATH-500_157.json,results/mtp5/primary/repeat-0/MATH-500_157.json,31d843edc25f7cbfc9ba557bbe676c687734c99f9e2022f62190c813478ec98e,125b932db869f034feed84975c1ef8f47f158abb0beb90c63937ab45f0be3b4a
MATH-500/158,math_500,0,True,True,True,stop,stop,643,643,3.562454577482048,3.562454577482048,results/baseline/primary/repeat-0/MATH-500_158.json,results/mtp5/primary/repeat-0/MATH-500_158.json,5c5df72b9d8ee2537b1dbd7a2d806fba93e3915a3a9b55f490dda750a504d003,b15639bc482c2529779eb018ce9be9eb59ee0e639aeaa096fc75f4d948c024ab
MATH-500/159,math_500,0,True,True,True,stop,stop,663,663,3.6132722298836977,3.6132722298836977,results/baseline/primary/repeat-0/MATH-500_159.json,results/mtp5/primary/repeat-0/MATH-500_159.json,dc4e3833dfe602c6675ed39c1076e65ff572ca5dec602f9b67a0d3b572c6e664,3f48b2549a82527c155a8bf1ffc9d48111a6de1d9c3a4efcaf26e05a37b7dcd4
MATH-500/160,math_500,0,True,True,False,stop,stop,540,550,3.193613896544975,3.252754894629142,results/baseline/primary/repeat-0/MATH-500_160.json,results/mtp5/primary/repeat-0/MATH-500_160.json,0f800352a70f4662d2ad787a9fa9512ac70305a20b2cbff96258f9a7053d426c,9b7d100495dbc7d56ce6b36925b64cd64bb0987cafa962a252de5553585c987e
MATH-500/161,math_500,0,True,True,True,stop,stop,267,267,3.4288016845237346,3.428801684523734,results/baseline/primary/repeat-0/MATH-500_161.json,results/mtp5/primary/repeat-0/MATH-500_161.json,097d6abb77440dea5bb9f61691800d4d9cd934115286d9f79cafd401b472f8c8,e54a88060eeb1793f33ab998e9a8aa6c313ac44f1e8b314fad147d49b09f676e
MATH-500/162,math_500,0,True,True,False,stop,stop,784,804,3.5099829486004763,3.599523329942325,results/baseline/primary/repeat-0/MATH-500_162.json,results/mtp5/primary/repeat-0/MATH-500_162.json,9cc622374ed98c37823d76d71ee69c5f40160257ded42662a20b40bc3df6b588,3761f953bc8b342c12e5c638ed9521d8127df3834ae3bbcbdcfa2fa2bd460cb3
MATH-500/163,math_500,0,True,True,False,stop,stop,920,896,3.553164522540479,3.46047327412638,results/baseline/primary/repeat-0/MATH-500_163.json,results/mtp5/primary/repeat-0/MATH-500_163.json,9a366adbd71e9017a91832f9bb84077ecaec8084761d6c8bf0ab74b5e35d1d0e,b74e1cba58de06578ff0cf4cd75be32f4d5e7853e5fe7f400924f175a6e91963
MATH-500/164,math_500,0,True,True,False,stop,stop,1882,2196,2.89410322009506,3.376966350334087,results/baseline/primary/repeat-0/MATH-500_164.json,results/mtp5/primary/repeat-0/MATH-500_164.json,172432d7629d4edc091145c759707e4dc37899d15ccad17078f04e9d6d470960,007719cd625c8f25554a6f09c6c42f515529406e963baf34f2a973826e081e31
MATH-500/165,math_500,0,True,True,True,stop,stop,589,589,3.450087768358616,3.450087768358616,results/baseline/primary/repeat-0/MATH-500_165.json,results/mtp5/primary/repeat-0/MATH-500_165.json,c2d493218f333ed8c584c412497389b07e576da8c79e0739caa2a13a24d0d8f6,312c4aa6c54d9fef47763845c49c8fca4b09124382b8d475ae15fbdd45c782be
MATH-500/166,math_500,0,False,True,False,length,stop,8192,3102,7.968400514760668,3.0173313472641103,results/baseline/primary/repeat-0/MATH-500_166.json,results/mtp5/primary/repeat-0/MATH-500_166.json,04d5d2cce50c73d2baff8ae3c9decfab7ff1a3c70798269962eafd118483f777,88ea1df33aec5790458a6d1e28124599df9b2148a6bca445b69cca611fe12c20
MATH-500/167,math_500,0,True,True,True,stop,stop,221,221,3.4396083393530437,3.439608339353044,results/baseline/primary/repeat-0/MATH-500_167.json,results/mtp5/primary/repeat-0/MATH-500_167.json,7434985080bf51fa7afcc1fab190cb5b8efcdcf492c8f3293f5bcceeb9301efc,1a54a571a9a0531a3dbef9fe27f1227ce531d4d536c0dab3e892847598e65e51
MATH-500/168,math_500,0,True,True,False,stop,stop,3274,2607,3.9391243277818377,3.136620990387065,results/baseline/primary/repeat-0/MATH-500_168.json,results/mtp5/primary/repeat-0/MATH-500_168.json,ca5730a4cfe20a2b3b6998e2d7210bca0c322d0c4e17fce67a799767d537b18b,c23af9e76207f99f7192682a405226192ce79b331cf5647dd7f5c5c508f7d08c
MATH-500/169,math_500,0,True,True,False,stop,stop,785,755,3.631943351855337,3.493142968981885,results/baseline/primary/repeat-0/MATH-500_169.json,results/mtp5/primary/repeat-0/MATH-500_169.json,ead5b71b0ed3f97c391d2728f43c83d9c39abcbce50512118687f51ea5213a3c,fd654e10019c8a035d56cc7e5c86472fd6c8f1b8837863138f5f70ea0b15f22a
MATH-500/170,math_500,0,True,True,False,stop,stop,3317,3318,3.4325326575267225,3.4335674879932663,results/baseline/primary/repeat-0/MATH-500_170.json,results/mtp5/primary/repeat-0/MATH-500_170.json,bb195f1c25ca1c6ca5abf7e93debf92ef9fa354ea9723df1a075a1202ae06de0,d4fb3adfb2ab81424bd38d7310a8f25c4ffb0fd1022529e46d82465103f9fcbb
MATH-500/171,math_500,0,True,True,True,stop,stop,329,329,3.615072875866875,3.615072875866875,results/baseline/primary/repeat-0/MATH-500_171.json,results/mtp5/primary/repeat-0/MATH-500_171.json,af1b1ed8f5093cd5db95b599b23a5473ca5d9f8179a7a0ef6db0491c07e3735c,f71df18d4de734ca500726068cdd253325e58cf48d2812badf96ea13d28c1326
MATH-500/172,math_500,0,True,True,False,stop,stop,630,719,2.9559779868079548,3.37356852780146,results/baseline/primary/repeat-0/MATH-500_172.json,results/mtp5/primary/repeat-0/MATH-500_172.json,7cf79e4a073438a55e501e76ea8dad5bef34e54f4fd65a29b8d24d6a6d698ba1,0c57ba13966700455fe438743da1d429e156dd25c9ebab8b53d8d32795578bb6
MATH-500/173,math_500,0,True,True,False,stop,stop,1797,2441,2.472758835450458,3.358933955111056,results/baseline/primary/repeat-0/MATH-500_173.json,results/mtp5/primary/repeat-0/MATH-500_173.json,ff9f1df631f96b1a196033665a3948abbcc9b748ff5b4612c9f949bc8acf5119,24e43bd0e0ef4298abcc69f09511013d49446d120b4a48596fef740e23cbd474
MATH-500/174,math_500,0,True,True,False,stop,stop,633,635,3.842036149668427,3.854175284422514,results/baseline/primary/repeat-0/MATH-500_174.json,results/mtp5/primary/repeat-0/MATH-500_174.json,0d5f0634b2e2696cc92a8fefd4ac5d8c9b176a499d568dfd2dca0574f2e0e858,9ec5af25a1e07ac79340073c83abb461685f8055dd50042ba7ea6967c5823e05
MATH-500/175,math_500,0,True,True,False,stop,stop,1222,1273,3.415060951077461,3.557588044780367,results/baseline/primary/repeat-0/MATH-500_175.json,results/mtp5/primary/repeat-0/MATH-500_175.json,66d672bd539e58336063953508adc0cba201e3c929cecc7ceb25223bf73562fc,5d083f62af18faf5d02519e1a6da5f0fd9560511a72bf5e0f4d4e29adea24d2a
MATH-500/176,math_500,0,True,True,False,stop,stop,836,861,3.2377628253968544,3.3345858763955643,results/baseline/primary/repeat-0/MATH-500_176.json,results/mtp5/primary/repeat-0/MATH-500_176.json,7a0f27d46ba7ee1615d291291a717694042d2429e43baa1e8ab5cd81e2da5146,72524f5291fd864d640e71adc899e7e818d4fbf40a2b51350a06113d8a5a9d9d
MATH-500/177,math_500,0,True,True,False,stop,stop,3918,2632,4.895635759754055,3.288747656884296,results/baseline/primary/repeat-0/MATH-500_177.json,results/mtp5/primary/repeat-0/MATH-500_177.json,7e0bc9617c34083768447176184febc0f3f83fd8152a14f6e8a6c00ad2e25de9,3a45263bcb6a8cc02ca05b339803fc6ea45f7af0b9ba7e67f4e6e58c0878bac4
MATH-500/178,math_500,0,True,True,True,stop,stop,647,647,3.6213112728234913,3.6213112728234917,results/baseline/primary/repeat-0/MATH-500_178.json,results/mtp5/primary/repeat-0/MATH-500_178.json,1215a2f0887e992408f5486e4fbacfecf3983bbc426a1d42876e4e3d851581ca,fea58b76f8b730ec6af558332d0bad90525765ec2653d788f627233bd961fe2f
MATH-500/179,math_500,0,True,True,False,stop,stop,1436,1470,3.3136015882576824,3.392057336169076,results/baseline/primary/repeat-0/MATH-500_179.json,results/mtp5/primary/repeat-0/MATH-500_179.json,391e6c09c47a8ae33900c9a1be7f3847073bbde1485225800424ed959b18cf99,0cb101650631ab62a8f6b680c7cd1b11ace935950a6d935fb0a7c27a5039c313
MATH-500/180,math_500,0,True,True,False,stop,stop,672,729,3.3359007717300426,3.6188566407607152,results/baseline/primary/repeat-0/MATH-500_180.json,results/mtp5/primary/repeat-0/MATH-500_180.json,4142aa84c29d2686362aa3bdaedfadc155a21ce97efb6aaba3b14593f08ae70d,377c08b839df3c16190fcee296348fb875891323bb981f83a5c3573d5f53ff46
MATH-500/181,math_500,0,True,True,False,stop,stop,1082,1086,3.5441166725352904,3.557218767443,results/baseline/primary/repeat-0/MATH-500_181.json,results/mtp5/primary/repeat-0/MATH-500_181.json,bb003d5e5bec9e196521febd7ff96be1c8ac508b239c7993f0e12137975f6111,8a366577004961ff42df48e730da6d6de3a47890cd73d147662b05f8871c771a
MATH-500/182,math_500,0,True,True,True,stop,stop,368,368,3.604157566034452,3.604157566034452,results/baseline/primary/repeat-0/MATH-500_182.json,results/mtp5/primary/repeat-0/MATH-500_182.json,257d2908f7108b7a00ee4a53a065e6855a857ec0ec79e9de92615d0c771c7c33,f802cf0257ef407014f5071ee2dd710fbf246dedb197f3db6955b79b3daeb787
MATH-500/183,math_500,0,True,True,True,stop,stop,1025,1025,3.549236374075243,3.549236374075243,results/baseline/primary/repeat-0/MATH-500_183.json,results/mtp5/primary/repeat-0/MATH-500_183.json,eda5c7951d3e8c28b549c0edfe70af76720d8886135d11eda70e08463a136439,42909930ceb41cfaaa2226117b06a03b69b2b646b408e0e4bbf6f6dc2358c7d0
MATH-500/184,math_500,0,True,True,False,stop,stop,1623,1621,3.3630763450746044,3.358932073546478,results/baseline/primary/repeat-0/MATH-500_184.json,results/mtp5/primary/repeat-0/MATH-500_184.json,76c527c004670c5bcbc1c6c5d879fc623ef3930ca216f7c534695dd88490598d,f0396904a00c34e7a3eeb2cb8a7a4d802ea5979c9c8cb8f1ec562bd5a4394814
MATH-500/185,math_500,0,True,True,False,stop,stop,287,283,3.5433696915618444,3.4939847481254427,results/baseline/primary/repeat-0/MATH-500_185.json,results/mtp5/primary/repeat-0/MATH-500_185.json,ece74d873d76b452b0fb08fd371f8bd085fa3f3f36e1883a60c43ebe7480aa77,195a87777330314dfa75a602e03fb9c9ea4de1ddec5c3d58a90c3f523b239fac
MATH-500/186,math_500,0,True,True,True,stop,stop,801,801,3.4094871921871737,3.4094871921871737,results/baseline/primary/repeat-0/MATH-500_186.json,results/mtp5/primary/repeat-0/MATH-500_186.json,2ab40a441d6916214a6e45a013c357541c379b9414671d5db15a07c4a99ff18a,a65bdaf17d5a15c5a181685796d68099b7a0984dff32c1c138909321385b8482
MATH-500/187,math_500,0,True,True,False,stop,stop,491,493,3.383238624850807,3.3970196375793233,results/baseline/primary/repeat-0/MATH-500_187.json,results/mtp5/primary/repeat-0/MATH-500_187.json,882affc59391333c8a52852ae7a187020868ac95372dcefbeaddc08764c09a76,905748529cd5f473722dc9ee34126282baf544fb06ac18fc4be6dbb5d4a97e24
MATH-500/188,math_500,0,True,True,False,stop,stop,1212,1291,3.3268291218809676,3.5436768946768393,results/baseline/primary/repeat-0/MATH-500_188.json,results/mtp5/primary/repeat-0/MATH-500_188.json,28d4d9691c7869411108f8bc21f0eb70505a7d266ba76c9bfa3cc7ac47f50949,23def02c6b2cffebdd892cc6b629834851d2455992afa77ede93ce1fa59d2441
MATH-500/189,math_500,0,True,True,False,stop,stop,2407,2285,3.614726167226585,3.431511961824988,results/baseline/primary/repeat-0/MATH-500_189.json,results/mtp5/primary/repeat-0/MATH-500_189.json,05e83c8ad9e769dd13c154d1555f90772423836cb529d9db1057a3cb1b7f3761,0a08129b9ccb990fa70fb6f4d95ad960060bd516c5e60c2d1eb16335c3decf38
MATH-500/190,math_500,0,True,True,True,stop,stop,672,672,3.3930142966070536,3.3930142966070536,results/baseline/primary/repeat-0/MATH-500_190.json,results/mtp5/primary/repeat-0/MATH-500_190.json,5de21f7854ffb379f1e22fe3ea8e249a2f3de16bce0aaf152692c3c07c955147,ebf123a50d24a9408ac33e1ad6eacbf405c43fcaba7d48bcbcf8be806870e97d
MATH-500/191,math_500,0,True,True,True,stop,stop,325,325,3.510048845718234,3.510048845718234,results/baseline/primary/repeat-0/MATH-500_191.json,results/mtp5/primary/repeat-0/MATH-500_191.json,8e9daed9184b1a725565c5839be589cc4167750f6d81c56f1a2565671607b9ec,96e3554f40ab81fbddd3bb6357942bc852f706bfbf388a59c5e94e1b8f544751
MATH-500/192,math_500,0,True,True,True,stop,stop,855,855,3.6141443671357476,3.6141443671357476,results/baseline/primary/repeat-0/MATH-500_192.json,results/mtp5/primary/repeat-0/MATH-500_192.json,730f1e4440cc1877e73166ac7c01929153dea655cc6051bad7816d842d2e978c,734591601ebcbdf13829f1be6b4f9f02dc3efcae02f59b566677dd257890c382
MATH-500/193,math_500,0,True,True,True,stop,stop,1805,1805,3.5769144724318678,3.5769144724318678,results/baseline/primary/repeat-0/MATH-500_193.json,results/mtp5/primary/repeat-0/MATH-500_193.json,ffaa2087ac8d8e171993c64ba6667ca06341c88b7ea11a27ddd197e6fbeb14fd,009d0cbd7ddceed6385490c32cd796bb6b2f0e6a0d5424ca31682aca851596bd
MATH-500/194,math_500,0,True,True,False,stop,stop,1953,1803,3.5103534490457577,3.2407410489654382,results/baseline/primary/repeat-0/MATH-500_194.json,results/mtp5/primary/repeat-0/MATH-500_194.json,bb8a41158c0c8a9dbe2d5ef749164ba61251f261693e9ad0e8be66b4a3bafd56,ce0dc263f02ae163ca9f90684983014b9603b946560d907e399f539d861affca
MATH-500/195,math_500,0,True,True,False,stop,stop,929,930,3.404147792596501,3.407812106689716,results/baseline/primary/repeat-0/MATH-500_195.json,results/mtp5/primary/repeat-0/MATH-500_195.json,a3317db326e160a6cdefe943d3a0580ac67f36b4a4a54a736e3e260099e30d84,87b9af9d5fc47ad292fceb577466ba18bd29f0f747f2222ce06f7d9ec3e7dc43
MATH-500/196,math_500,0,True,True,False,stop,stop,488,511,3.243948604626634,3.39683962492666,results/baseline/primary/repeat-0/MATH-500_196.json,results/mtp5/primary/repeat-0/MATH-500_196.json,209ce1bf08ba609a193e92f1d7bcbd3fd2f6de9175492d41e6d32aa386ec4a6a,c98b7be3377e866175d5bedc50b06a34f623bc94c0b65575150258d5c26329d2
MATH-500/197,math_500,0,True,True,False,stop,stop,1856,1855,3.7516203999839,3.749599052785633,results/baseline/primary/repeat-0/MATH-500_197.json,results/mtp5/primary/repeat-0/MATH-500_197.json,9bac0521cb60d2d5067d9a80752826658dafd22bee7d344413094abbc76bba93,c7a718f6fe46e50699d5c5dcbde32aab8b20e06c4fbdf394141655a6721e5256
MATH-500/198,math_500,0,True,True,False,stop,stop,585,585,3.3246946661390524,3.3246946661390524,results/baseline/primary/repeat-0/MATH-500_198.json,results/mtp5/primary/repeat-0/MATH-500_198.json,b6b91cf05996664452d907b1b194cd7f8ac763b21984c2af91a834e8806a225e,40ef682c871931487a8102a0d5f0186681db1fe5b378c4bd627333f6d7c15c49
MATH-500/199,math_500,0,True,True,False,stop,stop,399,397,3.6526182397791733,3.6343093764218843,results/baseline/primary/repeat-0/MATH-500_199.json,results/mtp5/primary/repeat-0/MATH-500_199.json,eb8a8eaa04a8bc05d2464b57b69e2aa47022e13aa8fca2ea1cb8d775a72b01f7,a5d829013cb7eb4d002484d1ef8457e03e93deda29cf5c8d7982ee9031bff3d0
MATH-500/200,math_500,0,True,True,True,stop,stop,576,576,3.41199058110985,3.4119905811098503,results/baseline/primary/repeat-0/MATH-500_200.json,results/mtp5/primary/repeat-0/MATH-500_200.json,3b1b7ec09e9c69a7fef629fd243406bc8ec94e0d0c2d437254fe4502a6664bfb,526cf7f157e8f2fd81baeba7fc373d94b136d0470b6cb82dad1a2ee83a01571b
MATH-500/201,math_500,0,True,True,True,stop,stop,1027,1027,3.575769537588124,3.5757695375881235,results/baseline/primary/repeat-0/MATH-500_201.json,results/mtp5/primary/repeat-0/MATH-500_201.json,5647e65b5aad7ab7ef8e2a8bda671bd49cdf150e98c101d57336a1459bc004d7,0d5d61d4db11c0ba4941f833cd8c07395668ac1ed422feaa000e27016e8ae5aa
MATH-500/202,math_500,0,True,True,False,stop,stop,1128,1134,3.2413664337665127,3.25860774458442,results/baseline/primary/repeat-0/MATH-500_202.json,results/mtp5/primary/repeat-0/MATH-500_202.json,9c6c8fd96c5f92f976728bb58d264620798062cefd900f3bf73b3f5998f81353,9b1a47a8b8384cd2e82af8ac63259af5b0e9788e8c16bbdc7daf784f6fb66672
MATH-500/203,math_500,0,True,True,True,stop,stop,691,691,3.7142260251486063,3.7142260251486063,results/baseline/primary/repeat-0/MATH-500_203.json,results/mtp5/primary/repeat-0/MATH-500_203.json,8203efc06cf83893b0d18091b83880276f937a6c8d2b3b7e015778207e9e0548,ed3545d9edc4c20105a08ffe6ab8b50ec1293238dee12d5259668413916a2b3a
MATH-500/204,math_500,0,True,True,False,stop,stop,6695,4587,4.371147073164033,2.994839675071459,results/baseline/primary/repeat-0/MATH-500_204.json,results/mtp5/primary/repeat-0/MATH-500_204.json,6e784b0d2ba4300921250f5a6d6e09b9015812669b79128f207a963217b18a60,a5284d4f4ebf5bbb4fdec4e0af5af0ea72393f86ef46e0298b5c4faf03b1f8a1
MATH-500/205,math_500,0,True,True,False,stop,stop,1343,1329,3.8015756288073734,3.7619463966381232,results/baseline/primary/repeat-0/MATH-500_205.json,results/mtp5/primary/repeat-0/MATH-500_205.json,305b8c6483b6cd75fa13884cd9071e140d9b045e0ba9f04d4905cf84efe184fb,c0938c66128df31460385391ca8b1aeff543ef236551d021461ba39cbabad7ec
MATH-500/206,math_500,0,True,True,True,stop,stop,489,489,3.622095555715051,3.6220955557150516,results/baseline/primary/repeat-0/MATH-500_206.json,results/mtp5/primary/repeat-0/MATH-500_206.json,6487574e3d73ba5f54ef9b5ef23360aa09af01d70cec539f5d2e10c492732f94,a1cd370b1bc557bdcd6cf8753a6107105eddc0f24d3fceb9fa7bb7d9ca84266e
MATH-500/207,math_500,0,True,True,True,stop,stop,588,588,3.368033323697107,3.3680333236971074,results/baseline/primary/repeat-0/MATH-500_207.json,results/mtp5/primary/repeat-0/MATH-500_207.json,4a4e440c5d2a699fb7fd8d37b1b94e25985f03711eaa2e9b7c1fbfb125aca62f,4f2a59c490974003a29ae03dcefe04236401c999beffec5a941dc5e6e2122ab4
MATH-500/208,math_500,0,True,True,False,stop,stop,525,589,3.137331894189925,3.5197875917673636,results/baseline/primary/repeat-0/MATH-500_208.json,results/mtp5/primary/repeat-0/MATH-500_208.json,3c42fadef8c62cb840aee0e672ae3e1bd9ce489953155299f00e72b02310aa91,ef3f8a96290b37271f29a53ee25947a9281b2955d99d6e2081d05f2e7cb67447
MATH-500/209,math_500,0,True,True,True,stop,stop,1096,1096,3.461821511709303,3.461821511709303,results/baseline/primary/repeat-0/MATH-500_209.json,results/mtp5/primary/repeat-0/MATH-500_209.json,14b34616325f78211c189dc81e47b3362289b3925b67c75e5c9911e5bb1da2ef,9af56187f5f3e410745b9dc932d4f6d284cc9c0d507a21099911f5854a60528a
MATH-500/210,math_500,0,True,True,False,stop,stop,3147,2546,4.12156337687473,3.3344456172618564,results/baseline/primary/repeat-0/MATH-500_210.json,results/mtp5/primary/repeat-0/MATH-500_210.json,df013aa32a10b46f2ae165ee7f66aac59f283933fb6f5811c0ab558dd72fb538,8cb3532387385c615453c35995b36870c1fa5c0543dc16b89277540bad8d5547
MATH-500/211,math_500,0,True,True,True,stop,stop,554,554,3.583099826652846,3.5830998266528455,results/baseline/primary/repeat-0/MATH-500_211.json,results/mtp5/primary/repeat-0/MATH-500_211.json,8e17f06777cea25d875e87a30e4cf75dca2440eaa7ddf2eb830c4501c3e0e184,e79483498925e3d5545162e649e9a9101c7bbe09f82d5fd6e8dd2b97197e25a1
MATH-500/212,math_500,0,True,True,True,stop,stop,657,657,3.5846502003704934,3.5846502003704934,results/baseline/primary/repeat-0/MATH-500_212.json,results/mtp5/primary/repeat-0/MATH-500_212.json,6d1e2d20dfc952a01a5e858baf40f912202ae6bd8a7d826d2184c8a92d3eaabd,ae104a2027f3f18de5c567cca199f697ed17236fa51999f8bd49b6b4ff1d2551
MATH-500/213,math_500,0,True,True,False,stop,stop,1993,1953,3.6134605068539205,3.540937466074113,results/baseline/primary/repeat-0/MATH-500_213.json,results/mtp5/primary/repeat-0/MATH-500_213.json,ef1807259446faf342c67b5d4cb0998a060ee38bdc50150892054a7e713fc477,e019a8c5eb19337c0ea7c0c6ab28997a46aa318e436923c5a5b91bb4dfaaab8e
MATH-500/214,math_500,0,True,True,True,stop,stop,1047,1047,3.6831681977618382,3.6831681977618382,results/baseline/primary/repeat-0/MATH-500_214.json,results/mtp5/primary/repeat-0/MATH-500_214.json,d2a00b01c2352f8436e1a4e19bab3b342a1dc8ad6fb93c0f6811aece669ef775,f4d3a7ac7f49eea1eefd0a880575fed2ba3234c94a141133210955038270c52b
MATH-500/215,math_500,0,True,True,True,stop,stop,716,716,3.6274390687272153,3.6274390687272153,results/baseline/primary/repeat-0/MATH-500_215.json,results/mtp5/primary/repeat-0/MATH-500_215.json,70375d2c5c2b536735ac3867f95457285e3a8aa0fd75766a740a9224eff25363,e1a3eaf25969ff9a85849a7c0b6d46aedc8d64b3235ac3310d607311421e848d
MATH-500/216,math_500,0,True,True,False,stop,stop,481,476,3.286964364506156,3.2527963357690863,results/baseline/primary/repeat-0/MATH-500_216.json,results/mtp5/primary/repeat-0/MATH-500_216.json,5187375bd3898af921cc69004a197662d7738f6ff83f5b4cd7a0e48674830376,8ae74d20eb68037563adbd9f5cfe6c68a4942e4cb143a47bd332108e0da6f4fb
MATH-500/217,math_500,0,True,True,False,stop,stop,2039,2324,2.748602308053231,3.132786544343163,results/baseline/primary/repeat-0/MATH-500_217.json,results/mtp5/primary/repeat-0/MATH-500_217.json,21084264dbcc0e665d4d22868f334cdba44af192799f34faae0bde6b361d1393,9a79a26e36cb9126c7b7ca4ddb2efd529d85479b8df088b099f72be650d8f0e6
MATH-500/218,math_500,0,True,True,True,stop,stop,248,248,3.7948106964754,3.7948106964753996,results/baseline/primary/repeat-0/MATH-500_218.json,results/mtp5/primary/repeat-0/MATH-500_218.json,85ef7e8890c584fbf8ef682c961a45fea52c9650d9baa4ff641bd3f92b8e0628,1f4f24c911a37ad2317780ded3359cc5e6ea9add7e3a422dac507f473cf458dd
MATH-500/219,math_500,0,True,True,False,stop,stop,2991,4077,2.7152284355391436,3.7010987401180504,results/baseline/primary/repeat-0/MATH-500_219.json,results/mtp5/primary/repeat-0/MATH-500_219.json,8882d8dde1db8dee0d988d0cbf38258011ac971a074bda0f1969b64acbe1b6aa,ee23e942a325b973a21c232eb28518877af1bedd764dc288d97a52914f592e8c
MATH-500/220,math_500,0,True,True,True,stop,stop,502,502,3.485875816463559,3.4858758164635586,results/baseline/primary/repeat-0/MATH-500_220.json,results/mtp5/primary/repeat-0/MATH-500_220.json,c7501fba3de791bbd1e27fb9ad8ce70137966f2d2dd191236e4e273b91ce83ba,6af0de92d03dadaa0804e8cd5c662a6caf0d5fe7ef57e5ffb3969b90a7dde117
MATH-500/221,math_500,0,True,True,False,stop,stop,1096,1109,3.5119626928698855,3.553619184664875,results/baseline/primary/repeat-0/MATH-500_221.json,results/mtp5/primary/repeat-0/MATH-500_221.json,1280ee5489d9a17d8398a0c442f46def3e6a78be7f5cfa586ca44e66c8fe781d,0b72078d7e7c5b531ec4669a242156efc3bc54bbac7f02c73258af0cf39d4158
MATH-500/222,math_500,0,True,True,False,stop,stop,3824,2427,4.882547847862276,3.098834630429326,results/baseline/primary/repeat-0/MATH-500_222.json,results/mtp5/primary/repeat-0/MATH-500_222.json,2b77f6e448d3349fce5bdad32da37d194c06cc495d83d47627ab12fc541dedf8,c3dc0a448691a1002c35b4790e4ea2b9a6a6522c39dec6ffd9b348343c1cafe1
MATH-500/223,math_500,0,True,True,True,stop,stop,1040,1040,3.363406669289378,3.3634066692893776,results/baseline/primary/repeat-0/MATH-500_223.json,results/mtp5/primary/repeat-0/MATH-500_223.json,eeb1fdb38a67767324e76ad1ffdfa87d6b503f0d8076ff2e25a1caf32a6acff6,22b37cd6e10b456d2f74d8c0e7afdb052dd6e81bebc5ceccd51b0469e8c48cf8
MATH-500/224,math_500,0,True,True,False,stop,stop,1080,1062,3.767072536000866,3.7042879937341855,results/baseline/primary/repeat-0/MATH-500_224.json,results/mtp5/primary/repeat-0/MATH-500_224.json,505b35295fc9557a06fc4c930cceaafc567d892b8ac95ac1046909760a865464,f5128015e39ed61c6b1eff8f47edd5d99cebdee78e3ba024eccc1510048bed9e
MATH-500/225,math_500,0,True,True,True,stop,stop,748,748,3.696582838920165,3.696582838920165,results/baseline/primary/repeat-0/MATH-500_225.json,results/mtp5/primary/repeat-0/MATH-500_225.json,c2010923fcf4315f074e73771162c0acc9d732c3861dfc49334d8766be99945c,d95cd177f97b8da626ddcebeb6f8fe31e71402e85e9f8d9a0122aee9dff37a87
MATH-500/226,math_500,0,True,True,False,stop,stop,977,906,3.3598950885551293,3.115726663491246,results/baseline/primary/repeat-0/MATH-500_226.json,results/mtp5/primary/repeat-0/MATH-500_226.json,71642ad5c1970125039c6d3e9a09b021d65cf3d73041ef0ba4c51b04f5dce61e,83f190a1e390cb53e432f88d38477c2a129b14d0aa4349f8801d13e9c96db2db
MATH-500/227,math_500,0,True,True,False,stop,stop,581,548,3.2605656294755554,3.0753699913125723,results/baseline/primary/repeat-0/MATH-500_227.json,results/mtp5/primary/repeat-0/MATH-500_227.json,be9ee095394b890e97b052a8d482845c241ee877f8edbc93d4a91bffd8736bf1,c7814d6ef102157f20b3acb3a24d2c05a27f9b40f307e64865aa99131ec2cfd4
MATH-500/228,math_500,0,True,True,False,stop,stop,1635,1606,3.7941654012069645,3.7268682778828044,results/baseline/primary/repeat-0/MATH-500_228.json,results/mtp5/primary/repeat-0/MATH-500_228.json,e6ddd42d0f6f5f5a6ee20b18075e28038ebc73f2bc3a4625ad6403a0f08deded,b0d24cc1e2cfb27c9dd5f589b0effe17756fcf5d964d3cd3fc9acb003df80552
MATH-500/229,math_500,0,True,True,False,stop,stop,514,512,3.1317541965369013,3.1195683825425946,results/baseline/primary/repeat-0/MATH-500_229.json,results/mtp5/primary/repeat-0/MATH-500_229.json,6a4b35045aff4509229b22c4b8edc33212e0dcaceec62cd64453ddedb8eff803,985758168989ba299afd6e0d447eeb5c3c9a9b29cd743bffa40e11e958811236
MATH-500/230,math_500,0,True,True,False,stop,stop,1064,992,3.86207610479088,3.600732608977963,results/baseline/primary/repeat-0/MATH-500_230.json,results/mtp5/primary/repeat-0/MATH-500_230.json,28789d15df477749ad9f53e51ea63c1ed98cedf63f4b440a039804e17afcc473,a870c92cc34917e82472596d28107ab750ce27b5fc2e73eb4f73c8d8961bf497
MATH-500/231,math_500,0,True,True,True,stop,stop,1054,1054,3.587584772678737,3.587584772678737,results/baseline/primary/repeat-0/MATH-500_231.json,results/mtp5/primary/repeat-0/MATH-500_231.json,861b51df662de43ed2ebe5335bea53cc47f669d5fbf5eebaf21350ab1805081f,5cacc6b76b89bff19a284a7bcd454c8a3b4a8c983155eea8effae7402ca27485
MATH-500/232,math_500,0,True,True,False,stop,stop,2268,1778,4.2805749520353285,3.3557593759783138,results/baseline/primary/repeat-0/MATH-500_232.json,results/mtp5/primary/repeat-0/MATH-500_232.json,c912477e59b0ba93ba98d79f6d70b21ff1aeed80e36314223ab2abb13d3007dc,df3e4d00acf690d5770ce0602fc768b3d0b0ac2fab75ffdeb66e432b547ef57f
MATH-500/233,math_500,0,True,True,True,stop,stop,686,686,3.8228388781248244,3.8228388781248244,results/baseline/primary/repeat-0/MATH-500_233.json,results/mtp5/primary/repeat-0/MATH-500_233.json,adba38751bc65bd94483336750d78a2c9f0f4811f4314aca6bca26004b13ea57,31fc2a1ac2e2a9fe3a14e590ae7eb391b240b53b442f6fcfe3c24de912b3964c
MATH-500/234,math_500,0,True,True,False,stop,stop,1207,1247,3.5083499925310417,3.624616769416909,results/baseline/primary/repeat-0/MATH-500_234.json,results/mtp5/primary/repeat-0/MATH-500_234.json,31645a5a13fd0e6e87cfeb22bffc92522d0ca2e70e6f500d5730f319325d68b3,1fb0fe5d2aec6013af1bd76799ffc68e2db9a25675b798ebeac1215f86bb451d
MATH-500/235,math_500,0,True,True,True,stop,stop,474,474,3.7110024139863698,3.7110024139863698,results/baseline/primary/repeat-0/MATH-500_235.json,results/mtp5/primary/repeat-0/MATH-500_235.json,2c250d403c705ecc8a485b58e5dd43eff678d2bbf1ea67e805b88597074ec38a,8d99fb7262c88963989610399f509332dc0338720c8bf1773c6d064c00b59f53
MATH-500/236,math_500,0,True,True,False,stop,stop,2846,2704,3.676818353251382,3.4933650130680736,results/baseline/primary/repeat-0/MATH-500_236.json,results/mtp5/primary/repeat-0/MATH-500_236.json,fe3b1f3474481c892ca18b0bf7cd7a66facee3003b4d94a1217f8bc53ced3446,692b460f50853668b1881c4cc26171d14a23e8b846262ae2f9602fa889ca894f
MATH-500/237,math_500,0,True,True,True,stop,stop,801,801,3.462645791941642,3.462645791941642,results/baseline/primary/repeat-0/MATH-500_237.json,results/mtp5/primary/repeat-0/MATH-500_237.json,013f6c8df2a8e68233d5d914a91a0d86acb7b74cd48923e729a28b2d9d371ff4,e4cbc9b85976b8d6f9fd45dc8c629a3349081dad3488a37974ec071dedf0cfe9
MATH-500/238,math_500,0,True,True,False,stop,stop,816,1021,2.7648464646325452,3.459446373026751,results/baseline/primary/repeat-0/MATH-500_238.json,results/mtp5/primary/repeat-0/MATH-500_238.json,158c0492db325756d185e454717b3d24de4161d09100bf39ef4f6c6cbccfd701,c4b008812ade27b11f1e0d8cba8c2cef0030c448e22a54f9963d80cf1d8b7fc0
MATH-500/239,math_500,0,True,True,False,stop,stop,4226,3806,3.6973467004014346,3.3298867822356506,results/baseline/primary/repeat-0/MATH-500_239.json,results/mtp5/primary/repeat-0/MATH-500_239.json,bb331564f0386580d1a3ab66338d8cb70b02f876c52b90a6c577ab06742bb118,9ec1999bdf58d373d2e57638454113efb7d0a3bbc952375b53570efe2441475c
MATH-500/240,math_500,0,False,True,False,stop,stop,2915,7375,1.1943013826695235,3.0216029835978513,results/baseline/primary/repeat-0/MATH-500_240.json,results/mtp5/primary/repeat-0/MATH-500_240.json,0b14ef9664d9fe40f51c591ec395dab2ab999e1248ac9f2d887fd02e32cc24fc,d0508b0ff4af3f3928fd5cbf798601547bdf8a0ebc14064eeabd00e7cd9ed25a
MATH-500/241,math_500,0,True,True,False,stop,stop,1141,1044,3.896145532031239,3.5649219416657436,results/baseline/primary/repeat-0/MATH-500_241.json,results/mtp5/primary/repeat-0/MATH-500_241.json,35dbced2f97096287a471a85f3bd5d78af6677e8074bc2f338eff8652a5a3307,5bab6db4ce69f3afcdbd766aa338afe70d632cb9b6185c57907f90dcb979dc4e
MATH-500/242,math_500,0,True,True,True,stop,stop,521,521,3.2670721447155855,3.2670721447155855,results/baseline/primary/repeat-0/MATH-500_242.json,results/mtp5/primary/repeat-0/MATH-500_242.json,ae8c8dbc466efde07182021e9372634edcebf62a3606e4522e70217b149a465d,62efe213bed087b8c3e0b931e3135ac4b04aea1f8d60e0522b546060a1e36a87
MATH-500/243,math_500,0,True,True,True,stop,stop,454,454,3.2564996949641394,3.2564996949641394,results/baseline/primary/repeat-0/MATH-500_243.json,results/mtp5/primary/repeat-0/MATH-500_243.json,c012d4a896f84c15042617c991f6d2e22091afba4e8bb77a277fa10028bf87a2,6b7abac1bffb531eb1aa933cf3e85dc005325bc1eca1bbeb34c2f5e85044bcc8
MATH-500/244,math_500,0,True,True,False,stop,stop,782,811,3.6128097983295984,3.746788678318803,results/baseline/primary/repeat-0/MATH-500_244.json,results/mtp5/primary/repeat-0/MATH-500_244.json,25abbfa507e58b6853bc990f276e3930edf656a7d42452a51cd4b5c4ec7c59fe,0842543be604ef5d34ca1738c0eb60dc42f6c6cd3589a83fd5a83a285dde167a
MATH-500/245,math_500,0,True,True,False,stop,stop,1400,1417,3.532743012581413,3.5756406063056163,results/baseline/primary/repeat-0/MATH-500_245.json,results/mtp5/primary/repeat-0/MATH-500_245.json,568fcda03e2ae72c6b1b5f495198aba7e31c07d3713920596ea027a7bc1b7cb0,2c518979d84db70835d0eab1eea8408a76b6e884cfdde6d7c6a3564958d39d4a
MATH-500/246,math_500,0,True,True,True,stop,stop,569,569,3.2460029597702014,3.2460029597702014,results/baseline/primary/repeat-0/MATH-500_246.json,results/mtp5/primary/repeat-0/MATH-500_246.json,8c9816ce05f6c84f832e88bf2a199708ff7f5c0c44b27d1d6662a2ecc4f733fa,364f9d6d2c59e61c3ec21221edc7ff756d32534ac92923a23f8c9fc7831d8918
MATH-500/247,math_500,0,True,True,True,stop,stop,871,871,3.4519331402771822,3.451933140277182,results/baseline/primary/repeat-0/MATH-500_247.json,results/mtp5/primary/repeat-0/MATH-500_247.json,8ab87986fa81df8b8de92cdae3001e9a8cb43f2356b1d5a7fb3f7710c85d758a,a24ebc13800167e7fc5c179ef5fbad946cf4564478f57698cf8d6e7225740e13
MATH-500/248,math_500,0,True,True,False,stop,stop,2418,1700,5.318511470527293,3.739234698054755,results/baseline/primary/repeat-0/MATH-500_248.json,results/mtp5/primary/repeat-0/MATH-500_248.json,83ce171f3d27fcaa31f9fd590b54b746d99a4c9f614b88f9fa5bfdf98474da6e,39e7df631387dc707d326a9ca9a4d72d2b446667dba4d40a0379db5b25228783
MATH-500/249,math_500,0,True,True,False,stop,stop,878,919,3.3926122984977316,3.5510372463774664,results/baseline/primary/repeat-0/MATH-500_249.json,results/mtp5/primary/repeat-0/MATH-500_249.json,a543adb845545621fb705687a8050a1711823bfc110f57e5acb3b49588646526,2868e96b97f31ad40ba3a1b9662c195791fdea8009f74a9d3cbd99921fcf851f
MATH-500/250,math_500,0,True,True,True,stop,stop,748,748,3.7074088382843358,3.707408838284336,results/baseline/primary/repeat-0/MATH-500_250.json,results/mtp5/primary/repeat-0/MATH-500_250.json,2ce937bdfb32b4336b25f7d471801212a02918fdbbdc6a787b5e0ac2781b4e49,8d0b2b52339e30746bc7865acfd4efdeee21effa5983a17e7d06159cb31d776a
MATH-500/251,math_500,0,True,True,False,stop,stop,1193,1621,2.432405987703419,3.305054573400874,results/baseline/primary/repeat-0/MATH-500_251.json,results/mtp5/primary/repeat-0/MATH-500_251.json,1b5cb039d88f9da649e07602a199b7de985d85c7c404e832dc1420b1ecf732c8,92deb78060b509aee28473bd05550bbd95e0722ea740aba16c4b82930330d080
MATH-500/252,math_500,0,True,True,False,stop,stop,783,771,3.5820607059714655,3.5271632238876114,results/baseline/primary/repeat-0/MATH-500_252.json,results/mtp5/primary/repeat-0/MATH-500_252.json,294c43bdedbafa9833b09a06a82a7d85d20d95e26eb4091f7e38c7fca2efc316,ec24f4f5e42fc3b160264285a3707a7e57c3a99f4a258c2a656106db3dc5a00e
MATH-500/253,math_500,0,True,True,True,stop,stop,281,281,3.3641717240143603,3.3641717240143603,results/baseline/primary/repeat-0/MATH-500_253.json,results/mtp5/primary/repeat-0/MATH-500_253.json,c21db8ec1e38f3d91a4dadf7d7a0667c1b0685b0355152c9884c2acbcbf7e979,2d25ec41c8cdcdccdd2051132d57d8101f5f9c6d7df59349a4f8f2a99b1bbb44
MATH-500/254,math_500,0,True,True,False,stop,stop,966,910,3.736930312281719,3.520296670990025,results/baseline/primary/repeat-0/MATH-500_254.json,results/mtp5/primary/repeat-0/MATH-500_254.json,3d62e714023054943336ca7d4e2e2265a4c198faac10aa16b7858af06c425a88,ba6c93048cd63a946d634c82fe429868e21f660d66b22c00bf3840700d3844da
MATH-500/255,math_500,0,True,True,False,stop,stop,635,456,4.70554920481598,3.3791030510174593,results/baseline/primary/repeat-0/MATH-500_255.json,results/mtp5/primary/repeat-0/MATH-500_255.json,13958ffc682e671911462ff1a45e3ec9ce49064249c87ebf4d3e1fb9349d392e,731fe053f20d304f2df44511f44a8a5a3ccd15f4c6801e4f404736443f88c7da
MATH-500/256,math_500,0,True,True,True,stop,stop,551,551,3.631598578846006,3.631598578846006,results/baseline/primary/repeat-0/MATH-500_256.json,results/mtp5/primary/repeat-0/MATH-500_256.json,32f837539dfaf16c5ff02a3127a52bfea2e7b061d77cb85daf8deea50dd2494e,8e43d0ac15a75e30fd06c66ef787a07c08e402c4b052eba1882d7d87fbe51bba
MATH-500/257,math_500,0,True,True,False,stop,stop,529,549,3.3615032579182778,3.488592227971899,results/baseline/primary/repeat-0/MATH-500_257.json,results/mtp5/primary/repeat-0/MATH-500_257.json,ec8ffafd5877d534285ad799851550df7f15e98f3267cd7c40ad70018d3e8d80,873bdb6297e09c88cdd44aac85c6f4ca16060ea24a5a1204d18d6bbc62ad58d6
MATH-500/258,math_500,0,True,True,False,stop,stop,639,649,3.5422484835953516,3.5976827321649187,results/baseline/primary/repeat-0/MATH-500_258.json,results/mtp5/primary/repeat-0/MATH-500_258.json,bf3101a69f6dd71e1dad5f630054cbd5af0f8d5e66a9857108886dd091804140,b318ff6203dd5385ae97e6478558c9034505945b98b1306a0ab58db6052ae945
MATH-500/259,math_500,0,True,True,True,stop,stop,284,284,3.6438629226422985,3.643862922642299,results/baseline/primary/repeat-0/MATH-500_259.json,results/mtp5/primary/repeat-0/MATH-500_259.json,678ddb14ad554d48c287bfe73016d96b806ee7480506e2e142d3a83240428097,a0dd30f4499660ea08aef42eb10fb685f95d4853ece67e942fded90c3e4901a9
MATH-500/260,math_500,0,True,True,True,stop,stop,852,852,3.6816637413043574,3.681663741304358,results/baseline/primary/repeat-0/MATH-500_260.json,results/mtp5/primary/repeat-0/MATH-500_260.json,86e54d44687bb474c3a4b520657fd0558ded90eea6f8b67bfa1e913736c52986,f22c92ce1a5aff920139a05ca6076a8e500fa0e0c853d77b990bf0541d639156
MATH-500/261,math_500,0,True,True,True,stop,stop,411,411,3.449569875523718,3.4495698755237183,results/baseline/primary/repeat-0/MATH-500_261.json,results/mtp5/primary/repeat-0/MATH-500_261.json,31bc4d95579f79fd5bd9a96651d4b321ced1fa6d11f2569593332499a89fe450,397b192080b2a5cbd486f19768df082de1eaa55ff1a92b30a72ab985240070bf
MATH-500/262,math_500,0,True,True,False,stop,stop,314,323,3.3569912013758563,3.4532106944089223,results/baseline/primary/repeat-0/MATH-500_262.json,results/mtp5/primary/repeat-0/MATH-500_262.json,0581057352f316eff3fff2667bff3014a9c269f51dd9dae627c0117caadbbbf5,ae246fb3f65b714306c5a2cddf4bc9b5a038ad2199b9edb5b478b7afb7d7907e
MATH-500/263,math_500,0,True,True,False,stop,stop,593,591,3.454070325298202,3.442420846966673,results/baseline/primary/repeat-0/MATH-500_263.json,results/mtp5/primary/repeat-0/MATH-500_263.json,62b2cb7a8c967ef99935342774a138b3496748dc51d22ef09675163c2d715820,6e201ac3833bceb499728f2934f38ca30827ca2747753779881706494bde069c
MATH-500/264,math_500,0,False,True,False,stop,stop,5893,5632,3.2365974051131197,3.093249038791293,results/baseline/primary/repeat-0/MATH-500_264.json,results/mtp5/primary/repeat-0/MATH-500_264.json,0df2da3025259d0eb4a175ffab9d38ab89bfc6ee7b0d8bc8e5f7749c349a6259,1578a7761155e295460f5fa303a0cd6bcb95bacaca9da21073fb4cbc1115b2d0
MATH-500/265,math_500,0,True,True,True,stop,stop,436,436,3.739562428066432,3.739562428066432,results/baseline/primary/repeat-0/MATH-500_265.json,results/mtp5/primary/repeat-0/MATH-500_265.json,6d0e1c93b93e31b9c91b2d7ec4cddbb6e67edaf321e8bd2d5cc998dc0c8172f0,c11630146cf60b2a5e0db813d79b68cc5f7a7648faa9b8af45d5c0136f95d7fd
MATH-500/266,math_500,0,True,True,False,stop,stop,530,510,3.449760284315926,3.3195806509455137,results/baseline/primary/repeat-0/MATH-500_266.json,results/mtp5/primary/repeat-0/MATH-500_266.json,ad3105136875a7a800319913d3f908436cd590ce6013738cf32b43c64f064480,207eb75aa60813493e850d48b160baaa2fe6cbba47445f37b08e62370d67a998
MATH-500/267,math_500,0,True,True,False,stop,stop,660,618,3.7843608590652256,3.5435378953065295,results/baseline/primary/repeat-0/MATH-500_267.json,results/mtp5/primary/repeat-0/MATH-500_267.json,076a5bba9b9596d0d603abb54dc67cf734654818dd02cf529c7f81841bb8d8ca,293a1d9719845af83699d13460089bb2e4602344635508fa2afd28e6460c4064
MATH-500/268,math_500,0,True,True,True,stop,stop,562,562,3.377617552297703,3.3776175522977026,results/baseline/primary/repeat-0/MATH-500_268.json,results/mtp5/primary/repeat-0/MATH-500_268.json,8de2c7e36d0dcbc5fa73bb55766ac12d3ab9ff0ec094ca957525bcfe64aeba72,38012077df99b57c9986be4fa6a5e7e22b5548562636aa0fed3bb3159431d8e4
MATH-500/269,math_500,0,True,True,False,stop,stop,408,423,3.0837077153116983,3.197079322492275,results/baseline/primary/repeat-0/MATH-500_269.json,results/mtp5/primary/repeat-0/MATH-500_269.json,65ea8bff6cdfadf2dde07aa7001cdb8dccf0c952977590842e8103759ba76a4e,c5c633fa13b69446cb2eb68b66c5d823d9f146f47f7c5fc6af75de510f4de3a7
MATH-500/270,math_500,0,True,True,False,stop,stop,572,570,3.553408605871243,3.540984100256309,results/baseline/primary/repeat-0/MATH-500_270.json,results/mtp5/primary/repeat-0/MATH-500_270.json,32c0484f92d0e11f97380df436d886c0088ca1912c9e3a693d551cc60968e70c,615690dcda231be08a94e458473437799a089bb8ab1e082ff32daecfba3a1f4e
MATH-500/271,math_500,0,True,True,True,stop,stop,579,579,3.475855982940708,3.4758559829407085,results/baseline/primary/repeat-0/MATH-500_271.json,results/mtp5/primary/repeat-0/MATH-500_271.json,0464d9e0cfca29256e87ee7ae8b4565cc53bd80982cc61c842904c784cb0caeb,3af0b654be204e7da9afe94324dd768d9c15a6fe8442c92f807723746e8fa7ee
MATH-500/272,math_500,0,True,True,False,stop,stop,1128,1138,3.5847126422594493,3.6164920096553663,results/baseline/primary/repeat-0/MATH-500_272.json,results/mtp5/primary/repeat-0/MATH-500_272.json,21cf695c22f837e70eef91881018c34a6d4b72c706ef350d810e61a9181e737e,6b2a4797ecde4155556a93bd6c04a2879789db0744175f2403e2503555ff51a8
MATH-500/273,math_500,0,True,True,True,stop,stop,751,751,3.3998159982865994,3.3998159982865994,results/baseline/primary/repeat-0/MATH-500_273.json,results/mtp5/primary/repeat-0/MATH-500_273.json,1ff5d08dc2ee8247b91ea3edd8a3121f30630cd84d469c1d85222a05bcaa07f9,54020e6ec89e93285e60e673ac2e2ebe1801375f5cff22473808d4c70fb478f9
MATH-500/274,math_500,0,True,True,False,stop,stop,958,779,3.4465622946042282,2.8025804044850666,results/baseline/primary/repeat-0/MATH-500_274.json,results/mtp5/primary/repeat-0/MATH-500_274.json,e12b161e7cfeafca67e4e0e1457ca6611df464609b7ed971d2ee5874986d373c,875fa3a61edbd5ec14e16db17c70ff0ba3573df7341d358bdd5e9ce0940bd366
MATH-500/275,math_500,0,True,True,True,stop,stop,316,316,3.524326369572795,3.524326369572795,results/baseline/primary/repeat-0/MATH-500_275.json,results/mtp5/primary/repeat-0/MATH-500_275.json,b6b1b6856b92163269c49b3c796172d86dfc1e977d13ef0c000753c38f001939,4374b5eeefa67ea7ebc955b441e6df36085f7c6ea2b657d73a33487e508896b2
MATH-500/276,math_500,0,True,True,False,stop,stop,1065,997,3.7025932286043606,3.4661835201113123,results/baseline/primary/repeat-0/MATH-500_276.json,results/mtp5/primary/repeat-0/MATH-500_276.json,89da4dd387de37e71f2513ef6e8ed0d076c744854cad4ef53eb77180a81a2a1d,9a32ae29c45be546dad5307679039fb74383a667bd428f8efc8a93ebbf57a074
MATH-500/277,math_500,0,True,True,True,stop,stop,418,418,3.3795179216769666,3.3795179216769666,results/baseline/primary/repeat-0/MATH-500_277.json,results/mtp5/primary/repeat-0/MATH-500_277.json,5a1a4c09de6a82f452c24a196ae3dc782ee499fcac91572c66cb28e1f6b6eb43,f94103e71a4d1d790fb761df0cd5a89993c96fb241a950cd4908bfcba396cf61
MATH-500/278,math_500,0,True,True,False,stop,stop,668,669,3.400504589721969,3.405595165455085,results/baseline/primary/repeat-0/MATH-500_278.json,results/mtp5/primary/repeat-0/MATH-500_278.json,143d82651d9b7d1425294c1d7e6a5fe25bb5f31ae51b7487a776a54f31c6dc0c,926befe6111f3a5d4aee9e48bcee11502f59a50c1aef99f1d9b527d814759eab
MATH-500/279,math_500,0,True,True,False,stop,stop,676,680,3.8126430247102334,3.835203042607927,results/baseline/primary/repeat-0/MATH-500_279.json,results/mtp5/primary/repeat-0/MATH-500_279.json,976450f768171ec3f1a387115a56f172e7d2d6954349083b6c12c9cd42ed86cb,bcdbac474249a11cb5a0fe3e7a06f72a69b5fb4261ecf6c0336b5cf76eebe70b
MATH-500/280,math_500,0,True,True,True,stop,stop,650,650,3.3574743863562144,3.3574743863562144,results/baseline/primary/repeat-0/MATH-500_280.json,results/mtp5/primary/repeat-0/MATH-500_280.json,f7b5b896ac37cbf3aa115b73a69627b842d3285bebbf658b48459c6be51cf924,a8248edb7ba084670b5fd00a2fa7fec6df780be88e09dc7beb8fdc59aa4bfb54
MATH-500/281,math_500,0,True,True,False,stop,stop,3778,5485,2.0963245490147107,3.0434992459888,results/baseline/primary/repeat-0/MATH-500_281.json,results/mtp5/primary/repeat-0/MATH-500_281.json,43ba2ffaacfd0dd2f929e182ca35778afaae274ed3fea7f39a96ddd3f6f1a0e8,0f6236e32a560bebe8816b2e7e627bfa61e27c8736cd86dfd3ea1ea96db6e3f9
MATH-500/282,math_500,0,True,True,True,stop,stop,806,806,3.6052099423018897,3.6052099423018893,results/baseline/primary/repeat-0/MATH-500_282.json,results/mtp5/primary/repeat-0/MATH-500_282.json,1c71de142ba3ddf418a85807a89864f32fb7faa842e4df6e35fab709a0791806,395050e020f5d69982462efc9d9a68c70cd27b4300a097976d6a45eab9a24a56
MATH-500/283,math_500,0,True,True,True,stop,stop,460,460,3.3065120477341052,3.3065120477341052,results/baseline/primary/repeat-0/MATH-500_283.json,results/mtp5/primary/repeat-0/MATH-500_283.json,41068000cdbd47433d85c8662981b01a0a4cb0408772d5c8c8612d753232365f,2db1563b77a243cb52f346bcf6407f3d478bcade1b0f52c87322b95c87dc8827
MATH-500/284,math_500,0,False,False,False,stop,stop,3194,3136,3.593661581303722,3.5284041073789836,results/baseline/primary/repeat-0/MATH-500_284.json,results/mtp5/primary/repeat-0/MATH-500_284.json,e1daaa034df4227a4b79ac467c154e00bda0b326dbdaa16a4242f2efcdea53d0,d525d6b80e5da8dd35350fb6a0cb156c9722bcb33267b2c607578d571ba3e0d2
MATH-500/285,math_500,0,True,True,False,stop,stop,1930,1903,3.52905662572614,3.479686403500956,results/baseline/primary/repeat-0/MATH-500_285.json,results/mtp5/primary/repeat-0/MATH-500_285.json,b326f5a9eb39c6693406036386041fa6e4ad8819af6409de53cedc10648b4eda,aa58d4395988ea756533d790a2a716c092264a17f6f770e38a0d420238cdac01
MATH-500/286,math_500,0,True,True,False,stop,stop,4470,4187,3.6793223253775924,3.4463808895650963,results/baseline/primary/repeat-0/MATH-500_286.json,results/mtp5/primary/repeat-0/MATH-500_286.json,76f1a47d59c5ef8dd7066d77aeba07e7e047ee9772966cc6382a2016883d44ad,018d85507bff07a23cf029866a54094849b1975e11e6409bd7e2f5a2294fee89
MATH-500/287,math_500,0,True,True,False,stop,stop,1107,1095,3.42282488180079,3.385721089044142,results/baseline/primary/repeat-0/MATH-500_287.json,results/mtp5/primary/repeat-0/MATH-500_287.json,53bf84fd1f1e503ad813e2486b8d549ff460dbb83a00fb124f4560e71f42e0ba,23e3296d27a3522008e0507a20debf3fe39151f80376f2a3504aad462f87805f
MATH-500/288,math_500,0,True,True,False,stop,stop,1406,1406,3.7091389834304613,3.7091389834304613,results/baseline/primary/repeat-0/MATH-500_288.json,results/mtp5/primary/repeat-0/MATH-500_288.json,78017f1c15df18fe271c64b9e7049568c740217b894197aa90d334dc764591d4,9e2f35fa364083b326475ceeb92c04531066d6a90de92456079533684b80cf58
MATH-500/289,math_500,0,True,True,False,stop,stop,1303,1303,3.803442314396513,3.8034423143965124,results/baseline/primary/repeat-0/MATH-500_289.json,results/mtp5/primary/repeat-0/MATH-500_289.json,78729fdea6a04a68c2aa25ff08b0b0ce00e73e5e48afad019eb0f1f8a3699e12,8bf971f4a9139f2646061e5353bacb0d1e23df9b12ebaee5753a72c9a9de5d60
MATH-500/290,math_500,0,True,True,False,stop,stop,1093,996,3.8850512758947136,3.5402663044749634,results/baseline/primary/repeat-0/MATH-500_290.json,results/mtp5/primary/repeat-0/MATH-500_290.json,ef88b8c5de07eee6f8e3da3703ad20bcadcfc8aa874abb91659dc35dd6367484,2f8993a04ca2ca6981c9138aadd7ceff7dbad680a1105874c082d54ff8ddf297
MATH-500/291,math_500,0,True,True,True,stop,stop,682,682,3.5294057631092035,3.5294057631092035,results/baseline/primary/repeat-0/MATH-500_291.json,results/mtp5/primary/repeat-0/MATH-500_291.json,93d02e23d33dca7fb299163bcdaf63f16108d171cb44c7e3018d17bd365f152f,4c7d0716ea0d39fe7345af9617fa661855c27b886bfa103cd1f6211dc250d838
MATH-500/292,math_500,0,True,True,False,stop,stop,1732,1884,3.3618407555730174,3.6568752791567927,results/baseline/primary/repeat-0/MATH-500_292.json,results/mtp5/primary/repeat-0/MATH-500_292.json,a2fbe81bfa672455040d704d2bbb55004665e9b1014a7ef65bcb2af9beb7db22,66378918d67655a9cb26a3b5c59ce6254de3f8d7612b2a44a05631162598fae0
MATH-500/293,math_500,0,True,True,True,stop,stop,609,609,3.54003305524782,3.54003305524782,results/baseline/primary/repeat-0/MATH-500_293.json,results/mtp5/primary/repeat-0/MATH-500_293.json,097ef1bf477e735cde8d0dbecad4c018212aee2a54d23095cf8eda3f990cb947,8d5dd2940e19a78bf6413b75ba5291e944f50845ded86ea4c99ce5dc3f8b6da8
MATH-500/294,math_500,0,True,True,False,stop,stop,1270,1283,3.599789313537783,3.636637550605492,results/baseline/primary/repeat-0/MATH-500_294.json,results/mtp5/primary/repeat-0/MATH-500_294.json,c2dbaddb4f4cc550b93682098afdcb966e83f786f1421ab1b8e395a655010530,8b11d6321fb6a5c311c48e917effd771baec63f7cd0960a01218dbadc6c9be8f
MATH-500/295,math_500,0,True,True,False,stop,stop,1322,1395,3.1705220343780547,3.345596246563832,results/baseline/primary/repeat-0/MATH-500_295.json,results/mtp5/primary/repeat-0/MATH-500_295.json,aa3cd100faaccc78f896a13ef368aa4a40126a29e3fabc2d52b3bbe89113d0fc,19f11b61e960870217dd172e4e986c8739998024feef047785bc3812e5714487
MATH-500/296,math_500,0,True,True,False,stop,stop,1512,1162,4.405903640970415,3.38601853889393,results/baseline/primary/repeat-0/MATH-500_296.json,results/mtp5/primary/repeat-0/MATH-500_296.json,c503864398accafe60c8a63ed2d53277541d1bf091bb1a4335f7d57e90e8769f,4138244bea05831e023066b890936ccf9c845fc5309c779f9bd750c7ff5ff190
MATH-500/297,math_500,0,True,True,True,stop,stop,980,980,3.6235267527665154,3.623526752766516,results/baseline/primary/repeat-0/MATH-500_297.json,results/mtp5/primary/repeat-0/MATH-500_297.json,99cad43e8b8ae654c2f7a009cee0003a8c3d2bba624f37be746be13443643f2e,983b9252877457471e5b02dba272bd9bfd7f071a87df92c48676f230df37c7dc
MATH-500/298,math_500,0,True,True,False,stop,stop,1311,1616,3.057058349276442,3.768273297048612,results/baseline/primary/repeat-0/MATH-500_298.json,results/mtp5/primary/repeat-0/MATH-500_298.json,72be08a3b69b30cef6671e7578f189ff0d529d55c20a7352ce44dad02f7bde92,e41341e00dd20584416788b7b6f5c89cda795401ceb6e21032f4821b56895d50
MATH-500/299,math_500,0,True,True,True,stop,stop,732,732,3.5519017197352922,3.551901719735292,results/baseline/primary/repeat-0/MATH-500_299.json,results/mtp5/primary/repeat-0/MATH-500_299.json,07fa124c98f085803b7fa9521585fbe51ff6e2c8715393e32b5f7d43f7eb142d,762dec2b6c0cb5002547b8f5893d331e4a3c75421e5cd932f7bd3b5068464b37
MATH-500/300,math_500,0,True,True,False,stop,stop,654,631,2.822882882321371,2.7236071846250534,results/baseline/primary/repeat-0/MATH-500_300.json,results/mtp5/primary/repeat-0/MATH-500_300.json,18162bfd946ee9b2775f4a22e21e54949ab33d63dfe2077d2bbd4b9dc199fff9,8ea66e67cdfa5c7ecfb3b629f5494d64355fda71bbcb8a0e445a3c56d4c109de
MATH-500/301,math_500,0,True,True,False,stop,stop,602,650,3.2475891021199383,3.5065330836843187,results/baseline/primary/repeat-0/MATH-500_301.json,results/mtp5/primary/repeat-0/MATH-500_301.json,e84fbf25627019a2702d8b581a1c498dbe23900f335c9eb6b18ab727a26cf089,57fbbdd7472f4c4e803a19325c11a3a803adc80492e21d1f9d971fda8234be6a
MATH-500/302,math_500,0,True,True,False,stop,stop,3165,989,10.449591286459055,3.265290926479622,results/baseline/primary/repeat-0/MATH-500_302.json,results/mtp5/primary/repeat-0/MATH-500_302.json,d714bf1cf2bc5b5054b6a3171d74246779f2c1f4bfde6b138a5c6e40fcc2c8e0,8be55ea4a05378488351f51f7f3e879d1d913d64676cc156c0a45235bf24e236
MATH-500/303,math_500,0,True,True,False,stop,stop,1130,1374,2.7565473543333034,3.3517664290743,results/baseline/primary/repeat-0/MATH-500_303.json,results/mtp5/primary/repeat-0/MATH-500_303.json,4750601216110a6e06b3d773de89bcfc7c2041fdd0418e69a8f78ed8d09286f8,2a71b99d3937448cb38d1511c3430898fbf2f37e7eab2533f3ce02e3cdad4e7a
MATH-500/304,math_500,0,True,True,False,stop,stop,1107,1123,3.3849536952128934,3.433878048531237,results/baseline/primary/repeat-0/MATH-500_304.json,results/mtp5/primary/repeat-0/MATH-500_304.json,3e4d8d713a0076137f91dd42d29a602d08801588bb41d654c13b47b99d226e63,138f0db5687f6080977b3ad1a7903419a14c2ffeb957d7055654cf0580d8c94f
MATH-500/305,math_500,0,True,True,True,stop,stop,783,783,3.55321267780535,3.55321267780535,results/baseline/primary/repeat-0/MATH-500_305.json,results/mtp5/primary/repeat-0/MATH-500_305.json,96a60fa723573641efb1b5897f97d1634d5c59ebcda99b5b62f8a1a8aa630c5b,7e85ae3b060e628dbd0ba5ba3c2af53bd97326e201ff269f5e49b0a1b21b4f8d
MATH-500/306,math_500,0,False,True,False,stop,stop,2337,4574,1.7208175499144787,3.368001486225429,results/baseline/primary/repeat-0/MATH-500_306.json,results/mtp5/primary/repeat-0/MATH-500_306.json,ce49c449f5f8ddeaeb07bd739baefaa92d42bb0efb03a3ccaa6aa62c89494163,4e8f2ece9dcee86fd011a3176636408f179188c387134770fd77751bd0a10628
MATH-500/307,math_500,0,True,True,False,stop,stop,655,643,3.436743651894111,3.3737804094166615,results/baseline/primary/repeat-0/MATH-500_307.json,results/mtp5/primary/repeat-0/MATH-500_307.json,5b87e717810fd639fbc09db52e67431f8ec4fb07cfdcb204a2463a2e73300977,613ee0ce22fcb3ae85c5ef9cd5d94d1391ed61c591b8782ca28a338689e426f5
MATH-500/308,math_500,0,True,True,False,stop,stop,3008,4513,2.1179634732485826,3.1776493200700977,results/baseline/primary/repeat-0/MATH-500_308.json,results/mtp5/primary/repeat-0/MATH-500_308.json,1d4c39c6a70e1eafe4af4787653f3540fa6cba3d1c2a784e654c6703da3b216a,5432006c87c45cae5701ea42f17882c2d7331153f1ca423f8d56fa741936642b
MATH-500/309,math_500,0,True,True,False,stop,stop,1677,1646,3.3582583288619654,3.2961796119897406,results/baseline/primary/repeat-0/MATH-500_309.json,results/mtp5/primary/repeat-0/MATH-500_309.json,ac6db3112fb26fc22c3d1efe56c49466db9ef49fd3061bb476c4c3187c95722f,c0e29892255364e6b65f56da276677e7bae51bae8dcada872ccc89ab1fc4d397
MATH-500/310,math_500,0,True,True,False,stop,stop,731,673,3.66775918710335,3.376746830260676,results/baseline/primary/repeat-0/MATH-500_310.json,results/mtp5/primary/repeat-0/MATH-500_310.json,043dc23b7d254f595ea6ce34417da09d4ffc17a6b2be83f5512609dddaa172f3,a43f19331000f38dccce8d07a2cf59aae6d7ecea2093d10a6b42420bea33c794
MATH-500/311,math_500,0,True,True,False,stop,stop,1194,1207,3.6799485285531848,3.720014969818839,results/baseline/primary/repeat-0/MATH-500_311.json,results/mtp5/primary/repeat-0/MATH-500_311.json,073be3b9f292af307df01acbd943fd8fe6094c2cee436db546d8adb0dd2ac034,df27adc87b6ae9e1f74cad1c2fdfba13e9300be31519a6a18fd3f4f741fe8319
MATH-500/312,math_500,0,True,True,True,stop,stop,323,323,3.3475927849963654,3.3475927849963654,results/baseline/primary/repeat-0/MATH-500_312.json,results/mtp5/primary/repeat-0/MATH-500_312.json,8515ae4e461d2286bff577c97e68ff7ef942e24378f9648d4f3ab8b78288741f,53b8705b3087cacf154b9d715a58931280a1ff95181db9a8e185ec72a3d561e2
MATH-500/313,math_500,0,True,True,True,stop,stop,419,419,3.424973975957538,3.424973975957538,results/baseline/primary/repeat-0/MATH-500_313.json,results/mtp5/primary/repeat-0/MATH-500_313.json,40b5b7e51567f377d69a2f2ea87ac3715021946a44e1551be85ae85e58b51667,2a6d1b33343998f902bb72856c88136437757b72e875194456800e04faf27659
MATH-500/314,math_500,0,True,True,True,stop,stop,454,454,3.4335289407577303,3.4335289407577303,results/baseline/primary/repeat-0/MATH-500_314.json,results/mtp5/primary/repeat-0/MATH-500_314.json,607e854339ff1feeb8df1a08921d15125fe26565ec41616f4072aba7a458f294,0e296ef0862ec7730e4c0dbec502dbfe2f11a98cb0ee8fc9f74c1615c71882a7
MATH-500/315,math_500,0,True,True,False,stop,stop,1157,1064,3.490773346786578,3.210183959361209,results/baseline/primary/repeat-0/MATH-500_315.json,results/mtp5/primary/repeat-0/MATH-500_315.json,d107ca96d4f28c979466a652c7a0d4134fda5beaaa355f7b10a77b8c3dc21a19,c942c2739ce04ef7130eed45f3e0fc2ff5cf3067105f915d13de78ddeb04d0d1
MATH-500/316,math_500,0,True,True,False,stop,stop,912,973,3.082410655610303,3.2885806665666935,results/baseline/primary/repeat-0/MATH-500_316.json,results/mtp5/primary/repeat-0/MATH-500_316.json,53a9c56a36752be26bf8da34b7cdc1f45e5b1b8ca18e42009e2959eb8148e200,2dd18568fdf4597d2f9e7525b8d5ad66ec65ce6b36d592261afca3edb49ba618
MATH-500/317,math_500,0,True,True,False,stop,stop,1965,1748,3.944119988592632,3.508560681964336,results/baseline/primary/repeat-0/MATH-500_317.json,results/mtp5/primary/repeat-0/MATH-500_317.json,def2f88f569bc966ac5e3999f17260a5d4eefa60d53c04acd7a07e62ad026dd3,f597d8d765f4646bac9cb17c2f140a2dee615c5afa374588597b80ab09edb70c
MATH-500/318,math_500,0,True,True,False,stop,stop,567,636,3.093089864852342,3.4694976261835793,results/baseline/primary/repeat-0/MATH-500_318.json,results/mtp5/primary/repeat-0/MATH-500_318.json,074f0219675e73f1bc5e3fd98e8e6188ef6329fed97c83d694f7c18fcf54358a,079cd98ecb165c8ee622be1973116446291a7e7f8549147f4ee53e5327c0ed70
MATH-500/319,math_500,0,True,True,True,stop,stop,363,363,3.4538089381873855,3.4538089381873855,results/baseline/primary/repeat-0/MATH-500_319.json,results/mtp5/primary/repeat-0/MATH-500_319.json,313ae4706779ccc0dc66a0c6f1d4a84ed9bef4cbc56e77df2044f67f524650bf,d8c0be6d0fcdcf1af9691c21698483e3ed2c70b4ad8a6ad9daed6c277cafbc4a
MATH-500/320,math_500,0,True,True,True,stop,stop,897,897,3.403482568971007,3.4034825689710066,results/baseline/primary/repeat-0/MATH-500_320.json,results/mtp5/primary/repeat-0/MATH-500_320.json,1047cea721321f70036d5c7526bf7b29c392d32fb7ff136a9c8fb7f6a8ccd69d,2e2af9d46ae67e3f16475bbb328b5f4be1d9ec459a6a66c9bc64d375f2bc1c78
MATH-500/321,math_500,0,True,True,True,stop,stop,678,678,3.557565513861065,3.557565513861065,results/baseline/primary/repeat-0/MATH-500_321.json,results/mtp5/primary/repeat-0/MATH-500_321.json,1623ab9177d1f4d8d382b30c257dd558b31212bef2aa6239c5e7c4f8b196d4b2,416edd579a97b5fef065f591350b2f1c024fc176e154d5ce29d94bc5e424d74e
MATH-500/322,math_500,0,True,True,True,stop,stop,415,415,3.6063074882048993,3.6063074882048998,results/baseline/primary/repeat-0/MATH-500_322.json,results/mtp5/primary/repeat-0/MATH-500_322.json,4329acf4836fa02eca14e008d2b3d5ca8719a9eccb5553220b48f40d03605169,0351c40b32f86fbf51764dc648fd21c01525b925de1e5cac7ae459735281e0ea
MATH-500/323,math_500,0,True,True,False,stop,stop,2633,1580,5.115418864040919,3.069639880434733,results/baseline/primary/repeat-0/MATH-500_323.json,results/mtp5/primary/repeat-0/MATH-500_323.json,a8a1df09d85e77de28c52de2fd44803da19e2344bbb527c66bd7de40b31f6e8e,0b4bc7917a9dbeb84dae3570f3d24b39345ebf7c5bfe966181283d5cffa15609
MATH-500/324,math_500,0,True,True,True,stop,stop,1236,1236,3.139408724607482,3.1394087246074824,results/baseline/primary/repeat-0/MATH-500_324.json,results/mtp5/primary/repeat-0/MATH-500_324.json,65b49fe006546faba066a474c6ae4ae13fcd5524d683acdb63c6b208eec057ec,17d44c5a18cf9eafafaf1295a6a9be13cc087385db0d916e7aea18f2d461ec44
MATH-500/325,math_500,0,True,True,False,stop,stop,506,505,3.6344032312342582,3.6272206161527674,results/baseline/primary/repeat-0/MATH-500_325.json,results/mtp5/primary/repeat-0/MATH-500_325.json,712917c70d516a66da5d71dcc1e22b35f0e78fbf228c6f9bde6dc24e855d64fd,40b0e5c0b893f6891c625a183b6d80ce0251ce339be92401cdeef11b7b50a91a
MATH-500/326,math_500,0,True,True,False,stop,stop,1389,1470,3.426273450492864,3.6260777337829446,results/baseline/primary/repeat-0/MATH-500_326.json,results/mtp5/primary/repeat-0/MATH-500_326.json,b1d42c44479238da3a8d19d249425303ac204bba4711586812cded95be6a095e,cf44f43de792fa7632a7295a1fc1951e18dd37ca365697567e64d1f122169f34
MATH-500/327,math_500,0,True,True,True,stop,stop,2159,2159,3.698844816081214,3.698844816081214,results/baseline/primary/repeat-0/MATH-500_327.json,results/mtp5/primary/repeat-0/MATH-500_327.json,c110c9a51f48d462ed8b1baf18938c16e5a62dc63e6870e49fd5958edafa261d,f8f80837c44ebd9a576b798a0eb3b615c7fc3cb4b4a26371b0410cef6bf8a554
MATH-500/328,math_500,0,True,True,False,stop,stop,2848,1905,4.884103531971402,3.266930206603062,results/baseline/primary/repeat-0/MATH-500_328.json,results/mtp5/primary/repeat-0/MATH-500_328.json,d753cd31aa9f32b1c3d71ed717241b709cf13a6b497d2d49747f8ad402a827b2,dc1f2e672e5881d52e93e787de2875f51110ab73c97c4a6f6ca748952f137348
MATH-500/329,math_500,0,True,True,True,stop,stop,404,404,3.507807376541842,3.507807376541842,results/baseline/primary/repeat-0/MATH-500_329.json,results/mtp5/primary/repeat-0/MATH-500_329.json,c88d36108ea25d24d1a9f399b2757578e74fc95325a010452de2a515c8f0b00f,e8e88a0b5e48202ec4d93a4d506f455791cb1cfbbc799b5277cbfa8816bdc433
MATH-500/330,math_500,0,True,True,False,stop,stop,1149,1223,3.1682988751859176,3.3723494554850975,results/baseline/primary/repeat-0/MATH-500_330.json,results/mtp5/primary/repeat-0/MATH-500_330.json,218799698231efda0e31aa1e8608df4e44a003e8151248a84672ff0c2059dcf3,870910956846d1dacc15979db07949531f1969bf0c5c4f5841a9a200a0cdbc7d
MATH-500/331,math_500,0,True,True,True,stop,stop,1207,1207,3.6254867310358394,3.6254867310358394,results/baseline/primary/repeat-0/MATH-500_331.json,results/mtp5/primary/repeat-0/MATH-500_331.json,5e181a0e4e283d8fe8e372a8da75b42c3763de3f9d1ec3447d1bd32ac5592255,3427c19dda935118e917a3e7316f6404cb20361d11803cd860281c179c25b5ae
MATH-500/332,math_500,0,True,True,True,stop,stop,1029,1029,3.397279031285418,3.3972790312854184,results/baseline/primary/repeat-0/MATH-500_332.json,results/mtp5/primary/repeat-0/MATH-500_332.json,bfcb0633e212c81aa020b8960b0c5586244c1d92af5dd690fa7c3c1fee3fe262,bd76a6cd9739ad44b1c3b4e9b42ae545cd4515e3136b9d67942ee3f5dab64230
MATH-500/333,math_500,0,True,True,False,stop,stop,1307,1220,3.6299541147374397,3.388327482769454,results/baseline/primary/repeat-0/MATH-500_333.json,results/mtp5/primary/repeat-0/MATH-500_333.json,16e4476e44415e2f61f6602a14840221ae691a4507471e9c383275ba4c995c57,bfbdfe2dbc5d0f5933c122cf27615ac37db0a59dc767466c79d40fd973d1a76a
MATH-500/334,math_500,0,True,True,True,stop,stop,627,627,3.55650600766034,3.55650600766034,results/baseline/primary/repeat-0/MATH-500_334.json,results/mtp5/primary/repeat-0/MATH-500_334.json,be818159ed59be13bf813f08de9d87aa9e8c37b1f1b49f0f9931762e6bf28337,a80af0ebbd403bdcd15fda56a649cee9d3d0b188ae1aeaaa0b756a53a9036e3b
MATH-500/335,math_500,0,True,True,False,stop,stop,812,937,3.051888209528263,3.5216985866108157,results/baseline/primary/repeat-0/MATH-500_335.json,results/mtp5/primary/repeat-0/MATH-500_335.json,93f17ea88b73080791e1336f1db08852961b3c9cc5556e8ec73f9a1ebb42554e,6234d79dc13d869287dd05a46f4a94decac00d5786afa24eeb9c5f4f31c58818
MATH-500/336,math_500,0,True,True,True,stop,stop,241,241,3.614893365239194,3.6148933652391935,results/baseline/primary/repeat-0/MATH-500_336.json,results/mtp5/primary/repeat-0/MATH-500_336.json,ef486b76fc155b081e763d5cee82fdc803dd871c4322221e451521f62f924f7c,bb671f5a98b5440e11336156231ae1c810674f3912360f9b3fa038aba8af511f
MATH-500/337,math_500,0,True,True,False,stop,stop,550,549,3.251393401414725,3.2454817770485165,results/baseline/primary/repeat-0/MATH-500_337.json,results/mtp5/primary/repeat-0/MATH-500_337.json,998e1bb1800095fad5eecc6a50c54fdaf2608edda155c6c5ecbd7725699189bb,245300069db3ed3dcc59ea19ca26f799ea75339cac93d0c446b6045a03ef30b0
MATH-500/338,math_500,0,True,True,False,stop,stop,560,507,3.8249519580528184,3.4629475763085336,results/baseline/primary/repeat-0/MATH-500_338.json,results/mtp5/primary/repeat-0/MATH-500_338.json,cbcbaf82f9e791ea7d4c6ec563b86beafbb72db0f3a4a9d5b9da2b16616b0694,576bb65228b3bb36e72aaa7e45fff373abf95fef44bbcc70312b5eef27338126
MATH-500/339,math_500,0,True,True,False,stop,stop,1466,1468,3.302694847148643,3.307200569996049,results/baseline/primary/repeat-0/MATH-500_339.json,results/mtp5/primary/repeat-0/MATH-500_339.json,ef0a7861898eac0c12a004d39b33b15b538d7425c9acc116612fa1269289be7f,b1ecece165eef7d35ef57d1f1bb05547bdd66c0137750cc0c8cf0b995318ab7f
MATH-500/340,math_500,0,True,True,False,stop,stop,3687,4531,2.820070124426156,3.465619130397318,results/baseline/primary/repeat-0/MATH-500_340.json,results/mtp5/primary/repeat-0/MATH-500_340.json,fed373c3ffeaf41ee72fe58a986900957695ff23bbf9b190c4fb97adf792ee5c,7e7af0ebe9bcf3604e493fbbc3f31bbbbf13db7ad2d450e737bf9587633dbadc
MATH-500/341,math_500,0,True,True,False,stop,stop,533,528,3.507397007209495,3.474494596260062,results/baseline/primary/repeat-0/MATH-500_341.json,results/mtp5/primary/repeat-0/MATH-500_341.json,70fa717f2f6a8ac2650643f5de1c70aa90b68c65c565944bf81e709f19b85fce,91fba1a0935e0b0b81f5b856188772997dbe57ebeaddd636ae95f1d3d4f05e2e
MATH-500/342,math_500,0,True,True,False,stop,stop,530,533,3.5527394073120293,3.572849253013796,results/baseline/primary/repeat-0/MATH-500_342.json,results/mtp5/primary/repeat-0/MATH-500_342.json,0c99f93c57390ea42f0352308793ee591c1711cb972c3609fef8b0665cc6ca98,cfc80614b110e19114759a6012a8b7018d004e2d84ba4c9889c8bf3b73b06348
MATH-500/343,math_500,0,True,True,True,stop,stop,480,480,3.4817487508717564,3.4817487508717564,results/baseline/primary/repeat-0/MATH-500_343.json,results/mtp5/primary/repeat-0/MATH-500_343.json,a2597ae648d3e0491d95e356741fadc998fa4d791fcaddcdc1774846accbdee4,bb68ebfe17b0d9d66cab93ef5f4e98d440c3ea97798705897d5b952342d34255
MATH-500/344,math_500,0,True,True,True,stop,stop,563,563,3.661428314070724,3.661428314070724,results/baseline/primary/repeat-0/MATH-500_344.json,results/mtp5/primary/repeat-0/MATH-500_344.json,0c32cda715899aa7ed39780bd3570c8d67a165fd51739e4a744cb436b699a79a,3ebecb146a2e28ac8fc19a7deff7997e43f8989653c85f07c0615c0652bc7c16
MATH-500/345,math_500,0,True,True,False,stop,stop,332,331,3.651771043137107,3.640771732766212,results/baseline/primary/repeat-0/MATH-500_345.json,results/mtp5/primary/repeat-0/MATH-500_345.json,db5cef65d509ffe985fcda78a69d36cb38fc50835b21f0e8c82e6cb0ea9cbd5d,b9368872a7553e8faff38046191a2c0c79ea7f3389a4022d9cd6371c3fcd999b
MATH-500/346,math_500,0,True,True,True,stop,stop,764,764,3.5584792437589248,3.5584792437589248,results/baseline/primary/repeat-0/MATH-500_346.json,results/mtp5/primary/repeat-0/MATH-500_346.json,5c5e8c48e86e02703a4a54a7325f031dba1c46a82d1ba84812683d832ec9ac68,ab6f0a57e5ee9c808194510919605065054b7305564bf52f4c4473827c09fca0
MATH-500/347,math_500,0,True,True,False,stop,stop,669,661,3.6724521328891075,3.6285364123164427,results/baseline/primary/repeat-0/MATH-500_347.json,results/mtp5/primary/repeat-0/MATH-500_347.json,61c11e5c467736da1ab5c12dbb272900e30570aa92927eeca624d9f891d6ee1a,813c20c51192bff075c70c7023016b682aa45af16895960630e692b99e01c76c
MATH-500/348,math_500,0,True,True,True,stop,stop,675,675,3.683226222707931,3.683226222707931,results/baseline/primary/repeat-0/MATH-500_348.json,results/mtp5/primary/repeat-0/MATH-500_348.json,fa596d6569b19b9ebdd5408df596702220c5d823dd982b7c7610187bc9b379ff,825c0a05b894e7751c58e2c2df0c7acc698d294ff4f72c8a32071f438b5bdfd0
MATH-500/349,math_500,0,True,True,False,stop,stop,3992,2041,5.124512042820035,2.6200223144778785,results/baseline/primary/repeat-0/MATH-500_349.json,results/mtp5/primary/repeat-0/MATH-500_349.json,0a5c004869ac5fa2c0c626c8a76918efbfb7bd53abfe08bba1b04ecc1829830a,d6503d8b88fa6abaf689207f3cca6c0b7ecae69e6bf2727d71d0150547208d4e
MATH-500/350,math_500,0,True,True,False,stop,stop,455,560,2.8112256207213036,3.4599699947339118,results/baseline/primary/repeat-0/MATH-500_350.json,results/mtp5/primary/repeat-0/MATH-500_350.json,5fb3f0fba46a01e567fa6eb8531ec4f13ce4d3a528fbf68b2e28d4ca74b99d0f,9610f838b2d34199af5c33f56141184681005ad83523e6290247ad8197b7b5fc
MATH-500/351,math_500,0,True,True,False,stop,stop,1625,1516,4.19572360512865,3.9142873756154053,results/baseline/primary/repeat-0/MATH-500_351.json,results/mtp5/primary/repeat-0/MATH-500_351.json,749cc37993d1f03b0f5e406933944d996c1700c54b177d844acc567dc8108f5d,101570b4c5f1db6d4aa353f44a97b569da879c71d3ac03cd90e89f1ea24b8ea2
MATH-500/352,math_500,0,True,True,False,stop,stop,1189,1147,3.6567791971803723,3.5276078546390974,results/baseline/primary/repeat-0/MATH-500_352.json,results/mtp5/primary/repeat-0/MATH-500_352.json,58664884811176049aafc887dc4929b4fde021422555c697e78d5e7d56ee246d,33c13859383f6177875cad9348893a13451ecdbd1653bb671e47431b233b4bda
MATH-500/353,math_500,0,True,True,False,stop,stop,856,809,3.5000411853367495,3.307866026796063,results/baseline/primary/repeat-0/MATH-500_353.json,results/mtp5/primary/repeat-0/MATH-500_353.json,9d49538be1ec4707a64909abe5e8ed3ba8aa8b2494d4297f152724f2ecc6f059,9003aa3871ac39b70942f2bb6236a1e78222c9284e120fc97730c1eb23deb12d
MATH-500/354,math_500,0,True,True,True,stop,stop,581,581,3.2706289330046943,3.2706289330046943,results/baseline/primary/repeat-0/MATH-500_354.json,results/mtp5/primary/repeat-0/MATH-500_354.json,ab24eba1abdb54ac8eec5a02e0d1a9e98acb8bf374e8b863429198b061a97561,286fc0873dbf477957d3b3958a03882ee8e05c3ff5c4c9cfcf01f201b3ba3164
MATH-500/355,math_500,0,True,True,False,stop,stop,2005,1989,3.410014576272021,3.38280248987783,results/baseline/primary/repeat-0/MATH-500_355.json,results/mtp5/primary/repeat-0/MATH-500_355.json,61801bfba1b5d3e9467025b3545dc85c14830b00e12fb8e2db803d3bf9104f62,03520645144fd878ab17645085ff7efc1652b13024e1573fdaefa258e1b9e32a
MATH-500/356,math_500,0,True,True,False,stop,stop,773,784,3.124502621098625,3.1689651422268077,results/baseline/primary/repeat-0/MATH-500_356.json,results/mtp5/primary/repeat-0/MATH-500_356.json,39bec511014e645855e13376371620b28ca900b4b9346b09955519b548fa0b50,a6f724f0d22e16e96463850569afcb438fdd5374738317dd2f913f14d966b75a
MATH-500/357,math_500,0,True,True,True,stop,stop,1103,1103,3.7085552289412145,3.7085552289412145,results/baseline/primary/repeat-0/MATH-500_357.json,results/mtp5/primary/repeat-0/MATH-500_357.json,6832d42fd5b74b720201eea64f679f157e91cc293006887b67be789cf98732f5,42f6dee6606a61bc04f50b155ad48c8b8338fdcc3ee26e7cdb6dfa72dba2da8c
MATH-500/358,math_500,0,True,True,False,stop,stop,604,604,3.3450851423539,3.3450851423539,results/baseline/primary/repeat-0/MATH-500_358.json,results/mtp5/primary/repeat-0/MATH-500_358.json,c8c40ba51c71e2babf76669d76258383d117d6f49b425b2878f959966e0cc395,f7cbbb537b77dc655760dbf8fa40514173a4002716c30bd1e01d0d8ff1f901a1
MATH-500/359,math_500,0,True,True,False,stop,stop,1921,1893,3.6266918035574562,3.5738300802364735,results/baseline/primary/repeat-0/MATH-500_359.json,results/mtp5/primary/repeat-0/MATH-500_359.json,bf5cb86bb20baa4f018db33e2482cfef73e5a62f5751ef0c2d9502160bfdfe03,583141e403803ab88b3b357164d93d795c2ff31c86bc0496c1e5c139bfe1b7be
MATH-500/360,math_500,0,True,True,False,stop,stop,661,664,3.4507525657294935,3.466414075104968,results/baseline/primary/repeat-0/MATH-500_360.json,results/mtp5/primary/repeat-0/MATH-500_360.json,d1cb050088de99e383809f671c55a9dddbcec78ba44fcad6110dc1a43b6e7a7c,3fb5905f9377dd54dc992020710f69d0b33de6bbb74ad51668a858729d5a8593
MATH-500/361,math_500,0,True,True,False,stop,stop,1404,923,5.219732750795722,3.4314909750601506,results/baseline/primary/repeat-0/MATH-500_361.json,results/mtp5/primary/repeat-0/MATH-500_361.json,7d093446bfba9f68a809c41f7c660780b2301104da4cefe6aa5921f2da9e0da1,5e60229526bb450eafaa182901301b82053656df002e7ff7d4820405945abde7
MATH-500/362,math_500,0,True,True,False,stop,stop,373,370,3.5964956939253363,3.5675694551001995,results/baseline/primary/repeat-0/MATH-500_362.json,results/mtp5/primary/repeat-0/MATH-500_362.json,92bf9b4915afcf63ab149e3d6a0d4d49ed2006712dabc4a0635537bf904a39fb,ab467b7d53316bc65f813378f98077d2652e74126f820208b8b746db62b2a016
MATH-500/363,math_500,0,True,True,True,stop,stop,375,375,3.6682680312731444,3.668268031273144,results/baseline/primary/repeat-0/MATH-500_363.json,results/mtp5/primary/repeat-0/MATH-500_363.json,f5bbcaa6862f46722f6ada15200a1d32384fccd53d703b97deeb2dfacfff9361,8e95083650971373809a994a74a27d1d25496b29091f64c0791468aad242764c
MATH-500/364,math_500,0,True,True,False,stop,stop,818,1227,2.245743762622482,3.3686156439337234,results/baseline/primary/repeat-0/MATH-500_364.json,results/mtp5/primary/repeat-0/MATH-500_364.json,97069884e7bf1153c76e9cb04924b655186e7683d7224b710a762985569aa19a,125655f37484a576d9e94ec117ad87c71804673a0ff6be1f296f4ad764c724b9
MATH-500/365,math_500,0,True,True,False,stop,stop,1765,2188,2.711898899619954,3.361832743551535,results/baseline/primary/repeat-0/MATH-500_365.json,results/mtp5/primary/repeat-0/MATH-500_365.json,778a13fe341528ced962e074fd5394e3eca7e76f5f244a30ee603d0b34c29a23,e41b7c0683d7b6e484076f82e1a23f5da834931ce89b91a8e6f6af6cd0d540d0
MATH-500/366,math_500,0,True,True,False,stop,stop,807,893,3.204881606331885,3.5464179361268564,results/baseline/primary/repeat-0/MATH-500_366.json,results/mtp5/primary/repeat-0/MATH-500_366.json,7028f7eebdbc901e8ddd25af3ef49a3664f90dd67c064e32d4dbd886802870b5,445de461d70a0c0c188659a6de84171db71a3fc601709e26adb88573460bd35f
MATH-500/367,math_500,0,True,True,False,stop,stop,375,378,3.608193491592598,3.637059039525339,results/baseline/primary/repeat-0/MATH-500_367.json,results/mtp5/primary/repeat-0/MATH-500_367.json,95b08276062b1b64014c23812a9496d733f008199320c91f21f12899d9581a15,0b65170860c592d05992a4dc82f691bea5d29097419ea87976630f7080bba68d
MATH-500/368,math_500,0,True,True,True,stop,stop,417,417,3.619057945860841,3.6190579458608414,results/baseline/primary/repeat-0/MATH-500_368.json,results/mtp5/primary/repeat-0/MATH-500_368.json,785d4ed8e7d57db89ee457a8ec351162a4280e3b6c5c51cfe25981f803b84b5f,23c67ffc92e9c968fa78817465afae81048e942f8c22332ee0a6fdbab34d3f4b
MATH-500/369,math_500,0,True,True,False,stop,stop,976,1054,3.041436526305535,3.2845021503340512,results/baseline/primary/repeat-0/MATH-500_369.json,results/mtp5/primary/repeat-0/MATH-500_369.json,50d76eaeccad5a322f46acce3b71ad6cb0fc7a3f4b1914b2d68a468704551096,75c22377a2725684dd441916e9ab2a8ee28c458344b24475f2d560489ca6e0ed
MATH-500/370,math_500,0,True,True,True,stop,stop,317,317,3.591601203108096,3.5916012031080964,results/baseline/primary/repeat-0/MATH-500_370.json,results/mtp5/primary/repeat-0/MATH-500_370.json,68daea383f278a9be0a4c4513e556062bae43484097fd835d7cb4db50130d9fc,a879d80cbf838bf1dfed271df89b9e2a3205b4f8a946aaf5eabf2e32aa1982ec
MATH-500/371,math_500,0,True,True,False,stop,stop,2377,2159,4.011135192017721,3.643264989300067,results/baseline/primary/repeat-0/MATH-500_371.json,results/mtp5/primary/repeat-0/MATH-500_371.json,82ba10bd90b8a66e95fe04a0d81bafd5df62374ba472c9c905d64051144c492a,3f84e2aeb707547ecceb57561a067df6f8966eee20437f92167c50e4efde09a6
MATH-500/372,math_500,0,True,True,False,stop,stop,949,913,3.533458530547622,3.399417954046342,results/baseline/primary/repeat-0/MATH-500_372.json,results/mtp5/primary/repeat-0/MATH-500_372.json,7355c04e79d2f927f405f4420ca6f43a2dedb5117a394a6a55e2873058a95dca,1fd2df0aa40b294e816c76df64c16f2702dc7f1c030ab697b318bacc4b331b14
MATH-500/373,math_500,0,True,True,False,stop,stop,1157,815,4.63902270891456,3.267764483807577,results/baseline/primary/repeat-0/MATH-500_373.json,results/mtp5/primary/repeat-0/MATH-500_373.json,e03a65b63696d410e05d804eac762d8ff018351d553f7d78e8dd957eb9093cd9,b41908ba160bfcedc56aed414ab3f953ebb4a2c05d143f8471b826bebff4276e
MATH-500/374,math_500,0,True,True,True,stop,stop,345,345,3.46865093661311,3.46865093661311,results/baseline/primary/repeat-0/MATH-500_374.json,results/mtp5/primary/repeat-0/MATH-500_374.json,b668b1f1a1860e3dffda907dce8a2c6909a87d014b2b4d01a9dcca3a90f6f16f,ee309b06715028f8b5fedcf8c4596180f80d1a8a3374a55753506fb4f70ee471
MATH-500/375,math_500,0,True,True,False,stop,stop,995,1130,3.0918498465454354,3.5113470619058713,results/baseline/primary/repeat-0/MATH-500_375.json,results/mtp5/primary/repeat-0/MATH-500_375.json,c74e1625889d890cdc7ca0ed4964c9e0fe526afa2568c6389a2fcabbc93221fe,00363d6700a188a4fa71b673d3d0a3da080dc00cce2b3cc02179c29f9327c1d5
MATH-500/376,math_500,0,True,True,False,stop,stop,1041,1045,3.7229476372206056,3.7372529115230866,results/baseline/primary/repeat-0/MATH-500_376.json,results/mtp5/primary/repeat-0/MATH-500_376.json,f0f0f7cb865fd844e035fd8f86630bbf741e67c87e35fddc546762f0bc63d541,2413f38087747917cb37da1add8f98742309db9a69044457dcc250e8e2681e90
MATH-500/377,math_500,0,True,True,False,stop,stop,912,995,2.911311181011651,3.176266036301089,results/baseline/primary/repeat-0/MATH-500_377.json,results/mtp5/primary/repeat-0/MATH-500_377.json,794532718ba0ce234e14d09df8caa46b3f286f9022d557244c2b9fa78cf2e677,d693830de3116af068cc484f058858942650b0d4bd1667d11615504bf0fd8fd3
MATH-500/378,math_500,0,True,True,True,stop,stop,1047,1047,3.7324100312831177,3.732410031283117,results/baseline/primary/repeat-0/MATH-500_378.json,results/mtp5/primary/repeat-0/MATH-500_378.json,de531977fe59d716a150b196676f558ce043485ae4585ab1c4e0a7492b1b38ed,5338e44b4876c5ca3041c9f32daa165f541afa22f48b875392f996da3328cb7a
MATH-500/379,math_500,0,True,True,True,stop,stop,1081,1081,3.5677622586456996,3.5677622586457,results/baseline/primary/repeat-0/MATH-500_379.json,results/mtp5/primary/repeat-0/MATH-500_379.json,711ccb9e0a868208ffa30c63cf9eeb485f299be04e1ac1fbbb311f198815b73d,647f40d41980af8825c0b4eeff46d8cb53c4df4a273dadb9f1af96588e5519b3
MATH-500/380,math_500,0,True,True,False,stop,stop,1130,1074,3.494881671209404,3.3216839954680526,results/baseline/primary/repeat-0/MATH-500_380.json,results/mtp5/primary/repeat-0/MATH-500_380.json,af5ab8c143bbe503ca8d40a6c2f83585548e710b8de71404ae70a632fe5477a9,7c762ca2d291d036a1f96bbfe25dd7d6fde2227f51870445d71ab7e02c799308
MATH-500/381,math_500,0,True,True,False,stop,stop,2894,2401,4.006460603278703,3.323950210252995,results/baseline/primary/repeat-0/MATH-500_381.json,results/mtp5/primary/repeat-0/MATH-500_381.json,7931252c459011f7fb8377d8a79069f8b2658de6443b2584c890ee67234dc388,22328f2c7f2c3080f121d93c36c6f7fcc706544c70b5d81a621da5dd632e3aa7
MATH-500/382,math_500,0,True,True,False,stop,stop,858,859,3.492215033733743,3.4962852144257406,results/baseline/primary/repeat-0/MATH-500_382.json,results/mtp5/primary/repeat-0/MATH-500_382.json,db7a2e5abb2bb2c6c0a621c6c0df8c8050c3039bfbdeef72d178d79fb05dcfa9,c5600ebdfcac63300bb4dc6c676cd0aaf609410aaab481a3eb7dec6b17b848ed
MATH-500/383,math_500,0,True,True,True,stop,stop,794,794,3.573231910097809,3.573231910097809,results/baseline/primary/repeat-0/MATH-500_383.json,results/mtp5/primary/repeat-0/MATH-500_383.json,6166f613941217dc5913ac99034ba533fc1ef3a89dd4e8f7ffd73f45388dacd2,01f55a185fd056a1c1487c0af5e5da2dda6d1832131aade68f8a7c218f8a7fec
MATH-500/384,math_500,0,True,True,True,stop,stop,238,238,3.222086071255781,3.2220860712557804,results/baseline/primary/repeat-0/MATH-500_384.json,results/mtp5/primary/repeat-0/MATH-500_384.json,d63e780ececac99a53b38f141c7b4a253d7b320f8344b2bd0b1428f436f6c32d,a0b680c69dd72fbecde22cecdf4499bf927f53d1a3ff1e2f40b2dfd1ffc2e70d
MATH-500/385,math_500,0,True,True,True,stop,stop,464,464,3.46254748511466,3.4625474851146603,results/baseline/primary/repeat-0/MATH-500_385.json,results/mtp5/primary/repeat-0/MATH-500_385.json,f95a6d8e73f52919c12e37f53f06af3c7ab8070590bd04fbd800844e0bac6398,17d3988567f78c5f38890ae8b13fb92bfb509c07d1b410d733f342054b475a0f
MATH-500/386,math_500,0,True,True,True,stop,stop,637,637,3.5255148795422713,3.5255148795422713,results/baseline/primary/repeat-0/MATH-500_386.json,results/mtp5/primary/repeat-0/MATH-500_386.json,b299dc75f5d7080d310627c3bb8e88945e6eea2967cf8eb96c72b1a57416c9bb,ae9573a3942c89db86f315f05d9e51c95c69e98790fe0c5b2abf50e949c05aaa
MATH-500/387,math_500,0,True,True,True,stop,stop,255,255,3.6604327199591693,3.6604327199591693,results/baseline/primary/repeat-0/MATH-500_387.json,results/mtp5/primary/repeat-0/MATH-500_387.json,8711b70f67ad174e40ee6a0d2fa6f2ee36d4083f01a08f3174835a560112c2d8,9cafafe942841a9241e4b42f58c0fc8e9e61cd127e78db2d74e631fd0ed0c62d
MATH-500/388,math_500,0,True,True,False,stop,stop,678,739,3.1746584305372636,3.4602840415443037,results/baseline/primary/repeat-0/MATH-500_388.json,results/mtp5/primary/repeat-0/MATH-500_388.json,e081439ee1074a1b9a3f91aff8289fb1e82596769c5cc1e541b2d2fa1c598867,4b4d81727acd7dddec5c3d4e64bc967c993d95577c8e5435c828a5a0e728e95e
MATH-500/389,math_500,0,True,True,False,stop,stop,889,861,3.621317826954804,3.5072605725625268,results/baseline/primary/repeat-0/MATH-500_389.json,results/mtp5/primary/repeat-0/MATH-500_389.json,cd61695fc18b6914bec98f13daceeacf508bbd6fbbcd8407bb771bae82e67873,075a103eb99845ae86595f3d55a5f923512fda43f0a5347df0c663af397b151e
MATH-500/390,math_500,0,True,True,False,stop,stop,924,925,3.521999709649949,3.5258113976474057,results/baseline/primary/repeat-0/MATH-500_390.json,results/mtp5/primary/repeat-0/MATH-500_390.json,b6df089fbf4c7137d851990ed3f9043286cc88e25de5470a0317da1bbaa963a1,632989cdf4fe5be8ad84cdac1d145774cb881d9588b96855c90527b923386a77
MATH-500/391,math_500,0,True,True,True,stop,stop,963,963,3.5739995371192106,3.5739995371192106,results/baseline/primary/repeat-0/MATH-500_391.json,results/mtp5/primary/repeat-0/MATH-500_391.json,aad5a2652f863f7a43190a0464717c91ba0acc7b73009e1fb4fd92c815800213,ed9b70f8140cbdd721452d1f64e56489d66d7c8de083817a170f6a0b1c4d9bc7
MATH-500/392,math_500,0,True,True,False,stop,stop,2826,2340,4.029807024146848,3.336782886236244,results/baseline/primary/repeat-0/MATH-500_392.json,results/mtp5/primary/repeat-0/MATH-500_392.json,d2fbb440de857943608efb83f492f814d05ac6c3c0957fd05b9cd0d9036d270d,8baae5085acdb71705852b040e137b94e09f955ccfbf4130b37c74b1f9d7f0bf
MATH-500/393,math_500,0,True,True,False,stop,stop,466,459,3.5150928671383137,3.462291042953833,results/baseline/primary/repeat-0/MATH-500_393.json,results/mtp5/primary/repeat-0/MATH-500_393.json,c24a666cb3bd73acc71fc55fdf37f18d92ee07268ba222ebe14e571c46398e74,06e931c448164a379208ab9ce96186a645fc7047e5771dd33621f6d5b7ea2a01
MATH-500/394,math_500,0,True,True,False,stop,stop,1148,1261,2.993140088311749,3.287761020349403,results/baseline/primary/repeat-0/MATH-500_394.json,results/mtp5/primary/repeat-0/MATH-500_394.json,d833d0ccb8793cf4e14f6967b6ab9e294d9d2fdc8c28a06b28cca80e211b7b8f,534cb0a8bf774913065fd43655675870eccd56775901126387148f4dd4d172c5
MATH-500/395,math_500,0,True,True,True,stop,stop,500,500,3.4420755577397957,3.4420755577397952,results/baseline/primary/repeat-0/MATH-500_395.json,results/mtp5/primary/repeat-0/MATH-500_395.json,ff8501c85b3ae4749af09fce3b6e37debf866751b4c77b74dfd0da419951d163,cb78786fc204be2faceb1e712f246bbbc2c02ef9b96149519fe361b6d88ea4f5
MATH-500/396,math_500,0,False,True,False,length,stop,8192,2944,8.529518337446218,3.0652956525197346,results/baseline/primary/repeat-0/MATH-500_396.json,results/mtp5/primary/repeat-0/MATH-500_396.json,d486d8dc38afbc3541737fba440aba991afcded173f95b72afa201d9552244cf,94d325ddd0480a55ddd4a6464a0752e9841dac47407139a4040f124f15bbcab0
MATH-500/397,math_500,0,True,True,True,stop,stop,394,394,3.3690480911674134,3.3690480911674134,results/baseline/primary/repeat-0/MATH-500_397.json,results/mtp5/primary/repeat-0/MATH-500_397.json,daba252cf8f75074e97f0730bb655cafa2d3afff6e1b5a5fcf93d9a052ef0763,e4d854283dc9cbb28e719ba1d6f70be719b791af8984f347ea7c3ac5529fa7c1
MATH-500/398,math_500,0,True,True,True,stop,stop,513,513,3.5217942760219003,3.5217942760219003,results/baseline/primary/repeat-0/MATH-500_398.json,results/mtp5/primary/repeat-0/MATH-500_398.json,66dac51ea9f70991ba456b8a82d2182b64805e98b7e92147adc9efe0a42a31f5,9180738d07906200e5e4e3cc5312a27de9078f22b1e3301a402fbbd72ea108c7
MATH-500/399,math_500,0,True,True,False,stop,stop,267,267,3.1814560258569013,3.181456025856901,results/baseline/primary/repeat-0/MATH-500_399.json,results/mtp5/primary/repeat-0/MATH-500_399.json,187f05904bb93b61df9f411531bbcc99dc1fb6674167b360e6d76c7aced20db8,2e3212862024b92d1c1b14cd8c19ef555a1c7f434bcc37daf818850856a76a1a
MATH-500/400,math_500,0,False,False,False,stop,length,7940,8192,2.831727902016927,2.9216013820305626,results/baseline/primary/repeat-0/MATH-500_400.json,results/mtp5/primary/repeat-0/MATH-500_400.json,7007536178b3b302c7d959a7c5efa5937b1bf92933ca9f5dc28df9e1a3f63eb3,7197389385ff4ab0d97605a790d8ddff6eba9ed9915a3b64ecb0dd8cf59943f5
MATH-500/401,math_500,0,True,True,False,stop,stop,2147,2045,3.7086777126935595,3.5324852922488725,results/baseline/primary/repeat-0/MATH-500_401.json,results/mtp5/primary/repeat-0/MATH-500_401.json,c2188828c0d159edef4b6ff7ab3cc8f7ad0332332d57c41998a50d3d56cd4303,a9c94a3c335c0ac99bd6db110c6e4b48897a32dab7e8007bf7f22619ea60a6de
MATH-500/402,math_500,0,True,True,False,stop,stop,781,802,3.115293814337129,3.199059717155413,results/baseline/primary/repeat-0/MATH-500_402.json,results/mtp5/primary/repeat-0/MATH-500_402.json,3e6887b2dd29c5e28264005d45aec9bbcb845e249dd50849c400b7acaf835ae1,10346172579d3212381f9a6911407805a2dd98d392e68c809627a351043b498d
MATH-500/403,math_500,0,True,True,False,stop,stop,1054,919,3.8895133699710076,3.3913309174604898,results/baseline/primary/repeat-0/MATH-500_403.json,results/mtp5/primary/repeat-0/MATH-500_403.json,407f98c6a27a5c8bd5f61fa4feb5fdba464a652693fa5817992b76fc27a9ad60,d72fa33fbcf4e83a41539520b7ee8f92c988c507e171998e244926128d257828
MATH-500/404,math_500,0,True,True,True,stop,stop,398,398,3.7766679138920987,3.776667913892098,results/baseline/primary/repeat-0/MATH-500_404.json,results/mtp5/primary/repeat-0/MATH-500_404.json,3e15060f27276a7c47af9f53e6d9f484a366ff7a5c1cfbb62b22edca6844f93f,0584ca7774eaefa545e3b045b751ef8c8a9427acc09414ccb24fd4b98cf53869
MATH-500/405,math_500,0,True,True,True,stop,stop,562,562,3.2872992100460614,3.2872992100460614,results/baseline/primary/repeat-0/MATH-500_405.json,results/mtp5/primary/repeat-0/MATH-500_405.json,348bbb5fe6ecc86ac522031b22cad7a61b518b5a51a6ba3545d738eda1145c21,f6e54e708c24f181866396fd3b765e7a1879e60ed14c264224f0ee31f5833d95
MATH-500/406,math_500,0,True,True,True,stop,stop,497,497,3.5976381468809313,3.5976381468809313,results/baseline/primary/repeat-0/MATH-500_406.json,results/mtp5/primary/repeat-0/MATH-500_406.json,eb9ba0938830478307c6c14f3fa038f8cb46037fd7b18db51d030975553c6343,ccd3bc7a7607c7ff5927fad400cba3c4ab66b50e94aa50da58250b9fcbd6bb5d
MATH-500/407,math_500,0,True,True,False,stop,stop,564,547,3.7696907491843787,3.656065318801162,results/baseline/primary/repeat-0/MATH-500_407.json,results/mtp5/primary/repeat-0/MATH-500_407.json,5bb4940d0eac429d2f92fa71343ad9ae33fe17e116952173b65b79cb2cb8045b,a105720c012f650c94e2363750eedb6067699a083d2521633788b6ea67889b48
MATH-500/408,math_500,0,True,True,False,stop,stop,2003,1988,3.6769650880149496,3.6494291537562256,results/baseline/primary/repeat-0/MATH-500_408.json,results/mtp5/primary/repeat-0/MATH-500_408.json,b1fdaea8c6f4906fdb960f85e6ae90b9e36abb4745df80ac959083b9f526de45,a84268cbee4595fb9d20e9db050ded53daa005f958d98f92391bae5c066d9b65
MATH-500/409,math_500,0,True,True,False,stop,stop,1748,1736,3.443916475124416,3.420274027926766,results/baseline/primary/repeat-0/MATH-500_409.json,results/mtp5/primary/repeat-0/MATH-500_409.json,6551e7ab0ec9cd01a5def895d9e3999c347192941e0477c00010ef8ac870cf33,38f152c46ad5f3cfd77fbbd95c8c5e8f2acd119a517059ccc748c57330f4cf2f
MATH-500/410,math_500,0,True,True,False,stop,stop,664,840,2.726248974501116,3.4488691846098454,results/baseline/primary/repeat-0/MATH-500_410.json,results/mtp5/primary/repeat-0/MATH-500_410.json,0aba2198eeef0fe74075bba90c12420a6b9251bd53f2ce19bb960281d2ef55af,7b00b419ddc3c3fff6e66ce5f9799cd4038660cf17400b43c32a7fff06708077
MATH-500/411,math_500,0,True,True,False,stop,stop,430,349,4.297486766550149,3.487960189595354,results/baseline/primary/repeat-0/MATH-500_411.json,results/mtp5/primary/repeat-0/MATH-500_411.json,93c8e1f4ce46175f308cc02045c93ea68f4b8e20fab07976fea848d4a681c2f3,d7105816e564c659dd7f730a78388b618c2aa16e1e32d5ae34e1e093d750c0a4
MATH-500/412,math_500,0,True,True,False,stop,stop,2166,1890,4.15076131606854,3.6218554419988647,results/baseline/primary/repeat-0/MATH-500_412.json,results/mtp5/primary/repeat-0/MATH-500_412.json,0efb776d22c9ac64dd9ca9a09aa88847227fc6aa5cb8a0e281f4606cf0898d00,6b88531d82f3ed64f66e2bf53dd85108af9800acfd365e9e5fa33bb8e885d689
MATH-500/413,math_500,0,True,True,False,stop,stop,328,332,3.345398735686204,3.386196281243353,results/baseline/primary/repeat-0/MATH-500_413.json,results/mtp5/primary/repeat-0/MATH-500_413.json,1cf565e285c2774349baf8bff138f74191793cc242b5951da1eba82fdbbda82a,2230a54ba97c704b9fd545d28fa1a1687cc8c6732b59e14188fedfd91a899ae4
MATH-500/414,math_500,0,True,True,True,stop,stop,788,788,3.5442019946058463,3.5442019946058463,results/baseline/primary/repeat-0/MATH-500_414.json,results/mtp5/primary/repeat-0/MATH-500_414.json,76d8980a49c2f4f7a8b4f4cee35bb5acaa0d141e2fbaf4da286bd45b7938edd9,cffc0a8052f6fdafc686d82d002687733d947a3ef0ffc0dc7cb30ef80d1cb77e
MATH-500/415,math_500,0,True,True,True,stop,stop,1297,1297,3.641490859477956,3.641490859477956,results/baseline/primary/repeat-0/MATH-500_415.json,results/mtp5/primary/repeat-0/MATH-500_415.json,73ad27a6a369cbbb45c9788c55405b700de53bd5d4a631eed4d956d2d087bd74,6ee822ded13f92e8309085d68f690e48706cdeaac7a208d8f8c1ecaffc861758
MATH-500/416,math_500,0,True,True,False,stop,stop,1543,1540,3.7857532449852997,3.778392739648322,results/baseline/primary/repeat-0/MATH-500_416.json,results/mtp5/primary/repeat-0/MATH-500_416.json,63cc3eda1f72c1cbbe478cc41e1d3de7f14bc803e69a2fb522d927f57c4863f8,64768a0a59151e0a487b60e436ecdc9350ac864cef63b4108f26a800b82c5aa7
MATH-500/417,math_500,0,True,True,True,stop,stop,1016,1016,3.694490073104502,3.6944900731045016,results/baseline/primary/repeat-0/MATH-500_417.json,results/mtp5/primary/repeat-0/MATH-500_417.json,d0c6aa0f91ded8ba764b2626ee25acf5937914aa86a6fc7f3bf0621ada38e614,541b6267e8384e565965ae6dfe6f0d5a1fc1d462f2987c28cac2d78b5cf00b90
MATH-500/418,math_500,0,True,True,True,stop,stop,563,563,3.698020068062814,3.698020068062814,results/baseline/primary/repeat-0/MATH-500_418.json,results/mtp5/primary/repeat-0/MATH-500_418.json,d0598571a21d34a572e63b5555beaec21d02a783cb804feb53790b0ec1cd2c72,162a6654101d234c5c15b5a8c6d94cd580e9882069bbd5de18bbe5ceb5d25e07
MATH-500/419,math_500,0,True,True,False,stop,stop,2847,3071,3.4295061337892836,3.6993373153729854,results/baseline/primary/repeat-0/MATH-500_419.json,results/mtp5/primary/repeat-0/MATH-500_419.json,4a09d3fab735a3de4e19f45d68f870dbaf2196adf4dfd29f6c19f4211b6d0b1b,93f0241c43a3f00cef1241401142f1dd48c28c6c433fd7f574c83ffe5a4a6209
MATH-500/420,math_500,0,True,True,True,stop,stop,604,604,3.854453250863398,3.854453250863398,results/baseline/primary/repeat-0/MATH-500_420.json,results/mtp5/primary/repeat-0/MATH-500_420.json,e313e4e9c7cb4095964f9c4acbcf858ed1f7e7ef2212a721c2d525d824b8e2a1,fe936a7f7b78b45aa6a568ef3d610f40cada801a8cc74ea0ae5252529bcfe499
MATH-500/421,math_500,0,True,True,False,stop,stop,2093,2989,2.3018241061506535,3.2872203790178234,results/baseline/primary/repeat-0/MATH-500_421.json,results/mtp5/primary/repeat-0/MATH-500_421.json,d7ec90cf507e8e69c81cf84a243806722661e18844c4cecf56a72598730e2228,37637eef8b079062876ccd295d55eaef38650473f470ab4dee2e8ea243bb68d9
MATH-500/422,math_500,0,True,True,False,stop,stop,4688,5130,3.172969709671077,3.472127689977096,results/baseline/primary/repeat-0/MATH-500_422.json,results/mtp5/primary/repeat-0/MATH-500_422.json,175ec36d9881faefa6e48ab9358ca68244c3e1a219ac0ffa763b869496c69fda,03501f376a849f427dd26effddc8ed67a12696758e0ff8018ce2a3cad83e26bc
MATH-500/423,math_500,0,True,True,False,stop,stop,1342,1357,3.487582893864524,3.5265648189077194,results/baseline/primary/repeat-0/MATH-500_423.json,results/mtp5/primary/repeat-0/MATH-500_423.json,1cbb13e8ff450a57a9c62050292cb04df3bdf2399bf58356becc96e0718fdd69,bea103109afe267a1ec049f49fc71d13465b544392ff57f1a3673221491ce666
MATH-500/424,math_500,0,True,True,True,stop,stop,632,632,3.6055681614275312,3.6055681614275317,results/baseline/primary/repeat-0/MATH-500_424.json,results/mtp5/primary/repeat-0/MATH-500_424.json,ff667e0c6d644bec273b7fb3a4cca4cdcbbb276017a9787b09fe56e2eaa108dc,58798127a4c80b773e63899a362b8a0e1ba5e0ae6c010ab253cb1dedd893557a
MATH-500/425,math_500,0,True,True,False,stop,stop,3560,3333,3.7374337650597345,3.4991198704899142,results/baseline/primary/repeat-0/MATH-500_425.json,results/mtp5/primary/repeat-0/MATH-500_425.json,54be5240956717c1e6548496b1cae55dc5d0190d1679ea7dde1d3c64bc45094c,5025c2d590c57f88292bc162e1014de34a4e2bf59bd5d5ffea1d12390e70ea4d
MATH-500/426,math_500,0,True,True,True,stop,stop,554,554,3.3718548075768786,3.3718548075768786,results/baseline/primary/repeat-0/MATH-500_426.json,results/mtp5/primary/repeat-0/MATH-500_426.json,d3073909ff8dc77916c3cec3e305d2fe32a2212bd6547bb1efb1e952a58ae6a5,b9415dbdfadb4b38869b168f24e440c0ae3e4b45f71a523fff950a033a05ff3e
MATH-500/427,math_500,0,True,True,True,stop,stop,536,536,3.5175332822353256,3.5175332822353256,results/baseline/primary/repeat-0/MATH-500_427.json,results/mtp5/primary/repeat-0/MATH-500_427.json,4cee28a1c71f20d4b0ca19be01f69fec7d810f5d66c221415752d68416124b6f,a1e2281a52ed13228d84621266d063857503d3e7672e5485f6dda6fbcedf0cdb
MATH-500/428,math_500,0,True,True,False,stop,stop,1593,1504,3.7135897261823465,3.5061135895657563,results/baseline/primary/repeat-0/MATH-500_428.json,results/mtp5/primary/repeat-0/MATH-500_428.json,e1b3a8952a29435a3e0534bfe9bf8616842318fc96f04d7015b108c4168944aa,b2ea926312c46e92dcaf28ddd26b9b2c568c8a732faaec4b0136ecc85c07f19c
MATH-500/429,math_500,0,True,True,False,stop,stop,1187,1165,3.1351956336476787,3.0770875427123383,results/baseline/primary/repeat-0/MATH-500_429.json,results/mtp5/primary/repeat-0/MATH-500_429.json,24e58e31e7e4ad113835c5210cdd16d215f7938dd6feee6f9836f9765f4a8220,c494816a7a80136a3f2a088bf4babcd205d83e9e934882f5df1933bfaad4be15
MATH-500/430,math_500,0,True,True,True,stop,stop,316,316,3.175735364590594,3.175735364590594,results/baseline/primary/repeat-0/MATH-500_430.json,results/mtp5/primary/repeat-0/MATH-500_430.json,22d307ad468ff1393d68a7ec28b3f2cfbe20e8bb432ac88e5e96493e5d175b3d,99bff43e606c515541258d4591861b43608289b54139ba1e8ee1c4bd10d7c352
MATH-500/431,math_500,0,True,True,False,stop,stop,1631,1716,3.4609288131266003,3.6412960412785074,results/baseline/primary/repeat-0/MATH-500_431.json,results/mtp5/primary/repeat-0/MATH-500_431.json,3b275319f559bf2420d6a1d56de916d3783fa08c4394ffc5a6448fcfdaf24ac4,bab9bab40bf94dcc8729039d0b3e2ac3934732169225220d88f86f1bc7368a14
MATH-500/432,math_500,0,True,True,False,stop,stop,1633,1675,3.4332001189470644,3.521500428191263,results/baseline/primary/repeat-0/MATH-500_432.json,results/mtp5/primary/repeat-0/MATH-500_432.json,6169f5f82dec0bfc25948acf53ae9c6c8ff534832783c6c38a8daffbb4954109,149b63f48a1abd1d2a3a5a4eadc4d256be2af9c39a447f2e3f838617bbe4e10d
MATH-500/433,math_500,0,True,True,False,stop,stop,999,997,3.58191658896588,3.5747455847837664,results/baseline/primary/repeat-0/MATH-500_433.json,results/mtp5/primary/repeat-0/MATH-500_433.json,f24e8ad7e77655c9d218cefa0269f807cfdfe25ac006e64794d115a263086087,60633756f03ecfbab8b3a45862bc5e1c71c226418f0aba2e20285a0fe1e29e6c
MATH-500/434,math_500,0,True,True,True,stop,stop,1080,1080,3.435087315630008,3.435087315630008,results/baseline/primary/repeat-0/MATH-500_434.json,results/mtp5/primary/repeat-0/MATH-500_434.json,7cc3e2fb7c631b636fe0d761727cf241585174675ec278a1b92fbfdc99eb358a,96bfa3140dadf94d07bbc93b51d7e024daefce8bb002443e24a33825143e3bd2
MATH-500/435,math_500,0,True,True,False,stop,stop,804,751,3.5766128076398207,3.340841067832718,results/baseline/primary/repeat-0/MATH-500_435.json,results/mtp5/primary/repeat-0/MATH-500_435.json,6ede14d70e86b86a35a4d98d4ffcb906e13585d99d7764e98ee75a34f388e79d,75643075831522dce60afa5c6593cdb48b6b02b026b6c6fc351f0e4b9722d3f3
MATH-500/436,math_500,0,True,True,False,stop,stop,1329,1455,3.287744377901863,3.5994492624884957,results/baseline/primary/repeat-0/MATH-500_436.json,results/mtp5/primary/repeat-0/MATH-500_436.json,087f333f21768078486015085d7a87b74fa1ebc36849e26f418860c48e0e72ac,a471a4c356ff3834b561ac8361da9bb830e6b0e0587711070f115b2b8801db3f
MATH-500/437,math_500,0,True,True,False,stop,stop,906,904,3.4581029739360636,3.450469192536646,results/baseline/primary/repeat-0/MATH-500_437.json,results/mtp5/primary/repeat-0/MATH-500_437.json,2c82873f243bebdf663eb8ecc009cbef28daedabf45226409f39583cc476c9ae,79dc8fac57d13f1aa2147b18740068730046544d4096c3264a0be0642306ff8d
MATH-500/438,math_500,0,True,True,True,stop,stop,589,589,3.5395373382679476,3.5395373382679476,results/baseline/primary/repeat-0/MATH-500_438.json,results/mtp5/primary/repeat-0/MATH-500_438.json,2a5775d618a7ed2e0b95a40a9c7a5fb2d586d18d4875b4653ca7d18612825f5f,e8f356f65615262b7d994a443afae81bdf5d9fe492aac808c655e0e261c2690b
MATH-500/439,math_500,0,True,True,False,stop,stop,1365,936,5.104193543329621,3.5000184297117403,results/baseline/primary/repeat-0/MATH-500_439.json,results/mtp5/primary/repeat-0/MATH-500_439.json,f4711d89c006659ee8cbc74150648c5caf1247952e6dc05c4319a4e94ff7c5ea,98e294e38a4e56ba825a4764f1c9cdafab3535b282c6ef38965a5c343c507d3a
MATH-500/440,math_500,0,True,True,True,stop,stop,477,477,3.609939154504733,3.6099391545047324,results/baseline/primary/repeat-0/MATH-500_440.json,results/mtp5/primary/repeat-0/MATH-500_440.json,ab71d8efc96beb0f8204db4a65ffbb007c735a646b5b6158b36468c0ccdb5bd0,3ff9fffd73617833be04108e24f050aaac4d17fb9dd82f46bd78cc889a5c3471
MATH-500/441,math_500,0,True,True,True,stop,stop,392,392,3.7776243734654273,3.777624373465427,results/baseline/primary/repeat-0/MATH-500_441.json,results/mtp5/primary/repeat-0/MATH-500_441.json,7e0bf4d42661804da79b0ddc557ebbc2d85e3baec25d27470c2d377ba9f81d45,37efc1660e2cd30839aedeafdb96b50de1d4996c369ed3d203550193215c51e6
MATH-500/442,math_500,0,True,True,True,stop,stop,487,487,3.4981665056422955,3.4981665056422955,results/baseline/primary/repeat-0/MATH-500_442.json,results/mtp5/primary/repeat-0/MATH-500_442.json,772a0ee61e9ce202460b31b096d20ceebc77dcfd9d141cc1602cfd1338b64578,6e733660a3e148fd9c2edf00274a3e01847c27f257f3d1592ae87681f39c7a4b
MATH-500/443,math_500,0,True,True,True,stop,stop,378,378,3.205633684707115,3.205633684707115,results/baseline/primary/repeat-0/MATH-500_443.json,results/mtp5/primary/repeat-0/MATH-500_443.json,6230b92d4e9637b81a94961445a050707a774147c56ebf4f415eff0bd7bca599,2818889a7da7a3abaad91cc601f331d8de336c42269a3815a7ea90f8c9e71191
MATH-500/444,math_500,0,True,True,False,stop,stop,5984,4409,4.4657134380690495,3.290329302882092,results/baseline/primary/repeat-0/MATH-500_444.json,results/mtp5/primary/repeat-0/MATH-500_444.json,d0b56c2b6993e241921b58a8a71549e1352ea39337b433610acb80feb4a9dec6,98cdc29cc7a825b058b1924fc23ec199f42a7f88f82e7be175a18afbe0c515e0
MATH-500/445,math_500,0,True,True,False,stop,stop,2556,2560,3.4624284505333582,3.4678469614105625,results/baseline/primary/repeat-0/MATH-500_445.json,results/mtp5/primary/repeat-0/MATH-500_445.json,ca7d75bcf71740ca677ee27e203647ba338019b340a01f7424fdebc3a9b4bcf9,de011526dd8458bd8167428eda6abdb7a173953d8257e242ac5f4b7eea808361
MATH-500/446,math_500,0,True,True,False,stop,stop,998,1053,3.5249768425409522,3.7192390933823876,results/baseline/primary/repeat-0/MATH-500_446.json,results/mtp5/primary/repeat-0/MATH-500_446.json,2a7a44ec694a51c3ff3acbbf3cd5d0b3c32d036fad871ed1ffeaba1558aba0e4,c1661b1ae1ce03cbbc4c5ac6efa4fa02b385b21e242e5b413c0ddbc76bc07595
MATH-500/447,math_500,0,True,True,True,stop,stop,495,495,3.4477058021845224,3.4477058021845224,results/baseline/primary/repeat-0/MATH-500_447.json,results/mtp5/primary/repeat-0/MATH-500_447.json,d5397a8162d2b55afcf9221466d23b1f8b78e061a1a15c525701addec215a3c2,0cb9dea008df2585863d7e8859524e4ab5ecc3a73227893d62204c1ad299d4a8
MATH-500/448,math_500,0,True,True,False,stop,stop,1274,1318,3.291583078307401,3.405264126537798,results/baseline/primary/repeat-0/MATH-500_448.json,results/mtp5/primary/repeat-0/MATH-500_448.json,3d1b8a00ac4a68fe82a15b3fd3a0d57150d4df928c7ab3b9cac1ca093b15f4a9,1eb9f3d6fade2c322e4a62ce371deaa8fe70314d56d882b5b6986c911050a9fb
MATH-500/449,math_500,0,True,True,True,stop,stop,316,316,3.532148056297755,3.532148056297755,results/baseline/primary/repeat-0/MATH-500_449.json,results/mtp5/primary/repeat-0/MATH-500_449.json,feed2e3262879a0d94ae80deae7e2f6a80cf3e5a076701a6e319134bcea821e4,afde5d99a9f47b77d7eaeb96d83aad1331ac4126fb786e12e8506de053be1a3c
MATH-500/450,math_500,0,True,True,False,stop,stop,1369,1354,3.525362550840605,3.486735495864265,results/baseline/primary/repeat-0/MATH-500_450.json,results/mtp5/primary/repeat-0/MATH-500_450.json,c2f187cf6934fd82140f315841355d5d3755fe32271808bd0258496caee56dd0,112d4eba639fd25796e161cbbbb3b0793e552762dd6215579eef1d56d6e37af6
MATH-500/451,math_500,0,True,True,False,stop,stop,619,657,3.2022111033966967,3.398792722022019,results/baseline/primary/repeat-0/MATH-500_451.json,results/mtp5/primary/repeat-0/MATH-500_451.json,e96d2bd43398b03b59b398ff53f0632da8fdb7bbba397336949575e94c4e2cf7,5e338be392b0eeb0bf3afce5da406efbbf866782377ad597098e79dad6ede97c
MATH-500/452,math_500,0,True,True,False,stop,stop,798,800,3.4646407821369216,3.473324092367841,results/baseline/primary/repeat-0/MATH-500_452.json,results/mtp5/primary/repeat-0/MATH-500_452.json,667ed112a84747384ab3f61a170c823ab52d58271d7615ded53b9f79ad52fcbf,fb3394f676f5ffe32bc01863f9fee9979a938f2f7ea096857c597c826706156c
MATH-500/453,math_500,0,True,True,False,stop,stop,626,576,3.6094879492893326,3.3211901897614307,results/baseline/primary/repeat-0/MATH-500_453.json,results/mtp5/primary/repeat-0/MATH-500_453.json,8ee7d52abca12494973d9eeb99c58010ec0092ed188cdf7eabccec44f5c74e20,d0f4a554077afdbc584a03794a6a37c28a49b96a69c258b8758d36bb0778345a
MATH-500/454,math_500,0,True,True,True,stop,stop,1428,1428,3.741353751698679,3.741353751698679,results/baseline/primary/repeat-0/MATH-500_454.json,results/mtp5/primary/repeat-0/MATH-500_454.json,8adcc69146ea84d15619c0a831880dd790816806e3f31927225d55cfb20319e4,8ebf639cfdea329c22b023c66e783c48e0d3c1f02cd290e1e6d72af581e560f3
MATH-500/455,math_500,0,True,True,True,stop,stop,397,397,3.215255925846328,3.2152559258463276,results/baseline/primary/repeat-0/MATH-500_455.json,results/mtp5/primary/repeat-0/MATH-500_455.json,86c264343448e7047c592c6e2cb75e4ccb27454b5f70c038b34f5d0dc6cf627a,bd991e04147ef9df7d84a5d738aad69fde62aa1b45ff7052674c2b1b7a4500ef
MATH-500/456,math_500,0,True,True,True,stop,stop,1593,1593,3.4573525095120043,3.4573525095120043,results/baseline/primary/repeat-0/MATH-500_456.json,results/mtp5/primary/repeat-0/MATH-500_456.json,50f6a2f4481106f037ca54db92d2703fe6da8d4b600759b12632bb652684fa4f,cb086c3d24ae1a0ad40e6630d8d4eeaad8be81ae30f51e7ceed9cbba70bd8cd9
MATH-500/457,math_500,0,True,True,True,stop,stop,141,141,3.2208423058601,3.2208423058601,results/baseline/primary/repeat-0/MATH-500_457.json,results/mtp5/primary/repeat-0/MATH-500_457.json,ce6f8824453d4168fe8d4df37a7849ba9d615fd76000eaf98f797cf69b95980e,7e50f6a59af28eef2a7f04d2695cdf390e90fa747f0964cf9d36543df2714167
MATH-500/458,math_500,0,True,True,False,stop,stop,1186,1148,3.516520289035812,3.403849318560803,results/baseline/primary/repeat-0/MATH-500_458.json,results/mtp5/primary/repeat-0/MATH-500_458.json,9211f21fe10ba9249c833156f900e471eb3a74801552f4aee129245e63473768,53923f93eb3e282d3adf3543152884dc96693b4e2ffc9a1dbcc32e9415e39376
MATH-500/459,math_500,0,True,True,False,stop,stop,889,896,3.570716692486493,3.5988325719548904,results/baseline/primary/repeat-0/MATH-500_459.json,results/mtp5/primary/repeat-0/MATH-500_459.json,2c33b1472aa6b96825748472ec02dcaf01b9740613eed8602b62d970a147494b,765cf9880c8d252d32fdd7aaa94b6320b4eb51ba8f2cab62ded5c973b9f24f97
MATH-500/460,math_500,0,True,True,True,stop,stop,1699,1699,3.3046599298984023,3.3046599298984023,results/baseline/primary/repeat-0/MATH-500_460.json,results/mtp5/primary/repeat-0/MATH-500_460.json,3668d64b90f811723e8c3fe4edc57c6e6b4616e51816f224750c17899c844d91,5c8bf9a295d27df01f5c31aad29945d7b331204f9a0d5b17f861662fcf27d9ce
MATH-500/461,math_500,0,True,True,True,stop,stop,983,983,3.6376569774043763,3.6376569774043763,results/baseline/primary/repeat-0/MATH-500_461.json,results/mtp5/primary/repeat-0/MATH-500_461.json,a23f9d5d1c887f9eebf3e44db491b2334eb376a72624428226090a682c158b93,bc0e6ad5cde8a58b904d5f358da7a6bdf4023fcff716ed042f36f60f144c4fef
MATH-500/462,math_500,0,True,True,False,stop,stop,844,908,2.899775024151332,3.1196631776414803,results/baseline/primary/repeat-0/MATH-500_462.json,results/mtp5/primary/repeat-0/MATH-500_462.json,02171bf1e3ff1e0970e161bbf4005ab765ceb4c1873922c7ca38ea62c08a5536,b166f895a3c9a9d6c35675155f7560dac5860c342dab39b9f3a4fcf68142bb83
MATH-500/463,math_500,0,True,True,True,stop,stop,367,367,3.4516778083138626,3.4516778083138626,results/baseline/primary/repeat-0/MATH-500_463.json,results/mtp5/primary/repeat-0/MATH-500_463.json,f5809c5c682b0c59b8d816eaef01278303cfbbade2519a0ace0aab349ae5f7f9,a4d4b24a128741457cec7d3aa38a1418f8df19044143a8b9c86266eee1e1702d
MATH-500/464,math_500,0,True,True,False,stop,stop,1218,1204,3.4749792443479337,3.435036954183015,results/baseline/primary/repeat-0/MATH-500_464.json,results/mtp5/primary/repeat-0/MATH-500_464.json,288306896480b7843c4c664ae9d9b47736c85cf9775161d3fe321cefcb51e498,46ca6ffebab797f5c7a2f5a5a37c45b3db3634fbe42b03e571e0af86cd1c13e5
MATH-500/465,math_500,0,True,True,False,stop,stop,788,796,3.516466910712371,3.55216708239473,results/baseline/primary/repeat-0/MATH-500_465.json,results/mtp5/primary/repeat-0/MATH-500_465.json,49c680ed759323d19a9e25eafe4cf1535d23d8e1a93b843860a60850467a3284,0ac061b863bc00a8507a03e29a139e5354b8c2a6b7cb0019a5a5e922d75b80e7
MATH-500/466,math_500,0,True,True,False,stop,stop,1548,2004,2.6275176870630435,3.401515145267661,results/baseline/primary/repeat-0/MATH-500_466.json,results/mtp5/primary/repeat-0/MATH-500_466.json,173de83fb20b6b7733561353ecfdbd2b0c709a86cd6e8e9e80691b52ec2257a1,ab1ac949c49bf8047638d8efd1c65c7e83fc95aa3292e6dcd99e97c832e759ff
MATH-500/467,math_500,0,True,True,True,stop,stop,581,581,3.4862882118030765,3.4862882118030765,results/baseline/primary/repeat-0/MATH-500_467.json,results/mtp5/primary/repeat-0/MATH-500_467.json,b3bc3bee80aebc4d742af4bc0f55f162b0616a4ded7013d979f47634f234f6aa,b64ed58f0d7e9593f65b777fc36a4dc38630175930694ac7fde8b464037eb524
MATH-500/468,math_500,0,True,True,False,stop,stop,519,519,3.183464405327413,3.1834644053274124,results/baseline/primary/repeat-0/MATH-500_468.json,results/mtp5/primary/repeat-0/MATH-500_468.json,36a8233de27a7efb70cec3d8f2c0f2958d7173bb7fc319a471b7ffff3ac84f7c,b20b969dd8f7adc23a1cec6ed872d733e5368125c363b958fd6b633d9cc0a5bc
MATH-500/469,math_500,0,True,True,True,stop,stop,303,303,3.3963710512508096,3.3963710512508096,results/baseline/primary/repeat-0/MATH-500_469.json,results/mtp5/primary/repeat-0/MATH-500_469.json,04cf31165c37818330c3249d5d65d954107123ee6e62a68adcebfbf0deba3782,3c58e4fa59e3ea2848e59f86bbe27eb824465d64cd7aa4ca7214e17a885df001
MATH-500/470,math_500,0,True,True,False,stop,stop,1377,1250,4.077111135386591,3.701081277584052,results/baseline/primary/repeat-0/MATH-500_470.json,results/mtp5/primary/repeat-0/MATH-500_470.json,b35bd6abe2989374326fdabf82161d156d7fc6163c76022f1abccc607464d4bd,db3bc13075979d7c1a0c5f7c18fdccb5c9b567ffaf09cb483f9cb5666f0c6686
MATH-500/471,math_500,0,True,True,False,stop,stop,351,347,3.639371762572136,3.597897440491542,results/baseline/primary/repeat-0/MATH-500_471.json,results/mtp5/primary/repeat-0/MATH-500_471.json,366cf1d786e29d17071b095ec5f27e95fd67a4fd79b8035a7e4f90c8d10126f6,cc7f0494273d0e4dcfbf0cf0ab989d957860fb7860dff94426976f5665c5a8f7
MATH-500/472,math_500,0,True,True,True,stop,stop,426,426,3.5790057633346914,3.5790057633346914,results/baseline/primary/repeat-0/MATH-500_472.json,results/mtp5/primary/repeat-0/MATH-500_472.json,f90b316c386309fa2119e47e1f7f3584fb0a9e830c93ab41522dd583f9058e96,a36ce02588f3d35c31ac089053cabe1ba4da57f36d8344cad7c5ee642fedf9c3
MATH-500/473,math_500,0,True,True,True,stop,stop,1085,1085,3.2172754110080386,3.217275411008038,results/baseline/primary/repeat-0/MATH-500_473.json,results/mtp5/primary/repeat-0/MATH-500_473.json,244387798e6fd380368fa3e15a498ba0d49f54f6e66c05ba23766e38ad8ea7dc,9678207cdadb2f933e3b1f47369f583ad024603d9d811a5264b8578ed297ef57
MATH-500/474,math_500,0,True,True,False,stop,stop,799,786,3.678845144766801,3.6189890910972533,results/baseline/primary/repeat-0/MATH-500_474.json,results/mtp5/primary/repeat-0/MATH-500_474.json,51c19129b5eb6dd0816c921b5a9d1ce0655a2b0df3bcdd4ad224b4ea18939a16,5200a090b586a08a2f384d591582982e9f64e2c71232c1d39491d625aad00e30
MATH-500/475,math_500,0,True,True,False,stop,stop,2384,2963,2.7428810243827293,3.4090421456568905,results/baseline/primary/repeat-0/MATH-500_475.json,results/mtp5/primary/repeat-0/MATH-500_475.json,b0f6b498dcf8043da82e45baaeba61a65e9a0923897ee62daebff77b711ffab9,38caf03b940d76ad26c3f919aa885e0fe844e3a572dcdd99e243577d6d1f67fe
MATH-500/476,math_500,0,True,True,False,stop,stop,538,535,3.443017843852318,3.423818859592918,results/baseline/primary/repeat-0/MATH-500_476.json,results/mtp5/primary/repeat-0/MATH-500_476.json,219b4bb3ebf95000489242764bf27abe5591b509c62edce9823e5e224f9130db,fdaa03d66a0e92d6f3aee8e802d7de754327ea1a971f5ec24cd1b2b87ec2e28e
MATH-500/477,math_500,0,True,True,False,stop,stop,902,1128,2.6885686024806112,3.3622010904635586,results/baseline/primary/repeat-0/MATH-500_477.json,results/mtp5/primary/repeat-0/MATH-500_477.json,d9400d6047cfa51fde5e6d46940538d392ccca339f79ef346ae6fadc8b7061da,476427534dcc44850c837147c63a126b6ee12cbc1e111c8017c482443730df3c
MATH-500/478,math_500,0,True,True,False,stop,stop,2096,2332,3.1109937614258985,3.461277410136066,results/baseline/primary/repeat-0/MATH-500_478.json,results/mtp5/primary/repeat-0/MATH-500_478.json,0d6d0c405ca3c03ae61b6673166c1fb9409e2b3c6105e0910b7bda6f1dbee544,c0e034dd4ec68d73d810e6aa2855ef04ef9382ea52cf3c3874da61ac6b663952
MATH-500/479,math_500,0,True,True,False,stop,stop,727,749,3.31582503897616,3.4161663744059747,results/baseline/primary/repeat-0/MATH-500_479.json,results/mtp5/primary/repeat-0/MATH-500_479.json,12f79c969a13a2f05e437ec39823afeb630d23b9d7da1b41618466d31aecee9b,e140ea8798ca4e652801b60b728a87b85aba3ca3181d8165d5637800944090a5
MATH-500/480,math_500,0,True,True,False,stop,stop,1228,1187,3.5935415866651623,3.4735617779898593,results/baseline/primary/repeat-0/MATH-500_480.json,results/mtp5/primary/repeat-0/MATH-500_480.json,6db9659f150e7323ebe7373c6600ac113c8634769b267ee79e2401b7cb94cd4c,934256cbb2a7feea379d7451b9ca3058a4033d9f755ffc9ff4cd25a9337fb17d
MATH-500/481,math_500,0,True,True,False,stop,stop,2134,1862,4.133401233585269,3.606557215058936,results/baseline/primary/repeat-0/MATH-500_481.json,results/mtp5/primary/repeat-0/MATH-500_481.json,e06759a403187753ff4045b8d90a783dcb14ed78a85668dcf2be4b421e6b847c,efadae5f7e380db390b77984fad4d9d466c3ec272d3e7417ed337bb7535836ec
MATH-500/482,math_500,0,True,True,False,stop,stop,917,1072,2.8465677082713556,3.3277214648493927,results/baseline/primary/repeat-0/MATH-500_482.json,results/mtp5/primary/repeat-0/MATH-500_482.json,aefaa8b7ede0b85f0330c3adeefb4163326b29949438ea848d0b707c4a3a8ca9,0f978bc55d0438ec2d60eff3a18d1abb2ed6a598482109c973d127221f5ad805
MATH-500/483,math_500,0,True,True,False,stop,stop,1541,1594,3.554559123862246,3.6768119684856715,results/baseline/primary/repeat-0/MATH-500_483.json,results/mtp5/primary/repeat-0/MATH-500_483.json,3dbf0ea857acdbff0a2b0c6696471f811c5e5d46b33cd23d2333d547cf556ce7,989c07cb34a21c85974296e6869734adaa26cb8cf5b2fc9f3f036aeca92d6bcd
MATH-500/484,math_500,0,True,True,False,stop,stop,1516,1353,3.9950380489608053,3.565492401216339,results/baseline/primary/repeat-0/MATH-500_484.json,results/mtp5/primary/repeat-0/MATH-500_484.json,1ae9bb84f88fed20c1246a0b2eca6e0f16891127d0df88995a71f5dab184ba5e,f8d5c1b0a78ce07292a4da41438cc9b7b2d1e47cda0ab06213b28a857e43c021
MATH-500/485,math_500,0,True,True,False,stop,stop,2683,3766,2.204553626480135,3.0944274906165443,results/baseline/primary/repeat-0/MATH-500_485.json,results/mtp5/primary/repeat-0/MATH-500_485.json,6be172c321379fedb42e2180594b744d8f4e7ead35e86a9267882035624a646e,043ee08a54c2076537384776b1087b5169b2873025ac163be7d42d87d0a7127d
MATH-500/486,math_500,0,True,True,False,stop,stop,394,394,3.2539469982164366,3.2539469982164366,results/baseline/primary/repeat-0/MATH-500_486.json,results/mtp5/primary/repeat-0/MATH-500_486.json,f22fe67cb1f512794685ce0944703d2d6cda60e33e3b79499b3884f58fc3264b,c58588b20dacc9e3c828034e7b700ed5368f2cbd0d208e9ec24bf3a74fe79369
MATH-500/487,math_500,0,True,True,False,stop,stop,493,689,2.6223772230688223,3.664945044004906,results/baseline/primary/repeat-0/MATH-500_487.json,results/mtp5/primary/repeat-0/MATH-500_487.json,5d4c58845836e21bb1ffb05a28dd61ba73fc0c13340e595d6334131635a5f3cb,f39efa997d02cea9f993f19da8b0e843fe7a4a04a4f130b17b6fd300c8f1e8b0
MATH-500/488,math_500,0,True,True,True,stop,stop,450,450,3.4682261740085205,3.4682261740085205,results/baseline/primary/repeat-0/MATH-500_488.json,results/mtp5/primary/repeat-0/MATH-500_488.json,cb5fa07af0110aaa26c860a232ea252ea10a160da1de44b612970e51d5884949,1094d14684e4793150a51e91b2c5dd9442d805c5714579d8b69fd97e0d11dad3
MATH-500/489,math_500,0,True,True,False,stop,stop,1033,1037,3.4316664445053227,3.4449546011152172,results/baseline/primary/repeat-0/MATH-500_489.json,results/mtp5/primary/repeat-0/MATH-500_489.json,14bbc9968e55c83dc3b4ddbf034286a97ec3cf8da14142775fae8124014a8a0e,694d719850c373830ead046333e6a9c7ead2ca34f180e951571f97989e2c0750
MATH-500/490,math_500,0,True,True,False,stop,stop,5029,7211,2.252735965564866,3.230160876454215,results/baseline/primary/repeat-0/MATH-500_490.json,results/mtp5/primary/repeat-0/MATH-500_490.json,6137f70091a84f886b0eb41a079fffed7d26b2574c069d02a7f8adb507bde8a0,ca9fac52965d77e601f467148fac9fdd16f52a06e40184d2751f9fb67ab3ab3f
MATH-500/491,math_500,0,True,True,False,stop,stop,568,571,3.115184211485409,3.131637649222128,results/baseline/primary/repeat-0/MATH-500_491.json,results/mtp5/primary/repeat-0/MATH-500_491.json,ea131f267e7244f2657a3bebad724cde83548b2a0ca380fb9f2e8f212a42b0e8,b4d54d2e8260ae2e46042bb2775c21c2f881012b136838aad6f18228cc409ad5
MATH-500/492,math_500,0,True,True,False,stop,stop,634,631,3.7784151814060225,3.760536245216404,results/baseline/primary/repeat-0/MATH-500_492.json,results/mtp5/primary/repeat-0/MATH-500_492.json,5bc183cf797b18a161468ee4fd0c78e149a0305270d871ff79e5fb14ef900cb4,5275688f64803a0496fba1095c35f064af565aed9bbaeb90c5528eb5454dc8aa
MATH-500/493,math_500,0,True,True,True,stop,stop,850,850,3.8843690178626114,3.8843690178626114,results/baseline/primary/repeat-0/MATH-500_493.json,results/mtp5/primary/repeat-0/MATH-500_493.json,f742ff1824128f8d0084323dde7564bc0ff4c1966b42b5152335ed011a01f0e2,a6fd98c37d5724463c7b5365d980362740aa1c78bb6252a4c79b554c22562bdb
MATH-500/494,math_500,0,True,True,False,stop,stop,2943,2552,3.942529361301789,3.418734260972533,results/baseline/primary/repeat-0/MATH-500_494.json,results/mtp5/primary/repeat-0/MATH-500_494.json,6fe604035e39f250537d208b9cb5870c720721bf233a5f7b11587590b4018949,d4076d72cf91637afd0a9da60aa70817736eeed4cb6bc92c725e1160f15409c1
MATH-500/495,math_500,0,True,True,True,stop,stop,812,812,3.424839715921841,3.4248397159218404,results/baseline/primary/repeat-0/MATH-500_495.json,results/mtp5/primary/repeat-0/MATH-500_495.json,19956f302da3df932743b4922e1d0eb58e0116e4ec9ec863f008623bdc2e7276,ca8782dfbce0b2b99cf97e8838e97ac85e30e41bffdb5fce70bc22d1c5d522e3
MATH-500/496,math_500,0,True,True,False,stop,stop,1218,1213,3.5873367417433153,3.5726104004389505,results/baseline/primary/repeat-0/MATH-500_496.json,results/mtp5/primary/repeat-0/MATH-500_496.json,4200b614b01405a48e86cf0ef4af1d7c562b0845d717aea0ac8970ba1a669e18,34187b076d1ed3608a9f9d80c8c9037db53c59acb7b44763f46ba1d9615bb705
MATH-500/497,math_500,0,True,True,False,stop,stop,4484,3605,4.377542577054933,3.5194114608124516,results/baseline/primary/repeat-0/MATH-500_497.json,results/mtp5/primary/repeat-0/MATH-500_497.json,04ebd6f88e2187abaa3afea88a4523800fe6d1c26ef560757dc08e10b5c9299d,4d0196f839025f73d2eb2ffbd4a86ad8d5136230a2f81cfd39396a28a40ba379
MATH-500/498,math_500,0,True,True,False,stop,stop,1362,1381,3.5096213129059115,3.558580787902396,results/baseline/primary/repeat-0/MATH-500_498.json,results/mtp5/primary/repeat-0/MATH-500_498.json,9c3caf608e24d7b4a14a112fb22e117162a608df8aee0da058de76892c9259d4,cef598f095c7a2eb30482f4065731727aa0acfc7ba0ac4024aeed06760920176
MATH-500/499,math_500,0,True,True,False,stop,stop,1014,1044,3.494662022924821,3.5980543904669755,results/baseline/primary/repeat-0/MATH-500_499.json,results/mtp5/primary/repeat-0/MATH-500_499.json,061c011bdb8ec94faf4b60cc8841728dcb5b0c2b89b79939ad508bdff5dcf697,d766bf5e310bfe028bf88178a9c7572040cb6248c1b516e407fb041f01d90274
