task_id,dataset,repetition,reference_correct,candidate_correct,same_content,reference_finish,candidate_finish,reference_tokens,candidate_tokens,latency_ratio_reference_over_candidate,tps_ratio_candidate_over_reference,reference_record,candidate_record,reference_sha256,candidate_sha256
HumanEval/0,humaneval_plus,0,True,True,True,stop,stop,177,177,2.4973149980998715,2.4973149980998715,results/mtp5/primary/repeat-0/HumanEval_0.json,results/dflash15/primary/repeat-0/HumanEval_0.json,f82b5852d4a6f7726ecacdf3b8b607e9428b62a94a403c4f5aabf40edf56d093,e2f00c4d1c6e402a42a584038db4f72356ababfdf80ae49bd8305e4d05000855
HumanEval/1,humaneval_plus,0,True,True,True,stop,stop,230,230,1.8592043847715491,1.859204384771549,results/mtp5/primary/repeat-0/HumanEval_1.json,results/dflash15/primary/repeat-0/HumanEval_1.json,f886981b3b43a2bad61468f94d316f9da7286e1f3a411b19a7fdbb17513a8743,38c06392f87f2b2e612ac7f56b3bd507fc44fa780a22a7d3e94c558833f9fd6c
HumanEval/2,humaneval_plus,0,True,True,True,stop,stop,97,97,1.9669856844424916,1.9669856844424916,results/mtp5/primary/repeat-0/HumanEval_2.json,results/dflash15/primary/repeat-0/HumanEval_2.json,31c63a087b10f92a6fa680b22e7256663b6ec24283ed1dc2a125658df90833e3,3f09dcaea31f584ed5a8604c119dda1b61217f0811ed28fec80cb0c855f6758e
HumanEval/3,humaneval_plus,0,True,True,True,stop,stop,157,157,1.9258258466051312,1.9258258466051312,results/mtp5/primary/repeat-0/HumanEval_3.json,results/dflash15/primary/repeat-0/HumanEval_3.json,1e650e369c2d8e41891b2770eb2fc4c2d646b9a9bbfca09b9f8b39bff554c50d,3340cbade0ed9d35b025cce5b904c8615324ffe16d15e673014c8b3e3a7d48b9
HumanEval/4,humaneval_plus,0,True,True,True,stop,stop,172,172,1.909795007991627,1.909795007991627,results/mtp5/primary/repeat-0/HumanEval_4.json,results/dflash15/primary/repeat-0/HumanEval_4.json,f3712480632df926ceb8d68c08ecb6e4d86e4d0258eacc3bb41485474870070a,fb75b297698a6810c1ea95bbd4b6606a591997c150c15434ce8b216d9d509c59
HumanEval/5,humaneval_plus,0,True,True,True,stop,stop,154,154,1.6646512236291378,1.6646512236291378,results/mtp5/primary/repeat-0/HumanEval_5.json,results/dflash15/primary/repeat-0/HumanEval_5.json,8ad96e909a49fbbc6a260df0527258edb2625a96335c05686f55de9ced9e1aac,8e61a1e80364c2540dee668f25432f06ee76ddec926b476c74a3a2171b04be03
HumanEval/6,humaneval_plus,0,True,True,True,stop,stop,229,229,1.919222661405265,1.919222661405265,results/mtp5/primary/repeat-0/HumanEval_6.json,results/dflash15/primary/repeat-0/HumanEval_6.json,48a068a58f209f4fc8b30116c47ae28856c7a69cb421ca5505821b748efc7ac1,cc06d4cc53ea6ac1178e4a060998dbd7f2e5a81d7fa3084ef3499eb01496316a
HumanEval/7,humaneval_plus,0,True,True,True,stop,stop,112,112,1.88349457868773,1.88349457868773,results/mtp5/primary/repeat-0/HumanEval_7.json,results/dflash15/primary/repeat-0/HumanEval_7.json,16b45bb0cb82660aea9aba8b2b20451d8260f1c6de437a03cf1c8f7758998fa7,7a14ef52da610e749b1065cfff813d7f4d9c38c6baaa53e0b03e17f663ec15e8
HumanEval/8,humaneval_plus,0,True,True,True,stop,stop,163,163,2.0009325905939215,2.0009325905939215,results/mtp5/primary/repeat-0/HumanEval_8.json,results/dflash15/primary/repeat-0/HumanEval_8.json,d4fceefc1c8b9e591bcaa41e6b74d70a5bf08211519da74945b83be2703d3379,f24a5b9ee0973645e06d2a334948e3b52e5c5dcff3eb7b78ecae42c9ba9c2e02
HumanEval/9,humaneval_plus,0,True,True,True,stop,stop,162,162,2.1719986162848386,2.1719986162848386,results/mtp5/primary/repeat-0/HumanEval_9.json,results/dflash15/primary/repeat-0/HumanEval_9.json,d626d183d5657b0ff1a6c1f9394bbb6b9d3217e1d04f5cf8ddf1eea520623a11,68aa97e3a3a16d094368a2f194d0b4018ac67a38011aad7e80e531df3e5d6755
HumanEval/10,humaneval_plus,0,True,True,False,stop,stop,323,342,1.3744457199197642,1.4552954681503385,results/mtp5/primary/repeat-0/HumanEval_10.json,results/dflash15/primary/repeat-0/HumanEval_10.json,e3bc7ece4bb56d4706eca51934f8b2341d5da3ddb15d73dc19d7166c01f52757,ba664bf5fbd2edc2c91b659996aaa796c6719624e9921edb267db3bfd7aabbbe
HumanEval/11,humaneval_plus,0,True,True,True,stop,stop,140,140,1.854003956647164,1.8540039566471638,results/mtp5/primary/repeat-0/HumanEval_11.json,results/dflash15/primary/repeat-0/HumanEval_11.json,f26d71faa23a87b77bd7770a2048efa9666d6b5c99fa0a95a534925a164359e7,167b65ae3c8103448ef56f69c8ace97e5c17f2124d80726a57c826fc8e507e27
HumanEval/12,humaneval_plus,0,True,True,True,stop,stop,161,161,2.125349149933201,2.125349149933201,results/mtp5/primary/repeat-0/HumanEval_12.json,results/dflash15/primary/repeat-0/HumanEval_12.json,c4645b923f27a85d4ed2d8cc57047413161632d527c08cb944bf60063c707316,9a8fff506ed758256f9243b32bcb9e2552d270fc279393dbdc021e2587ad548c
HumanEval/13,humaneval_plus,0,True,True,True,stop,stop,109,109,1.8886870346149214,1.8886870346149216,results/mtp5/primary/repeat-0/HumanEval_13.json,results/dflash15/primary/repeat-0/HumanEval_13.json,7c37d03a97399774e9fbb71816fd10a1d76220339971dba9bd35e2cea670811f,bded454bed6582e3cb942c1664c667ccd9c2419247b306a9d31e9c249438b9bc
HumanEval/14,humaneval_plus,0,True,True,False,stop,stop,95,79,1.8972923992011554,1.577748416177803,results/mtp5/primary/repeat-0/HumanEval_14.json,results/dflash15/primary/repeat-0/HumanEval_14.json,f1120dbfb0344f6ee0f8f2506f622784857c08fa13003bf3ab159296bf81b059,c31032edf6be57db17c33ca8cd0f0a69ab0abd79db92394e9a43ed31f0752358
HumanEval/15,humaneval_plus,0,True,True,True,stop,stop,92,92,2.0866049602449452,2.0866049602449452,results/mtp5/primary/repeat-0/HumanEval_15.json,results/dflash15/primary/repeat-0/HumanEval_15.json,e9907a11f3a4614f10b26079a88f4acbe71cafc4b5f6a61bce1954ae488b3519,736465530adc4e3aac1662ec7bfc7e5680a2d31407881bd4374e6b82a57cc3bb
HumanEval/16,humaneval_plus,0,True,True,True,stop,stop,122,122,1.83324638755454,1.83324638755454,results/mtp5/primary/repeat-0/HumanEval_16.json,results/dflash15/primary/repeat-0/HumanEval_16.json,65f3c35e2ebf68ff53b6012bbd6f10cec423adaf202c58b367120da40ba8fdd0,cc6e303c54631dc226d2e34b17e07ed3cf074dadc1afa22be440030f484058cd
HumanEval/17,humaneval_plus,0,True,True,True,stop,stop,261,261,1.8205013751851784,1.8205013751851784,results/mtp5/primary/repeat-0/HumanEval_17.json,results/dflash15/primary/repeat-0/HumanEval_17.json,af4eb7ecb15f450a02beb239e067ff8e62af49d18493c80104c8a2bea851b15e,4c68562dd02a870ccb94475576a38638ed56d4617d00c1105ff9f3ea861a0cdb
HumanEval/18,humaneval_plus,0,True,True,True,stop,stop,161,161,2.1175459729858983,2.1175459729858983,results/mtp5/primary/repeat-0/HumanEval_18.json,results/dflash15/primary/repeat-0/HumanEval_18.json,608705a7b9f6d1f5d315e4ed33513697d207823a797e3901f1f9ee63531f3947,a62522c4a368da889dd0c90823e52022dccbcfce64bee38af07509cd05e80bd7
HumanEval/19,humaneval_plus,0,True,True,True,stop,stop,254,254,1.9274320840735,1.9274320840735,results/mtp5/primary/repeat-0/HumanEval_19.json,results/dflash15/primary/repeat-0/HumanEval_19.json,0d864e09ed6e36dc23ab564dda5247ad152ec10d3191a03e40d32602e067b1f7,7be53de3672a72ed28cc5bfa5d3edc3d6968408536ee06d6b1962d61755adb64
HumanEval/20,humaneval_plus,0,True,True,True,stop,stop,309,309,1.8101178386288392,1.8101178386288395,results/mtp5/primary/repeat-0/HumanEval_20.json,results/dflash15/primary/repeat-0/HumanEval_20.json,c502cbe252763a2a528fc7479f1a37769a2b414977e1dacf9e07ae362500ec05,d443e3c22b018c9c6f266d8e55680c7d1e4e3a6878e98b2e2d3798220277654b
HumanEval/21,humaneval_plus,0,True,True,True,stop,stop,193,193,1.8271170620460344,1.8271170620460342,results/mtp5/primary/repeat-0/HumanEval_21.json,results/dflash15/primary/repeat-0/HumanEval_21.json,ac8db947cf2841cb64624990bc50b9ed9ecb892caf135730aa2a7628ea028da3,36455b663794499649b7a60ab90c1b903a685b65ad31dff8cca8f955d6c3a13f
HumanEval/22,humaneval_plus,0,True,True,True,stop,stop,119,119,2.089039140516977,2.089039140516977,results/mtp5/primary/repeat-0/HumanEval_22.json,results/dflash15/primary/repeat-0/HumanEval_22.json,6967c17695dbd3b70b0804dfb7a594837ee9ed135f10c82f5f067dad6495c238,ae828fde30a1de25d3d6790f98bcd72fa39963a7ae11de408b1bc8d1a23785ce
HumanEval/23,humaneval_plus,0,True,True,True,stop,stop,53,53,1.8364791616125113,1.8364791616125111,results/mtp5/primary/repeat-0/HumanEval_23.json,results/dflash15/primary/repeat-0/HumanEval_23.json,83172a40d8f7e44ba6dadd3311ddd397b40c8375e148b5245df525954b303373,b788d86fd10d046fc48ae4330936f3243bdd04d387bf9f2adb37adcb5d3543b3
HumanEval/24,humaneval_plus,0,True,True,False,stop,stop,134,136,1.4040856894910823,1.4250421923193073,results/mtp5/primary/repeat-0/HumanEval_24.json,results/dflash15/primary/repeat-0/HumanEval_24.json,678d5df44c1fccadea406ee848d62e0cf175e250fa5117c04a6589504c4457b6,f1859124ee82d3b077f3fdf3efcc1f5a7eeb605cab27f65c24129ca372a8792c
HumanEval/25,humaneval_plus,0,True,True,True,stop,stop,215,215,2.0902337224583287,2.0902337224583287,results/mtp5/primary/repeat-0/HumanEval_25.json,results/dflash15/primary/repeat-0/HumanEval_25.json,04ad84aae9933303fdddf13c3ea476fc7219076b799ab1d75cafa2977c89b620,882ab4ae2d792cb00f44a25003a304d9d8657792df1b94cdd34ef9058bc7640c
HumanEval/26,humaneval_plus,0,True,True,True,stop,stop,141,141,1.6530129682075667,1.6530129682075667,results/mtp5/primary/repeat-0/HumanEval_26.json,results/dflash15/primary/repeat-0/HumanEval_26.json,b5a9205b2229d07a644c5334373105f487cb38ab20ef7e33ccffb0e5a58daa22,b1bbb9b81f27df96934a67083069dadb9e138252f1f13594242b3e10f7139fa1
HumanEval/27,humaneval_plus,0,True,True,True,stop,stop,58,58,1.70562284027684,1.70562284027684,results/mtp5/primary/repeat-0/HumanEval_27.json,results/dflash15/primary/repeat-0/HumanEval_27.json,a3927595665dc9fa8d787ed5ba677fd1d1dd1b3b86541755c2c4a8ea56f3d138,fc098a7ef1516ed473bfa61770efce67d79b8022b4ecad84d03610622dd8de68
HumanEval/28,humaneval_plus,0,True,True,True,stop,stop,70,70,2.000614386224471,2.000614386224471,results/mtp5/primary/repeat-0/HumanEval_28.json,results/dflash15/primary/repeat-0/HumanEval_28.json,df81ab97e204219e54444a66edeac1fd367d74006d3ad1e2ce24667323861a52,53af29e08bdc5f4d1f65360aaef3fccf87e333b3b5a203f2023747fa17ca8764
HumanEval/29,humaneval_plus,0,True,True,True,stop,stop,107,107,1.9986713689510933,1.9986713689510933,results/mtp5/primary/repeat-0/HumanEval_29.json,results/dflash15/primary/repeat-0/HumanEval_29.json,13280920b34b1d3d0676e87373ce6b4eaa5b0aa5e11b2a7449d2dbaac83721ec,911e00fe92b16b97759679694953932de49b7f7bcd4d9f2593b84599cb7a20ae
HumanEval/30,humaneval_plus,0,True,True,True,stop,stop,139,139,2.153990141412623,2.153990141412623,results/mtp5/primary/repeat-0/HumanEval_30.json,results/dflash15/primary/repeat-0/HumanEval_30.json,34b43a6a1d98b24868c2393958e3f5c4dbc835881f49c62b23ff2e3e8bcbc99b,5b13a597d9b8fbe44ce6894943c7eb0acd5e6437e5be5b2e8c54d249e68c9a40
HumanEval/31,humaneval_plus,0,True,True,True,stop,stop,193,193,2.109922014051526,2.1099220140515254,results/mtp5/primary/repeat-0/HumanEval_31.json,results/dflash15/primary/repeat-0/HumanEval_31.json,9fe777dd18f1cfdfb51d400ad8952eb1a7cc9b49801d907af74e5a4741f8d262,414fa271a2aaf2a99c495a8b1c0ebbef1461495ff3c629dcb9cee576f89c0790
HumanEval/32,humaneval_plus,0,False,False,False,stop,stop,838,759,1.3538371590840135,1.2262081190271674,results/mtp5/primary/repeat-0/HumanEval_32.json,results/dflash15/primary/repeat-0/HumanEval_32.json,fe80b5157fc0335ea8475e0fb813de61dbd3fd87effd00693ce4c1ff17563246,aaae3a79580f04d6c586ab6826fcb34f0fa332b7482372ce205dd2d98a0496c6
HumanEval/33,humaneval_plus,0,True,True,True,stop,stop,285,285,1.5527837276797924,1.5527837276797924,results/mtp5/primary/repeat-0/HumanEval_33.json,results/dflash15/primary/repeat-0/HumanEval_33.json,e153e669bbb3e524014f41d221395aa7c02e29d4863bf6a50fe2692c14e60eb8,0b275ca969cc142d852a91eb75eb7e292fc44ca26fd0ce45930c0cefc4b7c319
HumanEval/34,humaneval_plus,0,True,True,True,stop,stop,87,87,1.8675194008599225,1.8675194008599227,results/mtp5/primary/repeat-0/HumanEval_34.json,results/dflash15/primary/repeat-0/HumanEval_34.json,19c9c28e8ade863a097e99bc95dc1a68e6e3764c097881ea94746da40d37fe95,1a71e379f6b6354e4e3e029f8682c67c62d40b633a94738571a09137c7b05057
HumanEval/35,humaneval_plus,0,True,True,True,stop,stop,97,97,1.9797858648466589,1.9797858648466589,results/mtp5/primary/repeat-0/HumanEval_35.json,results/dflash15/primary/repeat-0/HumanEval_35.json,8529fb000b18e2642cc19d601382968b58c31d9bfc403bc8474fa562232ebedb,f343aaf253210a506ec9d4ccae008f1a66f7d1abc2cee12422aed0c8dadaf186
HumanEval/36,humaneval_plus,0,True,True,True,stop,stop,142,142,1.8633351249666015,1.8633351249666015,results/mtp5/primary/repeat-0/HumanEval_36.json,results/dflash15/primary/repeat-0/HumanEval_36.json,38c682abfcd8bae588559febdb73a88acecd0250cc632afbac57f26de86bbaf2,8a85b055e644fefb7f95c2467d46ea6cc3ab96cd6e7b6448da58cd43dd5d059c
HumanEval/37,humaneval_plus,0,True,True,True,stop,stop,225,225,1.6660232401106614,1.6660232401106614,results/mtp5/primary/repeat-0/HumanEval_37.json,results/dflash15/primary/repeat-0/HumanEval_37.json,4e0301a9cad1fca10d5c9e0b71caf2e81dfc04a2ab4fc95406cccade3cdbd29c,54d4fa50e718f05b2e5bf6aee77c8c1b5009c1e2b7024bf4e1f9556f84d78ee9
HumanEval/38,humaneval_plus,0,True,True,True,stop,stop,388,388,1.608773766767062,1.6087737667670619,results/mtp5/primary/repeat-0/HumanEval_38.json,results/dflash15/primary/repeat-0/HumanEval_38.json,a312d5bcfd0fa51fcaf9c07b80664b81f9d31c5dfa257dd07bd59af54fe4c13a,3d479e8bb2a1130c02a941ad160caf5f737ea69b2d6049779eb7ee4b0078c2a6
HumanEval/39,humaneval_plus,0,False,False,True,stop,stop,278,278,2.194820788363263,2.194820788363263,results/mtp5/primary/repeat-0/HumanEval_39.json,results/dflash15/primary/repeat-0/HumanEval_39.json,0013ac83fc11af5f57d56eb3a4378d1dcd2fe011ccca064c5c9935f4fc1348ff,2773dad39116567da8d30df594d8bd64419168849236631d561d70f9dd1f46fd
HumanEval/40,humaneval_plus,0,True,True,True,stop,stop,292,292,1.765695475567152,1.765695475567152,results/mtp5/primary/repeat-0/HumanEval_40.json,results/dflash15/primary/repeat-0/HumanEval_40.json,27c190234f8e0488e9d59726084d79fad047c1987be589e4fcc774b814068956,531cb287ce793e8af785b67c87e5cbe2c8c875d0d081dd0f37ad4528d283fa98
HumanEval/41,humaneval_plus,0,True,True,True,stop,stop,240,240,1.3518593354738584,1.3518593354738584,results/mtp5/primary/repeat-0/HumanEval_41.json,results/dflash15/primary/repeat-0/HumanEval_41.json,7021fdc3ca817a13a8d87709b5a3af381d974da5b8477f09bafd60a88de7c7e7,8f53d501af5430036e087347f7a0d56cfbd86796ad44f9c3f741ac8ff11a502c
HumanEval/42,humaneval_plus,0,True,True,True,stop,stop,132,132,2.0361540132690377,2.0361540132690377,results/mtp5/primary/repeat-0/HumanEval_42.json,results/dflash15/primary/repeat-0/HumanEval_42.json,abb9b6e73fb746ccbff8d84aa2065fa37eb681649df01f9e4f1d864dd91da8e1,d48c870c1df5e532c772c760ceb7c66471f0ef6ef6a69910c352ad71646c911d
HumanEval/43,humaneval_plus,0,True,True,True,stop,stop,201,201,2.219619243417369,2.219619243417369,results/mtp5/primary/repeat-0/HumanEval_43.json,results/dflash15/primary/repeat-0/HumanEval_43.json,c77b9d81aef3957175dd1699a726e8114fb581d3a1996c57302bfe9381bfe466,f08fbb7cf5f43b8b4b67bca8ab1298dc33b42145e6ddf7246c962eb10e8a0538
HumanEval/44,humaneval_plus,0,True,True,True,stop,stop,158,158,1.8634729368495582,1.863472936849558,results/mtp5/primary/repeat-0/HumanEval_44.json,results/dflash15/primary/repeat-0/HumanEval_44.json,a9e81f717e40b7f4fa440b7bb883490b6180c9a5be1404e7597525511ef968e4,694f3e725a5952ff9b014ff6cf68ed2a41cac9cbac21628d876e409aa05570ba
HumanEval/45,humaneval_plus,0,True,True,True,stop,stop,60,60,1.733768809145621,1.733768809145621,results/mtp5/primary/repeat-0/HumanEval_45.json,results/dflash15/primary/repeat-0/HumanEval_45.json,3e1d38e9faa106a2aa2e8895e3c213f0a7f7f3729f8aa168d668b9e7239c6b1f,f51be56a737b94b567c2792f13016f72e39a704c5c801db8fcd64b5f6c3f769b
HumanEval/46,humaneval_plus,0,True,True,True,stop,stop,372,372,1.9547236427882166,1.9547236427882164,results/mtp5/primary/repeat-0/HumanEval_46.json,results/dflash15/primary/repeat-0/HumanEval_46.json,611ff6652c36f122f3538f6ecd3f4dd4f916ae5127b262c6cdf5762da41ef55f,fac5be45e7f74f5bfb5764326b6ef38a4d1fdabe47a1c30ae9c425d67580d198
HumanEval/47,humaneval_plus,0,True,True,True,stop,stop,169,169,1.9369026659506587,1.9369026659506587,results/mtp5/primary/repeat-0/HumanEval_47.json,results/dflash15/primary/repeat-0/HumanEval_47.json,883c71503fd2b4766824743525a72c89878be02102e08d355c5513cb230f8ed4,ac7d88bfc8a8e741ea8c1d0da6a360d18e7245dd25e7c3b92829a9d70de210af
HumanEval/48,humaneval_plus,0,True,True,True,stop,stop,87,87,1.8881706011876396,1.8881706011876396,results/mtp5/primary/repeat-0/HumanEval_48.json,results/dflash15/primary/repeat-0/HumanEval_48.json,b0d2bbaee15d26af0fb81466736f31c7ca5623b17cacd6d5a4292e51658de635,7d37f7df7f786af179b60275b3b525a4f44fb9ba60069dad6b1c0b5b27109fd1
HumanEval/49,humaneval_plus,0,True,True,True,stop,stop,134,134,2.0612889503902503,2.06128895039025,results/mtp5/primary/repeat-0/HumanEval_49.json,results/dflash15/primary/repeat-0/HumanEval_49.json,e3df3dc155daf0eb437e6b5227c9203e4ca35e89cf3b5167db24b7dd9670602f,6687a360c36bf50b741f1dce1b13a69f263729fa5bf0702892cb4d8348f0a469
HumanEval/50,humaneval_plus,0,True,True,True,stop,stop,133,133,1.962487757507847,1.962487757507847,results/mtp5/primary/repeat-0/HumanEval_50.json,results/dflash15/primary/repeat-0/HumanEval_50.json,6e4cdb03e77f869853a20838f1e25fc1c4ae857c17aaed345c37128894d417e0,93543c97ebb8c69e4763aae9634651a354cb773001e6371ca780173974ac2908
HumanEval/51,humaneval_plus,0,True,True,True,stop,stop,166,166,2.1866521469543225,2.1866521469543225,results/mtp5/primary/repeat-0/HumanEval_51.json,results/dflash15/primary/repeat-0/HumanEval_51.json,8b0e3205e7f15487f56b88f090cc60ee978d535b4c6ea762cb3fe4806942c085,ab6643585082c1e11675a5b3eb394c6706aa351de847f14035635ec877a465e1
HumanEval/52,humaneval_plus,0,True,True,True,stop,stop,100,100,1.8910329342651155,1.8910329342651153,results/mtp5/primary/repeat-0/HumanEval_52.json,results/dflash15/primary/repeat-0/HumanEval_52.json,7baeed243ef60ea233b0ccd5494e8c499e2b1bfecd4881192984deff84a293ea,9ae0e7b0ab9f220ba2f784712d65f7c039d3e857df8c6fd98bc4ce2b1db5643c
HumanEval/53,humaneval_plus,0,True,True,True,stop,stop,63,63,1.8346226437148458,1.8346226437148458,results/mtp5/primary/repeat-0/HumanEval_53.json,results/dflash15/primary/repeat-0/HumanEval_53.json,1008024d55d691421b140d16a98f0ba870e50a9f4956e54cd25c54b6214597f1,8915b72a77f1ebbbc48def97428f277bd98ec94ba485e37923b0a3b4316fc717
HumanEval/54,humaneval_plus,0,True,True,True,stop,stop,161,161,2.1069255620633074,2.106925562063308,results/mtp5/primary/repeat-0/HumanEval_54.json,results/dflash15/primary/repeat-0/HumanEval_54.json,393f1c8a2ee7d5e9955a8652d0b123b8c8edba1f8c7e0be48b6912d884ed3608,ab9ecd188f3122e4e695342a5cdfc6ab3889acd711d85215f72ea246ba9c5476
HumanEval/55,humaneval_plus,0,False,False,True,stop,stop,143,143,1.6983065783956832,1.6983065783956832,results/mtp5/primary/repeat-0/HumanEval_55.json,results/dflash15/primary/repeat-0/HumanEval_55.json,937f910fdf485a9249b6a42bdf17544e8f4fb27af79c4facd11637dd2c5a8892,0bd43ccc741824de80dee392534cee824038b547a3ef9b4a5834c51d495c74f8
HumanEval/56,humaneval_plus,0,True,True,True,stop,stop,157,157,1.9838172028414196,1.9838172028414196,results/mtp5/primary/repeat-0/HumanEval_56.json,results/dflash15/primary/repeat-0/HumanEval_56.json,420fc7fd1f1535236dc9d3804ca3fcf527d10ff88821bf1c5d92422c1c04089a,9e503ab5a15624d3cb198ab585726d5f4cc1eab27d9d66348678d8b4fa833506
HumanEval/57,humaneval_plus,0,True,True,True,stop,stop,192,192,1.9039268155980307,1.9039268155980305,results/mtp5/primary/repeat-0/HumanEval_57.json,results/dflash15/primary/repeat-0/HumanEval_57.json,7c98fd6de53c7391a8c5e28bff83bb82f514be0012f55fadf4c623a6b7be0c55,39fe973be46c7c577ec46ec87b6355d2680aa5c7785ef1bd5b4dd9b144838eb4
HumanEval/58,humaneval_plus,0,True,True,True,stop,stop,165,165,2.0466132186022166,2.0466132186022166,results/mtp5/primary/repeat-0/HumanEval_58.json,results/dflash15/primary/repeat-0/HumanEval_58.json,9421875c3b125a5337958e518d9d25aed7110dacc141938813883e839a4100a7,77dfce08ca45d8705f8f891779bf04717dac238708d257c2f7a44d4018965e90
HumanEval/59,humaneval_plus,0,True,True,True,stop,stop,204,204,1.7547823616918903,1.7547823616918905,results/mtp5/primary/repeat-0/HumanEval_59.json,results/dflash15/primary/repeat-0/HumanEval_59.json,bc20ff1bce787a38d582d113d435004f175a7a46283fef270ec894edfed72675,6b0256aef2d68e2ca0e709aacdb75c7eb66279afec0aa73d69fc5eb3da417307
HumanEval/60,humaneval_plus,0,True,True,True,stop,stop,125,125,2.0566072655814795,2.0566072655814795,results/mtp5/primary/repeat-0/HumanEval_60.json,results/dflash15/primary/repeat-0/HumanEval_60.json,8d1cd831500393947b327ab745720662aee59ec1c92b67ed8e2fa7ed14c2bc23,d87f0d5416a29193a1b9b3ae4005a955de965ec4c2f53d22f1d1d33564e56fee
HumanEval/61,humaneval_plus,0,True,True,True,stop,stop,156,156,1.9232175186290648,1.9232175186290648,results/mtp5/primary/repeat-0/HumanEval_61.json,results/dflash15/primary/repeat-0/HumanEval_61.json,8c9b3da0209cb0831726c655c09df53cd979fe0ac58ec64719132428469723a7,5b51a83a2f5cd12365b3bac74dd39cd8efc946ed1b2946b9679f08ffe2ff038f
HumanEval/62,humaneval_plus,0,True,True,True,stop,stop,162,162,2.0561937993656785,2.0561937993656785,results/mtp5/primary/repeat-0/HumanEval_62.json,results/dflash15/primary/repeat-0/HumanEval_62.json,d5e0b8ab97b84aa8941f918a035778fb4eb51ce239c02d9bf8e84786aa408d76,cd53c0e82378f025fcabfddc865b2d1a335216a43ac139603fdaa7e1fd951895
HumanEval/63,humaneval_plus,0,True,True,True,stop,stop,281,281,2.065354374550002,2.0653543745500023,results/mtp5/primary/repeat-0/HumanEval_63.json,results/dflash15/primary/repeat-0/HumanEval_63.json,52ea9a6607b7a7555ca3561687b20163c728960f7ee844f3462d0fce1ec7d3b5,0028d841f72b4400d644c7aaf78ce18dc7c52915e7d7200cdc33f477c32b2857
HumanEval/64,humaneval_plus,0,True,True,True,stop,stop,226,226,1.688726875080689,1.6887268750806887,results/mtp5/primary/repeat-0/HumanEval_64.json,results/dflash15/primary/repeat-0/HumanEval_64.json,dcca56fbbddb78a508d4d81caf79e0f8d781331cfabde0c8d81ad36c391f893f,9ca40cb34dfb7636db1e7d22144d08617f3a29d355a03656112fa5a2330712f3
HumanEval/65,humaneval_plus,0,True,True,True,stop,stop,250,250,1.3245292318850452,1.3245292318850452,results/mtp5/primary/repeat-0/HumanEval_65.json,results/dflash15/primary/repeat-0/HumanEval_65.json,3b0a64a77d7a84d8e4d63857892047dad35e7770492efeef833f69eb7c341717,da40ac4bfe53917cc755eda603d8f651b43fd0519df5a91afcd17838a1dc31b8
HumanEval/66,humaneval_plus,0,True,True,True,stop,stop,140,140,1.8533737230361795,1.8533737230361798,results/mtp5/primary/repeat-0/HumanEval_66.json,results/dflash15/primary/repeat-0/HumanEval_66.json,b44bbe65abfaf1ab395dd090fac640454398d5063686ca36be3594c353317d98,1f79e3a008d8ca4152716e05801c80ee401558a4bd52ac34ee6fbc2928077f81
HumanEval/67,humaneval_plus,0,True,True,False,stop,stop,324,315,1.615326159825868,1.570455988719594,results/mtp5/primary/repeat-0/HumanEval_67.json,results/dflash15/primary/repeat-0/HumanEval_67.json,6e324d2f5b63cc3e611a0b7f66b888f36c0ba78312cff2131865f390f5619ae4,2ba9d4092e73e1225edd657c6ecd29e0d42a83a0cf7d915d3927eaceaf9c67fb
HumanEval/68,humaneval_plus,0,True,True,True,stop,stop,429,429,2.176144527955328,2.176144527955328,results/mtp5/primary/repeat-0/HumanEval_68.json,results/dflash15/primary/repeat-0/HumanEval_68.json,659824e110a8d996ea844aaad6fb557b3dcaf2dcb8dafec9f9b9c3a1da3ab7a4,4c1db4b5611a3384fd526c676599beaf665c780aff3c947c3b0f3227e7a14188
HumanEval/69,humaneval_plus,0,True,True,True,stop,stop,228,228,2.0788074772062948,2.0788074772062948,results/mtp5/primary/repeat-0/HumanEval_69.json,results/dflash15/primary/repeat-0/HumanEval_69.json,10dec9e0636006405c51b2a13e1badd94be22fe1e9e71eefc2fc8a69b2659f73,04a041c09f15c6c6b39716f44210f23fe4eb0a35bb2ad9729f2c9d1566a862b3
HumanEval/70,humaneval_plus,0,True,True,True,stop,stop,237,237,2.074722081687372,2.074722081687372,results/mtp5/primary/repeat-0/HumanEval_70.json,results/dflash15/primary/repeat-0/HumanEval_70.json,9e86d78e13c0af809f5aeaf67bf493a88d2c273cacb703722839a627fe5039cc,3fbd21457b2b2cd7e0612b1edab70d21b0b73b5e001b4a2287689327268fb7e2
HumanEval/71,humaneval_plus,0,True,True,True,stop,stop,233,233,1.7591340824342299,1.7591340824342296,results/mtp5/primary/repeat-0/HumanEval_71.json,results/dflash15/primary/repeat-0/HumanEval_71.json,5c27ad1a2bd9e5bc1900cdbc9ffc314c3286d75d1bc53e8c8fa05c50340316a2,d5d093ff1cd5c885280f18ced845c658a2ed8c36887ae79b2273b7e593f5c1b1
HumanEval/72,humaneval_plus,0,True,True,True,stop,stop,304,304,1.7836996010569615,1.7836996010569615,results/mtp5/primary/repeat-0/HumanEval_72.json,results/dflash15/primary/repeat-0/HumanEval_72.json,12f60d93872089eab0a4e4e0f0ca42fa8c0709645a1cd9e743e93a26246b4014,d5d88a77085319a1aa4c577dce147a805618db2ebfc64b62b6c4bafd39582e0f
HumanEval/73,humaneval_plus,0,True,True,True,stop,stop,210,210,2.1372625855418144,2.137262585541814,results/mtp5/primary/repeat-0/HumanEval_73.json,results/dflash15/primary/repeat-0/HumanEval_73.json,c8693c5b474f7a3f5aa2efebff77df173bd7567c352273989ff937181f1fc9bd,335676c1bed7a986f1fee3cb5604be05be02f84500df16548098bea3861d039c
HumanEval/74,humaneval_plus,0,True,True,True,stop,stop,266,266,2.2408342569064112,2.2408342569064112,results/mtp5/primary/repeat-0/HumanEval_74.json,results/dflash15/primary/repeat-0/HumanEval_74.json,b5cd1031d93cdcf1561a6c2ec4083955015affd309b47dd42dc926f846e4b31a,93c0eb60d3642d5e739f2beb7dbcb1140456e045f9cc6275cb29f1f32c289f49
HumanEval/75,humaneval_plus,0,True,True,False,stop,stop,295,283,1.9953674669625305,1.914199976781004,results/mtp5/primary/repeat-0/HumanEval_75.json,results/dflash15/primary/repeat-0/HumanEval_75.json,fe2b902991f640a322f7ee8cde5c787aac6e541424a720d169c3043b61eb877d,d5899c9d5d3d6ecb16f2a6c3b6afba48db464c2535d3953cbbc7e1cd93dbc363
HumanEval/76,humaneval_plus,0,False,False,False,stop,stop,689,668,1.2350324024492108,1.197389905422457,results/mtp5/primary/repeat-0/HumanEval_76.json,results/dflash15/primary/repeat-0/HumanEval_76.json,d7673bd809d9947c7d77f38dcba68033a4b96a1c1a25304f23f4146fd9c4d0c5,d1b94598f8a40dbd3b422689f975abeb56ea9a9ebb30fe8526fcf3176079728f
HumanEval/77,humaneval_plus,0,True,True,True,stop,stop,248,248,1.531196741874703,1.5311967418747028,results/mtp5/primary/repeat-0/HumanEval_77.json,results/dflash15/primary/repeat-0/HumanEval_77.json,e4a16a129bdaa036ece53073e1b218bf976649d13b94afab56741a756a5076b5,5b13a68889d610253a443ef42955c52679b9d4495735e71d3feea6a836946dae
HumanEval/78,humaneval_plus,0,True,True,True,stop,stop,383,383,1.9621308372431714,1.9621308372431714,results/mtp5/primary/repeat-0/HumanEval_78.json,results/dflash15/primary/repeat-0/HumanEval_78.json,f9840b322328d7d66ca671e5b24acd76bbc605617770e4239fff45e7c8f74ec3,2dd6101f175fbd98f8b60115ddc9b009efef243d8963648f04b89c8a9a74d869
HumanEval/79,humaneval_plus,0,True,True,True,stop,stop,209,209,1.7694083992756806,1.7694083992756806,results/mtp5/primary/repeat-0/HumanEval_79.json,results/dflash15/primary/repeat-0/HumanEval_79.json,0551d67a469cb2a7351b7b957605ad49d4bcd5d2c1c05f53f4b68ff837f26f91,1ce95e81f4d8ebf192b5b2fc784a15a48c456d0a720b7b75efe8630417a51fa8
HumanEval/80,humaneval_plus,0,True,True,True,stop,stop,194,194,2.0422649048613133,2.0422649048613137,results/mtp5/primary/repeat-0/HumanEval_80.json,results/dflash15/primary/repeat-0/HumanEval_80.json,ce30ee2769f5a1c4fcf673e6a2dd6ba1dc6f27e41cb742a5a6b3f43b16f13d13,5688a1478911b3db0df30471f18fc312187e5fb9648be1678f4a1dbd27132cf2
HumanEval/81,humaneval_plus,0,True,True,True,stop,stop,524,524,2.0257056008566825,2.0257056008566825,results/mtp5/primary/repeat-0/HumanEval_81.json,results/dflash15/primary/repeat-0/HumanEval_81.json,a1d96b140feaeab294086076371aba72bde4fc645e95eadf05d8a1cd931f1b74,592438a7764e44ed383fa1904647d3e6fa3614031ba5c3049f9f8384267508ec
HumanEval/82,humaneval_plus,0,True,True,False,stop,stop,159,170,1.8289900519174909,1.955523954880336,results/mtp5/primary/repeat-0/HumanEval_82.json,results/dflash15/primary/repeat-0/HumanEval_82.json,032c34dcc16e3a7f5489b6866975f542928ec659329795d7748a5574c5290df7,a1d13070472587f8cd25ad72466a4121d66c23a9b586eb7f79775b289d4be84f
HumanEval/83,humaneval_plus,0,True,True,False,stop,stop,419,387,1.5821594321619465,1.4613262535720126,results/mtp5/primary/repeat-0/HumanEval_83.json,results/dflash15/primary/repeat-0/HumanEval_83.json,6f2d704c4b8cab54037a21cdb2a5742d9d4caefeb9686898d34a5579cb52d7c4,a2796a650303e3bd582f39668b6a0084cd643035ca9fb4b2a266305149f7a859
HumanEval/84,humaneval_plus,0,True,True,True,stop,stop,224,224,1.8465035510829957,1.846503551082996,results/mtp5/primary/repeat-0/HumanEval_84.json,results/dflash15/primary/repeat-0/HumanEval_84.json,92bdf70e9b98a2d2e3f1c6c79bfe922307a0bc853b864c4ccaa247cc4785c567,575f8eeb627d4ba7cc4df9ec16cfd5652b8b01ea3834b16144e1bfad064863b2
HumanEval/85,humaneval_plus,0,True,True,True,stop,stop,102,102,2.0078556726723797,2.00785567267238,results/mtp5/primary/repeat-0/HumanEval_85.json,results/dflash15/primary/repeat-0/HumanEval_85.json,3a816d851c0bcf7c6c2b352e3f8492f7c5ff32829ddafa2121cdc8378b264a27,96f13818a58f38e46492042ea85fbd6d6f371d879c293e2bff4273cf20a83949
HumanEval/86,humaneval_plus,0,True,True,True,stop,stop,429,429,1.3569680938241229,1.3569680938241229,results/mtp5/primary/repeat-0/HumanEval_86.json,results/dflash15/primary/repeat-0/HumanEval_86.json,6d8216b834587cf39ee855590947c1582a272db77bf79a2619c7759119b19ba7,0d27a51cc67bdf884a21a33fbe587647e40f3006018b4d0a2d3cad193b003e9b
HumanEval/87,humaneval_plus,0,True,True,True,stop,stop,367,367,1.883940637625741,1.883940637625741,results/mtp5/primary/repeat-0/HumanEval_87.json,results/dflash15/primary/repeat-0/HumanEval_87.json,2aa7b9766f6fd75d3ff945e03957b5570a7b75dfce2f30056bd2a17c23981d34,3f8ff5074601a6ac68e416c5a8504339540420afbc8cdaa66858cc42035fa136
HumanEval/88,humaneval_plus,0,True,True,True,stop,stop,339,339,1.8056750489038773,1.805675048903877,results/mtp5/primary/repeat-0/HumanEval_88.json,results/dflash15/primary/repeat-0/HumanEval_88.json,dbca1859ee690cdd0127050d5e4b3171a62d0512541fd8da694729c71739451f,41f7af35db9abed7fe4950d093b05d0018c508a27ba404bc9997423fd89101bc
HumanEval/89,humaneval_plus,0,True,True,True,stop,stop,289,289,1.6006525883062648,1.6006525883062648,results/mtp5/primary/repeat-0/HumanEval_89.json,results/dflash15/primary/repeat-0/HumanEval_89.json,919950c9514d3d7f366a3a0d947fecad75859b764abcc5b1433017edc8b35502,47ce6be9e132460b6161df045026a2a16baebd6f75a4fc49b7fd3c3b57f73eda
HumanEval/90,humaneval_plus,0,True,True,True,stop,stop,178,178,1.8279855935103333,1.827985593510333,results/mtp5/primary/repeat-0/HumanEval_90.json,results/dflash15/primary/repeat-0/HumanEval_90.json,e108c229eed303c4abc59906f34d203ca45843a3435794a1afcf943074bd0a01,9147884d96198708c6474ab1d65c53b4c1911ed8e438ac7dcaf393bb1c477d33
HumanEval/91,humaneval_plus,0,False,False,True,stop,stop,333,333,1.3837270788418379,1.3837270788418379,results/mtp5/primary/repeat-0/HumanEval_91.json,results/dflash15/primary/repeat-0/HumanEval_91.json,ae1873bd07323a700af2e3eae6ffe8f75ae48f454fec7c43f54f677d815a3eb6,80412c6e4713846a7b6c3f04cf6d84c3826cd527697e4691b5e2385ba2877832
HumanEval/92,humaneval_plus,0,True,True,True,stop,stop,338,338,1.3966405374553408,1.3966405374553406,results/mtp5/primary/repeat-0/HumanEval_92.json,results/dflash15/primary/repeat-0/HumanEval_92.json,d3191fa01eb392164ff143217447ffdec8da886f4d3735bc83ac85fd0010bef1,ea34fbe8c36dded040f642111e15ae8adcd77d5e5107bf325e739a0e6164e90b
HumanEval/93,humaneval_plus,0,True,True,False,stop,stop,359,385,1.4058719447365353,1.5076899685893208,results/mtp5/primary/repeat-0/HumanEval_93.json,results/dflash15/primary/repeat-0/HumanEval_93.json,f7ee7a700ef2dd4dde393962f61917e770c47ac0da49e02025ba279265f599fd,471a346d759c80be7c532d1237133b4fa1572b7f7a6dabb030ac60f0e7c428b4
HumanEval/94,humaneval_plus,0,True,True,True,stop,stop,484,484,1.7761031837931636,1.7761031837931638,results/mtp5/primary/repeat-0/HumanEval_94.json,results/dflash15/primary/repeat-0/HumanEval_94.json,abef75f9ea667de7c7702f28b578bd534f5d5b1a5f5766e5b8cfb873dbff4b97,86a4ceac8f97b71cdb719f26ed2414cec5db7c567d6f9e2eeb1592b69f2d3b32
HumanEval/95,humaneval_plus,0,True,True,False,stop,stop,288,284,2.0979553122566026,2.068817044030817,results/mtp5/primary/repeat-0/HumanEval_95.json,results/dflash15/primary/repeat-0/HumanEval_95.json,0d823977711046a1fbde37ce91f03e3025357680b2d4f6e8884399b39f6701c2,707d55598a148b108d0024952e5a174ffa6d729394d448a76363e4e27667e510
HumanEval/96,humaneval_plus,0,True,True,True,stop,stop,298,298,2.1407043937235697,2.1407043937235692,results/mtp5/primary/repeat-0/HumanEval_96.json,results/dflash15/primary/repeat-0/HumanEval_96.json,dc90cd8ce992020f843ecb43ac35d6ecdb77118ebe4c0a04b695c8f375890dab,5c209f4f619d0969bf6014abfab848d5fe8c940a40ed6d5e2f4bcab94d9bad07
HumanEval/97,humaneval_plus,0,True,True,True,stop,stop,153,153,1.9165433503480704,1.9165433503480704,results/mtp5/primary/repeat-0/HumanEval_97.json,results/dflash15/primary/repeat-0/HumanEval_97.json,c63cabc75f3f0f0c1cd2d6f93690fb3ddb29c4aaf62fd0a76957028852abf61e,ed5ffa2f705d702a74b34f70603266924b4f29227f9922450f031fac55859603
HumanEval/98,humaneval_plus,0,True,True,True,stop,stop,132,132,1.990082922542172,1.990082922542172,results/mtp5/primary/repeat-0/HumanEval_98.json,results/dflash15/primary/repeat-0/HumanEval_98.json,010aaa6ba165100dc15cad4abd050c79176d14dab59fd8d49708aff257c59061,7c1b5d9c1a64075df6812dde67f4c4420571fe17d4db12e9629dc25360c6c941
HumanEval/99,humaneval_plus,0,True,True,True,stop,stop,248,248,1.6935779007130876,1.6935779007130876,results/mtp5/primary/repeat-0/HumanEval_99.json,results/dflash15/primary/repeat-0/HumanEval_99.json,a3fb2cb01678fd831dba104da2bc162139df0bb89c1ae0bc19e60c4fb084173d,f58c545251f61adcdf5237aa340a27db2e9b67c66c584c4393dd95ad36e25999
HumanEval/100,humaneval_plus,0,True,True,True,stop,stop,236,236,1.874105242728669,1.8741052427286693,results/mtp5/primary/repeat-0/HumanEval_100.json,results/dflash15/primary/repeat-0/HumanEval_100.json,e0e7d1283ac125211b0db242bb20938402a54bbcf65934685e3aeac05fd79c29,00860958091b39884720e64eb89c5928af49a63e9ac57ac5018b7b8c971eaf61
HumanEval/101,humaneval_plus,0,True,True,True,stop,stop,183,183,1.7607334626462448,1.7607334626462448,results/mtp5/primary/repeat-0/HumanEval_101.json,results/dflash15/primary/repeat-0/HumanEval_101.json,e2c2b3c080edff448531f479901a6e1447ddb606d317c877f7091457ec1e87b0,1fc0afe9570746c76b22bbbc64a073f6894da4088872611635c1f7ba0022c62c
HumanEval/102,humaneval_plus,0,True,True,True,stop,stop,167,167,1.830776722831654,1.8307767228316543,results/mtp5/primary/repeat-0/HumanEval_102.json,results/dflash15/primary/repeat-0/HumanEval_102.json,241f164a2a2c93ed646dfae674519f82df84942012191fbf9af08180124584cd,aa8d3b641a07716ffc98cffc14609e4706fe3c7dd32d6d1fe532e06b024d0502
HumanEval/103,humaneval_plus,0,True,True,True,stop,stop,270,270,1.6921130752216875,1.6921130752216873,results/mtp5/primary/repeat-0/HumanEval_103.json,results/dflash15/primary/repeat-0/HumanEval_103.json,ad8b2554b18519d5ee2bde4c7c9c37241e1b8a036b6bdcb8a05375b070e3fa0b,64f869c946ffc6c8a37b31335692e8f07d82cceac150d7dbfc1e28889f892c27
HumanEval/104,humaneval_plus,0,True,True,False,stop,stop,199,196,1.7278058901638842,1.701758565186539,results/mtp5/primary/repeat-0/HumanEval_104.json,results/dflash15/primary/repeat-0/HumanEval_104.json,333704288059d92600029b56a2d7a0e7423ae30ddf67b1ba9aa46c601a814970,9243cc26ce811136085cbd6d928fd5853109d245c3247d79dd54cf8feec64dab
HumanEval/105,humaneval_plus,0,True,True,True,stop,stop,474,474,2.047223798797722,2.047223798797722,results/mtp5/primary/repeat-0/HumanEval_105.json,results/dflash15/primary/repeat-0/HumanEval_105.json,7d6eedc6d33b8173074bfaeddc506781fbe6d8d38be7f6beac456b1e8e0b07ad,dda10e41384362390359e090206e2ce7c13aa7e127cd4c5494a8c692f5262b45
HumanEval/106,humaneval_plus,0,True,True,True,stop,stop,241,241,1.9070267361601847,1.9070267361601847,results/mtp5/primary/repeat-0/HumanEval_106.json,results/dflash15/primary/repeat-0/HumanEval_106.json,810ba6c63b21dc18fc4ff2eac73483d21e2fe8fcd843d021da521456044c2922,2f0a2c940288771d38dfd01ced494073376fbed8d72cdb15df04372427cd7db1
HumanEval/107,humaneval_plus,0,True,True,True,stop,stop,327,327,2.1520396881505577,2.1520396881505577,results/mtp5/primary/repeat-0/HumanEval_107.json,results/dflash15/primary/repeat-0/HumanEval_107.json,760a8b60604ec9a511d3f5e34e5640dde224bfd914fc578876042875b99a1a44,170d73c06483277ccbbba83a77d7fad65975da30ec271d6d9a7e32f7f89bb249
HumanEval/108,humaneval_plus,0,True,True,True,stop,stop,306,306,1.4550708789248037,1.4550708789248037,results/mtp5/primary/repeat-0/HumanEval_108.json,results/dflash15/primary/repeat-0/HumanEval_108.json,ae6e52b4c7392fffec5c80c5d1e8cf5dd3b281e6782be643a29f1e9d513ae76c,cdde8aa41d57d4ef0248be8478f145a9a5100eb3e9b3cdc43635a6658f146f8d
HumanEval/109,humaneval_plus,0,True,True,False,stop,stop,443,443,1.5153170055987064,1.5153170055987062,results/mtp5/primary/repeat-0/HumanEval_109.json,results/dflash15/primary/repeat-0/HumanEval_109.json,04c572b769f9ac915087d0e6476c1221b272aa1af3f1d2ef439f16e4a98ff2b1,e138c96717c0390aad79577175344a6182c6acddf7687d00c2f5e6545b880b3c
HumanEval/110,humaneval_plus,0,True,True,True,stop,stop,352,352,1.8539128722943854,1.8539128722943852,results/mtp5/primary/repeat-0/HumanEval_110.json,results/dflash15/primary/repeat-0/HumanEval_110.json,fc3c4a728ab4691af5d638bd0f984ef8ff90f38098efa53b93a38d9bf18e97f9,644f323ba63a7d8254191493eec11e3376a605c25e385e3055e900f3d5fff4a1
HumanEval/111,humaneval_plus,0,True,True,False,stop,stop,287,288,1.7701814103822675,1.7763492898609512,results/mtp5/primary/repeat-0/HumanEval_111.json,results/dflash15/primary/repeat-0/HumanEval_111.json,54ed51bd077529f280f068fe25d084ca7575dffabbd99dbeab0fd7e600fbc093,7c57f8a662988b064d41c297007628910d4e22ebead7832065d56be530bd7d5d
HumanEval/112,humaneval_plus,0,True,True,True,stop,stop,258,258,1.6458737761508222,1.645873776150822,results/mtp5/primary/repeat-0/HumanEval_112.json,results/dflash15/primary/repeat-0/HumanEval_112.json,74b4261736e970cfbc2e325d4a0421c6a06d66334cd89b3c167c90815f3be218,18bef22c0f56575931f958de6ea313047950faf408f6102278e6b3d101228bc1
HumanEval/113,humaneval_plus,0,True,True,False,stop,stop,714,511,2.310051570166556,1.6532722021780253,results/mtp5/primary/repeat-0/HumanEval_113.json,results/dflash15/primary/repeat-0/HumanEval_113.json,fd4cee2d95f5cc977408edb22f8cb35dee4da9bd89bf426f5a5a03f04630f0ef,62dcbab71079f7c7d2ec57988d10b946f814a4f8bd5891995684f9077e49e0b3
HumanEval/114,humaneval_plus,0,True,True,False,stop,stop,207,214,1.385153553418826,1.4319944948387864,results/mtp5/primary/repeat-0/HumanEval_114.json,results/dflash15/primary/repeat-0/HumanEval_114.json,7db72721b5234f7eaef409c3f80ef199e8935a0e8a6d7907cd79bf17052f0a1e,4f4671bd29e3cacb2911682ae7c418a810d7624d319876becb6b8d72be2f2ab0
HumanEval/115,humaneval_plus,0,True,True,True,stop,stop,413,413,1.987191336239636,1.9871913362396363,results/mtp5/primary/repeat-0/HumanEval_115.json,results/dflash15/primary/repeat-0/HumanEval_115.json,2b15e0b05a92f8e6ae5384ca458abbb67ee6e0b42ae729b2d1f6a3e13d57f777,4bf0e9b07b00ef6a26dfa2f70b85acf2208eca83483e0be830dab031ba034696
HumanEval/116,humaneval_plus,0,True,False,False,stop,stop,1510,973,1.9159209700988757,1.2345636449709974,results/mtp5/primary/repeat-0/HumanEval_116.json,results/dflash15/primary/repeat-0/HumanEval_116.json,75c7525382ff9c3333fb0987e6c03d56950515548fc57f53c6b03938da8d486d,4518f83c42ee42e9c01f6fd4c92da07e42c1c53f600d49f6261c1ab6cda226c8
HumanEval/117,humaneval_plus,0,True,True,True,stop,stop,302,302,2.01574315190793,2.01574315190793,results/mtp5/primary/repeat-0/HumanEval_117.json,results/dflash15/primary/repeat-0/HumanEval_117.json,f28088512aabfce93673189c503a761c2ec08fcea436f29baddefac2210e8b48,464728a78e708c4e67c647d90e6dac40207a70880b1368c92ca445d93021d934
HumanEval/118,humaneval_plus,0,True,True,True,stop,stop,425,425,1.4047382950853382,1.4047382950853384,results/mtp5/primary/repeat-0/HumanEval_118.json,results/dflash15/primary/repeat-0/HumanEval_118.json,74b91900d057b4fad583bdecc288597cb9ffdf635aae9d53b2b1a2ef0a17d828,d230b588bdd5570f53de0590d85f86d9a857e208156e6acf50d36bae540a4910
HumanEval/119,humaneval_plus,0,True,True,True,stop,stop,317,317,1.6968859717928746,1.6968859717928748,results/mtp5/primary/repeat-0/HumanEval_119.json,results/dflash15/primary/repeat-0/HumanEval_119.json,1abbca04ab0091cca7adeccc1eb6ada120e0c999d03afb4db1faf3f5aec79718,70c053245f2f0f66f20e3c3eb8a0b82a7a42b32bcda16c570e3152fe2971d553
HumanEval/120,humaneval_plus,0,True,True,True,stop,stop,300,300,2.0804060862062195,2.0804060862062195,results/mtp5/primary/repeat-0/HumanEval_120.json,results/dflash15/primary/repeat-0/HumanEval_120.json,136dfc07953266482fb307699f3f7793cae3d0122cf6e947b493e6e580d62876,78f720eeff0bd65919246e47300668b26ab344898b47f51501160798da5b2ba9
HumanEval/121,humaneval_plus,0,True,True,True,stop,stop,150,150,1.8434992672003985,1.8434992672003983,results/mtp5/primary/repeat-0/HumanEval_121.json,results/dflash15/primary/repeat-0/HumanEval_121.json,f40842a73727af8b771476c817e52bb0db3d76bbcb2e3dac5abf1a6cae8f4344,ad2c6239abe37b3f73be8485cb6fbe1d4e753d8a0dae875d69245a2dc1fd4970
HumanEval/122,humaneval_plus,0,True,True,True,stop,stop,268,268,1.487219916383552,1.487219916383552,results/mtp5/primary/repeat-0/HumanEval_122.json,results/dflash15/primary/repeat-0/HumanEval_122.json,009862f851f57ce7561f642014d1042b7f930eaac77c12241233d2b399416a55,f59ae9c0446be79de46adce4dcb34fe756c9f7b6c131a5d4f418a23d60cb4a7c
HumanEval/123,humaneval_plus,0,True,True,True,stop,stop,329,329,1.936181591627567,1.936181591627567,results/mtp5/primary/repeat-0/HumanEval_123.json,results/dflash15/primary/repeat-0/HumanEval_123.json,4056fe366d20383d43809fe4094f68a8898d571f4e03823339b4e232c5fd06b4,22ad69534c62e6d101bc72de330282302adea46a4ceba98ffe9947f69540b310
HumanEval/124,humaneval_plus,0,True,True,True,stop,stop,760,760,1.899447473325484,1.8994474733254842,results/mtp5/primary/repeat-0/HumanEval_124.json,results/dflash15/primary/repeat-0/HumanEval_124.json,8b4149207269d96e2ad070de413f4ac8b417b0ad6239a7fea47d9d4c53606020,12c2e261e0938bd5787ec3d8975368d957cd3bb35d501745ce587f78655993c8
HumanEval/125,humaneval_plus,0,True,True,False,stop,stop,326,324,1.4613823101063417,1.4524167744615177,results/mtp5/primary/repeat-0/HumanEval_125.json,results/dflash15/primary/repeat-0/HumanEval_125.json,1608148cfece02eaa7a3d4e05a0c5074e0038f935dc679d8e24e3c28c5229cb7,44df57f7cb9bf26796407f5b6e42d5057003e0777672a80820d9a5756aa5d011
HumanEval/126,humaneval_plus,0,True,True,False,stop,stop,504,367,2.6805556348741737,1.951912535711948,results/mtp5/primary/repeat-0/HumanEval_126.json,results/dflash15/primary/repeat-0/HumanEval_126.json,386a34563ee4b3558d29eeabf120d371a0c511568eb6a65fe1444ad35a5bda65,550d0333b7dc9b01bf3be4713934936ad8dcd24bbb80fec7ac6ed67b16565256
HumanEval/127,humaneval_plus,0,True,True,True,stop,stop,576,576,1.634884142343853,1.634884142343853,results/mtp5/primary/repeat-0/HumanEval_127.json,results/dflash15/primary/repeat-0/HumanEval_127.json,1f3f1dabdccd29595cc59372865b459e1d704d194f62868f7172bc5ed0e6fff0,77be1698a5aad1df431c6ac33127d1c1420f2a8d44e3ebfb5f2bd6b0a342839a
HumanEval/128,humaneval_plus,0,True,True,True,stop,stop,237,237,1.6491269029608902,1.6491269029608902,results/mtp5/primary/repeat-0/HumanEval_128.json,results/dflash15/primary/repeat-0/HumanEval_128.json,e2437ed06d2887798e9734c3df9a1ba4933ef1733021ba5969cfb36cd42bf234,aecb6d1847a13e558da9c3887a088dae3a32971510d42b7f5b3d6bc8f0bd0411
HumanEval/129,humaneval_plus,0,True,True,False,stop,stop,1251,971,1.7595618947783151,1.3657350917903628,results/mtp5/primary/repeat-0/HumanEval_129.json,results/dflash15/primary/repeat-0/HumanEval_129.json,b8eeb62c044e93adf91b54a7f21f9e70320672d0bf319a4694e216106f5e08ac,7129bc1958929df6bbc1d2fbade06f50754263639968b72ef99de2ef99a30a1c
HumanEval/130,humaneval_plus,0,True,True,False,stop,stop,1270,1581,0.9141570072818083,1.1380175027657786,results/mtp5/primary/repeat-0/HumanEval_130.json,results/dflash15/primary/repeat-0/HumanEval_130.json,f39850adf8771e55c98244422608bc78c403b63cf9d545957b5ffd6aebd56507,d8f3319fd5778ea851d6aae6c01262c0357506b89d4955b2477b4e0c5b0c1137
HumanEval/131,humaneval_plus,0,True,True,True,stop,stop,146,146,1.985812126734989,1.9858121267349893,results/mtp5/primary/repeat-0/HumanEval_131.json,results/dflash15/primary/repeat-0/HumanEval_131.json,d8b046278350f248232809dd3f3b4681c5af96b0dcadbdf56087cd9fe3d471a1,7d12ed00ce096b09c16c0032eb09828c19c287617e22866ad11d009d35cbd9cb
HumanEval/132,humaneval_plus,0,False,False,False,stop,stop,1613,699,3.1413632570391514,1.3613223289958876,results/mtp5/primary/repeat-0/HumanEval_132.json,results/dflash15/primary/repeat-0/HumanEval_132.json,a762e9d42bc62a7b6973c30ac0f016d3f184b050875fff8990aebabe7822b0ad,bddd1240bca29b867f554c2fc314a774e4f991fca83824767cf7caa008ef8414
HumanEval/133,humaneval_plus,0,True,True,False,stop,stop,204,202,1.9287693753166133,1.9098598716370387,results/mtp5/primary/repeat-0/HumanEval_133.json,results/dflash15/primary/repeat-0/HumanEval_133.json,94451289825ead33b0ceabf278fc4df818482c0bd888f1f41a2bcb863ca6ee67,36c6ff13ff4178624c75db0f013403ef8ebd60bdba396f2e3c4c41bd8f5470fb
HumanEval/134,humaneval_plus,0,True,False,False,stop,stop,1255,367,5.018647617337321,1.4676045223607945,results/mtp5/primary/repeat-0/HumanEval_134.json,results/dflash15/primary/repeat-0/HumanEval_134.json,693ab498a7ca9ea5a9a7c2591e5537b4d77d4d78837cfee259257188baea1686,ad1460201577ecf6cd6c3a658fd9697063efb0fdd9ab3305ab0dbec9915e9679
HumanEval/135,humaneval_plus,0,True,True,True,stop,stop,149,149,1.6492336708829258,1.649233670882926,results/mtp5/primary/repeat-0/HumanEval_135.json,results/dflash15/primary/repeat-0/HumanEval_135.json,1c8f71d0f1ce0a5129ec3c9103a9d0ba4187b9872a327de462180fd304f8ee89,34eaabcbf3ba21c4e891838a27f3dc2a20d36c5ed002112335f147721719cc5d
HumanEval/136,humaneval_plus,0,True,True,True,stop,stop,213,213,2.1482458007635294,2.1482458007635294,results/mtp5/primary/repeat-0/HumanEval_136.json,results/dflash15/primary/repeat-0/HumanEval_136.json,ae686b2a0586d4cb81b6b9de2150803bb9b15f6e69ff3b0b67cfa35061e2c63e,e5edde991827429c86c59b7993e248cef855e9ce83898036bbe3197825afbc90
HumanEval/137,humaneval_plus,0,True,True,False,stop,stop,271,272,1.6120427441376668,1.6179912413485071,results/mtp5/primary/repeat-0/HumanEval_137.json,results/dflash15/primary/repeat-0/HumanEval_137.json,276db3504d92d79014b6534e310707072b4cc8c03f0f1d329ff831475a209888,67200154092a31d349d2c45e92be63850936ffda4b738c0e35104a7e58f0a98a
HumanEval/138,humaneval_plus,0,True,True,True,stop,stop,209,209,1.267231910988846,1.2672319109888461,results/mtp5/primary/repeat-0/HumanEval_138.json,results/dflash15/primary/repeat-0/HumanEval_138.json,441b8e5a0fc06df012f9f7ac8e782b3e63e256a44bb3907ae700a2fd67c12556,be71124c100ba829a06e8a4fc7c83d627cd1f6353f3e423293b2e0f6021cd75f
HumanEval/139,humaneval_plus,0,True,True,True,stop,stop,140,140,1.8383618295399575,1.8383618295399575,results/mtp5/primary/repeat-0/HumanEval_139.json,results/dflash15/primary/repeat-0/HumanEval_139.json,a2a4a75faf246ef6cb3324a96765bd39b4c920692bf6f3f253436e21b037b3ff,14f6f7462c885e170db054970cea4340836741e1d1fca149afa05e31adde27e2
HumanEval/140,humaneval_plus,0,True,True,False,stop,stop,460,373,1.4387191442670877,1.1666135669817908,results/mtp5/primary/repeat-0/HumanEval_140.json,results/dflash15/primary/repeat-0/HumanEval_140.json,04e6a4aae9e6652c624d752be634bd49ca994c68c7143cd78a2d11b6e8c0970b,680705b4ebdf6782d97517ec962481491dca726d847c37f6a837f5f80d0b9ab3
HumanEval/141,humaneval_plus,0,False,False,True,stop,stop,443,443,1.5990418722357105,1.5990418722357103,results/mtp5/primary/repeat-0/HumanEval_141.json,results/dflash15/primary/repeat-0/HumanEval_141.json,32cebddef994e3d5cf0a6e07b3ecb7744ecdf14d841e6dcb534e189266d53090,6f4a3c7f0075c0450e2c15cf9a9f37da08c364d35cead43edf7358342eb14d88
HumanEval/142,humaneval_plus,0,True,True,True,stop,stop,241,241,1.8657751438905315,1.8657751438905315,results/mtp5/primary/repeat-0/HumanEval_142.json,results/dflash15/primary/repeat-0/HumanEval_142.json,e9d8ea99821d0bc8aeab75b5baf610254c815f4369865a5df9128de59b433805,306395e2907d08585482a5dd7dc0c216fcc3ef615b76f1bdb8f04defc6ffd0ff
HumanEval/143,humaneval_plus,0,True,True,True,stop,stop,283,283,2.098944891982466,2.098944891982466,results/mtp5/primary/repeat-0/HumanEval_143.json,results/dflash15/primary/repeat-0/HumanEval_143.json,fa967ed2c83b82a06f6c61b2fc449d14af7e72c75f51b3d74e29978e0ae7bb21,227224159eed5acfbf21c03352ba0e45833701f7be72c8d8c01bb4ca3d2b92cd
HumanEval/144,humaneval_plus,0,True,True,True,stop,stop,285,285,1.5917752982767328,1.5917752982767328,results/mtp5/primary/repeat-0/HumanEval_144.json,results/dflash15/primary/repeat-0/HumanEval_144.json,7c08d2202883c301e6592716b3dcbeabdbe1eee767a38f2c79adb1397d0421a5,9b25545c3e7d1bf49c598485fc40229ec879f1f0bd16221fe482bf99a45abf29
HumanEval/145,humaneval_plus,0,True,True,False,stop,stop,1594,1624,1.3382706413764203,1.3634576672492513,results/mtp5/primary/repeat-0/HumanEval_145.json,results/dflash15/primary/repeat-0/HumanEval_145.json,a036d358cccafd75a58628c093f2a17540dfea27de32b1b121b87fb0bc72d825,4182ffec7fd3e5c08a9c4a225e70e00df25546b6220eb0064be1d5774f466c09
HumanEval/146,humaneval_plus,0,True,True,True,stop,stop,272,272,1.5130417016804645,1.5130417016804643,results/mtp5/primary/repeat-0/HumanEval_146.json,results/dflash15/primary/repeat-0/HumanEval_146.json,213022c84cece9d563c50497acfab4df64b85ffd1389a7534fd9ae78cd8475d7,693a9cb6c4d4f3f9510b5e196998a7c21380dd68eddb95d2e43bd782b408cc2f
HumanEval/147,humaneval_plus,0,True,True,False,stop,stop,744,652,1.7137908511306708,1.5018704770661255,results/mtp5/primary/repeat-0/HumanEval_147.json,results/dflash15/primary/repeat-0/HumanEval_147.json,fba13a706f4c6a4fa26abf9583d569d74c2179ef142e852a543f55f966b77049,e5afb38045463d1502b8a646b7bd0302a6222d194c28d90de33386aa439f0e32
HumanEval/148,humaneval_plus,0,True,True,True,stop,stop,367,367,1.6110488711033226,1.6110488711033226,results/mtp5/primary/repeat-0/HumanEval_148.json,results/dflash15/primary/repeat-0/HumanEval_148.json,bae02c64eea13acb8909692df56ecbfcacb2360ca3652b1e3e6190264657c1a8,52366c106681423fe32121291ac1907ab37894cdc5545eb2df0df28d9ceef90d
HumanEval/149,humaneval_plus,0,True,True,False,stop,stop,266,266,1.9799405139669797,1.9799405139669795,results/mtp5/primary/repeat-0/HumanEval_149.json,results/dflash15/primary/repeat-0/HumanEval_149.json,1c06b21329cc7746be9a1d837dd4a720371c813acfb82ee774255bc1b6afc053,ecd9eddf8923cf20563b31c79445bd0a69bbd6e2d25f1cf3de807b57d54d8fae
HumanEval/150,humaneval_plus,0,True,True,True,stop,stop,199,199,2.0773270635141694,2.0773270635141694,results/mtp5/primary/repeat-0/HumanEval_150.json,results/dflash15/primary/repeat-0/HumanEval_150.json,9fd704ec4b3fa501049ab9398cf47ec6d659fb29bf001fcfb387d3995d4966ab,d9b664660ae2d600c3c6ecfb3c8aee9c2b76f24727e7e44bcdbd2de6d9a0039e
HumanEval/151,humaneval_plus,0,False,False,True,stop,stop,293,293,1.7742438590297716,1.7742438590297716,results/mtp5/primary/repeat-0/HumanEval_151.json,results/dflash15/primary/repeat-0/HumanEval_151.json,b1cf6f6c017a101c2ea3b5f3b2612233c1c4401aa707fc2a63004693a34efaa9,be6570acdc1602a78c193851c7521b179c0aa24fc9b6d0bf51bcc53cc8fbb808
HumanEval/152,humaneval_plus,0,True,True,True,stop,stop,259,259,1.822185776090467,1.822185776090467,results/mtp5/primary/repeat-0/HumanEval_152.json,results/dflash15/primary/repeat-0/HumanEval_152.json,0d4636ef332fb0b194b1a7647cad6dd1f22a2f7ae9cb859480ae07fcad1e51b0,3594a5459cc7d91f29a734dab8cfd01ba4bcc1d547b0b1b98a8a80978a58783e
HumanEval/153,humaneval_plus,0,True,True,True,stop,stop,391,391,1.7443731972407932,1.7443731972407932,results/mtp5/primary/repeat-0/HumanEval_153.json,results/dflash15/primary/repeat-0/HumanEval_153.json,3507634d31abcc3b25151bdf900ac8e6e00e93f048d83f0908587a07b7ce4644,267227fa37b7d5a1b30a9937f603f1f15a58cda75a5e771827f853fc5df8e15c
HumanEval/154,humaneval_plus,0,True,True,True,stop,stop,230,230,1.757866585077169,1.757866585077169,results/mtp5/primary/repeat-0/HumanEval_154.json,results/dflash15/primary/repeat-0/HumanEval_154.json,8dc790ac9ab0064215af2911d43b51b26044ea26c6455d47d52e288de8a87423,60cca32db33d1e1987a01c4c599de6115cf4ce5c469da388e19bb5d290351f55
HumanEval/155,humaneval_plus,0,True,True,True,stop,stop,151,151,1.914160660439897,1.914160660439897,results/mtp5/primary/repeat-0/HumanEval_155.json,results/dflash15/primary/repeat-0/HumanEval_155.json,9efd418dd95558dc49c426c8291abda08b77189aa92e2d9b22a1082d2a640261,933c681389d6ee10a94523855239a9d488740e8d19c5c7e2a18c79c118ddf11a
HumanEval/156,humaneval_plus,0,True,True,True,stop,stop,315,315,1.9949187351334727,1.9949187351334727,results/mtp5/primary/repeat-0/HumanEval_156.json,results/dflash15/primary/repeat-0/HumanEval_156.json,6718169a00bc0dcbf79838df9c7b1e0e5dd2fc9bbaece173f331d11e46c11988,977d74eb21aab499245b165edf7966e07a76bcdc93c8b992839c671f91945c74
HumanEval/157,humaneval_plus,0,True,True,True,stop,stop,236,236,1.7464786800613703,1.74647868006137,results/mtp5/primary/repeat-0/HumanEval_157.json,results/dflash15/primary/repeat-0/HumanEval_157.json,1bd747709432377c604865dfd27b2ee58ba74a23a5778498c4b65bb21e768a07,a90a399acc7d6240eba0805723628f7a2d746c4336360570683e193e8a319693
HumanEval/158,humaneval_plus,0,True,True,True,stop,stop,226,226,1.8266157774299974,1.8266157774299974,results/mtp5/primary/repeat-0/HumanEval_158.json,results/dflash15/primary/repeat-0/HumanEval_158.json,1cdf76588b27ba15661acb1a896f77003ab464681aad1046018a5ae60f5f5a1e,207c1d1deed2b3791ffb3926c07cb3acb630d6921f70d27c19ed564536da804b
HumanEval/159,humaneval_plus,0,True,True,True,stop,stop,372,372,1.9871730731026696,1.9871730731026698,results/mtp5/primary/repeat-0/HumanEval_159.json,results/dflash15/primary/repeat-0/HumanEval_159.json,4de662448f2b3eef949a4e67bc965b0d0c810b82f11dc85bbfaf843b9ac5f098,0f824cb3c3cd30a7ee6a23234831154973602e516dec8864e63428a18ff2d196
HumanEval/160,humaneval_plus,0,True,True,False,stop,stop,339,362,1.2329590596203204,1.3166111492110795,results/mtp5/primary/repeat-0/HumanEval_160.json,results/dflash15/primary/repeat-0/HumanEval_160.json,2650f57c53fc998d23cf1f4b6456e610897e1ea63e095c73b4ba33ce39d0ae20,01fbbbdc488bb61c6ca40a436e8524b7e0d1542a158f28668afd55ad075d616c
HumanEval/161,humaneval_plus,0,True,True,True,stop,stop,250,250,1.8311763503030858,1.831176350303086,results/mtp5/primary/repeat-0/HumanEval_161.json,results/dflash15/primary/repeat-0/HumanEval_161.json,1aea48de4d57680abd3338b99c0bd11c3d3e1e215b36aaf4448a9c71ecf7f962,afece641694989b83f22dda2cb63a6d47339b1093c010a08452243d9c0ef81e0
HumanEval/162,humaneval_plus,0,True,True,True,stop,stop,120,120,1.4999720583372422,1.4999720583372422,results/mtp5/primary/repeat-0/HumanEval_162.json,results/dflash15/primary/repeat-0/HumanEval_162.json,8b731a50a8099428caf48482946e2df1751b4c66c01ab0bdaa2ef1efb3e7d342,5dd8102a863a3b78683cf21e742544034af0cd47325f9a297c76ed706503004d
HumanEval/163,humaneval_plus,0,False,False,True,stop,stop,170,170,2.05517301853761,2.05517301853761,results/mtp5/primary/repeat-0/HumanEval_163.json,results/dflash15/primary/repeat-0/HumanEval_163.json,72b640b88c18ee14fd4f3ae8a4095c692aa332bab9349e2a92c34cbae669f86c,ebe2ff26f8e8ec313d22e4ed1a83a39ff1c1a9dce63ce2b938394dac93a86322
MATH-500/0,math_500,0,True,True,True,stop,stop,353,353,1.43781321066087,1.43781321066087,results/mtp5/primary/repeat-0/MATH-500_0.json,results/dflash15/primary/repeat-0/MATH-500_0.json,ce4ac9d51c59ebddc63980dec74ffb2777dc82a9b9539c0796644df2a86bf6bf,2a770011ab3e1f7d93973cb0b0275d146e2b96abf741e7db901b5915dff1b853
MATH-500/1,math_500,0,True,True,True,stop,stop,914,914,1.6255793233748048,1.6255793233748048,results/mtp5/primary/repeat-0/MATH-500_1.json,results/dflash15/primary/repeat-0/MATH-500_1.json,7b1ba9343303c25efc7978962e737d91cda8a9f058dac4a6110e69bba6761064,40d681c6810d865f5032e52a247808c5ab5ce65121dba1bafbaed2d63290b933
MATH-500/2,math_500,0,True,True,True,stop,stop,533,533,1.8307431289511746,1.8307431289511746,results/mtp5/primary/repeat-0/MATH-500_2.json,results/dflash15/primary/repeat-0/MATH-500_2.json,a0a4e11d4525703aabb03bba7ffa75c0b01bfb086a47c7573c11b4b0a1d27eb7,e96fc08e7e72662214f4dec9641f357d86b37b8877586c5554d579f51fe9eecc
MATH-500/3,math_500,0,True,True,True,stop,stop,805,805,1.6052146704638768,1.6052146704638768,results/mtp5/primary/repeat-0/MATH-500_3.json,results/dflash15/primary/repeat-0/MATH-500_3.json,69bd024e087c392b65ebc9c80f2086c22eb913382d250df98f7a9347bba99c6f,f6f283db0b698709f0f4c7443333d702fe5c18f480edc7ae6bae5ac1daa62d1a
MATH-500/4,math_500,0,True,True,False,stop,stop,697,668,1.3950617391826023,1.3370175635207726,results/mtp5/primary/repeat-0/MATH-500_4.json,results/dflash15/primary/repeat-0/MATH-500_4.json,50c17f73c026a605cee407ee9ade1b966c147c62f9c2a4edf5272683495d0985,35560dbcba14261de9f7767adf2b1bf8b57b76d9181acf9dc33bb769014d423f
MATH-500/5,math_500,0,True,True,True,stop,stop,351,351,1.2399857081052896,1.2399857081052896,results/mtp5/primary/repeat-0/MATH-500_5.json,results/dflash15/primary/repeat-0/MATH-500_5.json,588d42b6d074b55c58cd456780c80d3ebd2e27586c81038f4bc711fef3a5f982,e87ffa6734bda60b749bccdf16d5303f2e14f0413b3be1192ad188b929f4c335
MATH-500/6,math_500,0,True,True,True,stop,stop,901,901,1.2956227783383973,1.2956227783383973,results/mtp5/primary/repeat-0/MATH-500_6.json,results/dflash15/primary/repeat-0/MATH-500_6.json,34b09dbe401177b51e0c5601e6e23d7c1a7b8a2a946c45f6f7fa9b43896a3d25,b279c988b9c4e82ab97efd7860f4dc4376fc897ab3058af0414b06b801642950
MATH-500/7,math_500,0,True,True,False,stop,stop,1239,1013,1.913279548924986,1.5642874762397183,results/mtp5/primary/repeat-0/MATH-500_7.json,results/dflash15/primary/repeat-0/MATH-500_7.json,6cf95e5caeadf5cbd12c17d67b35b0de6b06b7c93056d64bd597ca5c19b691e3,ed4b95f3bda9b0f4c329cf036c27de02b73cf34e83ba912af19055828c27647b
MATH-500/8,math_500,0,True,True,False,stop,stop,492,482,1.750246125712006,1.7146720174658268,results/mtp5/primary/repeat-0/MATH-500_8.json,results/dflash15/primary/repeat-0/MATH-500_8.json,53fa79e4cec900855bd03c77caa2dac047fe58d949c269d35ef8d7fcab3e142b,d681bcf0e70408d1321f3d0236fda35d02c856d6b27c181f964ded5e9d1320d5
MATH-500/9,math_500,0,True,True,False,stop,stop,5623,7075,0.8682743195146665,1.0924845830635366,results/mtp5/primary/repeat-0/MATH-500_9.json,results/dflash15/primary/repeat-0/MATH-500_9.json,76c44943d7d98396955dc2b485a8751351df2c8aed00a05a3c55e2176aabc37f,7fa2d9dad14506e04ef3916f0c4c10b7aad3dc293ea61cc76cb7fa74fea0aa4f
MATH-500/10,math_500,0,True,True,False,stop,stop,1427,1518,1.098954964135672,1.16903548392288,results/mtp5/primary/repeat-0/MATH-500_10.json,results/dflash15/primary/repeat-0/MATH-500_10.json,52b731277a9bcb11d4c57234e7f92e678a4e32dd510feb9b1246fbcebb0b90c5,7ce0dc68eca4c3ad964648c5187039f94d1eeca57033ae26ae50d271fa710008
MATH-500/11,math_500,0,True,True,False,stop,stop,2920,2861,1.568267217366398,1.5365796263305702,results/mtp5/primary/repeat-0/MATH-500_11.json,results/dflash15/primary/repeat-0/MATH-500_11.json,7596406521208d96b1840e0447d30ab1b34b11185190b6d82e2898f426fd6c0f,275cd75a9d162703708d2b25fa4d1e124d4df6ec1901e85571e49885b4d56e7c
MATH-500/12,math_500,0,True,True,False,stop,stop,1257,1189,1.6123581469828157,1.5251343172335465,results/mtp5/primary/repeat-0/MATH-500_12.json,results/dflash15/primary/repeat-0/MATH-500_12.json,0b124bb0d344b8a0cd23e47ffaf780f01f7c19b8336b566c5fd253f8b5acf605,e1d3d9b1c8309cde4298f80b87fdfee05beab7b5811841b364d0755448ad4caa
MATH-500/13,math_500,0,True,True,False,stop,stop,347,351,1.3082932389575337,1.323374429031972,results/mtp5/primary/repeat-0/MATH-500_13.json,results/dflash15/primary/repeat-0/MATH-500_13.json,f4ba7974ebc4a01c43221e4a6f42d0f840040544c19eb69965628b62f9e23d15,a1c44d97d4b15165f84639313e097e732ebbf646d2dc63b3a35bc18d6365f840
MATH-500/14,math_500,0,True,True,False,stop,stop,825,766,1.556831513822868,1.4454944722282632,results/mtp5/primary/repeat-0/MATH-500_14.json,results/dflash15/primary/repeat-0/MATH-500_14.json,21601d92e3dc2f621337dedc333d718d907217c8677b47889e3dd3065be5e739,4f79987c3e78935596678c4ca74212bc9caeaa6812a03087094f4a61f716af88
MATH-500/15,math_500,0,True,True,True,stop,stop,833,833,1.6832742681793695,1.6832742681793695,results/mtp5/primary/repeat-0/MATH-500_15.json,results/dflash15/primary/repeat-0/MATH-500_15.json,1bca3b40beaee32e128a90d984e1685edbe0e957abf66b80e4add357c7757879,cb030704a3edac1458257011e692287019d5af8cd9f203e66d814f0529189636
MATH-500/16,math_500,0,True,True,False,stop,stop,576,585,1.3728988504558532,1.3943503949942258,results/mtp5/primary/repeat-0/MATH-500_16.json,results/dflash15/primary/repeat-0/MATH-500_16.json,9f37eeaf15e400ed81f5455a3d3d7b0343738bd5acddcd8dfb16644e984448a5,88434218ca27e0b77661a8a7f58d16bdf72c51ef29dbd1e28b45cd90b2ee7a74
MATH-500/17,math_500,0,True,True,False,stop,stop,1665,1685,1.176266538856568,1.1903958666506411,results/mtp5/primary/repeat-0/MATH-500_17.json,results/dflash15/primary/repeat-0/MATH-500_17.json,3ec2b16c6533bd688cb010ae25709711725b46f9eb838bba040a5f7b0f8017e6,051359823cc6cf43f95633964a89e1e6c961f1fe41d1962bbcef70490861a1f2
MATH-500/18,math_500,0,False,False,False,stop,length,8117,8192,1.018268253304529,1.0276769164803132,results/mtp5/primary/repeat-0/MATH-500_18.json,results/dflash15/primary/repeat-0/MATH-500_18.json,901ce27428d892c0527b0d004be6cfd4cf284ec7f5fcf8517b90bdfbf6ab4de8,0fa58dab52d37bf3919cdecb92ec85ad3e080ba8c6a0bfbe8cd29dfc591470f8
MATH-500/19,math_500,0,True,True,False,stop,stop,1251,1200,1.4857581669583868,1.425187690127949,results/mtp5/primary/repeat-0/MATH-500_19.json,results/dflash15/primary/repeat-0/MATH-500_19.json,a7a9be85fc11ff48b8ade9dfdc2df70d34dfe4e55b031a00841aaeae2bce0a74,106f37915d41a3a3d27794e80711e6db897a3e6ea0203dcd79189b368e7fc5eb
MATH-500/20,math_500,0,True,True,True,stop,stop,201,201,1.3860908652913666,1.3860908652913666,results/mtp5/primary/repeat-0/MATH-500_20.json,results/dflash15/primary/repeat-0/MATH-500_20.json,493ccbda660cdd9e064e8a0e50d32e05ab61ccde622752619b59bc71080b1c96,110447c5835236529910bf04bde8d2584e17d6bd0b638fe1d64d3c8253cd0072
MATH-500/21,math_500,0,True,True,True,stop,stop,1875,1875,1.5142805076281955,1.5142805076281953,results/mtp5/primary/repeat-0/MATH-500_21.json,results/dflash15/primary/repeat-0/MATH-500_21.json,15884d809d8fc060fc75019aa7aa27bad120482c7cb65cd763fbcf73d6f46c1f,57235c05393f1e4b62be7bf627a5b199aef0a83f913abfb95532cf6eb4a3ea66
MATH-500/22,math_500,0,True,True,True,stop,stop,1211,1211,1.4926041472316103,1.4926041472316103,results/mtp5/primary/repeat-0/MATH-500_22.json,results/dflash15/primary/repeat-0/MATH-500_22.json,7f07f42a4fde837b05765edc7f02795db8f69d9d6bac00cccba11a0a2b436c77,cad2146c0087de9697069539165b432d8eafc08e6f48fae1faffae5f270a9391
MATH-500/23,math_500,0,True,True,True,stop,stop,780,780,1.4889853675970057,1.4889853675970057,results/mtp5/primary/repeat-0/MATH-500_23.json,results/dflash15/primary/repeat-0/MATH-500_23.json,1e9011ad15c52c5c5a550755b198a0977ca7a7cd561046c8d64c5449e7f3638b,30c0836548a2ff08307ac60048b5c9960f64340aee70813564af2c55c55fd785
MATH-500/24,math_500,0,True,True,False,stop,stop,1047,1312,1.1976311792401468,1.500756549343909,results/mtp5/primary/repeat-0/MATH-500_24.json,results/dflash15/primary/repeat-0/MATH-500_24.json,9da3a1033b75a9a429e4e69d0787e48819fae5b630d46566b38b3a54c2b319cd,10633008f6bee000e89d92143e6a52eb83bae96e86f6a1e8dda554a4ce5c729b
MATH-500/25,math_500,0,True,True,False,stop,stop,1445,1433,1.7700456734275019,1.755346332194886,results/mtp5/primary/repeat-0/MATH-500_25.json,results/dflash15/primary/repeat-0/MATH-500_25.json,c111ae305831d1140b7cfc1fad7b1e0dd4e67d632bac980e15b64588434acd45,205511701a734be34b4b2449e19ac8fa6dd0e3a8bee38ffff9c8ff7304f44ebe
MATH-500/26,math_500,0,True,True,False,stop,stop,1992,1985,1.2390892932214852,1.2347350637774337,results/mtp5/primary/repeat-0/MATH-500_26.json,results/dflash15/primary/repeat-0/MATH-500_26.json,a47766a9e6570aaa4a3777d7efdad4f1c4b41d0dc91d36794f83fdcab8433909,7767502237b8a525b12aa5c885012e40450f5c080b63544829ce34d82f4b5187
MATH-500/27,math_500,0,True,True,True,stop,stop,441,441,1.4092342888967986,1.4092342888967986,results/mtp5/primary/repeat-0/MATH-500_27.json,results/dflash15/primary/repeat-0/MATH-500_27.json,b3c643e83422d795a6662a866e2347fd8b5713ee21ee9107a852cfa17599515d,0ea4f0db792dd88f415d0c5c0dcbbb8e1d0af89525423ba6275d8eec394edeb7
MATH-500/28,math_500,0,True,True,True,stop,stop,524,524,1.3566579991603094,1.3566579991603094,results/mtp5/primary/repeat-0/MATH-500_28.json,results/dflash15/primary/repeat-0/MATH-500_28.json,02b3577a03d8a815ac3535f6b5f290386cd83b5e1acc16cde0bc286ab82aacb5,a097875cc524c51e17c60ab6b3accdb3b0fa3e216bb7cbf4ce3f48c6be7ffec5
MATH-500/29,math_500,0,True,True,True,stop,stop,596,596,1.51657088814126,1.51657088814126,results/mtp5/primary/repeat-0/MATH-500_29.json,results/dflash15/primary/repeat-0/MATH-500_29.json,49a52b43ce287a2e0e118492ec4de005a6855334d8c5c1f66eae6d67a640870b,15448cf6f486a6964c008cefe23cbadb5e72f42db58288a400784c78863d85f4
MATH-500/30,math_500,0,True,True,False,stop,stop,534,500,1.1880774421145288,1.1124320619049894,results/mtp5/primary/repeat-0/MATH-500_30.json,results/dflash15/primary/repeat-0/MATH-500_30.json,0ae8ee0bd5304ff35e9f3a2cc0a96c8c73c739254ea0f474225da6445db3630b,148bcd447974b10612089f61564bf6a5705f8e4579f017dc5aa1f558a552da72
MATH-500/31,math_500,0,True,True,True,stop,stop,381,381,1.4893082191637135,1.4893082191637135,results/mtp5/primary/repeat-0/MATH-500_31.json,results/dflash15/primary/repeat-0/MATH-500_31.json,cc785d36023d4871e3defa25f9ff7da900ce6f3bbfb240b7e7109503165ac1eb,4c49dd83fb986207a2815b22905386f2cf20cec2a0c9e66628f4f52d1fbc4e13
MATH-500/32,math_500,0,True,True,False,stop,stop,590,651,1.1140292277327506,1.2292085207695265,results/mtp5/primary/repeat-0/MATH-500_32.json,results/dflash15/primary/repeat-0/MATH-500_32.json,5a26a39ac4a71535a7d5b850a9ecb6d25c4cb3d3d99d4e53b1c4d6d11d47b27c,8d65561522013a6fff380646fa2c48a169f5d5b0518ba1f2cc12658ff0ea7571
MATH-500/33,math_500,0,True,True,False,stop,stop,1012,1010,1.7473513621607537,1.7438980985991712,results/mtp5/primary/repeat-0/MATH-500_33.json,results/dflash15/primary/repeat-0/MATH-500_33.json,e304e4db572a2fb54e81f2b8f0a881a847e84e2e61beb7b6db6f418ae5e6a66a,45ac1642406d8a6aa0f738e934c6ae28e3d060e147d2f2b0f672d4102d59362c
MATH-500/34,math_500,0,True,True,True,stop,stop,1076,1076,1.9867686134457159,1.9867686134457159,results/mtp5/primary/repeat-0/MATH-500_34.json,results/dflash15/primary/repeat-0/MATH-500_34.json,3a918b0301f3002aa7c66b624fe694f9f71b0c51da2a2f2827b8431b9e0b7ea3,963af1531cf2dfcbcc3349ca73af9c5e70d2ccec1624250ea0063cce71720b92
MATH-500/35,math_500,0,True,True,True,stop,stop,604,604,1.550272454365352,1.550272454365352,results/mtp5/primary/repeat-0/MATH-500_35.json,results/dflash15/primary/repeat-0/MATH-500_35.json,62bd42e3254734fd0177a5553a9b848757333299131da493f2955d4957dc4240,1e0ee5074fb2ea673519317f326e7cfc51c85a560784936521b797aaf6fba326
MATH-500/36,math_500,0,True,True,False,stop,stop,931,947,1.7365182127223244,1.766361705099937,results/mtp5/primary/repeat-0/MATH-500_36.json,results/dflash15/primary/repeat-0/MATH-500_36.json,e4d12592f833bb647edb77a007e1ae02224d40ad02548c7a1a3bd6eada749772,3af7f7aa5489b95afb6169f616076163317c026fa4717a005d29c710290bb5f8
MATH-500/37,math_500,0,True,True,False,stop,stop,362,399,1.0597922314331234,1.1681135368558462,results/mtp5/primary/repeat-0/MATH-500_37.json,results/dflash15/primary/repeat-0/MATH-500_37.json,7755a82a95a389ff9f9d808f01c634ce22c391085a952b26ef76653e469b58b0,578b33268bbaf081105f987fb9b303e6c0a7a9a663605c94374bccfa0b85b952
MATH-500/38,math_500,0,True,True,True,stop,stop,374,374,1.4032172960464147,1.4032172960464147,results/mtp5/primary/repeat-0/MATH-500_38.json,results/dflash15/primary/repeat-0/MATH-500_38.json,489f70c6f5244fee77593d0735f918b53b534c1ed84fe4c8259e8a6a80960a01,159ca2e732136242ad8bd08c2d0f029cbddbdaee32bd44d79b690097e0511ec4
MATH-500/39,math_500,0,True,True,False,stop,stop,934,901,1.7362654852498962,1.6749199167132296,results/mtp5/primary/repeat-0/MATH-500_39.json,results/dflash15/primary/repeat-0/MATH-500_39.json,2e167f3317d867629734b212274774cf1113501a3feb7a635e62d2f0316ad058,700ff28d0ba10b5328493d1853159b17725814036f920b99a852cd3e5b7b8ba7
MATH-500/40,math_500,0,True,True,True,stop,stop,366,366,1.5124214701644214,1.5124214701644214,results/mtp5/primary/repeat-0/MATH-500_40.json,results/dflash15/primary/repeat-0/MATH-500_40.json,ce5a928c9e854842bb8f1ef464be17ffd22527ae97b4f2679a35c30e5cbbdc2e,d5e311f0647951d5478bebf16314351f1e3fe0466ad22397da41bc3070748e2a
MATH-500/41,math_500,0,True,True,True,stop,stop,892,892,1.6610243169184167,1.6610243169184165,results/mtp5/primary/repeat-0/MATH-500_41.json,results/dflash15/primary/repeat-0/MATH-500_41.json,dad5740856497c89f120cc68033b12466fc57c2f1562a56334e35837f3d12467,e54f29d13d049d7c8344aff05bb226684d2233b6f2adb698b357bc039669589a
MATH-500/42,math_500,0,True,True,True,stop,stop,306,306,1.7910401278970047,1.791040127897005,results/mtp5/primary/repeat-0/MATH-500_42.json,results/dflash15/primary/repeat-0/MATH-500_42.json,aa9a7bcffd79740b36aa340245ba689d5d8a57fa569c35356bb146d7b169db89,34c7c5f5e1efc8d2cc53b9e2ed68abfca61bd41059fba73fc7b9c9c69a0863f3
MATH-500/43,math_500,0,False,True,False,length,stop,8192,3589,3.4728215849104465,1.5214790854789544,results/mtp5/primary/repeat-0/MATH-500_43.json,results/dflash15/primary/repeat-0/MATH-500_43.json,e655326085a34d06389cb8bd4980a29fab55190d53011668cab988531add89ac,39c28a5d86d5a30783e1564f4d52e96c492e7f9077ab1fa8b5d948cf10db82ab
MATH-500/44,math_500,0,True,True,False,stop,stop,748,783,1.294861988466988,1.3554504504941867,results/mtp5/primary/repeat-0/MATH-500_44.json,results/dflash15/primary/repeat-0/MATH-500_44.json,8544d30e25bc57d0531e59fe25752d41dd28005403a6dbe94dd9a9204d2f9496,7a93f8ece4dad2e5431ff9f7959873668e60b699817489381ee666d04bd90b87
MATH-500/45,math_500,0,True,True,True,stop,stop,312,312,1.4443715422618075,1.4443715422618075,results/mtp5/primary/repeat-0/MATH-500_45.json,results/dflash15/primary/repeat-0/MATH-500_45.json,469a621a2b8a7e9018c4175e0511b6cf8f6aea9c8362071c0d6acaa1e535e204,b36f60ec5b03315e1cc4bcc7ae3a245ce4d99e47eee9cd95651a5b73c308b2cc
MATH-500/46,math_500,0,True,True,False,stop,stop,1783,2303,1.1095806828749566,1.4331824524178491,results/mtp5/primary/repeat-0/MATH-500_46.json,results/dflash15/primary/repeat-0/MATH-500_46.json,c3c822113133b4cc10b8f0dfcd260bab13ad5e6d0efa411e4073ae55d11998e2,249e1fbce24daf6389b86a64baaad407cdc5a717625ff589279372b016e321ec
MATH-500/47,math_500,0,True,True,False,stop,stop,738,741,1.3873702035514526,1.393009919826052,results/mtp5/primary/repeat-0/MATH-500_47.json,results/dflash15/primary/repeat-0/MATH-500_47.json,43772a730d9d597884647fa3ba19cfe8ab7e7c9d49300df4a7d23a9717bfbdfd,c8aea75bc2ed373c5d987f1046b6a7dfa4620975a55813b775c42c20b931d9d3
MATH-500/48,math_500,0,True,True,True,stop,stop,305,305,1.643112555556957,1.643112555556957,results/mtp5/primary/repeat-0/MATH-500_48.json,results/dflash15/primary/repeat-0/MATH-500_48.json,f12a7f998755cc67461d7d3e0abc3fd9c43f5403616bbe6f85156af3effca960,53a3a5f5d50572c8be2f40566b217bc7f0fea9a91031226ccb66246ecaa4fb0a
MATH-500/49,math_500,0,True,True,True,stop,stop,454,454,1.5404012590769116,1.5404012590769118,results/mtp5/primary/repeat-0/MATH-500_49.json,results/dflash15/primary/repeat-0/MATH-500_49.json,52825930bc754b011795dfedbcaf8b2aceb74234bf8ca7757f6a5eefea0455f7,3e0e14b1dc758794b40900602ed81fdb9b1ab369e8442a0c47db7b7607083515
MATH-500/50,math_500,0,True,True,False,stop,stop,1255,1223,1.3132042293395285,1.2797201374360507,results/mtp5/primary/repeat-0/MATH-500_50.json,results/dflash15/primary/repeat-0/MATH-500_50.json,39d8c857cc23ae7b307342469e6cf20b8f7d8af856d76b1d746150a9599039fe,3f7a5b26ad877641067b23e9dab96e6d35af0435f98e0242f000d449b3083178
MATH-500/51,math_500,0,True,True,False,stop,stop,1297,1205,1.60168259576401,1.488070568924928,results/mtp5/primary/repeat-0/MATH-500_51.json,results/dflash15/primary/repeat-0/MATH-500_51.json,04ec8811d989217fb5707a02cbfbd3bc77e692b861a3d823b25506aa4402f4bd,176d8f0c5cc90d762c4fedc6ca2a9a7384158be4bc8bbf7abf1cd2f6df7c3a13
MATH-500/52,math_500,0,True,True,False,stop,stop,865,867,1.6620481909048743,1.6658910768954056,results/mtp5/primary/repeat-0/MATH-500_52.json,results/dflash15/primary/repeat-0/MATH-500_52.json,5c84b863f52e71b9e9ccf3468286ea39e72dafb10fc42214edd298cb8950adea,49bfd9a12c5300aad62c4810317383d34ede38b7b92c9c22e41b40659f885483
MATH-500/53,math_500,0,True,True,True,stop,stop,491,491,1.3687799140189827,1.3687799140189827,results/mtp5/primary/repeat-0/MATH-500_53.json,results/dflash15/primary/repeat-0/MATH-500_53.json,22b2921e7441899748f5b9dfcb9f27d2add93cd7f197b384acfd38c116259da7,5afa3ec8c0477ea97cc8c72936e20008009e329ddb2c14e7f80541447e646ab5
MATH-500/54,math_500,0,True,True,True,stop,stop,465,465,1.2023718504694696,1.2023718504694696,results/mtp5/primary/repeat-0/MATH-500_54.json,results/dflash15/primary/repeat-0/MATH-500_54.json,a44991d9c9ee414d6e302169801470f7b94e744987b0b64627be3aaee4b74249,e3ef1aa559af083df469a617cab23f133af4ce7cfb1ec0766f780bb3e014cdab
MATH-500/55,math_500,0,True,True,True,stop,stop,935,935,1.4558655355695715,1.4558655355695715,results/mtp5/primary/repeat-0/MATH-500_55.json,results/dflash15/primary/repeat-0/MATH-500_55.json,960e60307b0178ccde73fc29aef4cda63be5b1f6c937e7e7aac0b6002554a274,7426d35b542745c52f08330bc376f8417adf1d31cfcb444d3640d85bae7a92b8
MATH-500/56,math_500,0,True,True,False,stop,stop,407,599,1.0004460227457002,1.472400903254728,results/mtp5/primary/repeat-0/MATH-500_56.json,results/dflash15/primary/repeat-0/MATH-500_56.json,de28ae59a5e7a2a88e24a249e40c66c575e1547946641c851eabacd1e9aca8c0,b01340d7e58177706b19e8f4b81eca0709bea19203ab57a71e7564cb6f99c85d
MATH-500/57,math_500,0,True,True,True,stop,stop,581,581,1.4670917381744772,1.467091738174477,results/mtp5/primary/repeat-0/MATH-500_57.json,results/dflash15/primary/repeat-0/MATH-500_57.json,92a2626b76246c676d6fb6851fe41305248aeab238b5b81ff297117bad2b861b,56e63794f19cb04a2eff059e65af7af84bf573ce07970b0e3e68632d28089808
MATH-500/58,math_500,0,True,True,True,stop,stop,392,392,1.4257428138763404,1.4257428138763404,results/mtp5/primary/repeat-0/MATH-500_58.json,results/dflash15/primary/repeat-0/MATH-500_58.json,66fcf354b5de5620831906817c0f9f2a036e50465677c6cd270994171ccd2121,ce56631aa9e257559916678744f508ceaab94d43f10b86e44795d6ded7c6b5d8
MATH-500/59,math_500,0,True,True,False,stop,stop,500,493,1.585908514331789,1.563705795131144,results/mtp5/primary/repeat-0/MATH-500_59.json,results/dflash15/primary/repeat-0/MATH-500_59.json,d71b776e562aa716e60b38a466b2524fb1ef07632ff67fbac88883f9c28d28b3,f7e84ff28ce7fa86d116fc866a99ed1f35b55c29f8357f06c5a4e062d2e9ad18
MATH-500/60,math_500,0,True,True,False,stop,stop,2747,2903,1.698565168223551,1.7950253670742515,results/mtp5/primary/repeat-0/MATH-500_60.json,results/dflash15/primary/repeat-0/MATH-500_60.json,8fc32767fa867b233f50ecef9b60f381f43b0fcab93cba6c6115d99a4175edcf,ac1787cc513560824201dc6cb2cb9e27ba735b0a5b291574f9a1934cdcf4d74e
MATH-500/61,math_500,0,True,True,False,stop,stop,2453,1922,1.6230675282810145,1.2717227025503914,results/mtp5/primary/repeat-0/MATH-500_61.json,results/dflash15/primary/repeat-0/MATH-500_61.json,cf5a808d16274e98c886558da2c5968fa02e500248d53432866d91d7db81ccea,a26e685c65d1d31e5e8760a5b9da5aea11c7c59781d1013d6aee5492949e4b01
MATH-500/62,math_500,0,True,True,True,stop,stop,1023,1023,1.4720508919837794,1.4720508919837791,results/mtp5/primary/repeat-0/MATH-500_62.json,results/dflash15/primary/repeat-0/MATH-500_62.json,8cf0e808a6656b9aec132188b9386dc0de445ba0706d88894a62d09b40777304,0c8578278c331b2ca7ed574488cf822fdd709293b05849d4318ce7f1df6f62cb
MATH-500/63,math_500,0,True,True,False,stop,stop,1170,1224,1.4981095519672922,1.567253069750398,results/mtp5/primary/repeat-0/MATH-500_63.json,results/dflash15/primary/repeat-0/MATH-500_63.json,f0d913581127d2732beab780da8ccdd94784c4a4a050206052e24e9dcd19d80d,8cf23f8d7df05ad058fb56b03d5514213935e11424b7a31c8c77e27475c2252f
MATH-500/64,math_500,0,True,True,False,stop,stop,1933,1916,1.554535777511714,1.5408642264420298,results/mtp5/primary/repeat-0/MATH-500_64.json,results/dflash15/primary/repeat-0/MATH-500_64.json,e6c6e6ba416fa8e4ab77cdd56b69cc2c6001721058523e69e807165870f4e785,d70c7963f68b3556309ea63df6e5b43b25e658034a67e21ecfa13d0030a83dfb
MATH-500/65,math_500,0,True,True,True,stop,stop,342,342,1.0949318701625155,1.0949318701625155,results/mtp5/primary/repeat-0/MATH-500_65.json,results/dflash15/primary/repeat-0/MATH-500_65.json,5e45f779c420306c4010856eecead1c760d2d372d8aacb27e54468619db4292f,18af7895adcf05329ad70dff161b82853652975f4740902697100ffe13f32739
MATH-500/66,math_500,0,True,True,False,stop,stop,578,545,1.642048979814303,1.548298778544628,results/mtp5/primary/repeat-0/MATH-500_66.json,results/dflash15/primary/repeat-0/MATH-500_66.json,17014f5572de3109ab83a52c27f6ce16ca9df472a10888dde86887877639686e,484feb78d4893710bae205c36bbb6d882fe505f0bbdeb214553cfd81422c668f
MATH-500/67,math_500,0,True,True,True,stop,stop,743,743,1.5063369182895217,1.5063369182895214,results/mtp5/primary/repeat-0/MATH-500_67.json,results/dflash15/primary/repeat-0/MATH-500_67.json,757566cddf4eb8ede1cffac3b5bb532855511c209c0d44e32a1bdf409b034f7b,ecdc1e7f104fb65412a3c73ab7b66cf5d276f77d29d4911c6ab92546c7c11476
MATH-500/68,math_500,0,True,True,False,stop,stop,1220,861,2.0250692741718956,1.4291677418541002,results/mtp5/primary/repeat-0/MATH-500_68.json,results/dflash15/primary/repeat-0/MATH-500_68.json,59a0156bf33868c84d8dc69e4fa4441303a032c85a17d60d6d20ddd5957d78f3,5bb6cfe2d14b2f4d8b045ec88780c7af8c6d554327cbfd06094837815d3f606b
MATH-500/69,math_500,0,True,True,False,stop,stop,1110,1097,1.4871571214028547,1.4697399659269654,results/mtp5/primary/repeat-0/MATH-500_69.json,results/dflash15/primary/repeat-0/MATH-500_69.json,7093077e3e0447cc7417d993ece9e6f5e2cada814d0fef5ba744741cf1c926bb,ba428856dc5cdf519bd4d0e47bb4bf36d9647d48a4064ec7b91bcd64b50a9af4
MATH-500/70,math_500,0,True,True,False,stop,stop,531,533,1.4620140094123748,1.4675206535156229,results/mtp5/primary/repeat-0/MATH-500_70.json,results/dflash15/primary/repeat-0/MATH-500_70.json,cb73ed47f802117e2ae585046c0966c8334505d30592544bad77153506bb341b,08e244ec35eb563b2c3d693d6c199c8b19133bf63ea08970b16104e8ed5edabd
MATH-500/71,math_500,0,True,True,False,stop,stop,3935,2884,1.9941640285363358,1.4615423273948647,results/mtp5/primary/repeat-0/MATH-500_71.json,results/dflash15/primary/repeat-0/MATH-500_71.json,f310d91084f755810bc860f8c38626943e9c188f1c5dedf1edc14493bd46317f,715ef5c6620e44be099918fd36f121177194d61a86bf801b1f13f06db3a9dc09
MATH-500/72,math_500,0,True,True,False,stop,stop,433,1128,0.6037636363993011,1.5728530758854773,results/mtp5/primary/repeat-0/MATH-500_72.json,results/dflash15/primary/repeat-0/MATH-500_72.json,1833d9319e337116d71f3406c7dccc4fbc3a99fbe09bc3d664fa35ba5f9609bd,4b39671fbd6d96dad6a4a2b04551b2509dcd5893863ea6197a5a3bd893a142a8
MATH-500/73,math_500,0,True,True,False,stop,stop,457,457,1.6879067535522092,1.6879067535522092,results/mtp5/primary/repeat-0/MATH-500_73.json,results/dflash15/primary/repeat-0/MATH-500_73.json,5d50efe409092166bcb606d7c8cf4b4fad8bce9a0819928cfa556b0bab86ca47,5c4d4db20cfcb48fda9a6e4de8b64eaa80a9a303152a37bec5c4fe6d6510570b
MATH-500/74,math_500,0,True,True,True,stop,stop,588,588,1.485029337322161,1.485029337322161,results/mtp5/primary/repeat-0/MATH-500_74.json,results/dflash15/primary/repeat-0/MATH-500_74.json,a9920fbee715c734c38736d8644b58c88a5b84785e32c86de1d8ac1173725969,8c245bed1f8528245c0f48cab92bad0145364c989d65a4a1697cbb5a2d2e1601
MATH-500/75,math_500,0,True,True,False,stop,stop,842,838,1.5427096248925285,1.535380838075937,results/mtp5/primary/repeat-0/MATH-500_75.json,results/dflash15/primary/repeat-0/MATH-500_75.json,f758a6ffcd5c0b59f665061257a4a70a6db6f85e4386b848d38383f2a77e8fe4,c240b36b2c85f3c892769bb3212d8e6bb8b54bbf432c2becc76822f80c57bad1
MATH-500/76,math_500,0,True,True,False,stop,stop,461,458,1.3205196068944873,1.3119262038127444,results/mtp5/primary/repeat-0/MATH-500_76.json,results/dflash15/primary/repeat-0/MATH-500_76.json,0a14fd8bc650206bd7fc1f62b7f0f8533d96561ef426c4b7c5e1c33d1b5c1e1f,5f2f947019880bdda52cf8e9f67bd2cbead9efd1d547b7c453f94c58b3f29c1d
MATH-500/77,math_500,0,True,True,False,stop,stop,392,402,1.52715699083597,1.5661150773368875,results/mtp5/primary/repeat-0/MATH-500_77.json,results/dflash15/primary/repeat-0/MATH-500_77.json,4bea6fcc095296a7e5b32d916ca60c3c35f5cf9b04cfb9dca7d38fb8bb370aaf,ef8b83bb5d2da47d0784102faf7c9fc77c5b13f9bab31f29751f96af75231268
MATH-500/78,math_500,0,True,True,False,stop,stop,1035,1325,1.448425688073345,1.8542647697557313,results/mtp5/primary/repeat-0/MATH-500_78.json,results/dflash15/primary/repeat-0/MATH-500_78.json,9d46123035ba3a4fd74ff6d4791b900c4821aef96f3f5039cdc187f0da622792,0829888e7122e460d2604ff31aaaf7fb93844698c47c0f186332538bddb3eb1e
MATH-500/79,math_500,0,True,True,True,stop,stop,311,311,1.40854237756314,1.4085423775631403,results/mtp5/primary/repeat-0/MATH-500_79.json,results/dflash15/primary/repeat-0/MATH-500_79.json,5f8886702d5c09115a9986bea76db1dda7b359d14b2e25dedef8f72df3611443,f22355a044ecdc6e386b939a106898d5ddc94ea604a9b0f381a580abd7f186af
MATH-500/80,math_500,0,True,True,False,stop,stop,3050,3728,1.0910005772763132,1.333524640028228,results/mtp5/primary/repeat-0/MATH-500_80.json,results/dflash15/primary/repeat-0/MATH-500_80.json,c45515f3f79cf0357bea066a731c32375adc5cf0339a8013d002f43c287cede9,8bbc49034155c92fbfbb75ab5804a286d59789db3c7dcbbf6f9e9777afa6bf19
MATH-500/81,math_500,0,True,True,True,stop,stop,428,428,1.3699533108189579,1.3699533108189579,results/mtp5/primary/repeat-0/MATH-500_81.json,results/dflash15/primary/repeat-0/MATH-500_81.json,abcf8123d2499b2a4467b48b2c881913d40caa766a70a906820ea82865f6416f,50421ee433bcdce6247406eaa73702281963eb0d8fff4bc3bc0106f22eadc6c6
MATH-500/82,math_500,0,True,True,False,stop,stop,1060,1051,1.3572794302646338,1.3457553596303113,results/mtp5/primary/repeat-0/MATH-500_82.json,results/dflash15/primary/repeat-0/MATH-500_82.json,5361a27a5dd5e4befef1fce20b3e5f622af689f92b46d345f04364ac0038e974,238b7afa438de9fb1589f9bdcc95ab0ad1a9f519877f6e016d6310b21534a6bb
MATH-500/83,math_500,0,True,True,False,stop,stop,850,878,1.504091910413795,1.55363846746272,results/mtp5/primary/repeat-0/MATH-500_83.json,results/dflash15/primary/repeat-0/MATH-500_83.json,f9170e78296fbeba62e49021682e1819d60431521c6088cd4248a94381de0c25,6a4d69ca140ab69f4e43a997e166fc1782d3f71ab137b070e5cb6d0a9bda1ae4
MATH-500/84,math_500,0,True,True,False,stop,stop,994,1001,1.6740729037065614,1.6858621495073118,results/mtp5/primary/repeat-0/MATH-500_84.json,results/dflash15/primary/repeat-0/MATH-500_84.json,6689af92861aa9c584cff2c6c20dd404321c3319bf0a55c1f556cafd54c21e9f,37df702b4eda5ac1f78e1796bd0c2ba24038c6837f970d00ae0c494872063cbe
MATH-500/85,math_500,0,True,True,False,stop,stop,502,434,1.5390399380246822,1.3305644085711394,results/mtp5/primary/repeat-0/MATH-500_85.json,results/dflash15/primary/repeat-0/MATH-500_85.json,fafa5acfa9757b84ebcba17b61c1a30e07eb188cb1ed23e726ef4c83cd7ef08a,5849cccabbf0f4a68547099eb0f7beeaca8749056a050d0924430ebff9d53c23
MATH-500/86,math_500,0,True,True,True,stop,stop,294,294,1.311908991682249,1.311908991682249,results/mtp5/primary/repeat-0/MATH-500_86.json,results/dflash15/primary/repeat-0/MATH-500_86.json,f5a21949179a0852f103784cc0363e29524f7d4283604d8be9591f7c6f817fa5,df80e595f5d10877c07baa65f96aa485f9fdb55dcf7d6a480ad14cd9c4ae6d84
MATH-500/87,math_500,0,True,True,True,stop,stop,617,617,1.6888229072295833,1.6888229072295833,results/mtp5/primary/repeat-0/MATH-500_87.json,results/dflash15/primary/repeat-0/MATH-500_87.json,790e5f2760e67c7626d2a2bc5fb77fda6936ebd8ae0cf5c410b779af8ffff4a0,bd250090a73c12eecbf6568d5f78497ab9108c922d5c93734219fe43bb4adad2
MATH-500/88,math_500,0,False,False,False,stop,stop,1979,1826,1.627530582440745,1.5017033064865084,results/mtp5/primary/repeat-0/MATH-500_88.json,results/dflash15/primary/repeat-0/MATH-500_88.json,6de60622f0c2c3b489b027cfe0aac93c27f73969903c5945c5ad5b45f5725c6c,d0cb9a7471e29420eb3ef6a9f80ac69b1604cce6d8211fe9a92daebf936b38c1
MATH-500/89,math_500,0,True,True,True,stop,stop,972,972,1.6896058366529867,1.6896058366529867,results/mtp5/primary/repeat-0/MATH-500_89.json,results/dflash15/primary/repeat-0/MATH-500_89.json,578b8f101b2c11b1bd3f4ebf39ff2305f2fe6650856c7e497a91295a8ea51114,af40b0bf5cae339068269aa977cdd937ffe28b528b1d4089d796c91fc0425437
MATH-500/90,math_500,0,True,True,False,stop,stop,440,409,1.318256375820985,1.225379222069961,results/mtp5/primary/repeat-0/MATH-500_90.json,results/dflash15/primary/repeat-0/MATH-500_90.json,4b251989b1e6f8773b442749f2e89ef959a9a6ccadc72773b924177981e0113e,b71337e399873cd936b0ec9ca9d697e40239d14f2a5bf60289c10eec9a73c5cf
MATH-500/91,math_500,0,True,True,True,stop,stop,439,439,1.322150685327204,1.322150685327204,results/mtp5/primary/repeat-0/MATH-500_91.json,results/dflash15/primary/repeat-0/MATH-500_91.json,3720f4531f3d02a437688d454b17454500cf2f73498c6eea6fb8f824d1cbaf46,d1cd4ffc12a900758ee633b199b9313bcf19bda003e61116fa0e841b6c93d6e8
MATH-500/92,math_500,0,True,True,True,stop,stop,1044,1044,1.460009722079374,1.4600097220793742,results/mtp5/primary/repeat-0/MATH-500_92.json,results/dflash15/primary/repeat-0/MATH-500_92.json,ccc84617e26988bdb02704930f0297b0b3d1f58bb80a07e4ee3894d35314079e,64da5ac0c982b28260b0daf02100fa737dc1274d7f2baad72975d2ff50e9d49e
MATH-500/93,math_500,0,True,True,False,stop,stop,560,693,1.260841190015557,1.5602909726442518,results/mtp5/primary/repeat-0/MATH-500_93.json,results/dflash15/primary/repeat-0/MATH-500_93.json,940a4974f00360aa7d9677d71c9fc36894d4a3d312a1c9007bf20ef8d042f9a5,2b84110d956a7764ddb7b8946ea26225934bef46c28df142c06448d06a8668e9
MATH-500/94,math_500,0,True,True,False,stop,stop,6319,2753,2.751200027259723,1.1986158688156379,results/mtp5/primary/repeat-0/MATH-500_94.json,results/dflash15/primary/repeat-0/MATH-500_94.json,ff76a9df81ae4c19ded7a88fc0a710524a09ef79f13f23511cd26e26f5ca3f3c,8987d88f041ab63b3645536a9e47cc49a5d5329fb2623bb378cf06bc6384c6c2
MATH-500/95,math_500,0,True,True,True,stop,stop,787,787,1.8542489673691216,1.8542489673691218,results/mtp5/primary/repeat-0/MATH-500_95.json,results/dflash15/primary/repeat-0/MATH-500_95.json,ff2db3573dcbc9af9bbd8279f5a38d74a3ea3906410084e04693226b21784bd0,7771cb4b79ead307761f82c564acd40b87bcd5c7f714d21d95e7c9f476de5c22
MATH-500/96,math_500,0,True,True,True,stop,stop,2462,2462,1.745596286265266,1.7455962862652659,results/mtp5/primary/repeat-0/MATH-500_96.json,results/dflash15/primary/repeat-0/MATH-500_96.json,7f3cb7a091d510f8d448da9a762c3d5689fae78a944b21aa8c369091a6ed1e57,c789dec946f4412050ca313dbf9fcfc8e68ce368b9faaa62180326b90a40982d
MATH-500/97,math_500,0,True,True,True,stop,stop,494,494,1.3261259327041346,1.3261259327041344,results/mtp5/primary/repeat-0/MATH-500_97.json,results/dflash15/primary/repeat-0/MATH-500_97.json,eb66ccbca0e366c8c887789077d9409c68e2adcecb8aee9511bc94b29c7abafa,8ffe04e01209254b5ac0929cc24c50d159edb67baddee21bc3a004471e698b90
MATH-500/98,math_500,0,True,True,True,stop,stop,241,241,1.5367858185122654,1.5367858185122654,results/mtp5/primary/repeat-0/MATH-500_98.json,results/dflash15/primary/repeat-0/MATH-500_98.json,466115ddd2d975a9ed000f938f522a2f41c82f57da4493538520ea171b2f1db2,5111cef501f7a778c03002ac64b81a6962837a72519529e07d1151889a280dac
MATH-500/99,math_500,0,True,True,False,stop,stop,1605,1577,1.8487876193160164,1.8165346265802853,results/mtp5/primary/repeat-0/MATH-500_99.json,results/dflash15/primary/repeat-0/MATH-500_99.json,88513e94614681d739877895f1290f406afaf61f716852b450b44e29562089b9,8f4574aeda41b5b129297982fd956bd874e8db041c8f104ed6cd1b76a04b68ce
MATH-500/100,math_500,0,True,True,False,stop,stop,1846,1841,1.3662901849505398,1.3625895073098286,results/mtp5/primary/repeat-0/MATH-500_100.json,results/dflash15/primary/repeat-0/MATH-500_100.json,848d10f727944bc0b92e4137c6819eafc27f4ddfd646342ed04545e37a827692,cb709ffc9f500e2ffae44a20958b431ed59ddc255e2e0214fa87bff4b4d47820
MATH-500/101,math_500,0,True,True,False,stop,stop,4382,4271,1.3852340921742659,1.3501448671100613,results/mtp5/primary/repeat-0/MATH-500_101.json,results/dflash15/primary/repeat-0/MATH-500_101.json,4458632cc3717888cb8fc4d92700e2925c4f092d7240ac001a9864b470bfbdf2,b494aa1e8f1593c06f7f257d8401f67b665f34e2874ae34c6782a72c4495eb6d
MATH-500/102,math_500,0,True,True,True,stop,stop,350,350,1.3948997633170834,1.3948997633170834,results/mtp5/primary/repeat-0/MATH-500_102.json,results/dflash15/primary/repeat-0/MATH-500_102.json,717daccb13900f97520dd1153259a0a184b185bef69cff040e83fc8df6f5c1bf,6baeea5ca587830dac8356017dc8b36061150abf14f263dcc3ba625d0440614e
MATH-500/103,math_500,0,True,True,False,stop,stop,4909,3340,2.004884791317029,1.3640894689343808,results/mtp5/primary/repeat-0/MATH-500_103.json,results/dflash15/primary/repeat-0/MATH-500_103.json,58bb3e326ff4b760fc26d5ffd3f9208b1e9dcf2b23594136034592858b91ad19,0036f5a74fb97560eb3ad1ef69018bb55c69c9361404992b7abf32baafb8ce4b
MATH-500/104,math_500,0,True,True,False,stop,stop,2976,3751,1.2260257861259858,1.5453033345962945,results/mtp5/primary/repeat-0/MATH-500_104.json,results/dflash15/primary/repeat-0/MATH-500_104.json,978b4d2a50bbd18f73fa5a08d869f528bad346ee68ae634b897e2e753827d742,b1e0d4a5677f42be9447a58993dddd9dc72c65f5e2c929b1bb0d5ba7d38646b5
MATH-500/105,math_500,0,True,True,True,stop,stop,495,495,1.4893215341588506,1.4893215341588506,results/mtp5/primary/repeat-0/MATH-500_105.json,results/dflash15/primary/repeat-0/MATH-500_105.json,1ecfc36799315ff5a07398b360aba4ffdbe0a727b03132e28e22c71431b087ca,1623243dd1cd6527c04b5cc50b6cbb23709a7e509826be274da9e8dda9a2565f
MATH-500/106,math_500,0,True,True,True,stop,stop,705,705,1.5805001130419758,1.5805001130419758,results/mtp5/primary/repeat-0/MATH-500_106.json,results/dflash15/primary/repeat-0/MATH-500_106.json,1be97be66fcaa95d5e69b8e29ae87afbd14d002556f0fa152898942dab253624,840bda460ecbcf3e4f2c994a40dd86fe27f8fbe3ce6fa2bc7e66493473bec059
MATH-500/107,math_500,0,True,True,False,stop,stop,735,737,1.725043429097729,1.729737424823165,results/mtp5/primary/repeat-0/MATH-500_107.json,results/dflash15/primary/repeat-0/MATH-500_107.json,7458dec91b4dc9a883abba1fb8df721bb179c78bd2bd5416a9f86cbae699d5e0,11c5c300556d0408f0bb8a3a0cd1dbee76af77a2a6bfdef0eca9773d89e646d0
MATH-500/108,math_500,0,True,True,False,stop,stop,2526,1607,2.434843916634353,1.549007986552417,results/mtp5/primary/repeat-0/MATH-500_108.json,results/dflash15/primary/repeat-0/MATH-500_108.json,aaf10561112623480a6f909df1ef8b8bf75c2ef93d2885c5e3be3af341446a02,ddae5d53f58adbfc82d05b016f9aba5492ee201e10523cd265cd0908ff95098e
MATH-500/109,math_500,0,True,True,True,stop,stop,1760,1760,1.8204326932593458,1.8204326932593458,results/mtp5/primary/repeat-0/MATH-500_109.json,results/dflash15/primary/repeat-0/MATH-500_109.json,78acd98a8123e24c2ff128771b51eb4d42633764aaefc6952476677d89e0e00f,a3c9cde9b6b87aaff0a06fe24f91342ad06eb25b616c252559cf33afc6ecc6eb
MATH-500/110,math_500,0,True,True,False,stop,length,6145,8192,0.838595456478333,1.1179453180586663,results/mtp5/primary/repeat-0/MATH-500_110.json,results/dflash15/primary/repeat-0/MATH-500_110.json,fb3ac986a42a062b7b7431006a34450237a2fd43e02798a97a911657b6d3b8d9,ea486d9dadb99e9bedc503081cf44970a95df64300e0e7c64d11c07495c30445
MATH-500/111,math_500,0,True,True,True,stop,stop,678,678,1.6441588509289393,1.6441588509289393,results/mtp5/primary/repeat-0/MATH-500_111.json,results/dflash15/primary/repeat-0/MATH-500_111.json,16486510d1b1a0d175edac0e00e89d22c18afe9d0d01d8a5c213c4eb8d5c74d3,23f11cd5d27dd6397895c620c384918ee0b3ecf7005b162a80ae9055a4d89d98
MATH-500/112,math_500,0,True,True,True,stop,stop,849,849,1.4840024241654595,1.4840024241654595,results/mtp5/primary/repeat-0/MATH-500_112.json,results/dflash15/primary/repeat-0/MATH-500_112.json,5e416b137fa0aef0f443b54ca52ce6da454ea5dc886028f900f14f41f9d55d9f,0521bce455fad0586d224064904d9f27db50ec8c4205cdbdbcaffe4fa2505e60
MATH-500/113,math_500,0,True,True,True,stop,stop,563,563,1.4595273609604036,1.4595273609604036,results/mtp5/primary/repeat-0/MATH-500_113.json,results/dflash15/primary/repeat-0/MATH-500_113.json,76af2bf303c11d3fb250dc70d2d2335ab3d6b0c0738e5b0cdbd39ea20dcc04b2,c57c7296422995236a8bfb968406054c6e83a5f29c8d840ce66d4248cfe0e56b
MATH-500/114,math_500,0,True,True,True,stop,stop,895,895,1.6059941496886356,1.6059941496886359,results/mtp5/primary/repeat-0/MATH-500_114.json,results/dflash15/primary/repeat-0/MATH-500_114.json,83aacc9ed08815746c1e7b639501914348192f9c8be3f291a4c515cd1434f0ed,056877c5c4f692189d0c6bc912fd7664205857565578ff141e14c6a0703bc056
MATH-500/115,math_500,0,True,True,False,stop,stop,678,597,1.532515254238601,1.3494271486437237,results/mtp5/primary/repeat-0/MATH-500_115.json,results/dflash15/primary/repeat-0/MATH-500_115.json,dfc30fe0f15f9986c9bef4d54537944ca00a3a9eb955a7cf0b43f0a30ad98ed5,ad38dc35d83a9f5a3a9292a3eac82d4e77634f67dcfa1619b75b9852e0fd7b7c
MATH-500/116,math_500,0,True,True,True,stop,stop,365,365,1.6507437804369212,1.6507437804369212,results/mtp5/primary/repeat-0/MATH-500_116.json,results/dflash15/primary/repeat-0/MATH-500_116.json,3bd2de88e1c7e43281dcc2574c42e939b4306c0d86ee7dd8cf8bfeef7fdf8b33,2b2a1b0938d021aba283b6decfe6db96f0aed614ca7265c0b907f34170eedba9
MATH-500/117,math_500,0,True,True,True,stop,stop,289,289,1.5014993763090665,1.5014993763090665,results/mtp5/primary/repeat-0/MATH-500_117.json,results/dflash15/primary/repeat-0/MATH-500_117.json,4f438416e95310881affe1c19ed96248a4d4fa0ec326c42e47734b08a9764f01,06588ca86bc023c379a7c7d7a1074c341994cd0fbd317af9c2c19bb10872280c
MATH-500/118,math_500,0,True,True,False,stop,stop,1354,1563,1.3028332551560255,1.5039352864171849,results/mtp5/primary/repeat-0/MATH-500_118.json,results/dflash15/primary/repeat-0/MATH-500_118.json,5f475740fd2e5f69c8bdfb3b91bfde3f5f2ecb3bf6da2114926c769344dc9dc4,e7f0e3469b3172f476f9a975cb399346b0f6249f644347e9279e645bf6795aa2
MATH-500/119,math_500,0,True,True,False,stop,stop,4660,6225,0.8562566770740037,1.1438192735591572,results/mtp5/primary/repeat-0/MATH-500_119.json,results/dflash15/primary/repeat-0/MATH-500_119.json,bffe69c7f25faf7d8895af55b7451e045696be6385637f747af0aa98377e7184,83e72cf3956619ba8b93b19a2042111a8715693bfbc6c416a2ba2060cc07ebfb
MATH-500/120,math_500,0,True,True,False,stop,stop,1347,1070,1.988992049970576,1.5799714131169387,results/mtp5/primary/repeat-0/MATH-500_120.json,results/dflash15/primary/repeat-0/MATH-500_120.json,0052e23b567774cfe56031e33c4b12e02ed3a7a5e117c56cdc83b930fa55243e,5be0277659f50c6389b6b6aa68bd316e5c3425f321dce1c81e06893c479c8e7a
MATH-500/121,math_500,0,True,True,True,stop,stop,335,335,1.6248643255197346,1.6248643255197346,results/mtp5/primary/repeat-0/MATH-500_121.json,results/dflash15/primary/repeat-0/MATH-500_121.json,4b06d93848bba20261ac190512376ef519efb370a6d67058aab32b4ca8e326a2,1984ebad005619dc79a780106fefafe584f53a4818c2137c6c68aabe53dc4a91
MATH-500/122,math_500,0,True,True,False,stop,stop,488,475,1.3581373399059191,1.3219574517526875,results/mtp5/primary/repeat-0/MATH-500_122.json,results/dflash15/primary/repeat-0/MATH-500_122.json,e0af483f46f1aca53650c32f930facc932a79aca5bc0c41997557c4bc6d87f7f,21e90f57f268be165edbc37f51a0a4dcce162fb978afc6b6f2c7415f43714176
MATH-500/123,math_500,0,True,True,False,stop,stop,3632,2685,1.8290038458436275,1.3521132505754792,results/mtp5/primary/repeat-0/MATH-500_123.json,results/dflash15/primary/repeat-0/MATH-500_123.json,bd81d6ead2804e447e7ab042e3f850237d3a1a4425da86b7501a6c006912620d,7db3bfc08ac3190eef9e27635aa1d316d0c7034bd5059a5dad35e5621daa48e8
MATH-500/124,math_500,0,True,True,True,stop,stop,712,712,1.693629765376967,1.693629765376967,results/mtp5/primary/repeat-0/MATH-500_124.json,results/dflash15/primary/repeat-0/MATH-500_124.json,91ae11125901de74ea80ae85152ddda405f1cf7823223627eddec17e1c06740f,d4f92f10ac334c2057aa1fc7530554f5a44b2b4d8098826403719c735712db83
MATH-500/125,math_500,0,True,True,True,stop,stop,441,441,1.4323155517887138,1.4323155517887136,results/mtp5/primary/repeat-0/MATH-500_125.json,results/dflash15/primary/repeat-0/MATH-500_125.json,91f9f6db9dd9338b017af98b4c8f31a68e83d67ae5b18294b7d680948602c079,6c1629632494d0ee22006ee06285b3214eb182da6998404df05772a58a6fc066
MATH-500/126,math_500,0,True,False,False,stop,stop,2595,1831,2.3328376447127237,1.6460214749398834,results/mtp5/primary/repeat-0/MATH-500_126.json,results/dflash15/primary/repeat-0/MATH-500_126.json,ce15b49d05cc9269f0491e1deb94f2128441fdd0fff4d8f7a50cfc6b0a1aa668,3a7a398f68e2553067720bd594621ef7d1c81a42f620531d25a2a3ec96e913d4
MATH-500/127,math_500,0,True,True,True,stop,stop,550,550,1.4885211591295648,1.4885211591295648,results/mtp5/primary/repeat-0/MATH-500_127.json,results/dflash15/primary/repeat-0/MATH-500_127.json,60ffb0860b7e15f0108b7c4aa9c99ca40eb61e45376b6e0f61926feb4ecc992a,fae5525222f3b1a558f0e2e9e5034d2fa6a85526133d571b9f2bc0b0fc4dc5c2
MATH-500/128,math_500,0,True,True,False,stop,stop,1324,2144,0.6426596662421246,1.0406815139147394,results/mtp5/primary/repeat-0/MATH-500_128.json,results/dflash15/primary/repeat-0/MATH-500_128.json,fcd704b8447fd74a00423b1661e97fb789b54703214a4f7e0761b4aa5e2991f1,57f54ec18db0eb4ec69d0b2a4f446a56a10ef849dc3ff7ad655283d7893e8816
MATH-500/129,math_500,0,True,True,False,stop,stop,2223,1435,2.451019432125824,1.5821920310843716,results/mtp5/primary/repeat-0/MATH-500_129.json,results/dflash15/primary/repeat-0/MATH-500_129.json,0c45d515b727ce8eec69334daf926151cd8b327307e95be767380cbddeea6343,3a234d76b0ecd6b02158dc01aa383dc35f3d6a3bfc7958e30fceb3b783f103bf
MATH-500/130,math_500,0,True,True,True,stop,stop,929,929,1.4446948298621274,1.4446948298621274,results/mtp5/primary/repeat-0/MATH-500_130.json,results/dflash15/primary/repeat-0/MATH-500_130.json,e33a4af6bb8b6fccff6631e2cf496f9e7eb7cae6ef7e1eef77d111ffa812cbfd,f836691d2513b593552f8d64c513833d713f1c72e1db4964e510b0e4d08010d8
MATH-500/131,math_500,0,True,True,True,stop,stop,792,792,1.7030268835101663,1.7030268835101663,results/mtp5/primary/repeat-0/MATH-500_131.json,results/dflash15/primary/repeat-0/MATH-500_131.json,85066809d8399dfa349b9d929528e31ee4770329eb6967b711f1a811c7c37193,3d8876138081371a2804a0823e9a06d82cfedd64cf8ecd10e5d2b723ffdb9e44
MATH-500/132,math_500,0,True,True,True,stop,stop,485,485,1.44829490920086,1.44829490920086,results/mtp5/primary/repeat-0/MATH-500_132.json,results/dflash15/primary/repeat-0/MATH-500_132.json,c914cb0b36b0cf85f8c91fd91c5f45ba6d7dd3c4490b3771edfc75bae3c7078f,cf258090375c617d7212d16a2d7c4008088c338516cd7045a9fe30daf94166b5
MATH-500/133,math_500,0,True,True,True,stop,stop,644,644,1.6268413015619396,1.6268413015619396,results/mtp5/primary/repeat-0/MATH-500_133.json,results/dflash15/primary/repeat-0/MATH-500_133.json,353aea699fe28b71727315fce2c3a9e989cbccf9a3c29738ba59fc50e8a45c7a,081e66dcb9a5aa6120a9038e2d1e7f88fa40c18031bbef8f3c967e5d62041ec0
MATH-500/134,math_500,0,True,True,False,stop,stop,911,917,1.4360916969947035,1.4455500396752394,results/mtp5/primary/repeat-0/MATH-500_134.json,results/dflash15/primary/repeat-0/MATH-500_134.json,a99f77b2b565338421ddc4f211954632f37809d09d100096c3b7ab5ea825d17e,98aaeb2a70b871df33e1ddc53f90dc50edeabb43c451d4a5905f5ccd0eca188b
MATH-500/135,math_500,0,True,True,True,stop,stop,787,787,1.2718534109569708,1.2718534109569708,results/mtp5/primary/repeat-0/MATH-500_135.json,results/dflash15/primary/repeat-0/MATH-500_135.json,3d1d171bfdb8fd689990615b16794a623f1fd10099b7317c1da5822b73fb68a6,32734624b9976652143c6e4f8aa225dd393716b8f6c50561eac5984ca95e581c
MATH-500/136,math_500,0,True,True,False,stop,stop,5649,2809,2.7041769322092293,1.3446686143699282,results/mtp5/primary/repeat-0/MATH-500_136.json,results/dflash15/primary/repeat-0/MATH-500_136.json,a6650c8cbcd1ec58b9709b901d3c67f627ea3a8e3e939b5e88ed12408620595f,94a4233ded36eeffb5239bab42d8f0586a1ca956f27ceb5ce5bb3e3696207f37
MATH-500/137,math_500,0,True,True,False,stop,stop,1032,1256,1.1709809127049988,1.4251473123618978,results/mtp5/primary/repeat-0/MATH-500_137.json,results/dflash15/primary/repeat-0/MATH-500_137.json,f79f8f4fb723440818300d25f268e59798220a35c7f5287ebcad14367de826ef,b807279161f66afbacbf43e0b10f60455f1ddfb1c1536cd7ec32bcf75a219e14
MATH-500/138,math_500,0,True,True,False,stop,stop,1884,1361,1.6604759658156154,1.199526427534529,results/mtp5/primary/repeat-0/MATH-500_138.json,results/dflash15/primary/repeat-0/MATH-500_138.json,fa7ecefbdaf9b480c89ac18bda10d1e6209800c1cc696ecbd6a8d5c31f9e90ed,672478bd6b107412da9c85792f8507a2287da513b238c901dd02d883a44b8a07
MATH-500/139,math_500,0,True,True,True,stop,stop,1175,1175,1.6346191455108927,1.6346191455108927,results/mtp5/primary/repeat-0/MATH-500_139.json,results/dflash15/primary/repeat-0/MATH-500_139.json,836dc8f16bc7100372f13e5fc6f2b04413c8cb39eaee3557dd846530bf754b48,c8713c2d9c59a6f4441092ed15a1bd8266ceed94a2461a034ede4ea0579d5361
MATH-500/140,math_500,0,True,True,False,stop,stop,547,568,1.4282697509578846,1.4831027761317706,results/mtp5/primary/repeat-0/MATH-500_140.json,results/dflash15/primary/repeat-0/MATH-500_140.json,679a722bde589923fd6a758235d0c75ad681359b40ec9b31f5e206301baf057c,39f24fbf6e070fe9bcd2afda0e7dc87f7b46717b6b80b233a26add16205d3271
MATH-500/141,math_500,0,True,True,True,stop,stop,413,413,1.1850378100446932,1.1850378100446932,results/mtp5/primary/repeat-0/MATH-500_141.json,results/dflash15/primary/repeat-0/MATH-500_141.json,e43e2b27740c0b736217158169eec2b4eb62fd4ee27a2f422ed1e7872d876069,3eefdadbad95e56a61eee6ad33925822bc5ff2be3f8f6652717e637f91b08a2a
MATH-500/142,math_500,0,True,True,False,stop,stop,677,735,1.2428582760823337,1.3493365331174523,results/mtp5/primary/repeat-0/MATH-500_142.json,results/dflash15/primary/repeat-0/MATH-500_142.json,f0186dc18b21742f8e67e278ad4ea8e8ee4446b4417c5624051793b77186b124,81fe0f86c6a39161890dd9e58e03d7d6dbaba1a907956c8f20ff4d074fda538f
MATH-500/143,math_500,0,True,True,True,stop,stop,925,925,1.8233329810280237,1.8233329810280239,results/mtp5/primary/repeat-0/MATH-500_143.json,results/dflash15/primary/repeat-0/MATH-500_143.json,9da262ba84718e1ceb659acf2bde10dcf8cc322ca7ed416d9894688253616737,ceba304f576daa8c8d58cdcff134f48c2560ef5ce3323d210a9ca17115ad3ab7
MATH-500/144,math_500,0,True,True,True,stop,stop,343,343,1.9161869717969147,1.9161869717969147,results/mtp5/primary/repeat-0/MATH-500_144.json,results/dflash15/primary/repeat-0/MATH-500_144.json,34ce66b06139084359fd513d83ea24f97dc43ad0a660d1c3ae37565e79cbddd2,4915e6269010bd534c13dc4e5d148f3be1c985579b60b9e55f81e672b9557ed2
MATH-500/145,math_500,0,True,True,False,stop,stop,1377,1380,1.4360458247263148,1.4391744648673308,results/mtp5/primary/repeat-0/MATH-500_145.json,results/dflash15/primary/repeat-0/MATH-500_145.json,2a263ae33278d19b8b23bfc48bcf11bca2c486e0bedef284937f60b3e9f669f0,32dfcd9141ed1817dba94cf3217276df29df9add8a626dbc647edff7f5d27608
MATH-500/146,math_500,0,True,True,False,stop,stop,399,398,1.4285871832761838,1.425006764270479,results/mtp5/primary/repeat-0/MATH-500_146.json,results/dflash15/primary/repeat-0/MATH-500_146.json,7f659f4703bdbe978a257d6a30f338b8284f19470b136760cec1e4b126ae0477,82ed5e9fd0c34bfb76c332f63fa567fe42e552f5c4f48db07fdff5a6895d6ebc
MATH-500/147,math_500,0,True,True,False,stop,stop,4595,2101,2.8969170110395117,1.3245751121205689,results/mtp5/primary/repeat-0/MATH-500_147.json,results/dflash15/primary/repeat-0/MATH-500_147.json,2b887e3bcbb463a889c1a58f2ed2ec94af1bb73388030e076ef48b346278feda,211c600811506c7414c99a2d2e21800964d727e8529b1bff0c0906fdd9df7536
MATH-500/148,math_500,0,True,True,True,stop,stop,415,415,1.450162091353259,1.450162091353259,results/mtp5/primary/repeat-0/MATH-500_148.json,results/dflash15/primary/repeat-0/MATH-500_148.json,9367ac1bd909a31b5e1df017eaaad8d803c18f4e8fdcaf2cb274bc176cdfc1ef,666ee1d1e4dd195a4d4b5a1aef4242aafdf891cbafc18c0ac1ec4e536714d594
MATH-500/149,math_500,0,True,True,False,stop,stop,1245,1250,1.6547665546174237,1.6614122034311485,results/mtp5/primary/repeat-0/MATH-500_149.json,results/dflash15/primary/repeat-0/MATH-500_149.json,a60868a60dcd9c729623517dfee8448dac48aebd926eeee9d226a50e233ba00e,27f05cfba6c9530d9bf4c36348838c8cd2e7469174fd986445d97c165eb591a3
MATH-500/150,math_500,0,True,True,False,stop,stop,3767,2925,2.2706426791701384,1.7631085310784858,results/mtp5/primary/repeat-0/MATH-500_150.json,results/dflash15/primary/repeat-0/MATH-500_150.json,93ef7d19aea400669a2a62e784deb5aa437284d038b4e1190414cc2233a5df14,294d3e43136287834cef6b4c9953f5a84e18d3aa5511e618c223991b9c6bb35a
MATH-500/151,math_500,0,True,True,True,stop,stop,1069,1069,1.5658249149376289,1.5658249149376289,results/mtp5/primary/repeat-0/MATH-500_151.json,results/dflash15/primary/repeat-0/MATH-500_151.json,d9148a9adfd8f9549152803e308b431e1916f345af829834ac70e4d58a4692d2,4b9f8d0746748ea3f43d0e27d30682243cf595cf11f4612c7d826ed08ae06055
MATH-500/152,math_500,0,True,True,False,stop,stop,7101,5203,1.7134233831642638,1.2554487906778855,results/mtp5/primary/repeat-0/MATH-500_152.json,results/dflash15/primary/repeat-0/MATH-500_152.json,e1c822aee3fd43f8818a382af968da165770ac2613f6ea437aa29ac9e2557696,13919920276e1b3621c0f46a3191b9c2e22be077e999d2f0467c82b17737ea66
MATH-500/153,math_500,0,True,True,True,stop,stop,1133,1133,1.2939541186773091,1.2939541186773091,results/mtp5/primary/repeat-0/MATH-500_153.json,results/dflash15/primary/repeat-0/MATH-500_153.json,7c7822a200d7f16195790a77f1dbddb64e36adf9e7612542236aca550eea3dc3,140e5076f8b76321cfcdb6390335d8d7ce8f3a9974591f2195eb13238e510ec1
MATH-500/154,math_500,0,False,False,False,stop,stop,7880,3385,2.8697195345378885,1.2327411959912122,results/mtp5/primary/repeat-0/MATH-500_154.json,results/dflash15/primary/repeat-0/MATH-500_154.json,a799bc66857b978b9874febb25bf21344c1c3967f480a8b484fd3176fe995604,789044e08ecdeb60f187aeb89112d75e9f9d30744d1a1ddc4552b9f9da800657
MATH-500/155,math_500,0,True,True,False,stop,stop,756,714,1.5055514169963526,1.4219096716076662,results/mtp5/primary/repeat-0/MATH-500_155.json,results/dflash15/primary/repeat-0/MATH-500_155.json,0b5bb16ec5b0f80f586d796ab862f31d0110004de44d841650f4118c20197fc4,33e931ac1d63ca48404227ec139a84b94063d9e2c14f524b08730a2f03f672c1
MATH-500/156,math_500,0,True,True,False,stop,stop,1700,1566,1.4468925400781927,1.3328433633896761,results/mtp5/primary/repeat-0/MATH-500_156.json,results/dflash15/primary/repeat-0/MATH-500_156.json,cb6d3368d0ad372e0e515da7a753586f56b09a0e21d5912d8dd7f03be9016809,c1a717110309cc9748841bcf84f41882ef409b2a41cfaa8a0e395314e556f999
MATH-500/157,math_500,0,True,True,True,stop,stop,495,495,1.395240247458555,1.395240247458555,results/mtp5/primary/repeat-0/MATH-500_157.json,results/dflash15/primary/repeat-0/MATH-500_157.json,125b932db869f034feed84975c1ef8f47f158abb0beb90c63937ab45f0be3b4a,e9bda1312c4ce80f3e3ded0e951e214ea59979369d08fd4d5390197d5aa1235d
MATH-500/158,math_500,0,True,True,True,stop,stop,643,643,1.4423396657030731,1.4423396657030731,results/mtp5/primary/repeat-0/MATH-500_158.json,results/dflash15/primary/repeat-0/MATH-500_158.json,b15639bc482c2529779eb018ce9be9eb59ee0e639aeaa096fc75f4d948c024ab,3945f4b9336d75f6eea8238bd470da5bc304bcf47d72d43c4ae9683af17875e6
MATH-500/159,math_500,0,True,True,False,stop,stop,663,664,1.5001477632663445,1.5024104295759468,results/mtp5/primary/repeat-0/MATH-500_159.json,results/dflash15/primary/repeat-0/MATH-500_159.json,3f48b2549a82527c155a8bf1ffc9d48111a6de1d9c3a4efcaf26e05a37b7dcd4,214b01ebb92dbeedae6a9643a7d0eba803df0cc99378ce3d1d96a10529b404df
MATH-500/160,math_500,0,True,True,False,stop,stop,550,609,1.1564457799267926,1.280500872682576,results/mtp5/primary/repeat-0/MATH-500_160.json,results/dflash15/primary/repeat-0/MATH-500_160.json,9b7d100495dbc7d56ce6b36925b64cd64bb0987cafa962a252de5553585c987e,859ca9ae33791c481571bb0c0162142a0d0e783e3ee6cbc239a79a18c9f10b06
MATH-500/161,math_500,0,True,True,False,stop,stop,267,266,1.4884446047997386,1.4828699059053574,results/mtp5/primary/repeat-0/MATH-500_161.json,results/dflash15/primary/repeat-0/MATH-500_161.json,e54a88060eeb1793f33ab998e9a8aa6c313ac44f1e8b314fad147d49b09f676e,f180defb7b77273fb2ca06e6d50793441bb05a73108fbaaafae7c5ece9b25567
MATH-500/162,math_500,0,True,True,False,stop,stop,804,784,1.6493987843312743,1.6083689638255216,results/mtp5/primary/repeat-0/MATH-500_162.json,results/dflash15/primary/repeat-0/MATH-500_162.json,3761f953bc8b342c12e5c638ed9521d8127df3834ae3bbcbdcfa2fa2bd460cb3,cb90b1ef069e165353bc329b519fc8c1acbbe3d7520b45905b2c9a6c389836b5
MATH-500/163,math_500,0,True,True,False,stop,stop,896,920,1.418628540869494,1.456627519642784,results/mtp5/primary/repeat-0/MATH-500_163.json,results/dflash15/primary/repeat-0/MATH-500_163.json,b74e1cba58de06578ff0cf4cd75be32f4d5e7853e5fe7f400924f175a6e91963,6efad348a431098294ba73a7cd3249205771b2453b57fb722fabc5efc0050cfd
MATH-500/164,math_500,0,True,True,False,stop,stop,2196,2626,1.4233930305695282,1.70210842362276,results/mtp5/primary/repeat-0/MATH-500_164.json,results/dflash15/primary/repeat-0/MATH-500_164.json,007719cd625c8f25554a6f09c6c42f515529406e963baf34f2a973826e081e31,fea38e073a72eeff7a0d7f0b54ce0c0956e07ca295c4e1fc88708293b12e18f0
MATH-500/165,math_500,0,True,True,True,stop,stop,589,589,1.4100815700648002,1.4100815700648,results/mtp5/primary/repeat-0/MATH-500_165.json,results/dflash15/primary/repeat-0/MATH-500_165.json,312c4aa6c54d9fef47763845c49c8fca4b09124382b8d475ae15fbdd45c782be,3bb27923b19a54873c9e8c72e595b67713f61c562e7c0cdb8cfff5769c89ef09
MATH-500/166,math_500,0,True,True,False,stop,stop,3102,7486,0.3908646999042119,0.9432666484471085,results/mtp5/primary/repeat-0/MATH-500_166.json,results/dflash15/primary/repeat-0/MATH-500_166.json,88ea1df33aec5790458a6d1e28124599df9b2148a6bca445b69cca611fe12c20,7ecfe8ea039bd7cf6e5894f95be836f476f548a1f72b3d29dd84ffe7b36358f9
MATH-500/167,math_500,0,True,True,True,stop,stop,221,221,1.724556637733538,1.724556637733538,results/mtp5/primary/repeat-0/MATH-500_167.json,results/dflash15/primary/repeat-0/MATH-500_167.json,1a54a571a9a0531a3dbef9fe27f1227ce531d4d536c0dab3e892847598e65e51,f9ab7c0941a23492416a822fc7d7608f3263a922dc138aab148f375899eb5766
MATH-500/168,math_500,0,True,True,False,stop,stop,2607,4001,0.7483880771143343,1.1485618321958004,results/mtp5/primary/repeat-0/MATH-500_168.json,results/dflash15/primary/repeat-0/MATH-500_168.json,c23af9e76207f99f7192682a405226192ce79b331cf5647dd7f5c5c508f7d08c,706c24e6c2c4188f4b2a768ff6fae27bb36e9545955c4ed3bd4c0c4c393fe7eb
MATH-500/169,math_500,0,True,True,False,stop,stop,755,725,1.5065203348306004,1.4466585996717687,results/mtp5/primary/repeat-0/MATH-500_169.json,results/dflash15/primary/repeat-0/MATH-500_169.json,fd654e10019c8a035d56cc7e5c86472fd6c8f1b8837863138f5f70ea0b15f22a,9fc6243f55ac9d92cfbf3ad5da4cc3a9d33cd4d193d348423c8810e45c8bec0c
MATH-500/170,math_500,0,True,True,False,stop,stop,3318,3417,1.5304999849063115,1.5761658976566806,results/mtp5/primary/repeat-0/MATH-500_170.json,results/dflash15/primary/repeat-0/MATH-500_170.json,d4fb3adfb2ab81424bd38d7310a8f25c4ffb0fd1022529e46d82465103f9fcbb,edce7d56e7dd07732fa72c37e38dd49399493e667e38315749222f272cf63343
MATH-500/171,math_500,0,True,True,True,stop,stop,329,329,1.5624961114129587,1.562496111412959,results/mtp5/primary/repeat-0/MATH-500_171.json,results/dflash15/primary/repeat-0/MATH-500_171.json,f71df18d4de734ca500726068cdd253325e58cf48d2812badf96ea13d28c1326,a0294e29be9fcd61d4c10989bfadcff46141007992d197ffdb1beb2105b8ba3a
MATH-500/172,math_500,0,True,True,False,stop,stop,719,605,2.0538480739389837,1.728203177653804,results/mtp5/primary/repeat-0/MATH-500_172.json,results/dflash15/primary/repeat-0/MATH-500_172.json,0c57ba13966700455fe438743da1d429e156dd25c9ebab8b53d8d32795578bb6,688c806412dd6d37c831ab0b78844f8bafd49488531e37c38785c86e4af19ea0
MATH-500/173,math_500,0,True,True,False,stop,stop,2441,2659,1.4171960259053262,1.5437624878665557,results/mtp5/primary/repeat-0/MATH-500_173.json,results/dflash15/primary/repeat-0/MATH-500_173.json,24e43bd0e0ef4298abcc69f09511013d49446d120b4a48596fef740e23cbd474,c0f14c70f661c2037074be01decf6ea675c19283f43cef3cd88151955675c3e6
MATH-500/174,math_500,0,True,True,False,stop,stop,635,630,1.364696911728266,1.3539512667540277,results/mtp5/primary/repeat-0/MATH-500_174.json,results/dflash15/primary/repeat-0/MATH-500_174.json,9ec5af25a1e07ac79340073c83abb461685f8055dd50042ba7ea6967c5823e05,1588fc61093a981561ae715baf99c9abf586b84e12a6637dd70d89760fc5c5af
MATH-500/175,math_500,0,True,True,False,stop,stop,1273,1348,1.5337866240827265,1.6241511148967127,results/mtp5/primary/repeat-0/MATH-500_175.json,results/dflash15/primary/repeat-0/MATH-500_175.json,5d083f62af18faf5d02519e1a6da5f0fd9560511a72bf5e0f4d4e29adea24d2a,beccdad0891f3c76e83de77fa7e99305d26d5142ed28242649c123a318ecde60
MATH-500/176,math_500,0,True,True,False,stop,stop,861,822,1.583408728028695,1.5116863814629353,results/mtp5/primary/repeat-0/MATH-500_176.json,results/dflash15/primary/repeat-0/MATH-500_176.json,72524f5291fd864d640e71adc899e7e818d4fbf40a2b51350a06113d8a5a9d9d,90982e1787be1f7444fe601eec8b04c42cf232bf70e69c5ad9698701d2f047a5
MATH-500/177,math_500,0,True,True,False,stop,stop,2632,2809,1.2594353556596993,1.3441314263100665,results/mtp5/primary/repeat-0/MATH-500_177.json,results/dflash15/primary/repeat-0/MATH-500_177.json,3a45263bcb6a8cc02ca05b339803fc6ea45f7af0b9ba7e67f4e6e58c0878bac4,ef1efae4d58a71ea89f43b3adf5e6a032ff4a41a0f4080b04c7fbe2227e2d1ff
MATH-500/178,math_500,0,True,True,True,stop,stop,647,647,1.6821712603562953,1.6821712603562953,results/mtp5/primary/repeat-0/MATH-500_178.json,results/dflash15/primary/repeat-0/MATH-500_178.json,fea58b76f8b730ec6af558332d0bad90525765ec2653d788f627233bd961fe2f,976ddb97778a8028b044c33fc7a6e1d326bb023214c539efe82e2135be896f65
MATH-500/179,math_500,0,True,True,False,stop,stop,1470,1459,1.6093141254716528,1.5972716388184636,results/mtp5/primary/repeat-0/MATH-500_179.json,results/dflash15/primary/repeat-0/MATH-500_179.json,0cb101650631ab62a8f6b680c7cd1b11ace935950a6d935fb0a7c27a5039c313,8df0a31593d5c49ffd569d3e11902f5739a94281f10d085b83489e7836e01bcb
MATH-500/180,math_500,0,True,True,False,stop,stop,729,672,1.8481046729584325,1.703602661492547,results/mtp5/primary/repeat-0/MATH-500_180.json,results/dflash15/primary/repeat-0/MATH-500_180.json,377c08b839df3c16190fcee296348fb875891323bb981f83a5c3573d5f53ff46,6ece31155cd6c45bcb5d0e95c041d17e4c5c6a366752201e351cbaee2af62c99
MATH-500/181,math_500,0,True,True,False,stop,stop,1086,1082,1.5031685219629962,1.4976319896537404,results/mtp5/primary/repeat-0/MATH-500_181.json,results/dflash15/primary/repeat-0/MATH-500_181.json,8a366577004961ff42df48e730da6d6de3a47890cd73d147662b05f8871c771a,fa799380209d5f6667550346166403b67596d0b6080fa8e3acdef81b7b888b88
MATH-500/182,math_500,0,True,True,True,stop,stop,368,368,1.569606839768346,1.569606839768346,results/mtp5/primary/repeat-0/MATH-500_182.json,results/dflash15/primary/repeat-0/MATH-500_182.json,f802cf0257ef407014f5071ee2dd710fbf246dedb197f3db6955b79b3daeb787,ef9fa9fbced26c129b90a37c801a82fa69eba5a56d2e85787b0a915c18feedd6
MATH-500/183,math_500,0,True,True,True,stop,stop,1025,1025,1.5972690650505779,1.5972690650505779,results/mtp5/primary/repeat-0/MATH-500_183.json,results/dflash15/primary/repeat-0/MATH-500_183.json,42909930ceb41cfaaa2226117b06a03b69b2b646b408e0e4bbf6f6dc2358c7d0,8984327faf61c0aa1012eb72d505042bfdb39fffdfdc3712dd139bbb4c2f9cfb
MATH-500/184,math_500,0,True,True,False,stop,stop,1621,2016,1.105963064424983,1.3754605415674064,results/mtp5/primary/repeat-0/MATH-500_184.json,results/dflash15/primary/repeat-0/MATH-500_184.json,f0396904a00c34e7a3eeb2cb8a7a4d802ea5979c9c8cb8f1ec562bd5a4394814,c8652f5f7192360a0e7ad563af846f6ed508060370b9313260d5dcb5b638bdb2
MATH-500/185,math_500,0,True,True,False,stop,stop,283,287,1.5064406843356037,1.527733132170736,results/mtp5/primary/repeat-0/MATH-500_185.json,results/dflash15/primary/repeat-0/MATH-500_185.json,195a87777330314dfa75a602e03fb9c9ea4de1ddec5c3d58a90c3f523b239fac,2ccbc11019c14df175fd831d7605742d317163e4dffaf5c6f067a1ff5ad84670
MATH-500/186,math_500,0,True,True,False,stop,stop,801,845,1.2611195076055612,1.330394486799874,results/mtp5/primary/repeat-0/MATH-500_186.json,results/dflash15/primary/repeat-0/MATH-500_186.json,a65bdaf17d5a15c5a181685796d68099b7a0984dff32c1c138909321385b8482,a534427e4d85b639c3ccdf2ff68933668a0fa4454c4546a778312f8e1b7ccaf2
MATH-500/187,math_500,0,True,True,False,stop,stop,493,482,1.6238245884352571,1.5875932081659105,results/mtp5/primary/repeat-0/MATH-500_187.json,results/dflash15/primary/repeat-0/MATH-500_187.json,905748529cd5f473722dc9ee34126282baf544fb06ac18fc4be6dbb5d4a97e24,985b462b12145903716923182ade1d0bec0d80ef9e5cf6f792308406f0ebf0a0
MATH-500/188,math_500,0,True,True,True,stop,stop,1291,1291,1.5482883815931097,1.5482883815931099,results/mtp5/primary/repeat-0/MATH-500_188.json,results/dflash15/primary/repeat-0/MATH-500_188.json,23def02c6b2cffebdd892cc6b629834851d2455992afa77ede93ce1fa59d2441,50ab1887bab5bc207ee2ead2cd48b50eef19887619f4d085da5812d059c26600
MATH-500/189,math_500,0,True,True,False,stop,stop,2285,2768,1.1577544160621698,1.4024788724989434,results/mtp5/primary/repeat-0/MATH-500_189.json,results/dflash15/primary/repeat-0/MATH-500_189.json,0a08129b9ccb990fa70fb6f4d95ad960060bd516c5e60c2d1eb16335c3decf38,99ea06c2a7e4ad14be7c4c19416a9c5710daed33b39336011cf3b9c0aee0d4b1
MATH-500/190,math_500,0,True,True,False,stop,stop,672,667,1.618267866098074,1.6062271825705587,results/mtp5/primary/repeat-0/MATH-500_190.json,results/dflash15/primary/repeat-0/MATH-500_190.json,ebf123a50d24a9408ac33e1ad6eacbf405c43fcaba7d48bcbcf8be806870e97d,30209d6dabc8a28e196b4809fc1212739f4a8ecf3429f01ceee63bdcbb4290b7
MATH-500/191,math_500,0,True,True,True,stop,stop,325,325,1.6695047283797912,1.6695047283797915,results/mtp5/primary/repeat-0/MATH-500_191.json,results/dflash15/primary/repeat-0/MATH-500_191.json,96e3554f40ab81fbddd3bb6357942bc852f706bfbf388a59c5e94e1b8f544751,89efb4d0b0221c6399d0ec087f39d105804fbea2e908cf4463bb6aa4dca21515
MATH-500/192,math_500,0,True,True,True,stop,stop,855,855,1.5245538581759794,1.5245538581759792,results/mtp5/primary/repeat-0/MATH-500_192.json,results/dflash15/primary/repeat-0/MATH-500_192.json,734591601ebcbdf13829f1be6b4f9f02dc3efcae02f59b566677dd257890c382,9b690d4299f7315ef88588b05b0ad31156affb29f6adbf8be3cc616d3ad9039d
MATH-500/193,math_500,0,True,True,False,stop,stop,1805,1795,1.6424851117335457,1.6333854712253264,results/mtp5/primary/repeat-0/MATH-500_193.json,results/dflash15/primary/repeat-0/MATH-500_193.json,009d0cbd7ddceed6385490c32cd796bb6b2f0e6a0d5424ca31682aca851596bd,5b8b66ca948937118db119ce9cf969c8cba4e6afa642c551fd88f4e496b62568
MATH-500/194,math_500,0,True,True,False,stop,stop,1803,2414,1.1018421845508113,1.4752340729371376,results/mtp5/primary/repeat-0/MATH-500_194.json,results/dflash15/primary/repeat-0/MATH-500_194.json,ce0dc263f02ae163ca9f90684983014b9603b946560d907e399f539d861affca,a982760a65b52b7cefcedcdc758664ddbd2ae64bbd13c935530c7e0bca76e752
MATH-500/195,math_500,0,True,True,False,stop,stop,930,941,1.630401739788783,1.6496860614421986,results/mtp5/primary/repeat-0/MATH-500_195.json,results/dflash15/primary/repeat-0/MATH-500_195.json,87b9af9d5fc47ad292fceb577466ba18bd29f0f747f2222ce06f7d9ec3e7dc43,f713995c5384c4c7b1f421a4b4ceb562d8e9da8b193e616bf0765ddfa2b7464d
MATH-500/196,math_500,0,True,True,False,stop,stop,511,509,1.4587611487266579,1.45305171174534,results/mtp5/primary/repeat-0/MATH-500_196.json,results/dflash15/primary/repeat-0/MATH-500_196.json,c98b7be3377e866175d5bedc50b06a34f623bc94c0b65575150258d5c26329d2,98a395e43591db4c4d3fe2c4cf6f97beeb3c92760de880154629266e733ec2f0
MATH-500/197,math_500,0,True,True,False,stop,stop,1855,1654,1.9398732029325576,1.7296766995420216,results/mtp5/primary/repeat-0/MATH-500_197.json,results/dflash15/primary/repeat-0/MATH-500_197.json,c7a718f6fe46e50699d5c5dcbde32aab8b20e06c4fbdf394141655a6721e5256,7a10e777bbb9c54afb76102edb7dbb84def8f35ea52f018e025d588d2ec418ca
MATH-500/198,math_500,0,True,True,False,stop,stop,585,560,1.32180266068057,1.2653153674890927,results/mtp5/primary/repeat-0/MATH-500_198.json,results/dflash15/primary/repeat-0/MATH-500_198.json,40ef682c871931487a8102a0d5f0186681db1fe5b378c4bd627333f6d7c15c49,1f9bb2a83d94a551a8760e4079580a6bb49654c50bb90f25a6544c2a1e4d6fdb
MATH-500/199,math_500,0,True,True,True,stop,stop,397,397,1.6806585006660009,1.6806585006660006,results/mtp5/primary/repeat-0/MATH-500_199.json,results/dflash15/primary/repeat-0/MATH-500_199.json,a5d829013cb7eb4d002484d1ef8457e03e93deda29cf5c8d7982ee9031bff3d0,cac8706867a8a18a4b00ab7b3f55e4d064307ca4577039c9234836500a076643
MATH-500/200,math_500,0,True,True,False,stop,stop,576,647,1.4911757493217046,1.6749838711999008,results/mtp5/primary/repeat-0/MATH-500_200.json,results/dflash15/primary/repeat-0/MATH-500_200.json,526cf7f157e8f2fd81baeba7fc373d94b136d0470b6cb82dad1a2ee83a01571b,a7489e00cf2732c6e195139cf1b6b4931ca2233f35b07cbee89760cd1d8e4404
MATH-500/201,math_500,0,True,True,True,stop,stop,1027,1027,1.591824058145439,1.591824058145439,results/mtp5/primary/repeat-0/MATH-500_201.json,results/dflash15/primary/repeat-0/MATH-500_201.json,0d5d61d4db11c0ba4941f833cd8c07395668ac1ed422feaa000e27016e8ae5aa,655e9b6da091adc8f4e07cc686ee3d2b9a491f31caaeac07dc52d5e22779ca9f
MATH-500/202,math_500,0,True,True,False,stop,stop,1134,1403,1.09878410085255,1.3594304175450862,results/mtp5/primary/repeat-0/MATH-500_202.json,results/dflash15/primary/repeat-0/MATH-500_202.json,9b1a47a8b8384cd2e82af8ac63259af5b0e9788e8c16bbdc7daf784f6fb66672,cc882486eb28abd04bd7b893190ca7d13899fb6235ff350286c36775845a1aed
MATH-500/203,math_500,0,True,True,True,stop,stop,691,691,1.5821095193253616,1.5821095193253616,results/mtp5/primary/repeat-0/MATH-500_203.json,results/dflash15/primary/repeat-0/MATH-500_203.json,ed3545d9edc4c20105a08ffe6ab8b50ec1293238dee12d5259668413916a2b3a,c3e0616b62c5038b5f46a389b90295c0b768a5c6bb2d33a97e381b6cba1fa04d
MATH-500/204,math_500,0,True,True,False,stop,stop,4587,5712,0.8820339162472328,1.0983600892967504,results/mtp5/primary/repeat-0/MATH-500_204.json,results/dflash15/primary/repeat-0/MATH-500_204.json,a5284d4f4ebf5bbb4fdec4e0af5af0ea72393f86ef46e0298b5c4faf03b1f8a1,b168a50365e0c73b922775439595978e83c7c073be5e98e90ebed3bb9e14d843
MATH-500/205,math_500,0,True,True,False,stop,stop,1329,1376,1.7548135595674983,1.8168724288674776,results/mtp5/primary/repeat-0/MATH-500_205.json,results/dflash15/primary/repeat-0/MATH-500_205.json,c0938c66128df31460385391ca8b1aeff543ef236551d021461ba39cbabad7ec,7fe3b75e14666957d94c7167ce7087ba450bc98941ac415472d4456906e71a31
MATH-500/206,math_500,0,True,True,True,stop,stop,489,489,1.7574418673312517,1.7574418673312515,results/mtp5/primary/repeat-0/MATH-500_206.json,results/dflash15/primary/repeat-0/MATH-500_206.json,a1cd370b1bc557bdcd6cf8753a6107105eddc0f24d3fceb9fa7bb7d9ca84266e,95ecefdb0b98dff4d98880acc3de883209badf21dc847ef2bdd60f6466bee2be
MATH-500/207,math_500,0,True,True,True,stop,stop,588,588,1.4027298874241483,1.4027298874241483,results/mtp5/primary/repeat-0/MATH-500_207.json,results/dflash15/primary/repeat-0/MATH-500_207.json,4f2a59c490974003a29ae03dcefe04236401c999beffec5a941dc5e6e2122ab4,6dd4ffd2c6c1b4461d79d5ca6571a9d5a32217b209c99a012498b65861f074fd
MATH-500/208,math_500,0,True,True,False,stop,stop,589,517,1.645366991518865,1.4442355426404978,results/mtp5/primary/repeat-0/MATH-500_208.json,results/dflash15/primary/repeat-0/MATH-500_208.json,ef3f8a96290b37271f29a53ee25947a9281b2955d99d6e2081d05f2e7cb67447,a0129e6d25e0800f9664e8a991ee94f8dc64352da9f011cf2da954912f8afa9d
MATH-500/209,math_500,0,True,True,False,stop,stop,1096,1194,1.467815952774838,1.5990622697200334,results/mtp5/primary/repeat-0/MATH-500_209.json,results/dflash15/primary/repeat-0/MATH-500_209.json,9af56187f5f3e410745b9dc932d4f6d284cc9c0d507a21099911f5854a60528a,f959df01282abaa33ce3627bc348c2574b9dcb08dc97a485c2f43e8306082691
MATH-500/210,math_500,0,True,True,False,stop,stop,2546,3974,0.8279683785765117,1.2923591266547754,results/mtp5/primary/repeat-0/MATH-500_210.json,results/dflash15/primary/repeat-0/MATH-500_210.json,8cb3532387385c615453c35995b36870c1fa5c0543dc16b89277540bad8d5547,0934d350aeba529651005479deec288d8540d478de8023f72841dc3d61d7d3e8
MATH-500/211,math_500,0,True,True,True,stop,stop,554,554,1.5593416019676138,1.5593416019676138,results/mtp5/primary/repeat-0/MATH-500_211.json,results/dflash15/primary/repeat-0/MATH-500_211.json,e79483498925e3d5545162e649e9a9101c7bbe09f82d5fd6e8dd2b97197e25a1,00d3757d23a876949d2da0a386473d572bfe32237c489dc6130a891e251b23dd
MATH-500/212,math_500,0,True,True,True,stop,stop,657,657,1.5767053896665957,1.5767053896665957,results/mtp5/primary/repeat-0/MATH-500_212.json,results/dflash15/primary/repeat-0/MATH-500_212.json,ae104a2027f3f18de5c567cca199f697ed17236fa51999f8bd49b6b4ff1d2551,ea441761c4317d2df27e825ea40e097979a4d4df50a8466d7307827a8cc1c94f
MATH-500/213,math_500,0,True,True,False,stop,stop,1953,1385,2.295189693477255,1.6276690862601115,results/mtp5/primary/repeat-0/MATH-500_213.json,results/dflash15/primary/repeat-0/MATH-500_213.json,e019a8c5eb19337c0ea7c0c6ab28997a46aa318e436923c5a5b91bb4dfaaab8e,8e7c6d2b0b055210723bf711cbf564a540efeb801ed092f460299beebac1c70d
MATH-500/214,math_500,0,True,True,False,stop,stop,1047,1047,1.6649761209460017,1.6649761209460017,results/mtp5/primary/repeat-0/MATH-500_214.json,results/dflash15/primary/repeat-0/MATH-500_214.json,f4d3a7ac7f49eea1eefd0a880575fed2ba3234c94a141133210955038270c52b,fd33aea8c5338c81b4e4a8ec75a2d07a9f0b26403e020ed2363ca439b572a050
MATH-500/215,math_500,0,True,True,True,stop,stop,716,716,1.6780490508525623,1.6780490508525623,results/mtp5/primary/repeat-0/MATH-500_215.json,results/dflash15/primary/repeat-0/MATH-500_215.json,e1a3eaf25969ff9a85849a7c0b6d46aedc8d64b3235ac3310d607311421e848d,148118d674ff6409610573271a4d708383f60c35a199c83320548da7c3789651
MATH-500/216,math_500,0,True,True,True,stop,stop,476,476,1.4984793003516559,1.4984793003516559,results/mtp5/primary/repeat-0/MATH-500_216.json,results/dflash15/primary/repeat-0/MATH-500_216.json,8ae74d20eb68037563adbd9f5cfe6c68a4942e4cb143a47bd332108e0da6f4fb,0e8eaa66e583011a1c019b5e1e43a5c3b873252cc33a3266c420b5ee1d9c0bdd
MATH-500/217,math_500,0,True,True,False,stop,stop,2324,1960,1.3968786533817534,1.1780904305629245,results/mtp5/primary/repeat-0/MATH-500_217.json,results/dflash15/primary/repeat-0/MATH-500_217.json,9a79a26e36cb9126c7b7ca4ddb2efd529d85479b8df088b099f72be650d8f0e6,c99a29a1fef1a23bc90c91c52ff90bf953318de23b5808cf78def957abffeb73
MATH-500/218,math_500,0,True,True,True,stop,stop,248,248,1.5908512196506743,1.5908512196506743,results/mtp5/primary/repeat-0/MATH-500_218.json,results/dflash15/primary/repeat-0/MATH-500_218.json,1f4f24c911a37ad2317780ded3359cc5e6ea9add7e3a422dac507f473cf458dd,ef7fb544d5c111692dc7335e5c03e4be8eecf427eedd9f7dadc0dece27b751e2
MATH-500/219,math_500,0,True,True,False,stop,stop,4077,3211,2.0235077979962037,1.5936923079141059,results/mtp5/primary/repeat-0/MATH-500_219.json,results/dflash15/primary/repeat-0/MATH-500_219.json,ee23e942a325b973a21c232eb28518877af1bedd764dc288d97a52914f592e8c,f744f68157cee205bf0fab3ed0c51ee8bd369ad403c2673eeff704968eab7575
MATH-500/220,math_500,0,True,True,True,stop,stop,502,502,1.4903079326758184,1.4903079326758184,results/mtp5/primary/repeat-0/MATH-500_220.json,results/dflash15/primary/repeat-0/MATH-500_220.json,6af0de92d03dadaa0804e8cd5c662a6caf0d5fe7ef57e5ffb3969b90a7dde117,c69d1e858514dcc2bb590142b8968f7d956ad27a4f9bdbdf56cf71d2d3631442
MATH-500/221,math_500,0,True,True,False,stop,stop,1109,1096,1.6593401476595084,1.639888910581444,results/mtp5/primary/repeat-0/MATH-500_221.json,results/dflash15/primary/repeat-0/MATH-500_221.json,0b72078d7e7c5b531ec4669a242156efc3bc54bbac7f02c73258af0cf39d4158,96bf4e7f673585e4deb8d113a3def741d1cb0ed0aaacbb43af00ba39bee1f8e2
MATH-500/222,math_500,0,True,True,False,stop,stop,2427,2438,1.1655029520517348,1.1707854128974577,results/mtp5/primary/repeat-0/MATH-500_222.json,results/dflash15/primary/repeat-0/MATH-500_222.json,c3dc0a448691a1002c35b4790e4ea2b9a6a6522c39dec6ffd9b348343c1cafe1,b0c420a174d4cec88bb857409552c55174b6325c9051e7f2a2fc7f4b5f9ce4fa
MATH-500/223,math_500,0,True,True,False,stop,stop,1040,1011,1.3663499673678927,1.3282498240470573,results/mtp5/primary/repeat-0/MATH-500_223.json,results/dflash15/primary/repeat-0/MATH-500_223.json,22b37cd6e10b456d2f74d8c0e7afdb052dd6e81bebc5ceccd51b0469e8c48cf8,de31f156df7e2a1ce0ca76b59c8d51b596281e9c2c956743ec48a882ce27acd9
MATH-500/224,math_500,0,True,True,False,stop,stop,1062,1080,1.660207503795651,1.6883466140294754,results/mtp5/primary/repeat-0/MATH-500_224.json,results/dflash15/primary/repeat-0/MATH-500_224.json,f5128015e39ed61c6b1eff8f47edd5d99cebdee78e3ba024eccc1510048bed9e,97b4a52305864693a4ef68aa4ebb3792736dfa6269174a1c89f3b4e31022e64f
MATH-500/225,math_500,0,True,True,True,stop,stop,748,748,1.6936793763307043,1.6936793763307043,results/mtp5/primary/repeat-0/MATH-500_225.json,results/dflash15/primary/repeat-0/MATH-500_225.json,d95cd177f97b8da626ddcebeb6f8fe31e71402e85e9f8d9a0122aee9dff37a87,855602e8e16cd93b97580071ecdf2767790cd85487d04d3d1d3ab8952da5afad
MATH-500/226,math_500,0,True,True,False,stop,stop,906,941,1.202528081280287,1.2489833603584437,results/mtp5/primary/repeat-0/MATH-500_226.json,results/dflash15/primary/repeat-0/MATH-500_226.json,83f190a1e390cb53e432f88d38477c2a129b14d0aa4349f8801d13e9c96db2db,7794e4dd28488bbd657dbadd4a8ebd491d608ee4de91fe72cab67d020ff7a4e9
MATH-500/227,math_500,0,True,True,False,stop,stop,548,549,1.1206261441684149,1.1226710823877002,results/mtp5/primary/repeat-0/MATH-500_227.json,results/dflash15/primary/repeat-0/MATH-500_227.json,c7814d6ef102157f20b3acb3a24d2c05a27f9b40f307e64865aa99131ec2cfd4,0eea8d1f59720e963d9fd65dcd6f45cea4ed6ee39fc52b7ea81bf65d73fc6b87
MATH-500/228,math_500,0,True,True,False,stop,stop,1606,1609,1.8226202616812637,1.8260249072510293,results/mtp5/primary/repeat-0/MATH-500_228.json,results/dflash15/primary/repeat-0/MATH-500_228.json,b0d24cc1e2cfb27c9dd5f589b0effe17756fcf5d964d3cd3fc9acb003df80552,881bb193578cd85542bf4d00fbabb0f55eb7abeec2b60ed19fae0e13c62c5a6c
MATH-500/229,math_500,0,True,True,True,stop,stop,512,512,1.2810559929951033,1.2810559929951033,results/mtp5/primary/repeat-0/MATH-500_229.json,results/dflash15/primary/repeat-0/MATH-500_229.json,985758168989ba299afd6e0d447eeb5c3c9a9b29cd743bffa40e11e958811236,13c86a89a1bedad4e9ed5b58276642edc9efa2c1cd85ad62289eae15c94e4537
MATH-500/230,math_500,0,True,True,False,stop,stop,992,1000,1.4640921311930157,1.475899325799411,results/mtp5/primary/repeat-0/MATH-500_230.json,results/dflash15/primary/repeat-0/MATH-500_230.json,a870c92cc34917e82472596d28107ab750ce27b5fc2e73eb4f73c8d8961bf497,1fa9cc4522d6c5e611fad0219310339a0edb972dbade9f93df0282a9374eab83
MATH-500/231,math_500,0,True,True,True,stop,stop,1054,1054,1.660194139127497,1.660194139127497,results/mtp5/primary/repeat-0/MATH-500_231.json,results/dflash15/primary/repeat-0/MATH-500_231.json,5cacc6b76b89bff19a284a7bcd454c8a3b4a8c983155eea8effae7402ca27485,726dde8810c4f3193e473e778fb53f8288ff6887f18ef55f87d4b1b77d7922ab
MATH-500/232,math_500,0,True,True,False,stop,stop,1778,1828,1.2789036796609299,1.3148683500675926,results/mtp5/primary/repeat-0/MATH-500_232.json,results/dflash15/primary/repeat-0/MATH-500_232.json,df3e4d00acf690d5770ce0602fc768b3d0b0ac2fab75ffdeb66e432b547ef57f,913172c6b2617b2ea1468ef90b2913bf22de4d993c42f2f2d5567efaa39ccb38
MATH-500/233,math_500,0,True,True,True,stop,stop,686,686,1.6576436366878173,1.6576436366878173,results/mtp5/primary/repeat-0/MATH-500_233.json,results/dflash15/primary/repeat-0/MATH-500_233.json,31fc2a1ac2e2a9fe3a14e590ae7eb391b240b53b442f6fcfe3c24de912b3964c,90af39a582ee0b8821cf6f5c75d77e8d73296ab7f876f4aab16fbe0e09b9f408
MATH-500/234,math_500,0,True,True,False,stop,stop,1247,1298,1.6123675835202809,1.6783104437925618,results/mtp5/primary/repeat-0/MATH-500_234.json,results/dflash15/primary/repeat-0/MATH-500_234.json,1fb0fe5d2aec6013af1bd76799ffc68e2db9a25675b798ebeac1215f86bb451d,0e2f7d1d30e36265697cec5ac74c8d772dcf5974f01cd37f4ee01c79503799e4
MATH-500/235,math_500,0,True,True,True,stop,stop,474,474,1.5045668006162143,1.5045668006162145,results/mtp5/primary/repeat-0/MATH-500_235.json,results/dflash15/primary/repeat-0/MATH-500_235.json,8d99fb7262c88963989610399f509332dc0338720c8bf1773c6d064c00b59f53,98089c25aeb09750a1fa06e3524cf83a6e09137f51e35d6e03b60893ec1cc38d
MATH-500/236,math_500,0,True,True,False,stop,stop,2704,2834,1.385704222086781,1.4523246173794147,results/mtp5/primary/repeat-0/MATH-500_236.json,results/dflash15/primary/repeat-0/MATH-500_236.json,692b460f50853668b1881c4cc26171d14a23e8b846262ae2f9602fa889ca894f,73801051fb23112f74247b070b1f6306336919246c401028a1b2f004344e230e
MATH-500/237,math_500,0,True,True,True,stop,stop,801,801,1.4987199648651284,1.4987199648651284,results/mtp5/primary/repeat-0/MATH-500_237.json,results/dflash15/primary/repeat-0/MATH-500_237.json,e4cbc9b85976b8d6f9fd45dc8c629a3349081dad3488a37974ec071dedf0cfe9,40dfef7ed9e1d1146ae066c5fab4f60a11d774d820befdc70bfa3f4aa11e9544
MATH-500/238,math_500,0,True,True,True,stop,stop,1021,1021,1.4444903149055834,1.4444903149055834,results/mtp5/primary/repeat-0/MATH-500_238.json,results/dflash15/primary/repeat-0/MATH-500_238.json,c4b008812ade27b11f1e0d8cba8c2cef0030c448e22a54f9963d80cf1d8b7fc0,9ac4c7e6fd797005c627e9c71912503473de55d063ab5f6359ee93d11656caac
MATH-500/239,math_500,0,True,True,False,stop,stop,3806,4810,1.018728749978745,1.2874632914865378,results/mtp5/primary/repeat-0/MATH-500_239.json,results/dflash15/primary/repeat-0/MATH-500_239.json,9ec1999bdf58d373d2e57638454113efb7d0a3bbc952375b53570efe2441475c,633e2a370de1b1b7ad9e1dffcb65ba0c9db0db972fb8cc4d383101dd77a35e56
MATH-500/240,math_500,0,True,False,False,stop,stop,7375,1228,6.934601961872259,1.1546699944649672,results/mtp5/primary/repeat-0/MATH-500_240.json,results/dflash15/primary/repeat-0/MATH-500_240.json,d0508b0ff4af3f3928fd5cbf798601547bdf8a0ebc14064eeabd00e7cd9ed25a,bb177a17e12c55b163e5cee7c922da56fa9ffcc34e9d0c8cb9491d77175f9d77
MATH-500/241,math_500,0,True,True,False,stop,stop,1044,1044,1.49244740768977,1.49244740768977,results/mtp5/primary/repeat-0/MATH-500_241.json,results/dflash15/primary/repeat-0/MATH-500_241.json,5bab6db4ce69f3afcdbd766aa338afe70d632cb9b6185c57907f90dcb979dc4e,45026e2040593c5d68ebaf69f1d04777dba4a711e7c84bacc485f922f2040c52
MATH-500/242,math_500,0,True,True,False,stop,stop,521,521,1.4366236431975934,1.4366236431975936,results/mtp5/primary/repeat-0/MATH-500_242.json,results/dflash15/primary/repeat-0/MATH-500_242.json,62efe213bed087b8c3e0b931e3135ac4b04aea1f8d60e0522b546060a1e36a87,be478831aa3696be9839538078b9f5d526057868e80187b7fa6204ed2245f9e8
MATH-500/243,math_500,0,True,True,True,stop,stop,454,454,1.4673170797945823,1.4673170797945823,results/mtp5/primary/repeat-0/MATH-500_243.json,results/dflash15/primary/repeat-0/MATH-500_243.json,6b7abac1bffb531eb1aa933cf3e85dc005325bc1eca1bbeb34c2f5e85044bcc8,d17844eec4e835d71f13bd79fb67724c5a4fd6be24490f771367d93d80b5e253
MATH-500/244,math_500,0,True,True,True,stop,stop,811,811,1.4926082788861794,1.4926082788861794,results/mtp5/primary/repeat-0/MATH-500_244.json,results/dflash15/primary/repeat-0/MATH-500_244.json,0842543be604ef5d34ca1738c0eb60dc42f6c6cd3589a83fd5a83a285dde167a,9ff3858648512128d22f16a15a19cdd434689eeb09516cf0350921e94846817a
MATH-500/245,math_500,0,True,True,False,stop,stop,1417,1400,1.812269153218703,1.790527039171619,results/mtp5/primary/repeat-0/MATH-500_245.json,results/dflash15/primary/repeat-0/MATH-500_245.json,2c518979d84db70835d0eab1eea8408a76b6e884cfdde6d7c6a3564958d39d4a,cbe132909072ac6c2dc57f7f5505da2ca4fc4f86e28388db06b3a4dea0b7c2d0
MATH-500/246,math_500,0,True,True,True,stop,stop,569,569,1.400232814157892,1.400232814157892,results/mtp5/primary/repeat-0/MATH-500_246.json,results/dflash15/primary/repeat-0/MATH-500_246.json,364f9d6d2c59e61c3ec21221edc7ff756d32534ac92923a23f8c9fc7831d8918,c2aab25a420ed7d516b176d8592a060d0629b56e2855fb3cd89d4802a0e8cf60
MATH-500/247,math_500,0,True,True,False,stop,stop,871,944,1.3950559333201589,1.5119779575823538,results/mtp5/primary/repeat-0/MATH-500_247.json,results/dflash15/primary/repeat-0/MATH-500_247.json,a24ebc13800167e7fc5c179ef5fbad946cf4564478f57698cf8d6e7225740e13,487f943b3d973dd4a7e7329d9b35c2ff5233454d1f4df6b8ce248bae631b8837
MATH-500/248,math_500,0,True,True,False,stop,stop,1700,2704,1.0395165978675405,1.6534428709610762,results/mtp5/primary/repeat-0/MATH-500_248.json,results/dflash15/primary/repeat-0/MATH-500_248.json,39e7df631387dc707d326a9ca9a4d72d2b446667dba4d40a0379db5b25228783,5e948b51970e97b85ba998f41b39d45afb483b7a88465aa0b813e4221e82cb38
MATH-500/249,math_500,0,True,True,False,stop,stop,919,900,1.5057213102586624,1.4745910546602787,results/mtp5/primary/repeat-0/MATH-500_249.json,results/dflash15/primary/repeat-0/MATH-500_249.json,2868e96b97f31ad40ba3a1b9662c195791fdea8009f74a9d3cbd99921fcf851f,64e5df4301b903324dd02423f6c8a88ada33feffc365281d557a79d604743fe4
MATH-500/250,math_500,0,True,True,True,stop,stop,748,748,1.6902425975958688,1.6902425975958688,results/mtp5/primary/repeat-0/MATH-500_250.json,results/dflash15/primary/repeat-0/MATH-500_250.json,8d0b2b52339e30746bc7865acfd4efdeee21effa5983a17e7d06159cb31d776a,d1fec2c7a4402d7408781effb5cdcab6fc2fc20f02b23c9fbad188a6e0181544
MATH-500/251,math_500,0,True,True,False,stop,stop,1621,1193,1.7584594305136287,1.2941653921053418,results/mtp5/primary/repeat-0/MATH-500_251.json,results/dflash15/primary/repeat-0/MATH-500_251.json,92deb78060b509aee28473bd05550bbd95e0722ea740aba16c4b82930330d080,d2e7a13161fccca446fe13b2156472fb43dceefbffd93664512b73b94124e536
MATH-500/252,math_500,0,True,True,False,stop,stop,771,783,1.793691110995421,1.8216084823727816,results/mtp5/primary/repeat-0/MATH-500_252.json,results/dflash15/primary/repeat-0/MATH-500_252.json,ec24f4f5e42fc3b160264285a3707a7e57c3a99f4a258c2a656106db3dc5a00e,aa3f1956f47810d291721183bd495267c0ac304b85f0beacee2728b02aac8a8a
MATH-500/253,math_500,0,True,True,True,stop,stop,281,281,1.7423352528347935,1.7423352528347935,results/mtp5/primary/repeat-0/MATH-500_253.json,results/dflash15/primary/repeat-0/MATH-500_253.json,2d25ec41c8cdcdccdd2051132d57d8101f5f9c6d7df59349a4f8f2a99b1bbb44,5224677f3356b014c308d7dd703c691f46b576fe2e994ca4ca9118ee50470581
MATH-500/254,math_500,0,True,True,True,stop,stop,910,910,1.5837065271258337,1.5837065271258337,results/mtp5/primary/repeat-0/MATH-500_254.json,results/dflash15/primary/repeat-0/MATH-500_254.json,ba6c93048cd63a946d634c82fe429868e21f660d66b22c00bf3840700d3844da,8b04565b9c17a124d30c48f143f06ceccb84324daccde67761b64aafb164dc56
MATH-500/255,math_500,0,True,True,False,stop,stop,456,636,1.0704269722913593,1.4929639350379487,results/mtp5/primary/repeat-0/MATH-500_255.json,results/dflash15/primary/repeat-0/MATH-500_255.json,731fe053f20d304f2df44511f44a8a5a3ccd15f4c6801e4f404736443f88c7da,d4d09ba3a7a53477389415357692e5142b411a880d5a5de37353be2d6cc58c01
MATH-500/256,math_500,0,True,True,True,stop,stop,551,551,1.4910150461162728,1.4910150461162728,results/mtp5/primary/repeat-0/MATH-500_256.json,results/dflash15/primary/repeat-0/MATH-500_256.json,8e43d0ac15a75e30fd06c66ef787a07c08e402c4b052eba1882d7d87fbe51bba,ea6411aad9d07bdc46f94df05c9a26a6013ca5cc42b72fd750046e024ee3ed5c
MATH-500/257,math_500,0,True,True,False,stop,stop,549,529,1.4275544076397273,1.3755487825890995,results/mtp5/primary/repeat-0/MATH-500_257.json,results/dflash15/primary/repeat-0/MATH-500_257.json,873bdb6297e09c88cdd44aac85c6f4ca16060ea24a5a1204d18d6bbc62ad58d6,45e0c60cdb0ab3336057ab1953c9d1927f8948f29c3b22a40a2c3c5e5e47b18c
MATH-500/258,math_500,0,True,True,True,stop,stop,649,649,1.461177377687131,1.461177377687131,results/mtp5/primary/repeat-0/MATH-500_258.json,results/dflash15/primary/repeat-0/MATH-500_258.json,b318ff6203dd5385ae97e6478558c9034505945b98b1306a0ab58db6052ae945,7873b5cc3cc38e9a95c6195d8b3275c93db3a8966b71baf3fbd8335cac441203
MATH-500/259,math_500,0,True,True,True,stop,stop,284,284,1.3817640008357766,1.3817640008357766,results/mtp5/primary/repeat-0/MATH-500_259.json,results/dflash15/primary/repeat-0/MATH-500_259.json,a0dd30f4499660ea08aef42eb10fb685f95d4853ece67e942fded90c3e4901a9,9eeb4b9adedc61de7de15f95a97e3119b003d56d9543f0fb6a5d6de7208583bf
MATH-500/260,math_500,0,True,True,True,stop,stop,852,852,1.7539321236754166,1.7539321236754164,results/mtp5/primary/repeat-0/MATH-500_260.json,results/dflash15/primary/repeat-0/MATH-500_260.json,f22c92ce1a5aff920139a05ca6076a8e500fa0e0c853d77b990bf0541d639156,b61f8187fa29d81ac745ee81fc00aa267566dcaea68d21a242f1fc5bb95d2a5b
MATH-500/261,math_500,0,True,True,True,stop,stop,411,411,1.2788671911197818,1.2788671911197815,results/mtp5/primary/repeat-0/MATH-500_261.json,results/dflash15/primary/repeat-0/MATH-500_261.json,397b192080b2a5cbd486f19768df082de1eaa55ff1a92b30a72ab985240070bf,c48aad7a13ff35490b296931cc02c76230f5717f8bc34a9abcfb05432ebf8a3c
MATH-500/262,math_500,0,True,True,True,stop,stop,323,323,1.5033589701301542,1.5033589701301544,results/mtp5/primary/repeat-0/MATH-500_262.json,results/dflash15/primary/repeat-0/MATH-500_262.json,ae246fb3f65b714306c5a2cddf4bc9b5a038ad2199b9edb5b478b7afb7d7907e,1990cb9d0a5c637bdcb2609f383055c48e48fc7c2908ad07f449ecc072984e7f
MATH-500/263,math_500,0,True,True,True,stop,stop,591,591,1.5348429490171625,1.5348429490171625,results/mtp5/primary/repeat-0/MATH-500_263.json,results/dflash15/primary/repeat-0/MATH-500_263.json,6e201ac3833bceb499728f2934f38ca30827ca2747753779881706494bde069c,72e7f7b07b5f01877e45b3d05eb5c6244a2d197ba3cd5641874103d9d92ef1b0
MATH-500/264,math_500,0,True,False,False,stop,length,5632,8192,0.6934854380385796,1.0087060916924795,results/mtp5/primary/repeat-0/MATH-500_264.json,results/dflash15/primary/repeat-0/MATH-500_264.json,1578a7761155e295460f5fa303a0cd6bcb95bacaca9da21073fb4cbc1115b2d0,f10ed93f6a041374057b21b3bd5c9b0717f2ff1759469ac05b96e7aef8cd38ad
MATH-500/265,math_500,0,True,True,True,stop,stop,436,436,1.519821470528655,1.519821470528655,results/mtp5/primary/repeat-0/MATH-500_265.json,results/dflash15/primary/repeat-0/MATH-500_265.json,c11630146cf60b2a5e0db813d79b68cc5f7a7648faa9b8af45d5c0136f95d7fd,67a2344827d0249fe17fa77f31c16b672561ae8dcd2d1f14182a75c127cf3180
MATH-500/266,math_500,0,True,True,True,stop,stop,510,510,1.319518976224624,1.319518976224624,results/mtp5/primary/repeat-0/MATH-500_266.json,results/dflash15/primary/repeat-0/MATH-500_266.json,207eb75aa60813493e850d48b160baaa2fe6cbba47445f37b08e62370d67a998,c59d68ebf0c7bfb16a5f3e410940d9d1e4dd22ca27a2b63016da47951317d0e9
MATH-500/267,math_500,0,True,True,True,stop,stop,618,618,1.3703237738464389,1.3703237738464389,results/mtp5/primary/repeat-0/MATH-500_267.json,results/dflash15/primary/repeat-0/MATH-500_267.json,293a1d9719845af83699d13460089bb2e4602344635508fa2afd28e6460c4064,98612d6e8e985085cf99089493c961dcd5d9ea082154ef5a5fc1391a6087b80a
MATH-500/268,math_500,0,True,True,False,stop,stop,562,587,1.4476194783548637,1.5120153626233188,results/mtp5/primary/repeat-0/MATH-500_268.json,results/dflash15/primary/repeat-0/MATH-500_268.json,38012077df99b57c9986be4fa6a5e7e22b5548562636aa0fed3bb3159431d8e4,3617e87fb8ba7eb645a2e60fa0faaa1c5732526b64c531a57304a3540e36be1a
MATH-500/269,math_500,0,True,True,False,stop,stop,423,408,1.5027778254155486,1.4494878316064868,results/mtp5/primary/repeat-0/MATH-500_269.json,results/dflash15/primary/repeat-0/MATH-500_269.json,c5c633fa13b69446cb2eb68b66c5d823d9f146f47f7c5fc6af75de510f4de3a7,34ee0245b5ca06eccf54e7b2820c03280771eefb73e1f50a018ff14c7f36b1ae
MATH-500/270,math_500,0,True,True,True,stop,stop,570,570,1.5295706715177269,1.5295706715177269,results/mtp5/primary/repeat-0/MATH-500_270.json,results/dflash15/primary/repeat-0/MATH-500_270.json,615690dcda231be08a94e458473437799a089bb8ab1e082ff32daecfba3a1f4e,cf1ef4b15c50bdde10bc01c3492211d00c1fb4d05a0026682660ede6481c17a6
MATH-500/271,math_500,0,True,True,True,stop,stop,579,579,1.5834080048013515,1.5834080048013515,results/mtp5/primary/repeat-0/MATH-500_271.json,results/dflash15/primary/repeat-0/MATH-500_271.json,3af0b654be204e7da9afe94324dd768d9c15a6fe8442c92f807723746e8fa7ee,0d2d596e392f32e72397a9ff10887b8d169963a9a3dcb1a27bff7193309d3b32
MATH-500/272,math_500,0,True,True,False,stop,stop,1138,1128,1.4235470292163492,1.4110378286081215,results/mtp5/primary/repeat-0/MATH-500_272.json,results/dflash15/primary/repeat-0/MATH-500_272.json,6b2a4797ecde4155556a93bd6c04a2879789db0744175f2403e2503555ff51a8,525a6c60848c0a76235c9466033712c081140928c433685e4f1d2141d0760492
MATH-500/273,math_500,0,True,False,False,stop,stop,751,685,1.4237824672371533,1.2986564448168443,results/mtp5/primary/repeat-0/MATH-500_273.json,results/dflash15/primary/repeat-0/MATH-500_273.json,54020e6ec89e93285e60e673ac2e2ebe1801375f5cff22473808d4c70fb478f9,3e4939c1f5ce19f33d32a41b130b91a037b5baf7bc5c17ab06d98970cc18b784
MATH-500/274,math_500,0,True,True,True,stop,stop,779,779,1.1763691774479843,1.1763691774479843,results/mtp5/primary/repeat-0/MATH-500_274.json,results/dflash15/primary/repeat-0/MATH-500_274.json,875fa3a61edbd5ec14e16db17c70ff0ba3573df7341d358bdd5e9ce0940bd366,87bbc0432cf24ae2470284a9a4fcf45c13846c815e814f4132ec4801066d3586
MATH-500/275,math_500,0,True,True,True,stop,stop,316,316,1.579542634679266,1.5795426346792658,results/mtp5/primary/repeat-0/MATH-500_275.json,results/dflash15/primary/repeat-0/MATH-500_275.json,4374b5eeefa67ea7ebc955b441e6df36085f7c6ea2b657d73a33487e508896b2,4517e1863c8c67e1e8e70f151c84442c0c1ca837630b55b3874efcea0e1019c8
MATH-500/276,math_500,0,True,True,False,stop,stop,997,1062,1.2542193011819165,1.3359888644485407,results/mtp5/primary/repeat-0/MATH-500_276.json,results/dflash15/primary/repeat-0/MATH-500_276.json,9a32ae29c45be546dad5307679039fb74383a667bd428f8efc8a93ebbf57a074,f5899fff5100bbf04c6e71833d93b53fd1a84774a6ced0a0962605ff64718ca2
MATH-500/277,math_500,0,True,True,True,stop,stop,418,418,1.1490772572796353,1.149077257279635,results/mtp5/primary/repeat-0/MATH-500_277.json,results/dflash15/primary/repeat-0/MATH-500_277.json,f94103e71a4d1d790fb761df0cd5a89993c96fb241a950cd4908bfcba396cf61,506f63337677e391459fa570442edaf8994bffc9636e22efc0c50d3aa333b7f5
MATH-500/278,math_500,0,True,True,False,stop,stop,669,668,1.5210457979287129,1.5187721868705235,results/mtp5/primary/repeat-0/MATH-500_278.json,results/dflash15/primary/repeat-0/MATH-500_278.json,926befe6111f3a5d4aee9e48bcee11502f59a50c1aef99f1d9b527d814759eab,f3b1bcf6850236a08d20f3eded5928bf9fbdcee146d5a6dcc668544333a35f07
MATH-500/279,math_500,0,True,True,False,stop,stop,680,681,1.6720408418820785,1.6744997254730816,results/mtp5/primary/repeat-0/MATH-500_279.json,results/dflash15/primary/repeat-0/MATH-500_279.json,bcdbac474249a11cb5a0fe3e7a06f72a69b5fb4261ecf6c0336b5cf76eebe70b,5c4511c2bb295dfb445a710953c76131eb562cc4219170c71b4d08ad4ca9a27e
MATH-500/280,math_500,0,True,True,False,stop,stop,650,750,1.18346941776367,1.3655416358811576,results/mtp5/primary/repeat-0/MATH-500_280.json,results/dflash15/primary/repeat-0/MATH-500_280.json,a8248edb7ba084670b5fd00a2fa7fec6df780be88e09dc7beb8fdc59aa4bfb54,9323ea10bcac3d90f29c04264417884aae1aa96af43a554b8e6ef7ebeae7921b
MATH-500/281,math_500,0,True,True,False,stop,stop,5485,6569,0.9247932721351966,1.1075600737750424,results/mtp5/primary/repeat-0/MATH-500_281.json,results/dflash15/primary/repeat-0/MATH-500_281.json,0f6236e32a560bebe8816b2e7e627bfa61e27c8736cd86dfd3ea1ea96db6e3f9,fdeffbe2ed059404da89e39e2d91f20d20dfc6c7c4a81c8fb7360c2767b7f29a
MATH-500/282,math_500,0,True,True,False,stop,stop,806,739,2.008110102692398,1.841182836091417,results/mtp5/primary/repeat-0/MATH-500_282.json,results/dflash15/primary/repeat-0/MATH-500_282.json,395050e020f5d69982462efc9d9a68c70cd27b4300a097976d6a45eab9a24a56,d0d29479e13bf492ef08ffa862c2d02ae52dbcdc154de5db8df3b1ae44422774
MATH-500/283,math_500,0,True,True,True,stop,stop,460,460,1.364051675688559,1.3640516756885592,results/mtp5/primary/repeat-0/MATH-500_283.json,results/dflash15/primary/repeat-0/MATH-500_283.json,2db1563b77a243cb52f346bcf6407f3d478bcade1b0f52c87322b95c87dc8827,d3634bc0d8b016bd24f15c75078448f571102ccf52dd4ba3eeb503a7cab800a5
MATH-500/284,math_500,0,False,False,False,stop,stop,3136,3468,1.4382934195965957,1.590561728048786,results/mtp5/primary/repeat-0/MATH-500_284.json,results/dflash15/primary/repeat-0/MATH-500_284.json,d525d6b80e5da8dd35350fb6a0cb156c9722bcb33267b2c607578d571ba3e0d2,cc27d7c4c65ae74de5197d6575158bf92bd9be8dd58d98e0227e34f64354aabb
MATH-500/285,math_500,0,True,True,False,stop,stop,1903,1868,1.4437890916051777,1.41723490442379,results/mtp5/primary/repeat-0/MATH-500_285.json,results/dflash15/primary/repeat-0/MATH-500_285.json,aa58d4395988ea756533d790a2a716c092264a17f6f770e38a0d420238cdac01,527c05e777278aaff0e75b7f603499d63690547157b7d941bd2ffffbc9b48e8b
MATH-500/286,math_500,0,True,True,False,stop,stop,4187,4365,1.3807606865636628,1.439460328839357,results/mtp5/primary/repeat-0/MATH-500_286.json,results/dflash15/primary/repeat-0/MATH-500_286.json,018d85507bff07a23cf029866a54094849b1975e11e6409bd7e2f5a2294fee89,e04d6bf3f1cc3a8ac678b87e505151709b621c9930998544ca51ec72d65dd26d
MATH-500/287,math_500,0,True,True,False,stop,stop,1095,1117,1.3981592720081037,1.4262501432265315,results/mtp5/primary/repeat-0/MATH-500_287.json,results/dflash15/primary/repeat-0/MATH-500_287.json,23e3296d27a3522008e0507a20debf3fe39151f80376f2a3504aad462f87805f,fcd6bedc8b558558f235bc6ffaac3b6a40e829e565d612b76943a2698766c228
MATH-500/288,math_500,0,True,True,False,stop,stop,1406,1415,1.6624026138136867,1.6730438823231626,results/mtp5/primary/repeat-0/MATH-500_288.json,results/dflash15/primary/repeat-0/MATH-500_288.json,9e2f35fa364083b326475ceeb92c04531066d6a90de92456079533684b80cf58,7e96543e5fc35a698fc294c73125ee2a7fab04d5d3914cfe7023abdb3376e88f
MATH-500/289,math_500,0,True,True,False,stop,stop,1303,1294,1.6138229769659886,1.6026760799646886,results/mtp5/primary/repeat-0/MATH-500_289.json,results/dflash15/primary/repeat-0/MATH-500_289.json,8bf971f4a9139f2646061e5353bacb0d1e23df9b12ebaee5753a72c9a9de5d60,66283ef4d55ba90c802300f03614ea31d0e430ce18d34fe5c300ff8645bf532e
MATH-500/290,math_500,0,True,True,False,stop,stop,996,966,1.8668380873409223,1.8106080244692078,results/mtp5/primary/repeat-0/MATH-500_290.json,results/dflash15/primary/repeat-0/MATH-500_290.json,2f8993a04ca2ca6981c9138aadd7ceff7dbad680a1105874c082d54ff8ddf297,c79a31bdcc96d7a02f84dc4805831faf93d92422ae4a552bf0d963f948612c14
MATH-500/291,math_500,0,True,True,True,stop,stop,682,682,1.432584697235514,1.432584697235514,results/mtp5/primary/repeat-0/MATH-500_291.json,results/dflash15/primary/repeat-0/MATH-500_291.json,4c7d0716ea0d39fe7345af9617fa661855c27b886bfa103cd1f6211dc250d838,d9e0bdde90c3a321674090d8ce9e3a45156d21f59b2b0250cac16dc6c21dc523
MATH-500/292,math_500,0,True,True,False,stop,stop,1884,1732,2.182508445622043,2.006424961686507,results/mtp5/primary/repeat-0/MATH-500_292.json,results/dflash15/primary/repeat-0/MATH-500_292.json,66378918d67655a9cb26a3b5c59ce6254de3f8d7612b2a44a05631162598fae0,30c9e2ccc92df94ec7fbb32ce370b56bc582d703456a0b7e5229efc9f31c89ca
MATH-500/293,math_500,0,True,True,False,stop,stop,609,582,1.7052395914569263,1.6296378361706585,results/mtp5/primary/repeat-0/MATH-500_293.json,results/dflash15/primary/repeat-0/MATH-500_293.json,8d5dd2940e19a78bf6413b75ba5291e944f50845ded86ea4c99ce5dc3f8b6da8,86b078954b34ac6a9f6dc57692b23bc60cf84b8601944078391bdd2e3047c8b9
MATH-500/294,math_500,0,True,True,False,stop,stop,1283,1740,1.0420177794878576,1.413180776546276,results/mtp5/primary/repeat-0/MATH-500_294.json,results/dflash15/primary/repeat-0/MATH-500_294.json,8b11d6321fb6a5c311c48e917effd771baec63f7cd0960a01218dbadc6c9be8f,09f1b2face4ba4f39d0efa1b8b701b6a21f177ff40a59212625548db0d90d706
MATH-500/295,math_500,0,True,True,False,stop,stop,1395,1384,1.3836893721489107,1.3727785598954068,results/mtp5/primary/repeat-0/MATH-500_295.json,results/dflash15/primary/repeat-0/MATH-500_295.json,19f11b61e960870217dd172e4e986c8739998024feef047785bc3812e5714487,c1bf8d80c9f6b5a746e8c9a93a971af58a251cb935954628fd945909eaa3804e
MATH-500/296,math_500,0,True,True,False,stop,stop,1162,1425,1.1068520579997967,1.3573702088207489,results/mtp5/primary/repeat-0/MATH-500_296.json,results/dflash15/primary/repeat-0/MATH-500_296.json,4138244bea05831e023066b890936ccf9c845fc5309c779f9bd750c7ff5ff190,75fb0eb483cb01b0d4c2bab956885f40a021a8fca0a50d28ea7a40675f6f0c34
MATH-500/297,math_500,0,True,True,False,stop,stop,980,887,1.542298484454119,1.3959375058273507,results/mtp5/primary/repeat-0/MATH-500_297.json,results/dflash15/primary/repeat-0/MATH-500_297.json,983b9252877457471e5b02dba272bd9bfd7f071a87df92c48676f230df37c7dc,8feeb84bf5ab07dbc7dd734068bdcd7d6fa79315adaa021d6d733e3e74617862
MATH-500/298,math_500,0,True,True,False,stop,stop,1616,1318,2.2693441155055734,1.8508635793541741,results/mtp5/primary/repeat-0/MATH-500_298.json,results/dflash15/primary/repeat-0/MATH-500_298.json,e41341e00dd20584416788b7b6f5c89cda795401ceb6e21032f4821b56895d50,0949c3034426bbbc466f7489c3fd0555f1ac91c90cccc9150b3c613bbb2bae65
MATH-500/299,math_500,0,True,True,False,stop,stop,732,730,1.5402777356791177,1.5360693265652403,results/mtp5/primary/repeat-0/MATH-500_299.json,results/dflash15/primary/repeat-0/MATH-500_299.json,762dec2b6c0cb5002547b8f5893d331e4a3c75421e5cd932f7bd3b5068464b37,e2fbb996b300418fc9afe436e1d32c28d165954d09f76daa7bf036bc61b88ce9
MATH-500/300,math_500,0,True,True,False,stop,stop,631,659,1.0131514396665144,1.058109031284046,results/mtp5/primary/repeat-0/MATH-500_300.json,results/dflash15/primary/repeat-0/MATH-500_300.json,8ea66e67cdfa5c7ecfb3b629f5494d64355fda71bbcb8a0e445a3c56d4c109de,0c12ae45791a2b6cbe5dc7a88a5d7d237f0448c901a6fd805500924639a4a26a
MATH-500/301,math_500,0,True,True,True,stop,stop,650,650,1.4510530879178007,1.4510530879178007,results/mtp5/primary/repeat-0/MATH-500_301.json,results/dflash15/primary/repeat-0/MATH-500_301.json,57fbbdd7472f4c4e803a19325c11a3a803adc80492e21d1f9d971fda8234be6a,87f38384af4e2384d68ccaf06e698b20c8e505523fae2b38511c94f5b1dab6d6
MATH-500/302,math_500,0,True,True,False,stop,stop,989,2193,0.6870983743057951,1.523565960417198,results/mtp5/primary/repeat-0/MATH-500_302.json,results/dflash15/primary/repeat-0/MATH-500_302.json,8be55ea4a05378488351f51f7f3e879d1d913d64676cc156c0a45235bf24e236,eadcf87221e4870c930e367c1b6677d1b9137426988d7db5482959abbb72cec8
MATH-500/303,math_500,0,True,True,False,stop,stop,1374,1193,1.522362897077548,1.3218187308686424,results/mtp5/primary/repeat-0/MATH-500_303.json,results/dflash15/primary/repeat-0/MATH-500_303.json,2a71b99d3937448cb38d1511c3430898fbf2f37e7eab2533f3ce02e3cdad4e7a,f9a380ef08677044c5deeb24325df0231b77d7a8b671f0949e0c8ade4231e45b
MATH-500/304,math_500,0,True,True,False,stop,stop,1123,1105,1.765737970866434,1.7374358484482721,results/mtp5/primary/repeat-0/MATH-500_304.json,results/dflash15/primary/repeat-0/MATH-500_304.json,138f0db5687f6080977b3ad1a7903419a14c2ffeb957d7055654cf0580d8c94f,6819110a20dc1a62a481db2daf33b0c79287ed66e6530025d9972b7c2691c7e6
MATH-500/305,math_500,0,True,True,True,stop,stop,783,783,1.7396632297284063,1.7396632297284063,results/mtp5/primary/repeat-0/MATH-500_305.json,results/dflash15/primary/repeat-0/MATH-500_305.json,7e85ae3b060e628dbd0ba5ba3c2af53bd97326e201ff269f5e49b0a1b21b4f8d,c9e9cf966e0df23f30afe8f9120d3cbaa294d2e9c54da851b83a9af5597a19d2
MATH-500/306,math_500,0,True,False,False,stop,stop,4574,2352,2.8828107142150854,1.4823722780572544,results/mtp5/primary/repeat-0/MATH-500_306.json,results/dflash15/primary/repeat-0/MATH-500_306.json,4e8f2ece9dcee86fd011a3176636408f179188c387134770fd77751bd0a10628,6757c602814e9d6f42ec71c43e6b63751a68a46c88be4e1ea66a21bbce339fba
MATH-500/307,math_500,0,True,True,True,stop,stop,643,643,1.3029844009327354,1.3029844009327354,results/mtp5/primary/repeat-0/MATH-500_307.json,results/dflash15/primary/repeat-0/MATH-500_307.json,613ee0ce22fcb3ae85c5ef9cd5d94d1391ed61c591b8782ca28a338689e426f5,9100e1200acf06c59148629afd943a00591bf7a66326e588586ac77a6d0f0f61
MATH-500/308,math_500,0,True,True,False,stop,stop,4513,5471,1.0711112933202191,1.2984821373265938,results/mtp5/primary/repeat-0/MATH-500_308.json,results/dflash15/primary/repeat-0/MATH-500_308.json,5432006c87c45cae5701ea42f17882c2d7331153f1ca423f8d56fa741936642b,974f8ab49d8d2e20e1d216e4cb0a6a31ce14c8551b0e0a8283c0f9d7c561dc71
MATH-500/309,math_500,0,True,True,False,stop,stop,1646,3353,0.6606091364785254,1.3457001425349302,results/mtp5/primary/repeat-0/MATH-500_309.json,results/dflash15/primary/repeat-0/MATH-500_309.json,c0e29892255364e6b65f56da276677e7bae51bae8dcada872ccc89ab1fc4d397,4bae0eeba034f6e0ba2eb36bd410f7483cc861addd4dbc169c44246391d66230
MATH-500/310,math_500,0,True,True,False,stop,stop,673,752,1.4136306112842183,1.579569420038235,results/mtp5/primary/repeat-0/MATH-500_310.json,results/dflash15/primary/repeat-0/MATH-500_310.json,a43f19331000f38dccce8d07a2cf59aae6d7ecea2093d10a6b42420bea33c794,c10f743e2ff78871927f9f91a560ffa66bc907a1c279deeb7cf685e6c51289a6
MATH-500/311,math_500,0,True,True,False,stop,stop,1207,1194,1.820280742646643,1.8006753991052953,results/mtp5/primary/repeat-0/MATH-500_311.json,results/dflash15/primary/repeat-0/MATH-500_311.json,df27adc87b6ae9e1f74cad1c2fdfba13e9300be31519a6a18fd3f4f741fe8319,48137f4f93b38d77607a67a7807e59f6224c5adef0ff4366012e46bcd44263dc
MATH-500/312,math_500,0,True,True,True,stop,stop,323,323,1.2608045691253444,1.2608045691253444,results/mtp5/primary/repeat-0/MATH-500_312.json,results/dflash15/primary/repeat-0/MATH-500_312.json,53b8705b3087cacf154b9d715a58931280a1ff95181db9a8e185ec72a3d561e2,96238d85363285bba12921c7109678880a37e0dd218c40c4c51831f19b37b4b0
MATH-500/313,math_500,0,True,True,True,stop,stop,419,419,1.3914408946639265,1.3914408946639263,results/mtp5/primary/repeat-0/MATH-500_313.json,results/dflash15/primary/repeat-0/MATH-500_313.json,2a6d1b33343998f902bb72856c88136437757b72e875194456800e04faf27659,8d760dcc8aa48886d9cd669bfb71cc7276571d6a9ba091ce551e28628985ce0c
MATH-500/314,math_500,0,True,True,True,stop,stop,454,454,1.5274047050792143,1.5274047050792146,results/mtp5/primary/repeat-0/MATH-500_314.json,results/dflash15/primary/repeat-0/MATH-500_314.json,0e296ef0862ec7730e4c0dbec502dbfe2f11a98cb0ee8fc9f74c1615c71882a7,14af1a13ee8ffaacef7a2a3ef6359e1257de1275458c0739752c9e6adf2199f2
MATH-500/315,math_500,0,True,True,False,stop,stop,1064,1235,1.1132330804279973,1.292145539782497,results/mtp5/primary/repeat-0/MATH-500_315.json,results/dflash15/primary/repeat-0/MATH-500_315.json,c942c2739ce04ef7130eed45f3e0fc2ff5cf3067105f915d13de78ddeb04d0d1,38ca309072f172474390a40eca1e5ef3b00c412d18d1a0f30017f55834a694fd
MATH-500/316,math_500,0,True,True,False,stop,stop,973,912,1.8239450748676491,1.7095970280362756,results/mtp5/primary/repeat-0/MATH-500_316.json,results/dflash15/primary/repeat-0/MATH-500_316.json,2dd18568fdf4597d2f9e7525b8d5ad66ec65ce6b36d592261afca3edb49ba618,16c1043bbebeefec8cf77d04bbd636a5aa70aefb5ca8ac557a1be679ab596df7
MATH-500/317,math_500,0,True,True,False,stop,stop,1748,1774,1.3936167669964723,1.4143456205101497,results/mtp5/primary/repeat-0/MATH-500_317.json,results/dflash15/primary/repeat-0/MATH-500_317.json,f597d8d765f4646bac9cb17c2f140a2dee615c5afa374588597b80ab09edb70c,4e5b93d20d183258bfd2e047d4a160772959898fd57600210f924599927e57f3
MATH-500/318,math_500,0,True,True,False,stop,stop,636,569,1.744469594266439,1.5606968539899433,results/mtp5/primary/repeat-0/MATH-500_318.json,results/dflash15/primary/repeat-0/MATH-500_318.json,079cd98ecb165c8ee622be1973116446291a7e7f8549147f4ee53e5327c0ed70,f766c700f026c8f2b9d39b44e3f91d0e519ad7fc343e515d9419c8a7d0e2d227
MATH-500/319,math_500,0,True,True,True,stop,stop,363,363,1.4823806897684342,1.4823806897684344,results/mtp5/primary/repeat-0/MATH-500_319.json,results/dflash15/primary/repeat-0/MATH-500_319.json,d8c0be6d0fcdcf1af9691c21698483e3ed2c70b4ad8a6ad9daed6c277cafbc4a,7841c525e18d24ccde81e148c6093f3569d29ee0e47a37cb0b83e6bad13c7583
MATH-500/320,math_500,0,True,True,False,stop,stop,897,884,1.3890081696238241,1.3688776164408702,results/mtp5/primary/repeat-0/MATH-500_320.json,results/dflash15/primary/repeat-0/MATH-500_320.json,2e2af9d46ae67e3f16475bbb328b5f4be1d9ec459a6a66c9bc64d375f2bc1c78,6fb195f1c37f4d13a6f3d10a3fb4ebf9c5c46e8ef9b69a2a8158d16838b89858
MATH-500/321,math_500,0,True,True,True,stop,stop,678,678,1.3967220070412072,1.3967220070412072,results/mtp5/primary/repeat-0/MATH-500_321.json,results/dflash15/primary/repeat-0/MATH-500_321.json,416edd579a97b5fef065f591350b2f1c024fc176e154d5ce29d94bc5e424d74e,9a02012207b0ea94b0f91f40d465a994341fa8716cd053bee3221c28fe7bd645
MATH-500/322,math_500,0,True,True,True,stop,stop,415,415,1.560276099143917,1.560276099143917,results/mtp5/primary/repeat-0/MATH-500_322.json,results/dflash15/primary/repeat-0/MATH-500_322.json,0351c40b32f86fbf51764dc648fd21c01525b925de1e5cac7ae459735281e0ea,7c740e059e94d23a58ea27ccb7b19a84941a38be0e63f9fda123876dc259c84f
MATH-500/323,math_500,0,True,True,False,stop,stop,1580,2165,0.8220672664052169,1.1264402732704397,results/mtp5/primary/repeat-0/MATH-500_323.json,results/dflash15/primary/repeat-0/MATH-500_323.json,0b4bc7917a9dbeb84dae3570f3d24b39345ebf7c5bfe966181283d5cffa15609,2abd66f021e6aedd8edec01d345b0cec07c2dc4ac413391a05f5433d08d8628e
MATH-500/324,math_500,0,True,True,True,stop,stop,1236,1236,1.3333575826787623,1.333357582678762,results/mtp5/primary/repeat-0/MATH-500_324.json,results/dflash15/primary/repeat-0/MATH-500_324.json,17d44c5a18cf9eafafaf1295a6a9be13cc087385db0d916e7aea18f2d461ec44,fbb9b9045e4b50e65ebd4d96447012f0d4f4dfe718a2f85b7acf95205556a5e5
MATH-500/325,math_500,0,True,True,True,stop,stop,505,505,1.6083448107109337,1.6083448107109337,results/mtp5/primary/repeat-0/MATH-500_325.json,results/dflash15/primary/repeat-0/MATH-500_325.json,40b0e5c0b893f6891c625a183b6d80ce0251ce339be92401cdeef11b7b50a91a,25339219ca86328864d435b91be2dc593b0902ec3f5da1a2a3a80b982dfa3f87
MATH-500/326,math_500,0,True,True,False,stop,stop,1470,1389,1.7550031970626776,1.6582989392653464,results/mtp5/primary/repeat-0/MATH-500_326.json,results/dflash15/primary/repeat-0/MATH-500_326.json,cf44f43de792fa7632a7295a1fc1951e18dd37ca365697567e64d1f122169f34,b2c50ffcb1a9bfcbee7803a698c14b68d58c971e369d60541af1b74bb21072f7
MATH-500/327,math_500,0,True,True,False,stop,stop,2159,2150,1.7587807499672712,1.751449102561201,results/mtp5/primary/repeat-0/MATH-500_327.json,results/dflash15/primary/repeat-0/MATH-500_327.json,f8f80837c44ebd9a576b798a0eb3b615c7fc3cb4b4a26371b0410cef6bf8a554,3d1ea5f56550234db36cf38c06f5753b68d828dbfd3d6dc80dd239eeded37adc
MATH-500/328,math_500,0,True,True,False,stop,stop,1905,2291,1.0109378874021555,1.215778845164482,results/mtp5/primary/repeat-0/MATH-500_328.json,results/dflash15/primary/repeat-0/MATH-500_328.json,dc1f2e672e5881d52e93e787de2875f51110ab73c97c4a6f6ca748952f137348,e17ece03d76f9c9971124edaf1a9b38b9a6eeab7503b33949fad697edc0134e5
MATH-500/329,math_500,0,True,True,True,stop,stop,404,404,1.3304721148327165,1.3304721148327165,results/mtp5/primary/repeat-0/MATH-500_329.json,results/dflash15/primary/repeat-0/MATH-500_329.json,e8e88a0b5e48202ec4d93a4d506f455791cb1cfbbc799b5277cbfa8816bdc433,60e048fe88be92e8f062b0a6ed93a6ed099fab537cd1ddd6f20140a42229c0d3
MATH-500/330,math_500,0,True,True,False,stop,stop,1223,1215,1.643474936496346,1.6327244871979234,results/mtp5/primary/repeat-0/MATH-500_330.json,results/dflash15/primary/repeat-0/MATH-500_330.json,870910956846d1dacc15979db07949531f1969bf0c5c4f5841a9a200a0cdbc7d,594433406fdcea5a9868e2c023b11a5abfe8f8972611bde8d5f32611cd59bfa6
MATH-500/331,math_500,0,True,True,True,stop,stop,1207,1207,1.7053565698949387,1.7053565698949387,results/mtp5/primary/repeat-0/MATH-500_331.json,results/dflash15/primary/repeat-0/MATH-500_331.json,3427c19dda935118e917a3e7316f6404cb20361d11803cd860281c179c25b5ae,d84b79ed62bed09790de0d6f0af017fba09e4e5afaf0343f935933ec9cf01e23
MATH-500/332,math_500,0,True,True,False,stop,stop,1029,1068,1.3145239073122184,1.3643455131287163,results/mtp5/primary/repeat-0/MATH-500_332.json,results/dflash15/primary/repeat-0/MATH-500_332.json,bd76a6cd9739ad44b1c3b4e9b42ae545cd4515e3136b9d67942ee3f5dab64230,b68f372b67a8264f2c4d50dfb3078aa1b833b4f15fa296e77dbad0e0ad596d07
MATH-500/333,math_500,0,True,True,False,stop,stop,1220,1094,1.5519285296572463,1.3916473864303505,results/mtp5/primary/repeat-0/MATH-500_333.json,results/dflash15/primary/repeat-0/MATH-500_333.json,bfbdfe2dbc5d0f5933c122cf27615ac37db0a59dc767466c79d40fd973d1a76a,0f7c4482636b486a6e8ac399b132ec3780e9f2c29d309148ccaf3cc9a0a2f2fd
MATH-500/334,math_500,0,True,True,False,stop,stop,627,627,2.002597713818846,2.002597713818846,results/mtp5/primary/repeat-0/MATH-500_334.json,results/dflash15/primary/repeat-0/MATH-500_334.json,a80af0ebbd403bdcd15fda56a649cee9d3d0b188ae1aeaaa0b756a53a9036e3b,a8a88567026f53d686ec342b61656acc4d327278b706c85fdfd7c0a07a84ce7e
MATH-500/335,math_500,0,True,True,False,stop,stop,937,888,1.6544700351818349,1.5679502574615467,results/mtp5/primary/repeat-0/MATH-500_335.json,results/dflash15/primary/repeat-0/MATH-500_335.json,6234d79dc13d869287dd05a46f4a94decac00d5786afa24eeb9c5f4f31c58818,00ce5173b25c4db19b07d60729ad59312322d5dc257505f2d6fdd0787e868793
MATH-500/336,math_500,0,True,True,True,stop,stop,241,241,1.8127664292355954,1.8127664292355952,results/mtp5/primary/repeat-0/MATH-500_336.json,results/dflash15/primary/repeat-0/MATH-500_336.json,bb671f5a98b5440e11336156231ae1c810674f3912360f9b3fa038aba8af511f,83d15c2939dd3f4eb672346c141d7e77b980379046304c53ae779f2bb045d07b
MATH-500/337,math_500,0,True,True,False,stop,stop,549,548,1.2542891331169803,1.2520044534573864,results/mtp5/primary/repeat-0/MATH-500_337.json,results/dflash15/primary/repeat-0/MATH-500_337.json,245300069db3ed3dcc59ea19ca26f799ea75339cac93d0c446b6045a03ef30b0,3be2559585f8c943e6ed0be6c9cd4632ff9d1ca5a46d97e01c067d4007741020
MATH-500/338,math_500,0,True,True,True,stop,stop,507,507,1.565665470327198,1.5656654703271982,results/mtp5/primary/repeat-0/MATH-500_338.json,results/dflash15/primary/repeat-0/MATH-500_338.json,576bb65228b3bb36e72aaa7e45fff373abf95fef44bbcc70312b5eef27338126,da760c228dc7fdafb96feb05e119f59622dcdc426a9af7ef37385e03cff151b6
MATH-500/339,math_500,0,True,True,True,stop,stop,1468,1468,1.372027924037863,1.3720279240378632,results/mtp5/primary/repeat-0/MATH-500_339.json,results/dflash15/primary/repeat-0/MATH-500_339.json,b1ecece165eef7d35ef57d1f1bb05547bdd66c0137750cc0c8cf0b995318ab7f,25e0ad3969c6769f5f330a23922eacf591de9d50cb52c04769a1a02b79bf7f62
MATH-500/340,math_500,0,True,True,False,stop,stop,4531,3611,1.8320464735666409,1.4600573418779828,results/mtp5/primary/repeat-0/MATH-500_340.json,results/dflash15/primary/repeat-0/MATH-500_340.json,7e7af0ebe9bcf3604e493fbbc3f31bbbbf13db7ad2d450e737bf9587633dbadc,fe0dfea3c797c799b936cce3166bf19f78783f37b670debf4833a0dc6ea17a67
MATH-500/341,math_500,0,True,True,False,stop,stop,528,533,1.3908201982542003,1.4039908440710014,results/mtp5/primary/repeat-0/MATH-500_341.json,results/dflash15/primary/repeat-0/MATH-500_341.json,91fba1a0935e0b0b81f5b856188772997dbe57ebeaddd636ae95f1d3d4f05e2e,295af6bd90d025779d15b73009c6a8cb40c0e4f8ed6a7edc4de1b01aa634215f
MATH-500/342,math_500,0,True,True,False,stop,stop,533,530,1.3837453841399259,1.375956948581915,results/mtp5/primary/repeat-0/MATH-500_342.json,results/dflash15/primary/repeat-0/MATH-500_342.json,cfc80614b110e19114759a6012a8b7018d004e2d84ba4c9889c8bf3b73b06348,16c4732899d95176fb50124a81492ef5eb6f2c72d05b6e7bd1f31e1236a5afa2
MATH-500/343,math_500,0,True,True,True,stop,stop,480,480,1.3518863760939395,1.3518863760939392,results/mtp5/primary/repeat-0/MATH-500_343.json,results/dflash15/primary/repeat-0/MATH-500_343.json,bb68ebfe17b0d9d66cab93ef5f4e98d440c3ea97798705897d5b952342d34255,846944f5f422829399b56d9993308f1c8222c9459eb100fe4f7687e673dd9ca2
MATH-500/344,math_500,0,True,True,False,stop,stop,563,730,1.1042602492593816,1.4318116908691805,results/mtp5/primary/repeat-0/MATH-500_344.json,results/dflash15/primary/repeat-0/MATH-500_344.json,3ebecb146a2e28ac8fc19a7deff7997e43f8989653c85f07c0615c0652bc7c16,a4b6c555b6a5e1c07c621e14e4bfe77ed3133535fa969392257e68c3c903d2df
MATH-500/345,math_500,0,True,True,False,stop,stop,331,331,1.7827005914251102,1.7827005914251102,results/mtp5/primary/repeat-0/MATH-500_345.json,results/dflash15/primary/repeat-0/MATH-500_345.json,b9368872a7553e8faff38046191a2c0c79ea7f3389a4022d9cd6371c3fcd999b,da8f53f32bc83937d9afe984b4cf10e5ae3e09cf2e5ceb4f740a2613a7c23ece
MATH-500/346,math_500,0,True,True,True,stop,stop,764,764,1.6612899983318046,1.6612899983318044,results/mtp5/primary/repeat-0/MATH-500_346.json,results/dflash15/primary/repeat-0/MATH-500_346.json,ab6f0a57e5ee9c808194510919605065054b7305564bf52f4c4473827c09fca0,8270a754d8dc78a1b4632bf4e9319197bcff3ab94d1b3218fa92b3fcf8d5e896
MATH-500/347,math_500,0,True,True,False,stop,stop,661,669,1.7802912951381715,1.8018379371368183,results/mtp5/primary/repeat-0/MATH-500_347.json,results/dflash15/primary/repeat-0/MATH-500_347.json,813c20c51192bff075c70c7023016b682aa45af16895960630e692b99e01c76c,ed99a3405be99d9f3809ca7021a8d1062eaf0be25fff746d348cc374267a3205
MATH-500/348,math_500,0,True,True,True,stop,stop,675,675,1.6547609836213137,1.6547609836213137,results/mtp5/primary/repeat-0/MATH-500_348.json,results/dflash15/primary/repeat-0/MATH-500_348.json,825c0a05b894e7751c58e2c2df0c7acc698d294ff4f72c8a32071f438b5bdfd0,5b8b648fa0848d20b6a486888fb8dc7bf7dc84a0b7dd714e3afe589db88d5ec4
MATH-500/349,math_500,0,True,True,False,stop,stop,2041,1897,1.1581183638110426,1.076408885913546,results/mtp5/primary/repeat-0/MATH-500_349.json,results/dflash15/primary/repeat-0/MATH-500_349.json,d6503d8b88fa6abaf689207f3cca6c0b7ecae69e6bf2727d71d0150547208d4e,39f3ca988b60254a80168bc24e70e116ace23d35deb13c101ca617c1dad10b31
MATH-500/350,math_500,0,True,True,True,stop,stop,560,560,1.70764989516176,1.70764989516176,results/mtp5/primary/repeat-0/MATH-500_350.json,results/dflash15/primary/repeat-0/MATH-500_350.json,9610f838b2d34199af5c33f56141184681005ad83523e6290247ad8197b7b5fc,92b694cbdb1f929946786227db623b37cf05a45d60e66c0044eb9a0568b2aa2f
MATH-500/351,math_500,0,True,True,True,stop,stop,1516,1516,1.8240519633263224,1.8240519633263224,results/mtp5/primary/repeat-0/MATH-500_351.json,results/dflash15/primary/repeat-0/MATH-500_351.json,101570b4c5f1db6d4aa353f44a97b569da879c71d3ac03cd90e89f1ea24b8ea2,9e3b2437aa3cf57dfb9f58d9bb517f2499e2b239190057d4391f9d423b775134
MATH-500/352,math_500,0,True,True,True,stop,stop,1147,1147,1.4313860413895394,1.4313860413895392,results/mtp5/primary/repeat-0/MATH-500_352.json,results/dflash15/primary/repeat-0/MATH-500_352.json,33c13859383f6177875cad9348893a13451ecdbd1653bb671e47431b233b4bda,30db67c4393b3c6a1cdda4d785e9e5330762b1c76860069fa7e039106168dbc3
MATH-500/353,math_500,0,True,True,False,stop,stop,809,790,1.2956798814531054,1.2652498224325752,results/mtp5/primary/repeat-0/MATH-500_353.json,results/dflash15/primary/repeat-0/MATH-500_353.json,9003aa3871ac39b70942f2bb6236a1e78222c9284e120fc97730c1eb23deb12d,7e59a0b18bb3028d8b7e6aa8e06c3413765a341f6b071e1d8837e1af4674d736
MATH-500/354,math_500,0,True,True,True,stop,stop,581,581,1.3647755704057791,1.3647755704057791,results/mtp5/primary/repeat-0/MATH-500_354.json,results/dflash15/primary/repeat-0/MATH-500_354.json,286fc0873dbf477957d3b3958a03882ee8e05c3ff5c4c9cfcf01f201b3ba3164,45142ac482d98b609a26a438f378590019f25128f23d0dbe0d30d0746103552a
MATH-500/355,math_500,0,True,True,False,stop,stop,1989,2084,1.5392162520148807,1.6127333681241887,results/mtp5/primary/repeat-0/MATH-500_355.json,results/dflash15/primary/repeat-0/MATH-500_355.json,03520645144fd878ab17645085ff7efc1652b13024e1573fdaefa258e1b9e32a,b073f39ef1e31c8757a42ee06ec15922c203c21a29aa4a9d109fbd7d62f8d62a
MATH-500/356,math_500,0,True,True,False,stop,stop,784,1130,1.1458384679612006,1.651527383668567,results/mtp5/primary/repeat-0/MATH-500_356.json,results/dflash15/primary/repeat-0/MATH-500_356.json,a6f724f0d22e16e96463850569afcb438fdd5374738317dd2f913f14d966b75a,0c8be1e6be4d69722022d165580ed70798dce5f7a63423cf8de961a52cebc71e
MATH-500/357,math_500,0,True,True,False,stop,stop,1103,934,1.635757113626927,1.3851288704692202,results/mtp5/primary/repeat-0/MATH-500_357.json,results/dflash15/primary/repeat-0/MATH-500_357.json,42f6dee6606a61bc04f50b155ad48c8b8338fdcc3ee26e7cdb6dfa72dba2da8c,ad6a39f2648ce741638903e107e07768ec1793c3adf55c43bd58f9579223566b
MATH-500/358,math_500,0,True,True,False,stop,stop,604,722,1.116813474026568,1.3349988878264603,results/mtp5/primary/repeat-0/MATH-500_358.json,results/dflash15/primary/repeat-0/MATH-500_358.json,f7cbbb537b77dc655760dbf8fa40514173a4002716c30bd1e01d0d8ff1f901a1,a64c8d8857c7b9d8e1c321e2e048df79fc94d564aaf9dadc06326599f51daed2
MATH-500/359,math_500,0,True,True,False,stop,stop,1893,1642,2.0411498971780158,1.770506144303382,results/mtp5/primary/repeat-0/MATH-500_359.json,results/dflash15/primary/repeat-0/MATH-500_359.json,583141e403803ab88b3b357164d93d795c2ff31c86bc0496c1e5c139bfe1b7be,34cf360975ef0d3113297bbc28d8b12df726957c45447ef55423bda2054dd890
MATH-500/360,math_500,0,True,True,False,stop,stop,664,661,1.5036227578241044,1.496829281508634,results/mtp5/primary/repeat-0/MATH-500_360.json,results/dflash15/primary/repeat-0/MATH-500_360.json,3fb5905f9377dd54dc992020710f69d0b33de6bbb74ad51668a858729d5a8593,e673756a4bbe6b62c216cb6d1a9f789b0662adcdba71e011029ced4f9b2002f7
MATH-500/361,math_500,0,True,True,False,stop,stop,923,1404,0.8878320041017722,1.3505050203238225,results/mtp5/primary/repeat-0/MATH-500_361.json,results/dflash15/primary/repeat-0/MATH-500_361.json,5e60229526bb450eafaa182901301b82053656df002e7ff7d4820405945abde7,3f9e962710127cb8aea4bd3f2289a93eb7844c9cb5a3a6dc783754143d5a515a
MATH-500/362,math_500,0,True,True,False,stop,stop,370,369,1.4330481042498073,1.4291750012653486,results/mtp5/primary/repeat-0/MATH-500_362.json,results/dflash15/primary/repeat-0/MATH-500_362.json,ab467b7d53316bc65f813378f98077d2652e74126f820208b8b746db62b2a016,e16e081b5e1b0c4c203400dae06472e5e218c67a2f53f3f06bbece25a5f1ed72
MATH-500/363,math_500,0,True,True,True,stop,stop,375,375,1.5066884397104048,1.5066884397104048,results/mtp5/primary/repeat-0/MATH-500_363.json,results/dflash15/primary/repeat-0/MATH-500_363.json,8e95083650971373809a994a74a27d1d25496b29091f64c0791468aad242764c,4c384536b582a246ef1b130ba95ee6db8221d343040db7697ff325bebad4086e
MATH-500/364,math_500,0,True,True,False,stop,stop,1227,818,2.1557803155771547,1.4371868770514364,results/mtp5/primary/repeat-0/MATH-500_364.json,results/dflash15/primary/repeat-0/MATH-500_364.json,125655f37484a576d9e94ec117ad87c71804673a0ff6be1f296f4ad764c724b9,450ef5658d7c9953762ed20483e8e22cf251289635ae10fa3a690547ac210c37
MATH-500/365,math_500,0,True,True,False,stop,stop,2188,1882,1.5942834805191766,1.3713169608487616,results/mtp5/primary/repeat-0/MATH-500_365.json,results/dflash15/primary/repeat-0/MATH-500_365.json,e41b7c0683d7b6e484076f82e1a23f5da834931ce89b91a8e6f6af6cd0d540d0,5e8e518ff38ca1201f835712375ac557c62a5936feab80a8c89e0be115aee24d
MATH-500/366,math_500,0,True,True,True,stop,stop,893,893,1.5151412411763834,1.5151412411763834,results/mtp5/primary/repeat-0/MATH-500_366.json,results/dflash15/primary/repeat-0/MATH-500_366.json,445de461d70a0c0c188659a6de84171db71a3fc601709e26adb88573460bd35f,04496a02d155af40ad6bbb7a9ceab6502a36ab52bdde286473aa32b14099f33e
MATH-500/367,math_500,0,True,True,False,stop,stop,378,379,1.6646017707479484,1.6690054791361704,results/mtp5/primary/repeat-0/MATH-500_367.json,results/dflash15/primary/repeat-0/MATH-500_367.json,0b65170860c592d05992a4dc82f691bea5d29097419ea87976630f7080bba68d,05db26fe68cd7ac77d609af1b2cc028519cf9069bc9ad4e3f0a9916dc7dc46c4
MATH-500/368,math_500,0,True,True,True,stop,stop,417,417,1.292164482845518,1.292164482845518,results/mtp5/primary/repeat-0/MATH-500_368.json,results/dflash15/primary/repeat-0/MATH-500_368.json,23c67ffc92e9c968fa78817465afae81048e942f8c22332ee0a6fdbab34d3f4b,0ebe4037fed184d1ae9250ac761cf2a08d068bb753cc040c35ed2e62740aac7d
MATH-500/369,math_500,0,True,True,False,stop,stop,1054,1037,1.1920966790544019,1.172869313263202,results/mtp5/primary/repeat-0/MATH-500_369.json,results/dflash15/primary/repeat-0/MATH-500_369.json,75c22377a2725684dd441916e9ab2a8ee28c458344b24475f2d560489ca6e0ed,932e3391b9ecc9f382bbfd47c441ea113ffe0f4e120276feb4abf88004064ff5
MATH-500/370,math_500,0,True,True,True,stop,stop,317,317,1.6374411037377183,1.6374411037377183,results/mtp5/primary/repeat-0/MATH-500_370.json,results/dflash15/primary/repeat-0/MATH-500_370.json,a879d80cbf838bf1dfed271df89b9e2a3205b4f8a946aaf5eabf2e32aa1982ec,4eb3bb3e4b10c93e40e08891bc6b0e6563937dc833b1d5cd7f6e596c242834aa
MATH-500/371,math_500,0,True,True,False,stop,stop,2159,3837,0.7433286272601709,1.3210523125508455,results/mtp5/primary/repeat-0/MATH-500_371.json,results/dflash15/primary/repeat-0/MATH-500_371.json,3f84e2aeb707547ecceb57561a067df6f8966eee20437f92167c50e4efde09a6,46526044da02011e7b31c6cf0ab06dff5dba1182bb2915d7b3368d0f63eb4490
MATH-500/372,math_500,0,True,True,False,stop,stop,913,985,1.2363373887178724,1.3338360655937618,results/mtp5/primary/repeat-0/MATH-500_372.json,results/dflash15/primary/repeat-0/MATH-500_372.json,1fd2df0aa40b294e816c76df64c16f2702dc7f1c030ab697b318bacc4b331b14,469ff11974a32bda46269e36a7c2238aa79a4d104c0961aea0bcd231ff405bf9
MATH-500/373,math_500,0,True,True,False,stop,stop,815,905,1.450943774742809,1.6111706946530575,results/mtp5/primary/repeat-0/MATH-500_373.json,results/dflash15/primary/repeat-0/MATH-500_373.json,b41908ba160bfcedc56aed414ab3f953ebb4a2c05d143f8471b826bebff4276e,1cb0141338e7c986f1ed6d4a9c91677b14cb2f118d932448e98c3cd9befe03ae
MATH-500/374,math_500,0,True,True,True,stop,stop,345,345,1.563944944307897,1.563944944307897,results/mtp5/primary/repeat-0/MATH-500_374.json,results/dflash15/primary/repeat-0/MATH-500_374.json,ee309b06715028f8b5fedcf8c4596180f80d1a8a3374a55753506fb4f70ee471,3b800d5ebc694da56b7aee12cce22b732a0cde3e291d2c081b46b61ce132fc07
MATH-500/375,math_500,0,True,True,False,stop,stop,1130,945,1.858147832563887,1.5539377891795338,results/mtp5/primary/repeat-0/MATH-500_375.json,results/dflash15/primary/repeat-0/MATH-500_375.json,00363d6700a188a4fa71b673d3d0a3da080dc00cce2b3cc02179c29f9327c1d5,aa456308afbb38eef7aa3a1f52d9237eb55ff055f2f4bf8fe181ddbe1a2edd7e
MATH-500/376,math_500,0,True,True,True,stop,stop,1045,1045,1.7407665646353612,1.7407665646353612,results/mtp5/primary/repeat-0/MATH-500_376.json,results/dflash15/primary/repeat-0/MATH-500_376.json,2413f38087747917cb37da1add8f98742309db9a69044457dcc250e8e2681e90,11906643aa6eb1db466df9c683c1dca13a86ec7f3ab7da27d35579daf7bd3e9a
MATH-500/377,math_500,0,True,True,False,stop,stop,995,998,1.1990668401976134,1.202682117102732,results/mtp5/primary/repeat-0/MATH-500_377.json,results/dflash15/primary/repeat-0/MATH-500_377.json,d693830de3116af068cc484f058858942650b0d4bd1667d11615504bf0fd8fd3,bd6b7a09d044c86c3cf4a719b4d2f1b27048b09d10e6dec65e4e648c1e42f131
MATH-500/378,math_500,0,True,True,False,stop,stop,1047,1084,1.6189911348505748,1.6762047661681214,results/mtp5/primary/repeat-0/MATH-500_378.json,results/dflash15/primary/repeat-0/MATH-500_378.json,5338e44b4876c5ca3041c9f32daa165f541afa22f48b875392f996da3328cb7a,0a22869c1bb0e66b65882551add9a2f0ebc5336f644170e0eaa3c7f276250608
MATH-500/379,math_500,0,True,True,True,stop,stop,1081,1081,1.4038473104269826,1.4038473104269826,results/mtp5/primary/repeat-0/MATH-500_379.json,results/dflash15/primary/repeat-0/MATH-500_379.json,647f40d41980af8825c0b4eeff46d8cb53c4df4a273dadb9f1af96588e5519b3,7cc703937a8fe8eaece08be24bc72280f6ba7647d4da530d751bba0b89caa748
MATH-500/380,math_500,0,True,True,True,stop,stop,1074,1074,1.4135025875525493,1.4135025875525493,results/mtp5/primary/repeat-0/MATH-500_380.json,results/dflash15/primary/repeat-0/MATH-500_380.json,7c762ca2d291d036a1f96bbfe25dd7d6fde2227f51870445d71ab7e02c799308,918d9633537bbabed4fe3d0fdd17ec63831d5748eb6ebbfc23c5e3e947686449
MATH-500/381,math_500,0,True,True,False,stop,stop,2401,3849,0.8101647126757681,1.2987605077422038,results/mtp5/primary/repeat-0/MATH-500_381.json,results/dflash15/primary/repeat-0/MATH-500_381.json,22328f2c7f2c3080f121d93c36c6f7fcc706544c70b5d81a621da5dd632e3aa7,ba282f2222e000c254d7b3dbb7302006adccedb5b2a67d2a9ecf9b0867cfe89b
MATH-500/382,math_500,0,True,True,True,stop,stop,859,859,1.3150392026888618,1.3150392026888618,results/mtp5/primary/repeat-0/MATH-500_382.json,results/dflash15/primary/repeat-0/MATH-500_382.json,c5600ebdfcac63300bb4dc6c676cd0aaf609410aaab481a3eb7dec6b17b848ed,7a9563d0a8fd09dc0607ad9d5650cf3d3bde9dc7e84e1c30a54bcb4a672c0491
MATH-500/383,math_500,0,True,True,True,stop,stop,794,794,1.581510968430573,1.581510968430573,results/mtp5/primary/repeat-0/MATH-500_383.json,results/dflash15/primary/repeat-0/MATH-500_383.json,01f55a185fd056a1c1487c0af5e5da2dda6d1832131aade68f8a7c218f8a7fec,814ca55a57ca47d1bc88e5285786fafd66a4782b23f8436d378cb241c997f217
MATH-500/384,math_500,0,True,True,True,stop,stop,238,238,1.4970525131216423,1.4970525131216423,results/mtp5/primary/repeat-0/MATH-500_384.json,results/dflash15/primary/repeat-0/MATH-500_384.json,a0b680c69dd72fbecde22cecdf4499bf927f53d1a3ff1e2f40b2dfd1ffc2e70d,79aaf3e78f24c3958367f74f4d8ea91f29e91cd165bc7c9bd92218bc8540f11f
MATH-500/385,math_500,0,True,True,True,stop,stop,464,464,1.3304964802542825,1.3304964802542822,results/mtp5/primary/repeat-0/MATH-500_385.json,results/dflash15/primary/repeat-0/MATH-500_385.json,17d3988567f78c5f38890ae8b13fb92bfb509c07d1b410d733f342054b475a0f,af06febd0f771fb8df0deeadac7686f78aaea7799f45ab7de9bc9c96c57d4d33
MATH-500/386,math_500,0,True,True,True,stop,stop,637,637,1.5745184799839838,1.574518479983984,results/mtp5/primary/repeat-0/MATH-500_386.json,results/dflash15/primary/repeat-0/MATH-500_386.json,ae9573a3942c89db86f315f05d9e51c95c69e98790fe0c5b2abf50e949c05aaa,96cf934b9a469af524d054bf998c88a34655c50cc4159f656929bfc8f4e4d21f
MATH-500/387,math_500,0,True,True,False,stop,stop,255,251,1.8959763960604317,1.8662355898477192,results/mtp5/primary/repeat-0/MATH-500_387.json,results/dflash15/primary/repeat-0/MATH-500_387.json,9cafafe942841a9241e4b42f58c0fc8e9e61cd127e78db2d74e631fd0ed0c62d,50ff8a896cebbd55b851edeac77f7eb77f255eda3c86350412a8d66643c3d561
MATH-500/388,math_500,0,True,True,False,stop,stop,739,737,1.5690439195414727,1.5647975219243104,results/mtp5/primary/repeat-0/MATH-500_388.json,results/dflash15/primary/repeat-0/MATH-500_388.json,4b4d81727acd7dddec5c3d4e64bc967c993d95577c8e5435c828a5a0e728e95e,fdd678948848089ff93405ecc2d8d58a9f05371809f1842cc6e5072cbda6671c
MATH-500/389,math_500,0,True,True,False,stop,stop,861,882,1.4878043481585177,1.5240922590892132,results/mtp5/primary/repeat-0/MATH-500_389.json,results/dflash15/primary/repeat-0/MATH-500_389.json,075a103eb99845ae86595f3d55a5f923512fda43f0a5347df0c663af397b151e,f6218e546bbf09e729c22b98b2213a13f438083bece37be0c2dc1794d78ab1b6
MATH-500/390,math_500,0,True,True,False,stop,stop,925,965,1.549854654181785,1.6168753959842403,results/mtp5/primary/repeat-0/MATH-500_390.json,results/dflash15/primary/repeat-0/MATH-500_390.json,632989cdf4fe5be8ad84cdac1d145774cb881d9588b96855c90527b923386a77,cba1579f1a9af56f9023d49784ee089cd7bde262c98c96f4de7cdad8dfc46ae0
MATH-500/391,math_500,0,True,True,True,stop,stop,963,963,1.6485576376302693,1.6485576376302695,results/mtp5/primary/repeat-0/MATH-500_391.json,results/dflash15/primary/repeat-0/MATH-500_391.json,ed9b70f8140cbdd721452d1f64e56489d66d7c8de083817a170f6a0b1c4d9bc7,882adf6293bf7f06be4f28c6a76d1fd4b80ed08bd32f3a172044d80cceac1a0b
MATH-500/392,math_500,0,True,True,False,stop,stop,2340,3304,1.0936302715494195,1.5441685543586676,results/mtp5/primary/repeat-0/MATH-500_392.json,results/dflash15/primary/repeat-0/MATH-500_392.json,8baae5085acdb71705852b040e137b94e09f955ccfbf4130b37c74b1f9d7f0bf,80ff7b0aa22780b01eadfa04c00aa7dc7b9b4822d21c1b0a7d4993ff44f24eb3
MATH-500/393,math_500,0,True,True,False,stop,stop,459,466,1.3549701765555162,1.3756342097491734,results/mtp5/primary/repeat-0/MATH-500_393.json,results/dflash15/primary/repeat-0/MATH-500_393.json,06e931c448164a379208ab9ce96186a645fc7047e5771dd33621f6d5b7ea2a01,2f977abfae573684b33afc71c901b0dc7415fa3b56ba2dd6f2980f4e6f23a6b0
MATH-500/394,math_500,0,True,True,True,stop,stop,1261,1261,1.4324743393116321,1.4324743393116321,results/mtp5/primary/repeat-0/MATH-500_394.json,results/dflash15/primary/repeat-0/MATH-500_394.json,534cb0a8bf774913065fd43655675870eccd56775901126387148f4dd4d172c5,586941d8427dd498da61555d912763204e0830c28b082213953a1b8efd19d295
MATH-500/395,math_500,0,True,True,False,stop,stop,500,735,1.0469381238184396,1.5389990420131063,results/mtp5/primary/repeat-0/MATH-500_395.json,results/dflash15/primary/repeat-0/MATH-500_395.json,cb78786fc204be2faceb1e712f246bbbc2c02ef9b96149519fe361b6d88ea4f5,b3c59545648c6fe212e1a244d3f2c4556c9dd1cff04cc39e2e3aac95e3af76c0
MATH-500/396,math_500,0,True,True,False,stop,stop,2944,2747,1.275289338319755,1.1899523819172442,results/mtp5/primary/repeat-0/MATH-500_396.json,results/dflash15/primary/repeat-0/MATH-500_396.json,94d325ddd0480a55ddd4a6464a0752e9841dac47407139a4040f124f15bbcab0,d916c0d3aceda7c953ea9326bfae944ab7dab8085cd4fde526ef1d5145ae668d
MATH-500/397,math_500,0,True,True,True,stop,stop,394,394,1.585911298864619,1.585911298864619,results/mtp5/primary/repeat-0/MATH-500_397.json,results/dflash15/primary/repeat-0/MATH-500_397.json,e4d854283dc9cbb28e719ba1d6f70be719b791af8984f347ea7c3ac5529fa7c1,ce8c1a1bac12c48f0b933d36c3f3c4a362ee79388a559680110f035bcc85bf1c
MATH-500/398,math_500,0,True,True,False,stop,stop,513,514,1.5282082291305377,1.5311871925401488,results/mtp5/primary/repeat-0/MATH-500_398.json,results/dflash15/primary/repeat-0/MATH-500_398.json,9180738d07906200e5e4e3cc5312a27de9078f22b1e3301a402fbbd72ea108c7,02ebae21157ff2bf65e3759d2c93b67e92063b1baf6ad8d03ab72b988fe7dfad
MATH-500/399,math_500,0,True,True,True,stop,stop,267,267,1.3215374263291757,1.321537426329176,results/mtp5/primary/repeat-0/MATH-500_399.json,results/dflash15/primary/repeat-0/MATH-500_399.json,2e3212862024b92d1c1b14cd8c19ef555a1c7f434bcc37daf818850856a76a1a,65cff0eb01938bc147f6bae41b321077d17348ee01a292de9ea65ea0fef7113a
MATH-500/400,math_500,0,False,False,False,length,stop,8192,8009,0.9352762193907569,0.9143832081421598,results/mtp5/primary/repeat-0/MATH-500_400.json,results/dflash15/primary/repeat-0/MATH-500_400.json,7197389385ff4ab0d97605a790d8ddff6eba9ed9915a3b64ecb0dd8cf59943f5,ecd1648362d4ef2be9584c32cb9dd59b8eac24ee35c1eb19b79f6599d711619a
MATH-500/401,math_500,0,True,True,False,stop,stop,2045,2092,1.4802305792234236,1.5142505485258688,results/mtp5/primary/repeat-0/MATH-500_401.json,results/dflash15/primary/repeat-0/MATH-500_401.json,a9c94a3c335c0ac99bd6db110c6e4b48897a32dab7e8007bf7f22619ea60a6de,18d09c73145b9cce4ca98f1e4f2658d2cb7a02c1e905d1385e283eb927bf1438
MATH-500/402,math_500,0,True,True,False,stop,stop,802,666,1.7152553690097039,1.4243891218958389,results/mtp5/primary/repeat-0/MATH-500_402.json,results/dflash15/primary/repeat-0/MATH-500_402.json,10346172579d3212381f9a6911407805a2dd98d392e68c809627a351043b498d,42966bf55f3b7a733e3dcb18f76ac851ee6ea459c4b145a686c84b732e658516
MATH-500/403,math_500,0,True,True,False,stop,stop,919,1049,1.2802492493582067,1.461350884196691,results/mtp5/primary/repeat-0/MATH-500_403.json,results/dflash15/primary/repeat-0/MATH-500_403.json,d72fa33fbcf4e83a41539520b7ee8f92c988c507e171998e244926128d257828,257eaba0b3f932f83d5c38b7cee0791baec2c940c56f629cf0aa440c6db3553f
MATH-500/404,math_500,0,True,True,False,stop,stop,398,400,1.43129438476115,1.4384868188554272,results/mtp5/primary/repeat-0/MATH-500_404.json,results/dflash15/primary/repeat-0/MATH-500_404.json,0584ca7774eaefa545e3b045b751ef8c8a9427acc09414ccb24fd4b98cf53869,1c1ad53a926939e6d38b1aecf2f09f26bf34d9f73bb14b7a5449e15cc6ac1247
MATH-500/405,math_500,0,True,True,False,stop,stop,562,566,1.2198832668112913,1.2285657099914429,results/mtp5/primary/repeat-0/MATH-500_405.json,results/dflash15/primary/repeat-0/MATH-500_405.json,f6e54e708c24f181866396fd3b765e7a1879e60ed14c264224f0ee31f5833d95,2ef64ed92b75d507666b68ab3378ee141e9e3dc854408cc86a0fb10f8a56b7e4
MATH-500/406,math_500,0,True,True,True,stop,stop,497,497,1.479538027706663,1.479538027706663,results/mtp5/primary/repeat-0/MATH-500_406.json,results/dflash15/primary/repeat-0/MATH-500_406.json,ccd3bc7a7607c7ff5927fad400cba3c4ab66b50e94aa50da58250b9fcbd6bb5d,dc6fcce2c48d0062283e6af314a666012696c10618b8b5d187395a93c9c90533
MATH-500/407,math_500,0,True,True,False,stop,stop,547,476,1.9555237318177114,1.7016988964263813,results/mtp5/primary/repeat-0/MATH-500_407.json,results/dflash15/primary/repeat-0/MATH-500_407.json,a105720c012f650c94e2363750eedb6067699a083d2521633788b6ea67889b48,0890a0d634a64ce21e6653cdea080b7029c6fba4013583910e2cc333d809232d
MATH-500/408,math_500,0,True,True,False,stop,stop,1988,2134,1.6248043784100703,1.7441310581122185,results/mtp5/primary/repeat-0/MATH-500_408.json,results/dflash15/primary/repeat-0/MATH-500_408.json,a84268cbee4595fb9d20e9db050ded53daa005f958d98f92391bae5c066d9b65,0a46bdac8835594d412ec6f63eb4c0ac5a64f7c711c906152ac8e2c52b670b8b
MATH-500/409,math_500,0,True,True,False,stop,stop,1736,1262,1.9503045593307413,1.417790526425919,results/mtp5/primary/repeat-0/MATH-500_409.json,results/dflash15/primary/repeat-0/MATH-500_409.json,38f152c46ad5f3cfd77fbbd95c8c5e8f2acd119a517059ccc748c57330f4cf2f,ceae92730d45a3f632642bd32c87c9286245714ec8dcdeacb26f75bc375f860d
MATH-500/410,math_500,0,True,True,False,stop,stop,840,664,1.8469520056780067,1.45997158544071,results/mtp5/primary/repeat-0/MATH-500_410.json,results/dflash15/primary/repeat-0/MATH-500_410.json,7b00b419ddc3c3fff6e66ce5f9799cd4038660cf17400b43c32a7fff06708077,6d084050e7a3c51f7599a248cbc212a42ec39bf57f86754622c3eca1695abe06
MATH-500/411,math_500,0,True,True,False,stop,stop,349,430,1.070951385109242,1.3195103025701262,results/mtp5/primary/repeat-0/MATH-500_411.json,results/dflash15/primary/repeat-0/MATH-500_411.json,d7105816e564c659dd7f730a78388b618c2aa16e1e32d5ae34e1e093d750c0a4,df51aeab0d7d1f24811c0c1a62ae75fa3d5b1097f036fc3ad17b699adfa508ad
MATH-500/412,math_500,0,True,True,False,stop,stop,1890,2240,1.4439510517220349,1.7113493946335228,results/mtp5/primary/repeat-0/MATH-500_412.json,results/dflash15/primary/repeat-0/MATH-500_412.json,6b88531d82f3ed64f66e2bf53dd85108af9800acfd365e9e5fa33bb8e885d689,ecf42bb01b4ce15f1370afbcbdc56d49d0443270ac4733734fe4c9de652a4288
MATH-500/413,math_500,0,True,True,True,stop,stop,332,332,1.3109256534868596,1.3109256534868596,results/mtp5/primary/repeat-0/MATH-500_413.json,results/dflash15/primary/repeat-0/MATH-500_413.json,2230a54ba97c704b9fd545d28fa1a1687cc8c6732b59e14188fedfd91a899ae4,765b3340d68397da2c3f0f3d22b364325e3b523a6691b1178f6626f45f610077
MATH-500/414,math_500,0,True,True,False,stop,stop,788,745,1.6176714434398627,1.5293974941150985,results/mtp5/primary/repeat-0/MATH-500_414.json,results/dflash15/primary/repeat-0/MATH-500_414.json,cffc0a8052f6fdafc686d82d002687733d947a3ef0ffc0dc7cb30ef80d1cb77e,dcad9671e7aabe5746ae572fb587dc3b802aa9dfa97e979b9e1b6f7d7feea303
MATH-500/415,math_500,0,True,True,False,stop,stop,1297,1671,1.2444498161176214,1.6032965634021168,results/mtp5/primary/repeat-0/MATH-500_415.json,results/dflash15/primary/repeat-0/MATH-500_415.json,6ee822ded13f92e8309085d68f690e48706cdeaac7a208d8f8c1ecaffc861758,b1393427d55d6957052c0108e54eec29a91366a322570fbb8e23df6fa57685d4
MATH-500/416,math_500,0,True,True,True,stop,stop,1540,1540,1.7351847510758147,1.7351847510758147,results/mtp5/primary/repeat-0/MATH-500_416.json,results/dflash15/primary/repeat-0/MATH-500_416.json,64768a0a59151e0a487b60e436ecdc9350ac864cef63b4108f26a800b82c5aa7,e942d08765952af43e6d888e449f842ba4adc14789d814469b0ead38ba4ad83e
MATH-500/417,math_500,0,True,True,True,stop,stop,1016,1016,1.84377941448217,1.84377941448217,results/mtp5/primary/repeat-0/MATH-500_417.json,results/dflash15/primary/repeat-0/MATH-500_417.json,541b6267e8384e565965ae6dfe6f0d5a1fc1d462f2987c28cac2d78b5cf00b90,d22377ab33863ee90f9c56a630cd50b51af427141d8ddfaea6a9f500a20571ee
MATH-500/418,math_500,0,True,True,True,stop,stop,563,563,1.6534626073111307,1.6534626073111305,results/mtp5/primary/repeat-0/MATH-500_418.json,results/dflash15/primary/repeat-0/MATH-500_418.json,162a6654101d234c5c15b5a8c6d94cd580e9882069bbd5de18bbe5ceb5d25e07,131cf364e5565bb60367bdf1c342702d377a0ab4b33a2e942fba803cdedcbb5e
MATH-500/419,math_500,0,True,True,False,stop,stop,3071,3084,1.6858008984210588,1.6929371444905716,results/mtp5/primary/repeat-0/MATH-500_419.json,results/dflash15/primary/repeat-0/MATH-500_419.json,93f0241c43a3f00cef1241401142f1dd48c28c6c433fd7f574c83ffe5a4a6209,178c98847610ba4e7c28ac9f76d6570078496f40a65cd970cb5fc53c81c713fb
MATH-500/420,math_500,0,True,True,True,stop,stop,604,604,1.9035163675185436,1.9035163675185438,results/mtp5/primary/repeat-0/MATH-500_420.json,results/dflash15/primary/repeat-0/MATH-500_420.json,fe936a7f7b78b45aa6a568ef3d610f40cada801a8cc74ea0ae5252529bcfe499,f7c7ac7aa7da76e703df2e12010e485530411c08aa19a47aa9a293f8e4a6d626
MATH-500/421,math_500,0,True,True,False,stop,stop,2989,2844,1.4255701438643744,1.3564140144363601,results/mtp5/primary/repeat-0/MATH-500_421.json,results/dflash15/primary/repeat-0/MATH-500_421.json,37637eef8b079062876ccd295d55eaef38650473f470ab4dee2e8ea243bb68d9,14d3a2b64fc6b2166eaa73447e4dac4d77f8fe2c07616c3c281889e1be196d67
MATH-500/422,math_500,0,True,True,False,stop,stop,5130,4472,1.645626690233412,1.434550206378912,results/mtp5/primary/repeat-0/MATH-500_422.json,results/dflash15/primary/repeat-0/MATH-500_422.json,03501f376a849f427dd26effddc8ed67a12696758e0ff8018ce2a3cad83e26bc,04d22c77efd2bd76d00d38c31798676b50b9ae17ce58959255ff417b488f26b4
MATH-500/423,math_500,0,True,True,True,stop,stop,1357,1357,1.5923811289363152,1.5923811289363152,results/mtp5/primary/repeat-0/MATH-500_423.json,results/dflash15/primary/repeat-0/MATH-500_423.json,bea103109afe267a1ec049f49fc71d13465b544392ff57f1a3673221491ce666,a243d8b1567a3bd569be7425c71dfa0491754349248d6d105a9c22f62392df81
MATH-500/424,math_500,0,True,True,False,stop,stop,632,694,1.4198820808244996,1.5591743102724727,results/mtp5/primary/repeat-0/MATH-500_424.json,results/dflash15/primary/repeat-0/MATH-500_424.json,58798127a4c80b773e63899a362b8a0e1ba5e0ae6c010ab253cb1dedd893557a,775cb32bca71ba2a09bd59e51051fbad0688a7d6309e304ee5387bff1f283312
MATH-500/425,math_500,0,True,True,False,stop,stop,3333,3020,1.500970571725589,1.3600153395173353,results/mtp5/primary/repeat-0/MATH-500_425.json,results/dflash15/primary/repeat-0/MATH-500_425.json,5025c2d590c57f88292bc162e1014de34a4e2bf59bd5d5ffea1d12390e70ea4d,6db51eae721ba1b8d0d686b5db3e7ec4e918272d90d7879a608302354e08b3c4
MATH-500/426,math_500,0,True,True,False,stop,stop,554,545,1.6013177145762507,1.5753035278773586,results/mtp5/primary/repeat-0/MATH-500_426.json,results/dflash15/primary/repeat-0/MATH-500_426.json,b9415dbdfadb4b38869b168f24e440c0ae3e4b45f71a523fff950a033a05ff3e,4c1c1e757f3b7a1ec3ba8f10e76c6d4b9ded6178cb9412b25ccb503c53db9821
MATH-500/427,math_500,0,True,True,True,stop,stop,536,536,1.4931982054249666,1.4931982054249666,results/mtp5/primary/repeat-0/MATH-500_427.json,results/dflash15/primary/repeat-0/MATH-500_427.json,a1e2281a52ed13228d84621266d063857503d3e7672e5485f6dda6fbcedf0cdb,7049bbbac063985676ecbf968d9aa30343f75a8a785c83fe3b2b4b28f2527ccc
MATH-500/428,math_500,0,True,True,False,stop,stop,1504,1766,1.2976834685756091,1.5237426898301367,results/mtp5/primary/repeat-0/MATH-500_428.json,results/dflash15/primary/repeat-0/MATH-500_428.json,b2ea926312c46e92dcaf28ddd26b9b2c568c8a732faaec4b0136ecc85c07f19c,6bc726a00ffbb5191798b64c52c19c2f23f009cb541cf8fa73b7e9d48905387b
MATH-500/429,math_500,0,True,True,False,stop,stop,1165,1026,1.589598012330908,1.3999378203017268,results/mtp5/primary/repeat-0/MATH-500_429.json,results/dflash15/primary/repeat-0/MATH-500_429.json,c494816a7a80136a3f2a088bf4babcd205d83e9e934882f5df1933bfaad4be15,99571997e0ab9286904691fa5d2e6d0f3af96694605d19eb7801ef6f0d1c4fd4
MATH-500/430,math_500,0,True,True,True,stop,stop,316,316,1.331251942659052,1.331251942659052,results/mtp5/primary/repeat-0/MATH-500_430.json,results/dflash15/primary/repeat-0/MATH-500_430.json,99bff43e606c515541258d4591861b43608289b54139ba1e8ee1c4bd10d7c352,6fcfe896b7413d3e9da5e9e8daef95893c0a95c9682d187b7cc2d48d841a64d2
MATH-500/431,math_500,0,True,True,False,stop,stop,1716,1608,1.9144175468774411,1.793929729241798,results/mtp5/primary/repeat-0/MATH-500_431.json,results/dflash15/primary/repeat-0/MATH-500_431.json,bab9bab40bf94dcc8729039d0b3e2ac3934732169225220d88f86f1bc7368a14,15fa655d3cff079d42370f89edc42a49627b434f6439f36cc6a733934f69e62f
MATH-500/432,math_500,0,True,True,False,stop,stop,1675,1905,1.3664295376223605,1.5540586681615502,results/mtp5/primary/repeat-0/MATH-500_432.json,results/dflash15/primary/repeat-0/MATH-500_432.json,149b63f48a1abd1d2a3a5a4eadc4d256be2af9c39a447f2e3f838617bbe4e10d,d01626ee6b1d3cfb87fdbb1473e3b3cfbf68de9e7d44101ae3a6d8178a420e33
MATH-500/433,math_500,0,True,True,False,stop,stop,997,993,1.5600450850576912,1.5537861278458247,results/mtp5/primary/repeat-0/MATH-500_433.json,results/dflash15/primary/repeat-0/MATH-500_433.json,60633756f03ecfbab8b3a45862bc5e1c71c226418f0aba2e20285a0fe1e29e6c,a34fac954cc2315f36f53faa4c1fb2c724f3614e659176720fa7d7dc4b593026
MATH-500/434,math_500,0,True,True,False,stop,stop,1080,972,1.5712957037436335,1.41416613336927,results/mtp5/primary/repeat-0/MATH-500_434.json,results/dflash15/primary/repeat-0/MATH-500_434.json,96bfa3140dadf94d07bbc93b51d7e024daefce8bb002443e24a33825143e3bd2,f3e4787edf639ad36987a806f6d29783dfcdcb176af606107cd01707e6efd37d
MATH-500/435,math_500,0,True,True,True,stop,stop,751,751,1.525818993321759,1.525818993321759,results/mtp5/primary/repeat-0/MATH-500_435.json,results/dflash15/primary/repeat-0/MATH-500_435.json,75643075831522dce60afa5c6593cdb48b6b02b026b6c6fc351f0e4b9722d3f3,aef9006a9c63ce1eb8982d02b1dabafba6e3878bc37cac399b9f0b2ff16eb944
MATH-500/436,math_500,0,True,True,True,stop,stop,1455,1455,1.5800238129482083,1.580023812948208,results/mtp5/primary/repeat-0/MATH-500_436.json,results/dflash15/primary/repeat-0/MATH-500_436.json,a471a4c356ff3834b561ac8361da9bb830e6b0e0587711070f115b2b8801db3f,e1aeea3a5361d933c7540d2ff3c18affdb31e8a0fc2db716e0e16b18a2492e68
MATH-500/437,math_500,0,True,True,False,stop,stop,904,865,1.601590020328123,1.5324948756458256,results/mtp5/primary/repeat-0/MATH-500_437.json,results/dflash15/primary/repeat-0/MATH-500_437.json,79dc8fac57d13f1aa2147b18740068730046544d4096c3264a0be0642306ff8d,dc574f84b607b90bc2407d3d68a8b50341aafaf4750949bd91ba889502238151
MATH-500/438,math_500,0,True,True,True,stop,stop,589,589,1.4160339146301542,1.4160339146301542,results/mtp5/primary/repeat-0/MATH-500_438.json,results/dflash15/primary/repeat-0/MATH-500_438.json,e8f356f65615262b7d994a443afae81bdf5d9fe492aac808c655e0e261c2690b,0bd716444fee585f9ccfa2b335d6c87de6f858e5f3df318e322e39b49ff12696
MATH-500/439,math_500,0,True,True,False,stop,stop,936,1296,1.2897897933472804,1.7858627907885423,results/mtp5/primary/repeat-0/MATH-500_439.json,results/dflash15/primary/repeat-0/MATH-500_439.json,98e294e38a4e56ba825a4764f1c9cdafab3535b282c6ef38965a5c343c507d3a,ee83aeb5a714851f04197d55ec060416fff21045231b25fff82e4b611396335a
MATH-500/440,math_500,0,True,True,True,stop,stop,477,477,1.7612775862944314,1.7612775862944314,results/mtp5/primary/repeat-0/MATH-500_440.json,results/dflash15/primary/repeat-0/MATH-500_440.json,3ff9fffd73617833be04108e24f050aaac4d17fb9dd82f46bd78cc889a5c3471,ff9d53a35fc992da9ed6d62719fe6edc96a762f1ae63d0718dc4c1826bdeda40
MATH-500/441,math_500,0,True,True,True,stop,stop,392,392,1.4949344924837407,1.4949344924837407,results/mtp5/primary/repeat-0/MATH-500_441.json,results/dflash15/primary/repeat-0/MATH-500_441.json,37efc1660e2cd30839aedeafdb96b50de1d4996c369ed3d203550193215c51e6,e5e21545acc84ef74ab2c965c7810629aae2d7015063b3f095647183fc0e506d
MATH-500/442,math_500,0,True,True,False,stop,stop,487,502,1.5382727247089507,1.5856527880983435,results/mtp5/primary/repeat-0/MATH-500_442.json,results/dflash15/primary/repeat-0/MATH-500_442.json,6e733660a3e148fd9c2edf00274a3e01847c27f257f3d1592ae87681f39c7a4b,6362d70a1a2926a5c665cf2545f5f20c0a520597395d9dc5a9867c4c60987092
MATH-500/443,math_500,0,True,True,False,stop,stop,378,389,1.6035660783467431,1.650230699674294,results/mtp5/primary/repeat-0/MATH-500_443.json,results/dflash15/primary/repeat-0/MATH-500_443.json,2818889a7da7a3abaad91cc601f331d8de336c42269a3815a7ea90f8c9e71191,65dd8e6a6f5f0140e760d194396aeea7060bdac9c5e089412ff6a9c7896849dd
MATH-500/444,math_500,0,True,True,False,stop,stop,4409,6197,0.8519134905608827,1.197393490815557,results/mtp5/primary/repeat-0/MATH-500_444.json,results/dflash15/primary/repeat-0/MATH-500_444.json,98cdc29cc7a825b058b1924fc23ec199f42a7f88f82e7be175a18afbe0c515e0,e2ad23a70316521ca34262a2badbd581b5c9b366884eb526fcf48009ac14c259
MATH-500/445,math_500,0,True,True,True,stop,stop,2560,2560,1.5074611605959232,1.5074611605959232,results/mtp5/primary/repeat-0/MATH-500_445.json,results/dflash15/primary/repeat-0/MATH-500_445.json,de011526dd8458bd8167428eda6abdb7a173953d8257e242ac5f4b7eea808361,c069d3fe6c4a66b06c0edc345ee927d7ca787a350d68fbb41151c57596e0fa9a
MATH-500/446,math_500,0,True,True,True,stop,stop,1053,1053,1.7323767301113353,1.7323767301113353,results/mtp5/primary/repeat-0/MATH-500_446.json,results/dflash15/primary/repeat-0/MATH-500_446.json,c1661b1ae1ce03cbbc4c5ac6efa4fa02b385b21e242e5b413c0ddbc76bc07595,23f1e7cd42223ab3a54d2fd1a31a1a1435b2ce9bd2a73bd685a70d7f5ac2bbc0
MATH-500/447,math_500,0,True,True,False,stop,stop,495,540,1.4904422670090631,1.6259370185553415,results/mtp5/primary/repeat-0/MATH-500_447.json,results/dflash15/primary/repeat-0/MATH-500_447.json,0cb9dea008df2585863d7e8859524e4ab5ecc3a73227893d62204c1ad299d4a8,d4e9ca4156f10e296f5776a22a69b9f444dbbc13f563f605283f9e0670d80517
MATH-500/448,math_500,0,True,True,False,stop,stop,1318,1268,1.6617407595112907,1.598700518255172,results/mtp5/primary/repeat-0/MATH-500_448.json,results/dflash15/primary/repeat-0/MATH-500_448.json,1eb9f3d6fade2c322e4a62ce371deaa8fe70314d56d882b5b6986c911050a9fb,da6d271f35504a5e29010ff8b174dac418481b27c283de19f9fa7b244e48f124
MATH-500/449,math_500,0,True,True,True,stop,stop,316,316,1.710036375400048,1.7100363754000483,results/mtp5/primary/repeat-0/MATH-500_449.json,results/dflash15/primary/repeat-0/MATH-500_449.json,afde5d99a9f47b77d7eaeb96d83aad1331ac4126fb786e12e8506de053be1a3c,56408d6a0d660797c87e343fdd52ae2fe952796c6ce4bf2bce1eb27c1004435f
MATH-500/450,math_500,0,True,True,False,stop,stop,1354,1019,2.04076932429648,1.535852246276302,results/mtp5/primary/repeat-0/MATH-500_450.json,results/dflash15/primary/repeat-0/MATH-500_450.json,112d4eba639fd25796e161cbbbb3b0793e552762dd6215579eef1d56d6e37af6,8ad7ccaf82e01a286ddbe17b78a6e9219f259c4d60c31ce320576f1e922ce699
MATH-500/451,math_500,0,True,True,False,stop,stop,657,652,1.3364803023212468,1.3263092193507655,results/mtp5/primary/repeat-0/MATH-500_451.json,results/dflash15/primary/repeat-0/MATH-500_451.json,5e338be392b0eeb0bf3afce5da406efbbf866782377ad597098e79dad6ede97c,fce6ba5878a475d4ec4f146fea64fe2c9e0049feefc88baea3978102e88057db
MATH-500/452,math_500,0,True,True,False,stop,stop,800,798,1.5052200876253643,1.501457037406301,results/mtp5/primary/repeat-0/MATH-500_452.json,results/dflash15/primary/repeat-0/MATH-500_452.json,fb3394f676f5ffe32bc01863f9fee9979a938f2f7ea096857c597c826706156c,6cd021fbd1fa04c737633a57905283a66ddfcc0f1120e928863270494b690086
MATH-500/453,math_500,0,True,True,False,stop,stop,576,574,1.4562716647812795,1.4512151659452335,results/mtp5/primary/repeat-0/MATH-500_453.json,results/dflash15/primary/repeat-0/MATH-500_453.json,d0f4a554077afdbc584a03794a6a37c28a49b96a69c258b8758d36bb0778345a,ed22d30431eb6682375bb85f470ec337eaa4f6920a1f9687080a29239f03b8b2
MATH-500/454,math_500,0,True,True,False,stop,stop,1428,1731,1.5537486205340865,1.883430575731445,results/mtp5/primary/repeat-0/MATH-500_454.json,results/dflash15/primary/repeat-0/MATH-500_454.json,8ebf639cfdea329c22b023c66e783c48e0d3c1f02cd290e1e6d72af581e560f3,93eabe699c8aa8b15168324aed73c33956b81563c3013e04a9e8e12376b07589
MATH-500/455,math_500,0,True,True,True,stop,stop,397,397,1.250006409645866,1.250006409645866,results/mtp5/primary/repeat-0/MATH-500_455.json,results/dflash15/primary/repeat-0/MATH-500_455.json,bd991e04147ef9df7d84a5d738aad69fde62aa1b45ff7052674c2b1b7a4500ef,bc96ff587d4686735ade00a5276650549bba632063b11bb20ab2bf51a5145db9
MATH-500/456,math_500,0,True,True,True,stop,stop,1593,1593,1.5340741962794757,1.5340741962794757,results/mtp5/primary/repeat-0/MATH-500_456.json,results/dflash15/primary/repeat-0/MATH-500_456.json,cb086c3d24ae1a0ad40e6630d8d4eeaad8be81ae30f51e7ceed9cbba70bd8cd9,20f8fec6c9dddbd7fc9c4b60274c1533580307c74569a46379a8f04712e647bb
MATH-500/457,math_500,0,True,True,True,stop,stop,141,141,1.202488665757169,1.202488665757169,results/mtp5/primary/repeat-0/MATH-500_457.json,results/dflash15/primary/repeat-0/MATH-500_457.json,7e50f6a59af28eef2a7f04d2695cdf390e90fa747f0964cf9d36543df2714167,1dec513f167722c1c57c290eefbb01512213ce08a9b9396cefd93d5d4ec037d9
MATH-500/458,math_500,0,True,True,False,stop,stop,1148,1106,1.3114043196429177,1.2634261128267135,results/mtp5/primary/repeat-0/MATH-500_458.json,results/dflash15/primary/repeat-0/MATH-500_458.json,53923f93eb3e282d3adf3543152884dc96693b4e2ffc9a1dbcc32e9415e39376,0bc9f8e923cf3178e00690375cdbe4a7e718120800d0a43887224cc961867261
MATH-500/459,math_500,0,True,True,False,stop,stop,896,909,1.7704254115133398,1.796112387350029,results/mtp5/primary/repeat-0/MATH-500_459.json,results/dflash15/primary/repeat-0/MATH-500_459.json,765cf9880c8d252d32fdd7aaa94b6320b4eb51ba8f2cab62ded5c973b9f24f97,e55ce22b86bc37bc69c6b47b955f929145c32881a29b09c4e67073623064fd5f
MATH-500/460,math_500,0,True,True,False,stop,stop,1699,2207,0.8557019945571603,1.111556387279372,results/mtp5/primary/repeat-0/MATH-500_460.json,results/dflash15/primary/repeat-0/MATH-500_460.json,5c8bf9a295d27df01f5c31aad29945d7b331204f9a0d5b17f861662fcf27d9ce,8bda6d1df9db26a91e41c37cb020c5f0e5b0ac8dd383affcb3afbe4daf2aa23e
MATH-500/461,math_500,0,True,True,False,stop,stop,983,993,1.652519634669795,1.6693306177284906,results/mtp5/primary/repeat-0/MATH-500_461.json,results/dflash15/primary/repeat-0/MATH-500_461.json,bc0e6ad5cde8a58b904d5f358da7a6bdf4023fcff716ed042f36f60f144c4fef,bdca368edba9453e5d3229bfc4a54843c5a435c99e434bc0f9869e9fc173e197
MATH-500/462,math_500,0,True,True,True,stop,stop,908,908,1.3316443222425922,1.3316443222425922,results/mtp5/primary/repeat-0/MATH-500_462.json,results/dflash15/primary/repeat-0/MATH-500_462.json,b166f895a3c9a9d6c35675155f7560dac5860c342dab39b9f3a4fcf68142bb83,9a494a9bd086a73dee3b83ca17628567b09183879a6d35786f393a76f4bcefee
MATH-500/463,math_500,0,True,True,True,stop,stop,367,367,1.4211412067104285,1.4211412067104285,results/mtp5/primary/repeat-0/MATH-500_463.json,results/dflash15/primary/repeat-0/MATH-500_463.json,a4d4b24a128741457cec7d3aa38a1418f8df19044143a8b9c86266eee1e1702d,b77d732d0d9f7eb336b6ef1c37e0333b4472603afd52dd503055030d7bcae689
MATH-500/464,math_500,0,True,True,False,stop,stop,1204,1239,1.308321946358445,1.3463545610781673,results/mtp5/primary/repeat-0/MATH-500_464.json,results/dflash15/primary/repeat-0/MATH-500_464.json,46ca6ffebab797f5c7a2f5a5a37c45b3db3634fbe42b03e571e0af86cd1c13e5,495be00dcc935f74a6ac3292b329ae81350c1257e1f28c1a8e49ebfe467f0550
MATH-500/465,math_500,0,True,True,False,stop,stop,796,788,1.6176037932649021,1.601346468709476,results/mtp5/primary/repeat-0/MATH-500_465.json,results/dflash15/primary/repeat-0/MATH-500_465.json,0ac061b863bc00a8507a03e29a139e5354b8c2a6b7cb0019a5a5e922d75b80e7,b844ad284589a94eff42dea6ee2b3e45e4cee3516d96698be2b210a74464e0e0
MATH-500/466,math_500,0,True,True,False,stop,stop,2004,1525,1.8946406035233132,1.4417799003857548,results/mtp5/primary/repeat-0/MATH-500_466.json,results/dflash15/primary/repeat-0/MATH-500_466.json,ab1ac949c49bf8047638d8efd1c65c7e83fc95aa3292e6dcd99e97c832e759ff,6990f60cce22e3ac350a6ccf61553e2a480197cb307c7dcabaef8baefcf803a5
MATH-500/467,math_500,0,True,True,False,stop,stop,581,581,1.3173071764169206,1.3173071764169206,results/mtp5/primary/repeat-0/MATH-500_467.json,results/dflash15/primary/repeat-0/MATH-500_467.json,b64ed58f0d7e9593f65b777fc36a4dc38630175930694ac7fde8b464037eb524,a3705aabeafb09e5c5ab9cd5e7c5e0fbdf002504e735412a9f25fa4aaf047094
MATH-500/468,math_500,0,True,True,True,stop,stop,519,519,1.3937624735079386,1.3937624735079386,results/mtp5/primary/repeat-0/MATH-500_468.json,results/dflash15/primary/repeat-0/MATH-500_468.json,b20b969dd8f7adc23a1cec6ed872d733e5368125c363b958fd6b633d9cc0a5bc,081e1a9e2e0c0c78fbc0ab46223a58221f64f133db3aeffc079f8ec569a9b27f
MATH-500/469,math_500,0,True,True,True,stop,stop,303,303,1.5869046405501646,1.5869046405501646,results/mtp5/primary/repeat-0/MATH-500_469.json,results/dflash15/primary/repeat-0/MATH-500_469.json,3c58e4fa59e3ea2848e59f86bbe27eb824465d64cd7aa4ca7214e17a885df001,4c670c8518fa288594ae7ef211e1b80356aa4e7c33c9cf31c25c181db51c005b
MATH-500/470,math_500,0,True,True,False,stop,stop,1250,1377,1.401428696657616,1.5438138522380298,results/mtp5/primary/repeat-0/MATH-500_470.json,results/dflash15/primary/repeat-0/MATH-500_470.json,db3bc13075979d7c1a0c5f7c18fdccb5c9b567ffaf09cb483f9cb5666f0c6686,6259a2be6c9ae1efacb31a3721d9cf5aff6866baed2678166e3c05ae4289a6d9
MATH-500/471,math_500,0,True,True,True,stop,stop,347,347,1.4879734365990798,1.4879734365990795,results/mtp5/primary/repeat-0/MATH-500_471.json,results/dflash15/primary/repeat-0/MATH-500_471.json,cc7f0494273d0e4dcfbf0cf0ab989d957860fb7860dff94426976f5665c5a8f7,6838493e7b4fcc8ea4302323cc9ff85fcdfa20d32c94896752728f99874a0264
MATH-500/472,math_500,0,True,True,True,stop,stop,426,426,1.5359706867343361,1.535970686734336,results/mtp5/primary/repeat-0/MATH-500_472.json,results/dflash15/primary/repeat-0/MATH-500_472.json,a36ce02588f3d35c31ac089053cabe1ba4da57f36d8344cad7c5ee642fedf9c3,156ff46118386a425cfd4c930aee89d2197e9f76b4f78a7e03da90737778f8f3
MATH-500/473,math_500,0,True,True,False,stop,stop,1085,1128,1.339749929947795,1.3928460101208413,results/mtp5/primary/repeat-0/MATH-500_473.json,results/dflash15/primary/repeat-0/MATH-500_473.json,9678207cdadb2f933e3b1f47369f583ad024603d9d811a5264b8578ed297ef57,9f108297066cf08e5ab7b03c2efb338c782de02a41392fbd4e639f3076eb0e6e
MATH-500/474,math_500,0,True,True,True,stop,stop,786,786,1.5356881931553392,1.5356881931553392,results/mtp5/primary/repeat-0/MATH-500_474.json,results/dflash15/primary/repeat-0/MATH-500_474.json,5200a090b586a08a2f384d591582982e9f64e2c71232c1d39491d625aad00e30,2e101c156c1354fc978c70300fc2cefaf81b7e0668afe4229804df63a1fe2a31
MATH-500/475,math_500,0,True,True,False,stop,stop,2963,2550,1.6612970248589936,1.4297358803207674,results/mtp5/primary/repeat-0/MATH-500_475.json,results/dflash15/primary/repeat-0/MATH-500_475.json,38caf03b940d76ad26c3f919aa885e0fe844e3a572dcdd99e243577d6d1f67fe,701b6cd062d83e127c6a141f274fda0f5c45707df5a3088b58e62c46f8c2cc65
MATH-500/476,math_500,0,True,True,True,stop,stop,535,535,1.4372226187976849,1.437222618797685,results/mtp5/primary/repeat-0/MATH-500_476.json,results/dflash15/primary/repeat-0/MATH-500_476.json,fdaa03d66a0e92d6f3aee8e802d7de754327ea1a971f5ec24cd1b2b87ec2e28e,d63a4c5b66f59b78f06bb5b4929b0b99cc862aa9748f803451b932d4994fb7d6
MATH-500/477,math_500,0,True,True,False,stop,stop,1128,907,1.7551399037721624,1.4112694084409143,results/mtp5/primary/repeat-0/MATH-500_477.json,results/dflash15/primary/repeat-0/MATH-500_477.json,476427534dcc44850c837147c63a126b6ee12cbc1e111c8017c482443730df3c,4fd6273f1349f4350a7b934eba7f50d5cf475efe69d71a0c5e0c0a8f842f5cde
MATH-500/478,math_500,0,True,True,False,stop,stop,2332,2087,1.5283790880235455,1.3678075286042624,results/mtp5/primary/repeat-0/MATH-500_478.json,results/dflash15/primary/repeat-0/MATH-500_478.json,c0e034dd4ec68d73d810e6aa2855ef04ef9382ea52cf3c3874da61ac6b663952,1d6d89ea07b3363b7ce7edd934e24dee1c92b787f3bf3846b73427aed5e52b4b
MATH-500/479,math_500,0,True,True,False,stop,stop,749,749,1.289579173354594,1.289579173354594,results/mtp5/primary/repeat-0/MATH-500_479.json,results/dflash15/primary/repeat-0/MATH-500_479.json,e140ea8798ca4e652801b60b728a87b85aba3ca3181d8165d5637800944090a5,b94c4205a884b419f048fd532304b79e5e90757d46f6eedc1a8aa1a2d8686dde
MATH-500/480,math_500,0,True,True,False,stop,stop,1187,1432,1.2988808332939281,1.566973338902195,results/mtp5/primary/repeat-0/MATH-500_480.json,results/dflash15/primary/repeat-0/MATH-500_480.json,934256cbb2a7feea379d7451b9ca3058a4033d9f755ffc9ff4cd25a9337fb17d,edd9a0ac6cc2050982ff3791c4367e9ced01e5224fcd046fa0bbe7ef1f56abdd
MATH-500/481,math_500,0,True,True,False,stop,stop,1862,1755,1.7912966761167124,1.6883596490788562,results/mtp5/primary/repeat-0/MATH-500_481.json,results/dflash15/primary/repeat-0/MATH-500_481.json,efadae5f7e380db390b77984fad4d9d466c3ec272d3e7417ed337bb7535836ec,58c802f1349160f43de0a1d5e00b61adac33bd395314a9a7239c163dcd384ff8
MATH-500/482,math_500,0,True,True,False,stop,stop,1072,1135,1.3581031406147976,1.437917037871078,results/mtp5/primary/repeat-0/MATH-500_482.json,results/dflash15/primary/repeat-0/MATH-500_482.json,0f978bc55d0438ec2d60eff3a18d1abb2ed6a598482109c973d127221f5ad805,920c9ad13f2079a483c8dcdb693d3f6e17a9379d7f44d5684c754334e9b4036f
MATH-500/483,math_500,0,True,True,False,stop,stop,1594,1541,1.813212405412631,1.7529236616943944,results/mtp5/primary/repeat-0/MATH-500_483.json,results/dflash15/primary/repeat-0/MATH-500_483.json,989c07cb34a21c85974296e6869734adaa26cb8cf5b2fc9f3f036aeca92d6bcd,f8735a1c5eb332b5a5d290f958f414f3d8017d49b6827980d4f9f45c55bc3d44
MATH-500/484,math_500,0,True,True,False,stop,stop,1353,1516,1.4175184845650137,1.588291221434265,results/mtp5/primary/repeat-0/MATH-500_484.json,results/dflash15/primary/repeat-0/MATH-500_484.json,f8d5c1b0a78ce07292a4da41438cc9b7b2d1e47cda0ab06213b28a857e43c021,e46e77c8ed03f17099d2efb94aaea0c6fc0cce2f9bba865c026cc77bc3aa2131
MATH-500/485,math_500,0,True,True,False,stop,stop,3766,4696,0.8937874269251415,1.1145049805736762,results/mtp5/primary/repeat-0/MATH-500_485.json,results/dflash15/primary/repeat-0/MATH-500_485.json,043ee08a54c2076537384776b1087b5169b2873025ac163be7d42d87d0a7127d,053934e5d175b56ea31f674b92e3c28193d2b39cbc4b98ef845a2ec92fab59cf
MATH-500/486,math_500,0,True,True,False,stop,stop,394,386,1.2215059442899916,1.1967037931368956,results/mtp5/primary/repeat-0/MATH-500_486.json,results/dflash15/primary/repeat-0/MATH-500_486.json,c58588b20dacc9e3c828034e7b700ed5368f2cbd0d208e9ec24bf3a74fe79369,4684c48374bfd14842d1fd2a3f904fa54312113240496b8b2f6072ba79dd5c43
MATH-500/487,math_500,0,True,True,True,stop,stop,689,689,1.4903900802400298,1.4903900802400298,results/mtp5/primary/repeat-0/MATH-500_487.json,results/dflash15/primary/repeat-0/MATH-500_487.json,f39efa997d02cea9f993f19da8b0e843fe7a4a04a4f130b17b6fd300c8f1e8b0,91e988ac9aebd61d3f2a864d69284dd885b1d1a034e90e4237290202edab1ac7
MATH-500/488,math_500,0,True,True,False,stop,stop,450,450,1.5265983003271744,1.5265983003271746,results/mtp5/primary/repeat-0/MATH-500_488.json,results/dflash15/primary/repeat-0/MATH-500_488.json,1094d14684e4793150a51e91b2c5dd9442d805c5714579d8b69fd97e0d11dad3,134fce4f40b1cdd09c8b3c69ee752b2ff17c1e33f6da52080bf8f2ea37853880
MATH-500/489,math_500,0,True,True,False,stop,stop,1037,1023,1.4320856094817769,1.412751763259265,results/mtp5/primary/repeat-0/MATH-500_489.json,results/dflash15/primary/repeat-0/MATH-500_489.json,694d719850c373830ead046333e6a9c7ead2ca34f180e951571f97989e2c0750,f198606c597c7e1eb154f56c5e0b16a601d55ed754e522e161771e649731cfa9
MATH-500/490,math_500,0,True,True,False,stop,stop,7211,6431,1.384926673987932,1.2351218195002622,results/mtp5/primary/repeat-0/MATH-500_490.json,results/dflash15/primary/repeat-0/MATH-500_490.json,ca9fac52965d77e601f467148fac9fdd16f52a06e40184d2751f9fb67ab3ab3f,be3d631c0dc699e019b4e8e1686daeac39ac45687ad86ae8247df255639c6b10
MATH-500/491,math_500,0,True,True,False,stop,stop,571,571,1.3134738080529607,1.3134738080529607,results/mtp5/primary/repeat-0/MATH-500_491.json,results/dflash15/primary/repeat-0/MATH-500_491.json,b4d54d2e8260ae2e46042bb2775c21c2f881012b136838aad6f18228cc409ad5,ab29bad7101f6004df049755840a384e9e2609ff7d2c43ea07f834d247abd949
MATH-500/492,math_500,0,True,True,False,stop,stop,631,634,1.58008473882481,1.5875970275989373,results/mtp5/primary/repeat-0/MATH-500_492.json,results/dflash15/primary/repeat-0/MATH-500_492.json,5275688f64803a0496fba1095c35f064af565aed9bbaeb90c5528eb5454dc8aa,56c02a7705e6b224781b7c8c6a092931969c2ff088183b9a2f2cbea102eb16f5
MATH-500/493,math_500,0,True,True,False,stop,stop,850,850,1.7966004440643581,1.7966004440643581,results/mtp5/primary/repeat-0/MATH-500_493.json,results/dflash15/primary/repeat-0/MATH-500_493.json,a6fd98c37d5724463c7b5365d980362740aa1c78bb6252a4c79b554c22562bdb,f450e724ab803ae914d77009abdb4e07a138289258e65a8c64d8f0e462f555b8
MATH-500/494,math_500,0,True,True,False,stop,stop,2552,3151,1.1382608989512542,1.4054310707662234,results/mtp5/primary/repeat-0/MATH-500_494.json,results/dflash15/primary/repeat-0/MATH-500_494.json,d4076d72cf91637afd0a9da60aa70817736eeed4cb6bc92c725e1160f15409c1,b55102923d5a34c73c9e8886e45e90d8b17faed054c3ec7510a5a99dcfac536f
MATH-500/495,math_500,0,True,True,True,stop,stop,812,812,1.4221628325344,1.4221628325344,results/mtp5/primary/repeat-0/MATH-500_495.json,results/dflash15/primary/repeat-0/MATH-500_495.json,ca8782dfbce0b2b99cf97e8838e97ac85e30e41bffdb5fce70bc22d1c5d522e3,7d36c3b36c43bb73f95a5f3d482262200790d0ea3e06c934556f0b47ab890090
MATH-500/496,math_500,0,True,True,False,stop,stop,1213,1218,1.7132734406463435,1.7203355735426595,results/mtp5/primary/repeat-0/MATH-500_496.json,results/dflash15/primary/repeat-0/MATH-500_496.json,34187b076d1ed3608a9f9d80c8c9037db53c59acb7b44763f46ba1d9615bb705,95beaf2321b0a84b73fa33bc7a8bc3ae44133d771c9273574eb96d6b8a2d5e76
MATH-500/497,math_500,0,True,True,False,stop,stop,3605,4786,1.07448199714781,1.4264828955199496,results/mtp5/primary/repeat-0/MATH-500_497.json,results/dflash15/primary/repeat-0/MATH-500_497.json,4d0196f839025f73d2eb2ffbd4a86ad8d5136230a2f81cfd39396a28a40ba379,0b413a18e0c21af00e2f0a20ad797d95ac61d797cb9c0c0d8b14eb01745accc9
MATH-500/498,math_500,0,True,True,False,stop,stop,1381,1311,1.7641751387892233,1.674752792869422,results/mtp5/primary/repeat-0/MATH-500_498.json,results/dflash15/primary/repeat-0/MATH-500_498.json,cef598f095c7a2eb30482f4065731727aa0acfc7ba0ac4024aeed06760920176,7c88bc639ee667826a88ce27f30af4d145b5d7cf52d0ed20963946969132b94f
MATH-500/499,math_500,0,True,True,False,stop,stop,1044,997,1.516513498565694,1.4482413391475069,results/mtp5/primary/repeat-0/MATH-500_499.json,results/dflash15/primary/repeat-0/MATH-500_499.json,d766bf5e310bfe028bf88178a9c7572040cb6248c1b516e407fb041f01d90274,63df7beb1497c498ce0cd54dda8724cbc4df12c50c08050d6eb5ebedd64466e1
