task_id,answer,gold
MATH-500/0,"To convert the point $(x, y) = (0, 3)$ from rectangular coordinates to polar coordinates $(r, \theta)$, we use the following relationships:

1.  $r = \sqrt{x^2 + y^2}$
2.  $\tan \theta = \frac{y}{x}$ (with adjustments based on the quadrant)

**Step 1: Calculate $r$**

Given $x = 0$ and $y = 3$:
$$ r = \sqrt{0^2 + 3^2} = \sqrt{9} = 3 $$
Since the problem requires $r > 0$, we have $r = 3$.

**Step 2: Calculate $\theta$**

The point $(0, 3)$ lies on the positive $y$-axis.
*   The angle corresponding to the positive $x$-axis is $0$.
*   The angle corresponding to the positive $y$-axis is $\frac{\pi}{2}$.
*   The angle corresponding to the negative $x$-axis is $\pi$.
*   The angle corresponding to the negative $y$-axis is $\frac{3\pi}{2}$.

Since the point is on the positive $y$-axis, the angle $\theta$ is $\frac{\pi}{2}$.

We must ensure that $0 \le \theta < 2\pi$.
$\frac{\pi}{2}$ satisfies this condition.

**Conclusion**

The polar coordinates are $(3, \frac{\pi}{2})$.

\boxed{(3, \frac{\pi}{2})}","$\left( 3, \frac{\pi}{2} \right)$"
MATH-500/1,"To find the value of the double sum
\[ S = \sum_{j = 1}^\infty \sum_{k = 1}^\infty \frac{1}{(j + k)^3} \]
in terms of $p = \sum_{k=1}^\infty \frac{1}{k^2}$ and $q = \sum_{k=1}^\infty \frac{1}{k^3}$, we will proceed by changing the order of summation and grouping terms based on the sum of the indices.

### Step 1: Change the Index of Summation

Let $n = j + k$. Since $j \ge 1$ and $k \ge 1$, the smallest possible value for $n$ is $1+1=2$. For a fixed integer $n \ge 2$, the possible pairs $(j, k)$ such that $j+k=n$ are:
\[ (1, n-1), (2, n-2), \dots, (n-1, 1) \]
There are exactly $n-1$ such pairs.

We can rewrite the double sum by summing over $n$ first. The term $\frac{1}{(j+k)^3}$ becomes $\frac{1}{n^3}$ for all pairs in the group corresponding to $n$. Since there are $n-1$ such pairs, the contribution to the sum for a fixed $n$ is:
\[ (n-1) \cdot \frac{1}{n^3} \]

Thus, the double sum can be rewritten as a single sum over $n$:
\[ S = \sum_{n=2}^\infty \frac{n-1}{n^3} \]

### Step 2: Simplify the General Term

We can split the fraction $\frac{n-1}{n^3}$ into two separate terms:
\[ \frac{n-1}{n^3} = \frac{n}{n^3} - \frac{1}{n^3} = \frac{1}{n^2} - \frac{1}{n^3} \]

Substituting this back into the sum:
\[ S = \sum_{n=2}^\infty \left( \frac{1}{n^2} - \frac{1}{n^3} \right) \]

By linearity of convergent series, we can split this into two separate sums:
\[ S = \sum_{n=2}^\infty \frac{1}{n^2} - \sum_{n=2}^\infty \frac{1}{n^3} \]

### Step 3: Relate to $p$ and $q$

Recall the definitions given in the problem:
\[ p = \sum_{k=1}^\infty \frac{1}{k^2} = 1 + \sum_{k=2}^\infty \frac{1}{k^2} \]
\[ q = \sum_{k=1}^\infty \frac{1}{k^3} = 1 + \sum_{k=2}^\infty \frac{1}{k^3} \]

From these definitions, we can express the sums starting from $n=2$ as:
\[ \sum_{n=2}^\infty \frac{1}{n^2} = p - 1 \]
\[ \sum_{n=2}^\infty \frac{1}{n^3} = q - 1 \]

### Step 4: Calculate the Final Result

Substitute these expressions back into the equation for $S$:
\[ S = (p - 1) - (q - 1) \]
\[ S = p - 1 - q + 1 \]
\[ S = p - q \]

### Conclusion

The double sum can be written in terms of $p$ and $q$ as:
\[ \sum_{j = 1}^\infty \sum_{k = 1}^\infty \frac{1}{(j + k)^3} = p - q \]

\boxed{p - q}",$p - q$
MATH-500/2,"To find the value of $f(-2) + f(-1) + f(0)$ for the function $f(x) = \frac{3x-2}{x-2}$, we will evaluate the function at each of the specified points and then sum the results.

**Step 1: Evaluate $f(-2)$**

Substitute $x = -2$ into the function:
$$ f(-2) = \frac{3(-2) - 2}{-2 - 2} $$
$$ f(-2) = \frac{-6 - 2}{-4} $$
$$ f(-2) = \frac{-8}{-4} $$
$$ f(-2) = 2 $$

**Step 2: Evaluate $f(-1)$**

Substitute $x = -1$ into the function:
$$ f(-1) = \frac{3(-1) - 2}{-1 - 2} $$
$$ f(-1) = \frac{-3 - 2}{-3} $$
$$ f(-1) = \frac{-5}{-3} $$
$$ f(-1) = \frac{5}{3} $$

**Step 3: Evaluate $f(0)$**

Substitute $x = 0$ into the function:
$$ f(0) = \frac{3(0) - 2}{0 - 2} $$
$$ f(0) = \frac{0 - 2}{-2} $$
$$ f(0) = \frac{-2}{-2} $$
$$ f(0) = 1 $$

**Step 4: Sum the values**

Now, we add the three results together:
$$ f(-2) + f(-1) + f(0) = 2 + \frac{5}{3} + 1 $$

Combine the integers first:
$$ 2 + 1 = 3 $$

Add the fraction:
$$ 3 + \frac{5}{3} $$

To add these, convert 3 to a fraction with a denominator of 3:
$$ 3 = \frac{9}{3} $$

So,
$$ \frac{9}{3} + \frac{5}{3} = \frac{9 + 5}{3} = \frac{14}{3} $$

The result is already in simplest form as a common fraction.

\boxed{\frac{14}{3}}",$\frac{14}{3}$
MATH-500/3,"To find the number of positive whole-number divisors of 196, we can follow these steps:

### Step 1: Prime Factorization of 196

First, we determine the prime factorization of the number 196.

1.  Since 196 is an even number, we can divide it by 2:
    $$196 \div 2 = 98$$
2.  98 is also even, so we divide by 2 again:
    $$98 \div 2 = 49$$
3.  Now we have 49. We know that $49 = 7 \times 7$, or $7^2$.

So, the prime factorization of 196 is:
$$196 = 2 \times 2 \times 7 \times 7 = 2^2 \times 7^2$$

### Step 2: Use the Divisor Counting Formula

If the prime factorization of a number $n$ is given by $n = p_1^{e_1} \times p_2^{e_2} \times \dots \times p_k^{e_k}$, then the total number of positive divisors of $n$, denoted as $d(n)$, is calculated by multiplying the successors of the exponents:
$$d(n) = (e_1 + 1)(e_2 + 1)\dots(e_k + 1)$$

For $196 = 2^2 \times 7^2$:
- The exponent of the prime factor 2 is $2$.
- The exponent of the prime factor 7 is $2$.

Applying the formula:
$$d(196) = (2 + 1)(2 + 1)$$
$$d(196) = 3 \times 3$$
$$d(196) = 9$$

### Step 3: Verification by Listing Divisors

Let's list all the divisors to verify the result. The divisors are formed by combinations of the prime factors $2^0, 2^1, 2^2$ and $7^0, 7^1, 7^2$.

1.  $2^0 \times 7^0 = 1 \times 1 = 1$
2.  $2^1 \times 7^0 = 2 \times 1 = 2$
3.  $2^2 \times 7^0 = 4 \times 1 = 4$
4.  $2^0 \times 7^1 = 1 \times 7 = 7$
5.  $2^1 \times 7^1 = 2 \times 7 = 14$
6.  $2^2 \times 7^1 = 4 \times 7 = 28$
7.  $2^0 \times 7^2 = 1 \times 49 = 49$
8.  $2^1 \times 7^2 = 2 \times 49 = 98$
9.  $2^2 \times 7^2 = 4 \times 49 = 196$

The divisors are: 1, 2, 4, 7, 14, 28, 49, 98, 196.
Counting them, we find there are exactly 9 divisors.

### Conclusion

The number of positive whole-number divisors of 196 is 9.

\boxed{9}",$9$
MATH-500/4,"To determine which student has the greatest average speed, we need to analyze the relationship between distance and time for each student as shown in the graph.

**1. Understanding the Graph**
*   The horizontal axis (x-axis) represents **time**.
*   The vertical axis (y-axis) represents **distance**.
*   The formula for average speed is:
    $$ \text{Speed} = \frac{\text{Distance}}{\text{Time}} $$
*   On a distance-time graph, the speed of an object is represented by the slope of the line connecting the origin $(0,0)$ to the point representing the object's final position. A steeper slope indicates a greater speed. Alternatively, we can calculate the ratio $\frac{y}{x}$ for each point.

**2. Analyzing Each Student's Data**
Let's estimate the coordinates $(t, d)$ for each student from the graph and calculate their approximate speed ($v = d/t$).

*   **Evelyn**:
    *   Time ($t$) $\approx 1.25$
    *   Distance ($d$) $\approx 4.5$
    *   Speed $\approx \frac{4.5}{1.25} = 3.6$

*   **Briana**:
    *   Time ($t$) $\approx 2.5$
    *   Distance ($d$) $\approx 2.2$
    *   Speed $\approx \frac{2.2}{2.5} = 0.88$

*   **Carla**:
    *   Time ($t$) $\approx 4.25$
    *   Distance ($d$) $\approx 5.2$
    *   Speed $\approx \frac{5.2}{4.25} \approx 1.22$

*   **Debra**:
    *   Time ($t$) $\approx 5.6$
    *   Distance ($d$) $\approx 2.8$
    *   Speed $\approx \frac{2.8}{5.6} = 0.5$

*   **Angela**:
    *   Time ($t$) $\approx 6.8$
    *   Distance ($d$) $\approx 1.4$
    *   Speed $\approx \frac{1.4}{6.8} \approx 0.21$

**3. Comparison**
Comparing the calculated speeds:
*   Evelyn: $3.6$
*   Briana: $0.88$
*   Carla: $1.22$
*   Debra: $0.5$
*   Angela: $0.21$

Evelyn has the highest value. Visually, this is also confirmed by observing that Evelyn's point is the ""steepest"" relative to the origin. She covers a large distance in a very short amount of time.

**Conclusion**
Evelyn has the greatest average speed.

\boxed{Evelyn}",$\text{Evelyn}$
MATH-500/5,"To find the perimeter of the regular hexagon, we will follow these steps:

1.  **Determine the side length of the equilateral triangle.**
    The problem states that the regular hexagon is divided into six equilateral triangles. An equilateral triangle has three sides of equal length. Let $s$ be the side length of one of these triangles.
    
    The perimeter of one equilateral triangle is given as 21 inches. Therefore:
    $$3s = 21$$
    
    Solving for $s$:
    $$s = \frac{21}{3} = 7 \text{ inches}$$

2.  **Determine the side length of the regular hexagon.**
    A regular hexagon can be divided into six equilateral triangles by drawing lines from the center to each vertex. The sides of these triangles that form the boundary of the hexagon are the sides of the hexagon itself. Therefore, the side length of the regular hexagon is equal to the side length of the equilateral triangle.
    
    So, the side length of the hexagon is also $7$ inches.

3.  **Calculate the perimeter of the regular hexagon.**
    A regular hexagon has 6 equal sides. Let $P_{hex}$ be the perimeter of the hexagon.
    $$P_{hex} = 6 \times s$$
    $$P_{hex} = 6 \times 7$$
    $$P_{hex} = 42 \text{ inches}$$

**Conclusion:**
The perimeter of the regular hexagon is 42 inches.

\boxed{42}",$42$
MATH-500/6,"To find the smallest positive perfect cube that can be written as the sum of three consecutive integers, we will proceed with the following logical steps:

### Step 1: Express the sum of three consecutive integers algebraically

Let the three consecutive integers be $n-1$, $n$, and $n+1$, where $n$ is an integer.
The sum $S$ of these three integers is:
$$ S = (n-1) + n + (n+1) $$
$$ S = 3n $$

So, the sum of any three consecutive integers is always a multiple of 3.

### Step 2: Set the sum equal to a perfect cube

We are looking for a number that is both a perfect cube and equal to this sum. Let the perfect cube be $k^3$, where $k$ is a positive integer.
Therefore, we have the equation:
$$ k^3 = 3n $$

This implies that $k^3$ must be divisible by 3.

### Step 3: Determine the properties of $k$

If a perfect cube $k^3$ is divisible by a prime number $p$, then the base $k$ must also be divisible by $p$.
*   Proof: Let the prime factorization of $k$ be $p_1^{a_1} p_2^{a_2} \dots$. Then $k^3 = p_1^{3a_1} p_2^{3a_2} \dots$. For $k^3$ to be divisible by 3, the exponent of the prime factor 3 in the prime factorization of $k^3$ must be at least 1. Since the exponents in $k^3$ are multiples of 3, the smallest positive multiple of 3 is 3. This means the exponent of 3 in $k$ must be at least 1. Thus, $k$ is divisible by 3.

So, $k$ must be a multiple of 3. Let $k = 3m$ for some positive integer $m$.

### Step 4: Find the smallest positive integer $k$

We want the **smallest** positive perfect cube. This corresponds to the smallest positive integer $k$.
Since $k$ must be a multiple of 3, the possible values for $k$ are $3, 6, 9, \dots$.

The smallest positive value is $k = 3$.

### Step 5: Calculate the perfect cube and verify

Let's test $k = 3$:
$$ k^3 = 3^3 = 27 $$

Now, we check if 27 can be written as the sum of three consecutive integers.
From Step 1, we know the sum is $3n$. So:
$$ 27 = 3n $$
$$ n = 9 $$

The three consecutive integers are $n-1, n, n+1$, which are:
$$ 8, 9, 10 $$

Let's verify the sum:
$$ 8 + 9 + 10 = 27 $$

Since $27 = 3^3$, it is a perfect cube.
Since $8, 9, 10$ are consecutive integers, the condition is satisfied.

Is there a smaller positive perfect cube?
The positive perfect cubes are $1^3=1$, $2^3=8$, $3^3=27$, etc.
*   $1$: Is $1$ divisible by 3? No. ($1 = 3n \implies n=1/3$, not an integer).
*   $8$: Is $8$ divisible by 3? No. ($8 = 3n \implies n=8/3$, not an integer).
*   $27$: Is $27$ divisible by 3? Yes. ($27 = 3n \implies n=9$, an integer).

Thus, 27 is the smallest.

### Conclusion

The smallest positive perfect cube that can be written as the sum of three consecutive integers is 27.

\boxed{27}",$27$
MATH-500/7,"To find the angle between the two lines, we first need to determine the direction vectors for each line.

### Step 1: Find the direction vector of the first line

The equation for the first line is given by:
\[ 2x = 3y = -z \]

Let this common value be equal to a parameter $t$. Then we can write:
\[ 2x = t \implies x = \frac{t}{2} \]
\[ 3y = t \implies y = \frac{t}{3} \]
\[ -z = t \implies z = -t \]

So, the position vector $\mathbf{r}_1$ of any point on this line can be written as:
\[ \mathbf{r}_1 = \left( \frac{1}{2}, \frac{1}{3}, -1 \right) t \]

The direction vector $\mathbf{v}_1$ is the coefficient of $t$:
\[ \mathbf{v}_1 = \left( \frac{1}{2}, \frac{1}{3}, -1 \right) \]

To make calculations easier, we can scale this vector by the least common multiple of the denominators (which is 6) to get an integer vector parallel to $\mathbf{v}_1$. Let's call this scaled vector $\mathbf{u}_1$:
\[ \mathbf{u}_1 = 6 \mathbf{v}_1 = \left( 3, 2, -6 \right) \]

### Step 2: Find the direction vector of the second line

The equation for the second line is given by:
\[ 6x = -y = -4z \]

Let this common value be equal to a parameter $s$. Then we can write:
\[ 6x = s \implies x = \frac{s}{6} \]
\[ -y = s \implies y = -s \]
\[ -4z = s \implies z = -\frac{s}{4} \]

So, the position vector $\mathbf{r}_2$ of any point on this line can be written as:
\[ \mathbf{r}_2 = \left( \frac{1}{6}, -1, -\frac{1}{4} \right) s \]

The direction vector $\mathbf{v}_2$ is the coefficient of $s$:
\[ \mathbf{v}_2 = \left( \frac{1}{6}, -1, -\frac{1}{4} \right) \]

Similarly, we can scale this vector to get an integer vector parallel to $\mathbf{v}_2$. The least common multiple of the denominators 6 and 4 is 12. Let's call this scaled vector $\mathbf{u}_2$:
\[ \mathbf{u}_2 = 12 \mathbf{v}_2 = \left( 2, -12, -3 \right) \]

### Step 3: Calculate the angle between the direction vectors

The angle $\theta$ between two lines is defined as the acute angle between their direction vectors. We use the dot product formula:
\[ \cos \theta = \frac{|\mathbf{u}_1 \cdot \mathbf{u}_2|}{\|\mathbf{u}_1\| \|\mathbf{u}_2\|} \]

First, calculate the dot product $\mathbf{u}_1 \cdot \mathbf{u}_2$:
\[ \mathbf{u}_1 = (3, 2, -6) \]
\[ \mathbf{u}_2 = (2, -12, -3) \]
\[ \mathbf{u}_1 \cdot \mathbf{u}_2 = (3)(2) + (2)(-12) + (-6)(-3) \]
\[ \mathbf{u}_1 \cdot \mathbf{u}_2 = 6 - 24 + 18 \]
\[ \mathbf{u}_1 \cdot \mathbf{u}_2 = 0 \]

Since the dot product is 0, the vectors are orthogonal (perpendicular).

### Step 4: Determine the angle

If the dot product of two non-zero vectors is 0, the angle between them is $90^\circ$.

\[ \cos \theta = 0 \implies \theta = 90^\circ \]

### Conclusion

The angle between the two lines is $90^\circ$.

\boxed{90}",$90^\circ$
MATH-500/8,"To find the distance between two points $(x_1, y_1)$ and $(x_2, y_2)$ in a coordinate plane, we use the distance formula:

$$ d = \sqrt{(x_2 - x_1)^2 + (y_2 - y_1)^2} $$

**Step 1: Identify the coordinates of the points.**
Let $(x_1, y_1) = (2, -6)$ and $(x_2, y_2) = (-4, 3)$.

**Step 2: Substitute the coordinates into the distance formula.**
$$ d = \sqrt{(-4 - 2)^2 + (3 - (-6))^2} $$

**Step 3: Simplify the expressions inside the parentheses.**
$$ x_2 - x_1 = -4 - 2 = -6 $$
$$ y_2 - y_1 = 3 - (-6) = 3 + 6 = 9 $$

So, the equation becomes:
$$ d = \sqrt{(-6)^2 + (9)^2} $$

**Step 4: Square the differences.**
$$ (-6)^2 = 36 $$
$$ (9)^2 = 81 $$

So,
$$ d = \sqrt{36 + 81} $$

**Step 5: Add the numbers inside the square root.**
$$ d = \sqrt{117} $$

**Step 6: Simplify the radical.**
To express the answer in simplest radical form, we need to find the largest perfect square factor of 117.
The factors of 117 are 1, 3, 9, 13, 39, 117.
The largest perfect square factor is 9.

$$ 117 = 9 \times 13 $$

Therefore:
$$ d = \sqrt{9 \times 13} $$
$$ d = \sqrt{9} \times \sqrt{13} $$
$$ d = 3\sqrt{13} $$

The distance between the points is $3\sqrt{13}$.

\boxed{3\sqrt{13}}",$3\sqrt{13}$
MATH-500/9,"To determine how many distinct values can be obtained from the expression $2 \cdot 3 \cdot 4 \cdot 5 + 1$ by inserting parentheses, we must analyze all possible ways to parenthesize the expression.

The expression consists of four numbers ($2, 3, 4, 5$) connected by multiplication operators, followed by an addition of $1$. The structure is essentially a sequence of operations on the numbers $2, 3, 4, 5$ and then adding $1$. However, the parentheses can change the order of operations between the multiplications and the addition.

Let the expression be $E = 2 \cdot 3 \cdot 4 \cdot 5 + 1$.
The operators are $\cdot, \cdot, \cdot, +$.
The numbers are $2, 3, 4, 5, 1$.

Since multiplication is associative, the grouping of purely multiplicative terms does not change their product. For example, $(2 \cdot 3) \cdot 4 = 2 \cdot (3 \cdot 4) = 24$. The critical factor is where the addition operator $+$ is applied relative to the multiplications. The addition can effectively ""split"" the sequence of numbers $2, 3, 4, 5$ into two parts: a left part that is multiplied together and a right part that is multiplied together, and then these two products are added. Or, the addition can be nested deeper.

Let's list all structurally distinct ways to insert parentheses. The expression has 5 operands and 4 operators. The number of ways to parenthesize an expression with $n$ operands is given by the Catalan number $C_{n-1}$. Here $n=5$, so there are $C_4 = 14$ possible parenthesizations. However, many of these will yield the same value because multiplication is associative and commutative (though order of numbers is fixed, associativity means grouping doesn't matter for pure multiplication). We need to evaluate the distinct values.

Let's categorize the parenthesizations based on the position of the final addition operation. The expression is of the form $A + B$, where $A$ and $B$ are sub-expressions formed from the numbers $2, 3, 4, 5$ and potentially the $1$. Wait, the $1$ is at the end. The structure is always some combination of $2,3,4,5$ multiplied/added, then $+1$? No, the $+1$ is an operator between the product of $2,3,4,5$ and the number $1$? No, the expression is $2 \cdot 3 \cdot 4 \cdot 5 + 1$. The $+1$ is at the very end.

Let's look at the possible binary tree structures for the operators $\cdot, \cdot, \cdot, +$.
The operands are $x_1=2, x_2=3, x_3=4, x_4=5, x_5=1$.
The operators are $op_1=\cdot, op_2=\cdot, op_3=\cdot, op_4=+$.

Any valid parenthesization will result in an expression that can be simplified to a sum of products. Since there is only one addition sign, the final operation must be an addition, or the addition is buried inside a multiplication.

Let's break it down by the ""top-level"" operation.

**Case 1: The last operation performed is the addition (+).**
This means the expression is of the form $(\text{Product of some subset of } \{2,3,4,5\}) + (\text{Product of the remaining subset including } 1)$.
Actually, since the $+1$ is at the end, the structure is effectively $P + 1$ or $P + Q$ where the $1$ is part of $Q$ or $P$?
Let's look at the syntax tree. The root is $+$.
Left child: An expression involving $2, 3, 4, 5$.
Right child: The number $1$.
So the form is $E_{2,3,4,5} + 1$.
Since $E_{2,3,4,5}$ only contains multiplications, its value is simply the product of all numbers involved, which is $2 \cdot 3 \cdot 4 \cdot 5 = 120$.
So, if the top-level operation is $+$, the value is $120 + 1 = 121$.
Are there other ways the top-level operation is $+$?
The expression is $2 \cdot 3 \cdot 4 \cdot 5 + 1$.
If we group as $(2 \cdot 3 \cdot 4 \cdot 5) + 1$, value is $121$.
Can we have something like $(2 \cdot 3) + (4 \cdot 5 \cdot 1)$? No, the operators are fixed in order: $\cdot, \cdot, \cdot, +$. We cannot move the $+$ to the middle. The $+$ is strictly between the $5$ and the $1$.
So, any parenthesization where the final operation is the $+$ between the block $2 \cdot 3 \cdot 4 \cdot 5$ and $1$ will result in:
$(\text{Value of } 2 \cdot 3 \cdot 4 \cdot 5) + 1$.
Since multiplication is associative, the value of $2 \cdot 3 \cdot 4 \cdot 5$ is always $120$.
Thus, this case yields only **121**.

**Case 2: The last operation performed is a multiplication ($\cdot$).**
This means the addition $+1$ is ""inside"" one of the multiplicative factors.
The expression looks like $A \cdot B$, where one of $A$ or $B$ contains the $+1$.
Since the $+1$ is at the end of the sequence, the structure must be:
$(\text{Product of some prefix of } 2,3,4,5) \cdot (\text{Expression involving the rest and } +1)$.

Let's denote the split point. The multiplication operators are between 2-3, 3-4, 4-5.
The addition is between 5 and 1.

Possible structures where the top-level op is $\cdot$:

1.  **Split after 2**: $2 \cdot (3 \cdot 4 \cdot 5 + 1)$
    Here, the inner expression is $3 \cdot 4 \cdot 5 + 1$.
    Value: $2 \cdot (60 + 1) = 2 \cdot 61 = 122$.

2.  **Split after 3**: $(2 \cdot 3) \cdot (4 \cdot 5 + 1)$
    Here, the inner expression is $4 \cdot 5 + 1$.
    Value: $6 \cdot (20 + 1) = 6 \cdot 21 = 126$.
    Note: Could it be $2 \cdot (3 \cdot (4 \cdot 5 + 1))$?
    This is structurally $2 \cdot (3 \cdot 21) = 2 \cdot 63 = 126$. Same value.
    Could it be $(2 \cdot 3 \cdot 4) \cdot (5 + 1)$? This is a split after 4. Let's list splits systematically.

    The general form is $P_k \cdot Q$, where $P_k$ is the product of the first $k$ numbers ($2, \dots, k+1$) and $Q$ is the value of the remaining expression starting from the $(k+2)$-th number up to $1$.
    
    Let's analyze the possible positions for the ""outermost"" multiplication that separates the left part (pure multiplication) from the right part (containing the addition).
    
    The expression is $2 \cdot 3 \cdot 4 \cdot 5 + 1$.
    
    **Subcase 2a: The outermost multiplication is between 4 and 5.**
    Form: $(2 \cdot 3 \cdot 4) \cdot (5 + 1)$
    Value: $24 \cdot 6 = 144$.
    Are there other groupings with this outermost split?
    $(2 \cdot (3 \cdot 4)) \cdot (5 + 1) = 24 \cdot 6 = 144$.
    $((2 \cdot 3) \cdot 4) \cdot (5 + 1) = 24 \cdot 6 = 144$.
    All these yield **144**.

    **Subcase 2b: The outermost multiplication is between 3 and 4.**
    Form: $(2 \cdot 3) \cdot (4 \cdot 5 + 1)$
    Value: $6 \cdot (20 + 1) = 6 \cdot 21 = 126$.
    Other groupings:
    $2 \cdot (3 \cdot (4 \cdot 5 + 1)) = 2 \cdot (3 \cdot 21) = 2 \cdot 63 = 126$.
    $2 \cdot ((3 \cdot 4) \cdot 5 + 1)$? No, the outermost op here is the one between 2 and the rest. That's Subcase 2c.
    Wait, let's look at the tree structure carefully.
    If the root is $\cdot$ between 3 and 4, the left child is $2 \cdot 3$ (value 6) and the right child is $4 \cdot 5 + 1$ (value 21).
    Value: $6 \cdot 21 = 126$.
    Is it possible to have $(2 \cdot 3 \cdot 4) \dots$? No, that would make the root $\cdot$ between 4 and 5 or 3 and 4 depending on grouping.
    Let's check if there are other values for this split.
    The right side is $4 \cdot 5 + 1$. The only way to parenthesize $4 \cdot 5 + 1$ is $(4 \cdot 5) + 1 = 21$.
    The left side is $2 \cdot 3$. Value 6.
    So this yields **126**.

    **Subcase 2c: The outermost multiplication is between 2 and 3.**
    Form: $2 \cdot (3 \cdot 4 \cdot 5 + 1)$
    Value: $2 \cdot (60 + 1) = 2 \cdot 61 = 122$.
    Other groupings:
    $2 \cdot (3 \cdot (4 \cdot 5 + 1)) = 2 \cdot (3 \cdot 21) = 126$.
    Wait, in $2 \cdot (3 \cdot (4 \cdot 5 + 1))$, the outermost operation is the multiplication between 2 and the rest. So this falls under ""Outermost multiplication is between 2 and 3"".
    Let's re-evaluate.
    If the root is $\cdot$ between 2 and 3:
    Left child: 2.
    Right child: Expression for $3 \cdot 4 \cdot 5 + 1$.
    The right child can be parenthesized in different ways.
    The expression $3 \cdot 4 \cdot 5 + 1$ has operands $3,4,5,1$ and ops $\cdot, \cdot, +$.
    Possible values for $3 \cdot 4 \cdot 5 + 1$:
    1. $(3 \cdot 4 \cdot 5) + 1 = 60 + 1 = 61$.
       Then total value: $2 \cdot 61 = 122$.
    2. $(3 \cdot 4) \cdot (5 + 1) = 12 \cdot 6 = 72$.
       Then total value: $2 \cdot 72 = 144$.
    3. $3 \cdot (4 \cdot 5 + 1) = 3 \cdot (20 + 1) = 3 \cdot 21 = 63$.
       Then total value: $2 \cdot 63 = 126$.
    
    So, if the outermost split is after 2, we can get values **122, 144, 126**.

    Let's check if we missed any structures.
    The possible ""roots"" of the expression tree are the operators.
    
    **Root is + (between 5 and 1):**
    Left: $2 \cdot 3 \cdot 4 \cdot 5 = 120$. Right: $1$.
    Value: $120 + 1 = 121$.
    
    **Root is $\cdot$ (between 4 and 5):**
    Left: $2 \cdot 3 \cdot 4 = 24$. Right: $5 + 1 = 6$.
    Value: $24 \cdot 6 = 144$.
    (Note: Left side $2 \cdot 3 \cdot 4$ is always 24. Right side $5+1$ is always 6.)
    
    **Root is $\cdot$ (between 3 and 4):**
    Left: $2 \cdot 3 = 6$. Right: $4 \cdot 5 + 1$.
    The right side $4 \cdot 5 + 1$ can be:
    - $(4 \cdot 5) + 1 = 21$. Value: $6 \cdot 21 = 126$.
    - $4 \cdot (5 + 1) = 24$. Value: $6 \cdot 24 = 144$.
    So this root yields **126** and **144**.
    
    **Root is $\cdot$ (between 2 and 3):**
    Left: $2$. Right: $3 \cdot 4 \cdot 5 + 1$.
    The right side $3 \cdot 4 \cdot 5 + 1$ can be evaluated in several ways. Let's list all distinct values for $3 \cdot 4 \cdot 5 + 1$.
    This sub-expression has operands $3,4,5,1$ and ops $\cdot, \cdot, +$.
    Possible parenthesizations for $3 \cdot 4 \cdot 5 + 1$:
    1. Root +: $(3 \cdot 4 \cdot 5) + 1 = 61$.
    2. Root $\cdot$ (between 4 and 5): $(3 \cdot 4) \cdot (5 + 1) = 12 \cdot 6 = 72$.
    3. Root $\cdot$ (between 3 and 4): $3 \cdot (4 \cdot 5 + 1)$.
       Inside: $4 \cdot 5 + 1$ can be $21$ or $24$.
       - $3 \cdot 21 = 63$.
       - $3 \cdot 24 = 72$.
    So the possible values for the right side are $61, 72, 63$.
    Multiplying by the left side (2):
    - $2 \cdot 61 = 122$.
    - $2 \cdot 72 = 144$.
    - $2 \cdot 63 = 126$.
    So this root yields **122, 144, 126**.

    Let's summarize the values found so far:
    - From Root +: **121**
    - From Root $\cdot$ (4-5): **144**
    - From Root $\cdot$ (3-4): **126, 144**
    - From Root $\cdot$ (2-3): **122, 144, 126**

    The set of values is $\{121, 144, 126, 122\}$.

    Are there any other possibilities?
    We have covered all possible roots for the expression tree.
    The operators are at positions 1, 2, 3, 4.
    Pos 4 is +.
    Pos 3 is $\cdot$ (between 4 and 5).
    Pos 2 is $\cdot$ (between 3 and 4).
    Pos 1 is $\cdot$ (between 2 and 3).
    
    We analyzed each case where the root is one of these operators.
    
    Let's double check if any other values can be generated.
    
    Case: Root is $\cdot$ between 3 and 4.
    Left: $2 \cdot 3 = 6$.
    Right: $4 \cdot 5 + 1$.
    Values for Right:
    - $(4 \cdot 5) + 1 = 21$. Total $6 \cdot 21 = 126$.
    - $4 \cdot (5 + 1) = 24$. Total $6 \cdot 24 = 144$.
    
    Case: Root is $\cdot$ between 2 and 3.
    Left: 2.
    Right: $3 \cdot 4 \cdot 5 + 1$.
    Values for Right:
    - $(3 \cdot 4 \cdot 5) + 1 = 61$. Total $2 \cdot 61 = 122$.
    - $(3 \cdot 4) \cdot (5 + 1) = 12 \cdot 6 = 72$. Total $2 \cdot 72 = 144$.
    - $3 \cdot (4 \cdot 5 + 1)$.
      - $4 \cdot 5 + 1 = 21 \implies 3 \cdot 21 = 63$. Total $2 \cdot 63 = 126$.
      - $4 \cdot (5 + 1) = 24 \implies 3 \cdot 24 = 72$. Total $2 \cdot 72 = 144$.
      
    Case: Root is $\cdot$ between 4 and 5.
    Left: $2 \cdot 3 \cdot 4 = 24$.
    Right: $5 + 1 = 6$.
    Total: $24 \cdot 6 = 144$.
    
    Case: Root is +.
    Left: $2 \cdot 3 \cdot 4 \cdot 5 = 120$.
    Right: 1.
    Total: $121$.

    The distinct values are 121, 122, 126, 144.
    
    Let's verify if there are any other parenthesizations.
    Total parenthesizations for 5 operands is 14.
    Let's list them and calculate values to be absolutely sure.
    Operands: $a=2, b=3, c=4, d=5, e=1$.
    Ops: $\cdot, \cdot, \cdot, +$.
    
    1. $((((a \cdot b) \cdot c) \cdot d) + e) = (120) + 1 = 121$
    2. $(((a \cdot b) \cdot (c \cdot d)) + e) = (6 \cdot 20) + 1 = 121$
    3. $((a \cdot (b \cdot c)) \cdot d) + e) = (24 \cdot 5) + 1 = 121$
    4. $(a \cdot ((b \cdot c) \cdot d)) + e) = (2 \cdot 60) + 1 = 121$
    5. $(a \cdot (b \cdot (c \cdot d))) + e) = (2 \cdot 60) + 1 = 121$
    (All these have root +, value 121)
    
    6. $((a \cdot b) \cdot (c \cdot (d + e))) = 6 \cdot (4 \cdot 6) = 6 \cdot 24 = 144$
    7. $((a \cdot b) \cdot ((c \cdot d) + e)) = 6 \cdot (20 + 1) = 6 \cdot 21 = 126$
    8. $(a \cdot (b \cdot (c \cdot (d + e)))) = 2 \cdot (3 \cdot (4 \cdot 6)) = 2 \cdot (3 \cdot 24) = 2 \cdot 72 = 144$
    9. $(a \cdot (b \cdot ((c \cdot d) + e))) = 2 \cdot (3 \cdot (20 + 1)) = 2 \cdot (3 \cdot 21) = 2 \cdot 63 = 126$
    10. $(a \cdot ((b \cdot c) \cdot (d + e))) = 2 \cdot (12 \cdot 6) = 2 \cdot 72 = 144$
    11. $(a \cdot ((b \cdot c) \cdot d + e))$ -> Wait, syntax.
        $a \cdot ((b \cdot c) \cdot d + e)$ is not fully parenthesized.
        It corresponds to $a \cdot (((b \cdot c) \cdot d) + e)$.
        Value: $2 \cdot ((12 \cdot 5) + 1) = 2 \cdot (60 + 1) = 2 \cdot 61 = 122$.
    12. $(a \cdot (b \cdot (c \cdot d + e)))$ -> $a \cdot (b \cdot ((c \cdot d) + e))$.
        Value: $2 \cdot (3 \cdot 21) = 126$. (Same as 9)
    13. $((a \cdot b \cdot c) \cdot (d + e))$ -> $((a \cdot b) \cdot c) \cdot (d + e)$.
        Value: $(6 \cdot 4) \cdot 6 = 24 \cdot 6 = 144$.
    14. $(a \cdot (b \cdot c \cdot (d + e)))$ -> $a \cdot (b \cdot (c \cdot (d + e)))$.
        Value: $2 \cdot (3 \cdot 24) = 144$. (Same as 8)

    Let's check if I missed any structure.
    The 14 Catalan structures for 5 items:
    1. $((((ab)c)d)e)$ -> Root +. Val 121.
    2. $(((ab)(cd))e)$ -> Root +. Val 121.
    3. $((a(bc))d)e)$ -> Root +. Val 121.
    4. $((a(b(cd)))e)$ -> Root +. Val 121.
    5. $(a((bc)d))e)$ -> Root +. Val 121.
    6. $((ab)(c(de)))$ -> Root $\cdot$ (between b and c? No, between (ab) and (c(de))).
       Structure: $(2 \cdot 3) \cdot (4 \cdot (5+1)) = 6 \cdot (4 \cdot 6) = 144$.
    7. $((ab)((cd)e))$ -> Root $\cdot$ (between (ab) and ((cd)e)).
       Structure: $(2 \cdot 3) \cdot ((4 \cdot 5) + 1) = 6 \cdot 21 = 126$.
    8. $(a(b(c(de))))$ -> Root $\cdot$ (between a and b...).
       Structure: $2 \cdot (3 \cdot (4 \cdot (5+1))) = 2 \cdot (3 \cdot 24) = 144$.
    9. $(a(b((cd)e)))$ -> Root $\cdot$ (between a and b...).
       Structure: $2 \cdot (3 \cdot ((4 \cdot 5) + 1)) = 2 \cdot (3 \cdot 21) = 126$.
    10. $(a((bc)(de)))$ -> Root $\cdot$ (between a and (bc)(de)).
        Structure: $2 \cdot ((3 \cdot 4) \cdot (5+1)) = 2 \cdot (12 \cdot 6) = 144$.
    11. $(a(((bc)d)e))$ -> Root $\cdot$ (between a and ((bc)d)e).
        Structure: $2 \cdot (((3 \cdot 4) \cdot 5) + 1) = 2 \cdot (60 + 1) = 122$.
    12. $((a(bc))(de))$ -> Root $\cdot$ (between (a(bc)) and (de)).
        Structure: $(2 \cdot (3 \cdot 4)) \cdot (5+1) = 24 \cdot 6 = 144$.
    13. $(((ab)c)(de))$ -> Root $\cdot$ (between ((ab)c) and (de)).
        Structure: $((2 \cdot 3) \cdot 4) \cdot (5+1) = 24 \cdot 6 = 144$.
    14. $((a(b(cd)))e)$ -> Wait, this was #4.
        Let's re-list standard Catalan trees for n=5.
        
        The values obtained are:
        - 121 (from structures 1-5)
        - 144 (from structures 6, 8, 10, 12, 13)
        - 126 (from structures 7, 9)
        - 122 (from structure 11)

    Are there any other structures?
    Let's check structure: $(a \cdot (b \cdot c \cdot d)) + e$? No, that's root +.
    What about $a \cdot (b \cdot c \cdot (d + e))$? Covered in 8.
    What about $(a \cdot b \cdot c) \cdot (d + e)$? Covered in 12, 13.
    
    Is it possible to get a different value?
    Let's check $2 \cdot (3 \cdot 4 \cdot 5 + 1)$.
    This is $2 \cdot (60 + 1) = 122$.
    
    Let's check $(2 \cdot 3) \cdot (4 \cdot 5 + 1) = 6 \cdot 21 = 126$.
    
    Let's check $(2 \cdot 3 \cdot 4) \cdot (5 + 1) = 24 \cdot 6 = 144$.
    
    Let's check $2 \cdot 3 \cdot (4 \cdot (5 + 1)) = 6 \cdot 24 = 144$.
    
    Let's check $2 \cdot (3 \cdot (4 \cdot (5 + 1))) = 2 \cdot 72 = 144$.
    
    Let's check $2 \cdot ((3 \cdot 4) \cdot (5 + 1)) = 2 \cdot 72 = 144$.
    
    Let's check $(2 \cdot 3) \cdot (4 \cdot (5 + 1)) = 6 \cdot 24 = 144$.
    
    It seems the only values are 121, 122, 126, 144.

    Let's quickly verify if any other combination is possible.
    The expression is $2 \cdot 3 \cdot 4 \cdot 5 + 1$.
    The addition can only happen at the end.
    So we are essentially calculating $P \cdot Q$ or $P + 1$.
    If $P+1$, $P=120$, result 121.
    If $P \cdot Q$, then the $+1$ is inside $Q$ or $P$?
    Since $+1$ is at the end, it must be in the rightmost factor if we split by multiplication.
    So form is $A \cdot B$ where $B$ contains $+1$.
    $A$ is a product of a prefix of $2,3,4,5$.
    $B$ is the value of the remaining suffix plus 1.
    
    Possible prefixes for A:
    1. $A = 2 \cdot 3 \cdot 4 = 24$. Remaining: $5+1=6$. $B=6$. Result $24 \cdot 6 = 144$.
    2. $A = 2 \cdot 3 = 6$. Remaining: $4 \cdot 5 + 1$.
       $B$ can be $4 \cdot 5 + 1 = 21$ or $4 \cdot (5+1) = 24$.
       Results: $6 \cdot 21 = 126$, $6 \cdot 24 = 144$.
    3. $A = 2$. Remaining: $3 \cdot 4 \cdot 5 + 1$.
       $B$ can be:
       - $3 \cdot 4 \cdot 5 + 1 = 61$. Result $2 \cdot 61 = 122$.
       - $3 \cdot 4 \cdot (5+1) = 72$. Result $2 \cdot 72 = 144$.
       - $3 \cdot (4 \cdot 5 + 1) = 63$. Result $2 \cdot 63 = 126$.
       - $3 \cdot (4 \cdot (5+1)) = 72$. Result $2 \cdot 72 = 144$.
       - $(3 \cdot 4) \cdot (5+1) = 72$. Result $2 \cdot 72 = 144$.
       - $(3 \cdot 4 \cdot 5) + 1 = 61$. Result 122.
       
    So the set of values is $\{121, 122, 126, 144\}$.
    
    Count: 4.

\boxed{4}",$4$
MATH-500/10,"To find the least positive integer multiple of 30 that can be written with only the digits 0 and 2, we must satisfy the divisibility rules for 30.

A number is divisible by 30 if and only if it is divisible by both 10 and 3.
Since $30 = 10 \times 3$ and $\gcd(10, 3) = 1$, these conditions are independent.

**Step 1: Divisibility by 10**
For a number to be divisible by 10, its last digit (units digit) must be 0.
The allowed digits are 0 and 2. Therefore, the number must end in 0.
Let the number be $N$. So, $N$ looks like $\dots d_2 d_1 0$, where $d_i \in \{0, 2\}$.

**Step 2: Divisibility by 3**
For a number to be divisible by 3, the sum of its digits must be divisible by 3.
Let the digits of $N$ be $d_k, d_{k-1}, \dots, d_1, 0$.
The sum of the digits is $S = d_k + d_{k-1} + \dots + d_1 + 0$.
Since each non-zero digit $d_i$ is 2, let $m$ be the count of the digit 2 in the number.
Then the sum of the digits is $S = 2m$.
For $N$ to be divisible by 3, $S$ must be a multiple of 3.
So, $2m$ must be divisible by 3.
Since 2 and 3 are coprime, $m$ must be divisible by 3.
Therefore, the number of 2s in the integer must be a multiple of 3 (i.e., $m = 3, 6, 9, \dots$).

**Step 3: Finding the Least Positive Integer**
To find the *least* positive integer, we want the number with the fewest digits possible. If there are multiple numbers with the same number of digits, we want the one with the smallest value (which means placing smaller digits in higher place values, but since our digits are only 0 and 2, and the leading digit cannot be 0, the leading digit must be 2).

Let's test the possible values for $m$ (the count of 2s):

*   **Case $m=3$**: The number contains exactly three 2s and some number of 0s.
    To minimize the number, we should minimize the total number of digits. The minimum number of digits occurs when we have no extra 0s other than the one required at the end.
    So, the digits are three 2s and one 0.
    The last digit must be 0.
    The remaining digits are three 2s.
    To make the number as small as possible, we arrange the non-zero digits in ascending order of place value? No, to make the number smallest, we want the most significant digits to be as small as possible. However, all non-zero digits are 2. So the arrangement of the 2s doesn't change the value relative to each other, but their position relative to the 0 matters.
    Wait, the digits are fixed: three 2s and one 0.
    The last digit is 0.
    The preceding digits are 2, 2, 2.
    So the number is $2220$.
    Let's check if we can have fewer digits.
    Total digits = $m + (\text{number of zeros})$.
    We need at least one 0 at the end.
    So minimum digits = $3 + 1 = 4$.
    The number formed by three 2s and one 0, ending in 0, is $2220$.
    Is there a smaller number with 4 digits?
    The digits must be $\{2, 2, 2, 0\}$.
    Possible permutations ending in 0:
    - $2220$
    - $2202$ (ends in 2, not divisible by 10)
    - $2022$ (ends in 2, not divisible by 10)
    - $0222$ (not a 4-digit number, effectively 222, which is odd/not div by 10)
    So, $2220$ is the only candidate with 4 digits using three 2s.

    Let's verify $2220$:
    - Digits are only 0 and 2? Yes.
    - Divisible by 10? Yes (ends in 0).
    - Divisible by 3? Sum of digits = $2+2+2+0 = 6$, which is divisible by 3. Yes.
    - So $2220$ is divisible by 30.

    Could there be a smaller number with more digits? No, a number with more digits is always larger than a number with fewer digits (assuming positive integers).
    Could there be a smaller number with the same number of digits?
    We established that for $m=3$, the digits are 2,2,2,0. The only valid arrangement ending in 0 is 2220.
    
    What if $m=0$?
    Sum of digits = 0. Divisible by 3.
    Number consists of only 0s. The least positive integer cannot be 0. So $m \ge 1$.
    But $m$ must be a multiple of 3. So $m \neq 1, 2$.
    Next multiple is $m=3$.

    Therefore, the smallest number of 2s is 3.
    The smallest number of digits is $3 \text{ (twos)} + 1 \text{ (zero)} = 4$.
    The number is $2220$.

Let's double check if a number with $m=3$ but more zeros could be smaller?
No, adding zeros increases the number of digits, making the number larger (e.g., $20220 > 2220$).
What if we put zeros in between?
With digits $\{2,2,2,0\}$, the only permutation ending in 0 is $2220$.
If we had more zeros, say $m=3$ and two zeros, digits $\{2,2,2,0,0\}$.
Smallest arrangement ending in 0: $22200$. This is larger than $2220$.

Thus, the least positive integer is 2220.

\boxed{2220}",$2220$
MATH-500/11,"To find the value of $p(8)$, we are given that $p(x)$ is a polynomial of degree 5 satisfying:
\[ p(n) = \frac{n}{n^2 - 1} \quad \text{for } n = 2, 3, 4, 5, 6, 7. \]

### Step 1: Analyze the structure of the problem

Let $f(x) = \frac{x}{x^2 - 1}$. The condition is $p(n) = f(n)$ for $n \in \{2, 3, 4, 5, 6, 7\}$.
Notice that $f(x)$ has vertical asymptotes at $x = 1$ and $x = -1$. The polynomial $p(x)$ approximates this rational function at 6 specific points. Since $p(x)$ is of degree 5, it is uniquely determined by these 6 points.

We can construct an auxiliary polynomial to exploit the roots. Consider the polynomial:
\[ Q(x) = (x^2 - 1)p(x) - x \]
Let's analyze the degree and roots of $Q(x)$.
Since $p(x)$ is of degree 5, $(x^2 - 1)p(x)$ is of degree $2 + 5 = 7$. Thus, $Q(x)$ is a polynomial of degree at most 7.

For each $n \in \{2, 3, 4, 5, 6, 7\}$, we have:
\[ p(n) = \frac{n}{n^2 - 1} \implies (n^2 - 1)p(n) = n \implies (n^2 - 1)p(n) - n = 0 \]
So, $Q(n) = 0$ for $n = 2, 3, 4, 5, 6, 7$.
This means that $(x-2)(x-3)(x-4)(x-5)(x-6)(x-7)$ is a factor of $Q(x)$.

Let $R(x) = (x-2)(x-3)(x-4)(x-5)(x-6)(x-7)$. This is a polynomial of degree 6.
Since $Q(x)$ has degree at most 7, we can write:
\[ Q(x) = (Ax + B) R(x) \]
for some constants $A$ and $B$.

So, the equation is:
\[ (x^2 - 1)p(x) - x = (Ax + B) \prod_{k=2}^{7} (x - k) \]
\[ (x^2 - 1)p(x) = x + (Ax + B) \prod_{k=2}^{7} (x - k) \]

### Step 2: Determine constants A and B

We need to determine $A$ and $B$. We can use the values of $x$ where the term $(x^2 - 1)$ is zero, i.e., $x = 1$ and $x = -1$, because $p(x)$ is a polynomial and thus finite at these points. The left-hand side $(x^2 - 1)p(x)$ will be 0 at $x=1$ and $x=-1$.

**Case 1: $x = 1$**
\[ (1^2 - 1)p(1) = 1 + (A(1) + B) \prod_{k=2}^{7} (1 - k) \]
\[ 0 = 1 + (A + B) (1-2)(1-3)(1-4)(1-5)(1-6)(1-7) \]
Calculate the product:
\[ \prod_{k=2}^{7} (1 - k) = (-1)(-2)(-3)(-4)(-5)(-6) = 720 \]
So,
\[ 0 = 1 + 720(A + B) \implies A + B = -\frac{1}{720} \quad \text{--- (Eq. 1)} \]

**Case 2: $x = -1$**
\[ ((-1)^2 - 1)p(-1) = -1 + (A(-1) + B) \prod_{k=2}^{7} (-1 - k) \]
\[ 0 = -1 + (-A + B) (-1-2)(-1-3)(-1-4)(-1-5)(-1-6)(-1-7) \]
Calculate the product:
\[ \prod_{k=2}^{7} (-1 - k) = (-3)(-4)(-5)(-6)(-7)(-8) \]
There are 6 negative terms, so the result is positive.
\[ 3 \cdot 4 \cdot 5 \cdot 6 \cdot 7 \cdot 8 = 20160 \]
So,
\[ 0 = -1 + 20160(B - A) \implies B - A = \frac{1}{20160} \quad \text{--- (Eq. 2)} \]

Now we solve the system for $A$ and $B$:
1) $A + B = -\frac{1}{720}$
2) $-A + B = \frac{1}{20160}$

Adding the two equations:
\[ 2B = -\frac{1}{720} + \frac{1}{20160} \]
Find a common denominator. Note that $20160 / 720 = 28$.
\[ -\frac{1}{720} = -\frac{28}{20160} \]
\[ 2B = \frac{-28 + 1}{20160} = \frac{-27}{20160} \]
\[ B = \frac{-27}{40320} = -\frac{3}{4480} \]

Subtracting Eq. 2 from Eq. 1:
\[ 2A = -\frac{1}{720} - \frac{1}{20160} = \frac{-28 - 1}{20160} = \frac{-29}{20160} \]
\[ A = \frac{-29}{40320} \]

We don't necessarily need the explicit values of A and B if we just want to evaluate $p(8)$. Let's look at the equation for $x=8$.

### Step 3: Calculate $p(8)$

The defining equation is:
\[ (x^2 - 1)p(x) = x + (Ax + B) \prod_{k=2}^{7} (x - k) \]
Set $x = 8$:
\[ (8^2 - 1)p(8) = 8 + (8A + B) \prod_{k=2}^{7} (8 - k) \]
\[ 63 p(8) = 8 + (8A + B) (8-2)(8-3)(8-4)(8-5)(8-6)(8-7) \]
Calculate the product term:
\[ \prod_{k=2}^{7} (8 - k) = 6 \cdot 5 \cdot 4 \cdot 3 \cdot 2 \cdot 1 = 720 \]
So,
\[ 63 p(8) = 8 + 720(8A + B) \]

We need the value of $8A + B$.
From our previous system:
$A + B = -\frac{1}{720}$
$B - A = \frac{1}{20160}$

Let's express $8A + B$ in terms of these sums.
$8A + B = 7A + (A + B)$.
We know $A + B = -\frac{1}{720}$.
We need $A$.
$2A = -\frac{29}{20160} \implies A = -\frac{29}{40320}$.

So,
\[ 8A + B = 7\left(-\frac{29}{40320}\right) + \left(-\frac{1}{720}\right) \]
Convert $-\frac{1}{720}$ to denominator 40320:
$40320 / 720 = 56$.
So $-\frac{1}{720} = -\frac{56}{40320}$.

\[ 8A + B = \frac{-203}{40320} - \frac{56}{40320} = \frac{-259}{40320} \]

Now substitute this back into the equation for $p(8)$:
\[ 63 p(8) = 8 + 720 \left( \frac{-259}{40320} \right) \]
Simplify the fraction:
\[ \frac{720}{40320} = \frac{1}{56} \]
(Since $720 \times 56 = 720 \times (50 + 6) = 36000 + 4320 = 40320$)

So,
\[ 63 p(8) = 8 + \frac{-259}{56} \]
\[ 63 p(8) = 8 - \frac{259}{56} \]
Simplify $\frac{259}{56}$. Both are divisible by 7.
$259 = 7 \times 37$
$56 = 7 \times 8$
So, $\frac{259}{56} = \frac{37}{8}$.

\[ 63 p(8) = 8 - \frac{37}{8} \]
\[ 63 p(8) = \frac{64 - 37}{8} = \frac{27}{8} \]
\[ p(8) = \frac{27}{8 \times 63} \]
Simplify the fraction $\frac{27}{63}$. Both are divisible by 9.
$27 = 9 \times 3$
$63 = 9 \times 7$
So, $\frac{27}{63} = \frac{3}{7}$.

\[ p(8) = \frac{3}{8 \times 7} = \frac{3}{56} \]

### Alternative Check using Lagrange Interpolation Logic

Let's double check with a simpler logic or property.
Consider $g(x) = (x^2-1)p(x) - x$.
$g(x)$ has roots at $2,3,4,5,6,7$.
$g(x) = (Ax+B)\prod_{i=2}^7 (x-i)$.
We found $A = -29/40320$ and $B = -27/40320$.
Wait, earlier I calculated $B = -27/40320$?
Let's re-verify $B$.
$2B = -27/20160 \implies B = -27/40320$. Correct.
$2A = -29/20160 \implies A = -29/40320$. Correct.

Check $8A+B$:
$8(-29) + (-27) = -232 - 27 = -259$.
Denominator 40320.
Term is $720 \times \frac{-259}{40320} = \frac{-259}{56} = -\frac{37}{8}$.
$8 - 37/8 = 27/8$.
$p(8) = \frac{27/8}{63} = \frac{27}{504} = \frac{3}{56}$.

The calculation holds.

### Final Answer

The value of $p(8)$ is $\frac{3}{56}$.

\boxed{\frac{3}{56}}",$\frac{3}{56}$
MATH-500/12,"To find the sum of the proper divisors of the sum of the proper divisors of 284, we will proceed step by step.

**Step 1: Find the proper divisors of 284.**

First, we determine the prime factorization of 284.
$284$ is even, so we divide by 2:
$284 \div 2 = 142$
$142 \div 2 = 71$
71 is a prime number.
So, the prime factorization of 284 is $2^2 \times 71^1$.

The divisors of 284 are generated by combinations of these prime factors:
$1, 2, 4, 71, 142, 284$.

The **proper divisors** are all divisors excluding the number itself (284).
So, the proper divisors of 284 are: $1, 2, 4, 71, 142$.

**Step 2: Calculate the sum of the proper divisors of 284.**

Let $S_1$ be the sum of the proper divisors of 284.
$$ S_1 = 1 + 2 + 4 + 71 + 142 $$
$$ S_1 = 7 + 71 + 142 $$
$$ S_1 = 78 + 142 $$
$$ S_1 = 220 $$

So, the sum of the proper divisors of 284 is 220.

**Step 3: Find the proper divisors of 220.**

Now we need to find the proper divisors of 220.
First, find the prime factorization of 220.
$220 = 22 \times 10 = (2 \times 11) \times (2 \times 5) = 2^2 \times 5^1 \times 11^1$.

The divisors of 220 can be found by listing them systematically:
- Divisors from $2^0, 2^1, 2^2$: $1, 2, 4$
- Multiply by 5: $5, 10, 20$
- Multiply by 11: $11, 22, 44$
- Multiply by $5 \times 11 = 55$: $55, 110, 220$

The complete list of divisors is: $1, 2, 4, 5, 10, 11, 20, 22, 44, 55, 110, 220$.

The **proper divisors** exclude 220 itself.
So, the proper divisors of 220 are: $1, 2, 4, 5, 10, 11, 20, 22, 44, 55, 110$.

**Step 4: Calculate the sum of the proper divisors of 220.**

Let $S_2$ be the sum of the proper divisors of 220.
$$ S_2 = 1 + 2 + 4 + 5 + 10 + 11 + 20 + 22 + 44 + 55 + 110 $$

Let's group them to make addition easier:
- $1 + 2 + 4 + 5 = 12$
- $10 + 11 = 21$
- $20 + 22 = 42$
- $44 + 55 = 99$
- $110$

Summing these groups:
$$ 12 + 21 = 33 $$
$$ 33 + 42 = 75 $$
$$ 75 + 99 = 174 $$
$$ 174 + 110 = 284 $$

Alternatively, we can use the sum of divisors formula $\sigma(n)$.
$\sigma(220) = \sigma(2^2)\sigma(5^1)\sigma(11^1)$
$\sigma(2^2) = 1 + 2 + 4 = 7$
$\sigma(5^1) = 1 + 5 = 6$
$\sigma(11^1) = 1 + 11 = 12$
$\sigma(220) = 7 \times 6 \times 12 = 42 \times 12 = 504$

The sum of proper divisors is $\sigma(220) - 220$:
$$ 504 - 220 = 284 $$

**Conclusion:**

The sum of the proper divisors of 284 is 220.
The sum of the proper divisors of 220 is 284.
(Note: 220 and 284 are an amicable pair).

The final answer is 284.

\boxed{284}",$284$
MATH-500/13,"To find the height of the cylinder, we will use the formula for the volume of a cylinder and the information provided in the problem statement and the diagram.

**1. Identify the given information:**
*   The volume of the cylinder ($V$) is $45\pi$ cubic cm.
*   From the diagram, the radius ($r$) of the base is given as $3$ cm.
*   We need to find the height ($h$) of the cylinder.

**2. Recall the formula for the volume of a cylinder:**
The volume $V$ of a cylinder is calculated using the formula:
$$ V = \pi r^2 h $$
where:
*   $r$ is the radius of the base
*   $h$ is the height

**3. Substitute the known values into the formula:**
$$ 45\pi = \pi (3)^2 h $$

**4. Solve for $h$:**
First, square the radius:
$$ 3^2 = 9 $$

So the equation becomes:
$$ 45\pi = \pi (9) h $$
$$ 45\pi = 9\pi h $$

Next, divide both sides by $9\pi$ to isolate $h$:
$$ h = \frac{45\pi}{9\pi} $$

Cancel out $\pi$ from the numerator and denominator:
$$ h = \frac{45}{9} $$

Perform the division:
$$ h = 5 $$

**Conclusion:**
The height of the cylinder is 5 centimeters.

\boxed{5}",$5$
MATH-500/14,"To find the length of side $DE$, we will analyze the given right-angled triangle $\triangle DEF$ and use trigonometric ratios.

**1. Identify the properties of the triangle:**
From the Asymptote code and the diagram description:
*   There is a right angle at vertex $E$ (indicated by `rightanglemark(D,E,F,15)`). Thus, $\triangle DEF$ is a right-angled triangle with the right angle at $E$.
*   The side $EF$ has a length of $7$ (indicated by `label(""$7$"",(E+F)/2,W)`).
*   We are given that $\sin D = 0.7$.

**2. Set up the trigonometric ratio:**
In a right-angled triangle, the sine of an angle is defined as the ratio of the length of the opposite side to the length of the hypotenuse.
For angle $D$:
*   The side opposite to angle $D$ is $EF$.
*   The hypotenuse is the side opposite the right angle $E$, which is $DF$.

So, the formula is:
$$ \sin D = \frac{\text{Opposite}}{\text{Hypotenuse}} = \frac{EF}{DF} $$

**3. Calculate the length of the hypotenuse $DF$:**
Substitute the known values into the equation:
$$ 0.7 = \frac{7}{DF} $$

Solving for $DF$:
$$ DF = \frac{7}{0.7} $$
$$ DF = 10 $$

**4. Calculate the length of side $DE$:**
Now that we have the lengths of the hypotenuse ($DF = 10$) and one leg ($EF = 7$), we can use the Pythagorean theorem to find the other leg ($DE$).
The Pythagorean theorem states:
$$ DE^2 + EF^2 = DF^2 $$

Substitute the known values:
$$ DE^2 + 7^2 = 10^2 $$
$$ DE^2 + 49 = 100 $$

Subtract 49 from both sides:
$$ DE^2 = 100 - 49 $$
$$ DE^2 = 51 $$

Take the square root of both sides:
$$ DE = \sqrt{51} $$

**Alternative Method using Cosine:**
We know $\sin D = 0.7 = \frac{7}{10}$.
Using the identity $\sin^2 D + \cos^2 D = 1$:
$$ (0.7)^2 + \cos^2 D = 1 $$
$$ 0.49 + \cos^2 D = 1 $$
$$ \cos^2 D = 0.51 $$
$$ \cos D = \sqrt{0.51} $$

In $\triangle DEF$, $\cos D = \frac{\text{Adjacent}}{\text{Hypotenuse}} = \frac{DE}{DF}$.
$$ \frac{DE}{10} = \sqrt{0.51} $$
$$ DE = 10 \sqrt{0.51} = \sqrt{100 \cdot 0.51} = \sqrt{51} $$

Both methods yield the same result.

**Final Answer:**
The length of $DE$ is $\sqrt{51}$.

\boxed{\sqrt{51}}",$\sqrt{51}$
MATH-500/15,"To find the complex number $w$, which is the result of rotating $z$ around $c$ by an angle of $\frac{\pi}{4}$ counter-clockwise, we can use the formula for rotation in the complex plane.

The formula for rotating a point $z$ around a center $c$ by an angle $\theta$ is:
$$ w - c = (z - c) e^{i\theta} $$
$$ w = c + (z - c) e^{i\theta} $$

Given:
- $z = 2 + \sqrt{2} - (3 + 3\sqrt{2})i$
- $c = 2 - 3i$
- $\theta = \frac{\pi}{4}$

**Step 1: Calculate the vector $z - c$.**

$$ z - c = [2 + \sqrt{2} - (3 + 3\sqrt{2})i] - [2 - 3i] $$

Group the real and imaginary parts:
$$ \text{Real part: } (2 + \sqrt{2}) - 2 = \sqrt{2} $$
$$ \text{Imaginary part: } -(3 + 3\sqrt{2}) - (-3) = -3 - 3\sqrt{2} + 3 = -3\sqrt{2} $$

So,
$$ z - c = \sqrt{2} - 3\sqrt{2}i $$
$$ z - c = \sqrt{2}(1 - 3i) $$

**Step 2: Determine the rotation factor $e^{i\theta}$.**

For $\theta = \frac{\pi}{4}$:
$$ e^{i\frac{\pi}{4}} = \cos\left(\frac{\pi}{4}\right) + i\sin\left(\frac{\pi}{4}\right) = \frac{\sqrt{2}}{2} + i\frac{\sqrt{2}}{2} = \frac{\sqrt{2}}{2}(1 + i) $$

**Step 3: Calculate $(z - c) e^{i\frac{\pi}{4}}$.**

$$ (z - c) e^{i\frac{\pi}{4}} = [\sqrt{2}(1 - 3i)] \cdot \left[ \frac{\sqrt{2}}{2}(1 + i) \right] $$

Combine the constants:
$$ \sqrt{2} \cdot \frac{\sqrt{2}}{2} = \frac{2}{2} = 1 $$

Now multiply the complex terms:
$$ 1 \cdot (1 - 3i)(1 + i) $$
$$ = 1(1) + 1(i) - 3i(1) - 3i(i) $$
$$ = 1 + i - 3i - 3i^2 $$

Since $i^2 = -1$:
$$ = 1 - 2i - 3(-1) $$
$$ = 1 - 2i + 3 $$
$$ = 4 - 2i $$

So, the rotated vector is $4 - 2i$.

**Step 4: Calculate $w$.**

$$ w = c + (z - c) e^{i\frac{\pi}{4}} $$
$$ w = (2 - 3i) + (4 - 2i) $$

Group real and imaginary parts:
$$ \text{Real part: } 2 + 4 = 6 $$
$$ \text{Imaginary part: } -3 - 2 = -5 $$

$$ w = 6 - 5i $$

**Conclusion:**

The complex number $w$ is $6 - 5i$.

\boxed{6 - 5i}",$6 - 5i$
MATH-500/16,"To compute the sum $1-2+3-4+5- \dots +99-100$, we can look for a pattern by grouping the terms.

**Step 1: Group the terms**
The series consists of 100 terms. We can group them into pairs of consecutive terms:
$$ (1 - 2) + (3 - 4) + (5 - 6) + \dots + (99 - 100) $$

**Step 2: Evaluate each pair**
Let's calculate the value of each pair:
$$ 1 - 2 = -1 $$
$$ 3 - 4 = -1 $$
$$ 5 - 6 = -1 $$
$$ \vdots $$
$$ 99 - 100 = -1 $$

Each pair sums to $-1$.

**Step 3: Count the number of pairs**
The total number of terms in the series is 100 (from 1 to 100).
Since we are grouping them into pairs of 2, the number of pairs is:
$$ \frac{100}{2} = 50 $$

**Step 4: Calculate the total sum**
Since there are 50 pairs and each pair equals $-1$, the total sum is:
$$ 50 \times (-1) = -50 $$

**Alternative Method (Arithmetic Progression):**
We can split the sum into two separate arithmetic progressions: the sum of odd numbers and the sum of even numbers.
$$ S = (1 + 3 + 5 + \dots + 99) - (2 + 4 + 6 + \dots + 100) $$

The sum of the first $n$ odd numbers is $n^2$. Here, the odd numbers are $1, 3, \dots, 99$. The number of terms is $\frac{99-1}{2} + 1 = 50$.
Sum of odds $= 50^2 = 2500$.

The sum of the first $n$ even numbers is $n(n+1)$. Here, the even numbers are $2, 4, \dots, 100$. The number of terms is $\frac{100-2}{2} + 1 = 50$.
Sum of evens $= 50(50+1) = 50 \times 51 = 2550$.

Total Sum $= 2500 - 2550 = -50$.

Both methods yield the same result.

\boxed{-50}",$-50$
MATH-500/17,"To find the smallest possible value of $c$, we need to determine the parameters $a, b, c,$ and $d$ of the function $y = a \sin(bx + c) + d$ from the given graph and the provided Asymptote code.

**Step 1: Analyze the Asymptote Code**

The code explicitly defines the function being plotted:
```asy
real f(real x)
{
    return 2*sin(3*x + pi) + 1;
}
```
This tells us that the specific function graphed is:
$$ y = 2 \sin(3x + \pi) + 1 $$

Comparing this to the general form $y = a \sin(bx + c) + d$, we can identify the parameters used in the code:
- $a = 2$
- $b = 3$
- $c_{code} = \pi$
- $d = 1$

The problem states that $a, b, c, d$ are **positive constants**.
- $a = 2 > 0$ (Satisfied)
- $b = 3 > 0$ (Satisfied)
- $d = 1 > 0$ (Satisfied)
- The code uses $c = \pi$, which is positive. However, the question asks for the **smallest possible value** of $c$. This implies that the phase shift $c$ is not unique. We need to find the general form of $c$ that produces the same graph and then find the smallest positive value.

**Step 2: Determine the General Form of the Function**

Let's verify the parameters from the visual features of the graph to ensure we understand the function correctly, although the code gives it away directly.
1.  **Vertical Shift ($d$) and Amplitude ($a$):**
    - The maximum value of the graph is $y_{max} = 3$.
    - The minimum value of the graph is $y_{min} = -1$.
    - The midline is $d = \frac{y_{max} + y_{min}}{2} = \frac{3 + (-1)}{2} = 1$.
    - The amplitude is $a = \frac{y_{max} - y_{min}}{2} = \frac{3 - (-1)}{2} = 2$.
    - So, $a=2$ and $d=1$. This matches the code.

2.  **Period and Frequency ($b$):**
    - The graph completes one full cycle between $x = -\frac{\pi}{3}$ and $x = \frac{\pi}{3}$? Let's check the zeros or peaks.
    - From the code, the period is $T = \frac{2\pi}{b} = \frac{2\pi}{3}$.
    - Let's check the graph. At $x=0$, $y = 2\sin(\pi) + 1 = 1$. The graph passes through $(0,1)$.
    - The next peak occurs when the argument of sine is $\frac{3\pi}{2}$? No, $\sin(\theta)$ has a peak at $\frac{\pi}{2}$.
    - Let's look at the function $y = 2 \sin(3x + \pi) + 1$.
    - Using the identity $\sin(\theta + \pi) = -\sin(\theta)$, we can rewrite the function as:
      $$ y = -2 \sin(3x) + 1 $$
    - Let's check the graph of $y = -2 \sin(3x) + 1$.
      - At $x=0$, $y = 1$.
      - For small positive $x$, $\sin(3x) > 0$, so $-2\sin(3x) < 0$, meaning $y < 1$. The graph goes down from the midline.
      - Looking at the provided graph (or imagining it based on the code), at $x=0$, the curve is crossing the midline $y=1$ and going downwards. This matches $y = -2\sin(3x)+1$.

**Step 3: Solve for the Smallest Positive $c$**

We have the equation:
$$ y = 2 \sin(3x + c) + 1 $$
We know this is equivalent to:
$$ y = 2 \sin(3x + \pi) + 1 $$
Therefore, the arguments of the sine function must differ by an integer multiple of $2\pi$:
$$ 3x + c = 3x + \pi + 2k\pi \quad \text{for some integer } k $$
$$ c = \pi + 2k\pi $$
$$ c = (2k + 1)\pi $$

We are given that $c$ is a **positive constant**. We need to find the smallest positive value for $c$.
Let's test integer values for $k$:
- If $k = 0$, $c = \pi$. Since $\pi \approx 3.14 > 0$, this is a valid positive constant.
- If $k = -1$, $c = -\pi$. This is negative, so it's not allowed.
- If $k = 1$, $c = 3\pi$. This is positive but larger than $\pi$.

Thus, the smallest positive value for $c$ is $\pi$.

**Alternative Check:**
Could the function be represented differently?
The general solution for $\sin(A) = \sin(B)$ is $A = B + 2k\pi$ or $A = \pi - B + 2k\pi$.
Here, we established the function is effectively $y = -2\sin(3x) + 1$.
So, $2\sin(3x+c) + 1 = -2\sin(3x) + 1$.
$\sin(3x+c) = -\sin(3x) = \sin(3x + \pi)$.
This leads to $3x + c = 3x + \pi + 2k\pi \implies c = \pi + 2k\pi$.
Or, using the other identity branch:
$\sin(3x+c) = \sin(\pi - 3x)$? No, the variable $x$ must match. The identity $\sin(\theta) = -\sin(\alpha)$ implies $\theta = \alpha + \pi + 2k\pi$ or $\theta = -\alpha + \pi + 2k\pi$?
Let's stick to the direct equivalence.
$\sin(3x+c) = \sin(3x+\pi)$.
This implies $3x+c = 3x+\pi + 2k\pi$ OR $3x+c = \pi - (3x+\pi) + 2k\pi = -3x + 2k\pi$.
The second case $3x+c = -3x + 2k\pi$ would imply $6x = 2k\pi - c$, which is not an identity for all $x$. So only the first case holds.
Therefore, $c = \pi + 2k\pi$.

The possible values for $c$ are $\dots, -\pi, \pi, 3\pi, \dots$
Since $c$ must be positive, the possible values are $\pi, 3\pi, 5\pi, \dots$
The smallest of these is $\pi$.

\boxed{\pi}",$\pi$
MATH-500/18,"To find the value of $x$, we will analyze the geometric properties given in the problem and the diagram.

**1. Analyze the Geometry and Given Information**
*   **Parallel Lines:** The segment through $A$ (let's call the line containing it $L_1$) is parallel to the segment $\overline{BC}$ (which lies on line $L_2$). So, $L_1 \parallel L_2$.
*   **Isosceles Triangle:** We are given that $AB = BC$. This means triangle $\triangle ABC$ is an isosceles triangle with the equal sides being $AB$ and $BC$. Consequently, the base angles opposite these sides are equal. That is, $\angle BAC = \angle BCA$.
*   **Given Angle:** The angle labeled $124^{\circ}$ is at vertex $A$. Looking at the diagram, this angle is formed by the horizontal line through $A$ and the segment $AB$. Specifically, it is the interior angle on the left side of the transversal $AB$ relative to the parallel lines. Let's define the points more clearly based on the `asy` code:
    *   Point $A$ is at $(2,3)$.
    *   Point $B$ is at $(4,0)$.
    *   Point $C$ is at $(8,0)$.
    *   The line through $A$ is horizontal ($y=3$).
    *   The line through $B$ and $C$ is horizontal ($y=0$).
    *   The angle $124^{\circ}$ is marked at $A$, between the ray extending to the left from $A$ and the segment $AB$. Wait, let's look closer at the label position. The label ""$124^{\circ}$"" is at $(2,3)$ with direction `SW` (South-West). The angle arc usually indicates the interior angle. In standard geometry problems of this type, an angle like this often refers to the obtuse angle formed by the parallel line and the transversal. Let's assume the angle between the ray $A \to \text{Left}$ and segment $AB$ is $124^{\circ}$? Or is it the angle between the ray $A \to \text{Right}$ and segment $AB$?
    *   Let's check the coordinates. Vector $AB = (4-2, 0-3) = (2, -3)$. Vector $A \to \text{Left} = (-1, 0)$. The angle between $(-1,0)$ and $(2,-3)$ is obtuse. Vector $A \to \text{Right} = (1, 0)$. The angle between $(1,0)$ and $(2,-3)$ is acute. Since $124^{\circ}$ is obtuse, the angle labeled $124^{\circ}$ is the angle between the horizontal line to the *left* of $A$ and the segment $AB$.
    *   However, let's look at the standard ""Z"" or ""C"" angle relationships. The angle labeled $x^{\circ}$ is at the top, between the horizontal line to the *right* of $A$ and the segment $AC$. The label is at $(4.5, 3)$ with direction `S`, suggesting it's the angle $\angle (Ray A \to Right, AC)$. Let's verify this interpretation.

**2. Step-by-Step Deduction**

**Step 1: Determine angles related to transversal $AB$.**
Let the horizontal line through $A$ be $L_A$ and the horizontal line through $B$ and $C$ be $L_{BC}$.
The angle given is $124^{\circ}$. Based on the position (SW of A), this is the angle between the ray extending to the left from $A$ and the segment $AB$.
Let's call the point to the left of $A$ on the line $L_A$ as $D$. So $\angle DAB = 124^{\circ}$.
Since $L_A \parallel L_{BC}$, the consecutive interior angles (same-side interior angles) sum to $180^{\circ}$, or alternate interior angles are equal.
The angle $\angle ABC$ (inside the triangle) and $\angle DAB$ are consecutive interior angles if we consider the transversal $AB$ cutting parallel lines. Wait, $D$ is to the left, $B$ is to the right of the vertical line through $A$? No, $A=(2,3)$, $B=(4,0)$. $B$ is to the right of $A$.
So, the angle $\angle DAB$ and $\angle ABC$ are **alternate interior angles**? No.
Let's use the property of parallel lines directly.
The angle formed by the transversal $AB$ with the parallel line $L_A$ on the left side is $124^{\circ}$.
Therefore, the angle formed by the transversal $AB$ with the parallel line $L_{BC}$ on the right side (interior) is equal to the alternate interior angle?
Let's draw a Z-shape. The angle between the ray $A \to \text{Right}$ and segment $AB$ is supplementary to $124^{\circ}$ because they form a linear pair on the straight line $L_A$.
Angle $\angle (Ray A \to Right, AB) = 180^{\circ} - 124^{\circ} = 56^{\circ}$.
Let's call the ray to the right of $A$ as $AE$. So $\angle EAB = 56^{\circ}$.
Since $L_A \parallel L_{BC}$, the alternate interior angle to $\angle EAB$ is $\angle ABC$.
Therefore, $\angle ABC = \angle EAB = 56^{\circ}$.

**Step 2: Use the Isosceles Triangle Property.**
We are given $AB = BC$. This implies that $\triangle ABC$ is isosceles with base $AC$.
Therefore, the base angles are equal:
$\angle BAC = \angle BCA$.
The sum of angles in $\triangle ABC$ is $180^{\circ}$.
$\angle ABC + \angle BAC + \angle BCA = 180^{\circ}$
$56^{\circ} + 2(\angle BCA) = 180^{\circ}$
$2(\angle BCA) = 180^{\circ} - 56^{\circ}$
$2(\angle BCA) = 124^{\circ}$
$\angle BCA = 62^{\circ}$.
So, $\angle BAC = 62^{\circ}$ and $\angle BCA = 62^{\circ}$.

**Step 3: Determine $x$.**
The variable $x$ represents an angle at vertex $A$. Looking at the diagram, $x$ is the angle between the horizontal line segment to the right of $A$ (ray $AE$) and the segment $AC$.
So, $x = \angle EAC$.
We know that the total angle of the straight line at $A$ is $180^{\circ}$.
The angles around $A$ on the upper side of the transversal lines aren't the right way to think. Let's look at the angles relative to the parallel line $L_A$.
We established that $\angle EAB = 56^{\circ}$.
The angle $\angle BAC$ is inside the triangle.
From the diagram, the ray $AC$ lies between the ray $AB$ and the ray $AE$? Or is $AB$ between $AC$ and $AE$?
Let's check the coordinates to be sure about the relative positions.
$A = (2,3)$
$B = (4,0)$
$C = (8,0)$
Slope of $AB = \frac{0-3}{4-2} = -1.5$.
Slope of $AC = \frac{0-3}{8-2} = \frac{-3}{6} = -0.5$.
The ray $AE$ is horizontal to the right (slope 0).
The angle of a line with slope $m$ with the positive x-axis is $\arctan(m)$.
Angle of $AE = 0^{\circ}$.
Angle of $AC$: $\arctan(-0.5) \approx -26.6^{\circ}$. The geometric angle with the positive x-axis is $26.6^{\circ}$ below the axis.
Angle of $AB$: $\arctan(-1.5) \approx -56.3^{\circ}$. The geometric angle with the positive x-axis is $56.3^{\circ}$ below the axis.
So, the ray $AC$ is closer to the horizontal line $AE$ than ray $AB$ is.
This means the angle $\angle EAC$ is smaller than $\angle EAB$.
Specifically, $\angle EAB = \angle EAC + \angle CAB$.
Wait, let's re-evaluate the angle addition.
The angle $\angle EAB$ is the angle between the horizontal right ray and $AB$. We calculated this as $56^{\circ}$.
The angle $\angle BAC$ is the angle inside the triangle, which we calculated as $62^{\circ}$.
This creates a contradiction if we assume simple addition/subtraction without checking the geometry.
Let's re-read the angle definition.
$\angle EAB = 56^{\circ}$.
$\angle BAC = 62^{\circ}$.
If $\angle EAB = 56^{\circ}$ and $\angle BAC = 62^{\circ}$, then ray $AC$ cannot be ""inside"" angle $\angle EAB$.
Let's look at the slopes again.
Slope $AB = -1.5$. Angle with positive x-axis is roughly $-56^{\circ}$.
Slope $AC = -0.5$. Angle with positive x-axis is roughly $-26.6^{\circ}$.
The angle $x$ is labeled between the horizontal line and segment $AC$. The label is $x^{\circ}$.
Visually in the diagram, $x$ is the acute angle between the horizontal line to the right of $A$ and the segment $AC$.
So $x$ corresponds to the magnitude of the angle of $AC$ with the horizontal.
From the slope calculation, the angle is $\arctan(0.5) \approx 26.6^{\circ}$.
Let's see if our geometric derivation matches this.

Let's restart the angle calculation using parallel line properties more carefully.
1.  **Angle at A**: The angle $124^{\circ}$ is given. It is the angle between the ray to the *left* of $A$ and segment $AB$.
    Let ray $AL$ be to the left, ray $AR$ be to the right.
    $\angle LAB = 124^{\circ}$.
    Since $L-A-R$ is a straight line, $\angle RAB = 180^{\circ} - 124^{\circ} = 56^{\circ}$.

2.  **Angle at B**: Since line $AR$ (part of top parallel line) is parallel to line $BC$ (bottom parallel line), and $AB$ is a transversal:
    The alternate interior angle to $\angle RAB$ is $\angle ABC$.
    Therefore, $\angle ABC = \angle RAB = 56^{\circ}$.

3.  **Triangle ABC**:
    We are given $AB = BC$. Thus $\triangle ABC$ is isosceles.
    The angles opposite the equal sides are equal.
    Side $BC$ is opposite $\angle BAC$.
    Side $AB$ is opposite $\angle BCA$.
    Therefore, $\angle BAC = \angle BCA$.
    Sum of angles in $\triangle ABC$:
    $\angle ABC + \angle BAC + \angle BCA = 180^{\circ}$
    $56^{\circ} + 2(\angle BCA) = 180^{\circ}$
    $2(\angle BCA) = 124^{\circ}$
    $\angle BCA = 62^{\circ}$.
    So, $\angle BAC = 62^{\circ}$.

4.  **Finding x**:
    $x$ is the angle labeled in the diagram. The label $x^{\circ}$ is positioned between the horizontal line segment to the right of $A$ (ray $AR$) and the segment $AC$.
    So, $x = \angle RAC$.
    
    Now we need to determine the relationship between $\angle RAB$, $\angle BAC$, and $\angle RAC$.
    From the coordinate geometry check:
    Ray $AR$ is at $0^{\circ}$.
    Ray $AC$ is at $\approx -26.6^{\circ}$.
    Ray $AB$ is at $\approx -56.3^{\circ}$.
    The order of rays clockwise from $AR$ is $AC$, then $AB$.
    Therefore, $\angle RAB = \angle RAC + \angle CAB$.
    Let's verify this visually.
    In the diagram, $A$ is top-left-ish, $B$ is bottom-middle, $C$ is bottom-right.
    Segment $AB$ goes down and right.
    Segment $AC$ goes down and right, but less steeply than $AB$ because $C$ is further to the right than $B$ relative to the horizontal drop?
    $A=(2,3)$, $B=(4,0)$, $C=(8,0)$.
    Horizontal dist $A \to B$ is 2. Vertical drop 3.
    Horizontal dist $A \to C$ is 6. Vertical drop 3.
    Yes, $AC$ is flatter than $AB$.
    So, the angle of $AC$ with the horizontal ($x$) is smaller than the angle of $AB$ with the horizontal ($56^{\circ}$).
    And the angle between $AB$ and $AC$ is $\angle BAC = 62^{\circ}$.
    
    Wait. If $\angle RAB = 56^{\circ}$ and $\angle BAC = 62^{\circ}$, then $\angle RAC$ cannot be part of $\angle RAB$ such that $\angle RAB = \angle RAC + \angle BAC$ because $56 < 62$.
    This implies my assumption about the ray ordering is wrong, or the calculation of $\angle RAB$ is wrong, or the interpretation of the diagram is wrong.
    
    Let's re-read the diagram labels.
    Label $124^{\circ}$ is at $A$, SW. This usually means the angle inside the ""corner"" formed by the line to the left and the segment $AB$.
    Label $x^{\circ}$ is at $A$, S. It is between the horizontal line and segment $AC$.
    
    Let's look at the angles again.
    $\angle RAB = 56^{\circ}$.
    $\angle BAC = 62^{\circ}$.
    
    If ray $AC$ is ""above"" ray $AB$ (closer to horizontal), then $\angle RAC < \angle RAB$.
    But $\angle BAC$ is the angle *between* $AB$ and $AC$.
    So, $\angle RAB = \angle RAC + \angle CAB$?
    $56^{\circ} = x + 62^{\circ}$?
    This would give $x = -6^{\circ}$, which is impossible.
    
    This means the ray ordering must be different.
    Is it possible that ray $AB$ is between ray $AR$ and ray $AC$?
    If so, $\angle RAC = \angle RAB + \angle BAC$.
    $x = 56^{\circ} + 62^{\circ} = 118^{\circ}$.
    Let's check the slopes again.
    Slope $AB = -1.5$. Angle $\approx 56^{\circ}$ below horizontal.
    Slope $AC = -0.5$. Angle $\approx 26.6^{\circ}$ below horizontal.
    The angle of $AC$ with horizontal is $26.6^{\circ}$.
    The angle of $AB$ with horizontal is $56.3^{\circ}$.
    The angle between them is $56.3 - 26.6 = 29.7^{\circ}$.
    But we calculated $\angle BAC = 62^{\circ}$.
    There is a discrepancy between the coordinate geometry implied by the `asy` code and the geometric constraints given in the text ($AB=BC$).
    
    **Crucial Point:** In geometry problems, the diagram is often ""not to scale"". The `asy` code provides a visual representation, but the text constraints ($AB=BC$, parallel lines, $124^{\circ}$) are the truth. We must solve based on the text and logical geometric deduction, ignoring the specific coordinates if they contradict the text.
    
    Let's re-evaluate the ray ordering based on the text constraints only.
    1.  Line $L_1 \parallel L_2$.
    2.  Transversal $AB$ intersects $L_1$ at $A$ and $L_2$ at $B$.
    3.  Angle between Left-Ray at $A$ and $AB$ is $124^{\circ}$.
    4.  Therefore, Angle between Right-Ray at $A$ ($AR$) and $AB$ is $180 - 124 = 56^{\circ}$.
    5.  Alternate Interior Angle: $\angle ABC = \angle RAB = 56^{\circ}$.
    6.  Triangle $ABC$ is isosceles with $AB=BC$.
    7.  Base angles $\angle BAC = \angle BCA = (180 - 56)/2 = 62^{\circ}$.
    
    Now, where is $C$?
    $C$ is on the line $L_2$ (the bottom line).
    $B$ is on the line $L_2$.
    The angle $\angle ABC = 56^{\circ}$.
    Since $A$ is above the line $L_2$, and the angle is interior, $C$ must be positioned such that the triangle is formed.
    
    We need to find $x$, which is the angle between the Right-Ray at $A$ ($AR$) and the segment $AC$.
    
    Let's determine the position of $AC$ relative to $AB$.
    We know $\angle BAC = 62^{\circ}$.
    We know $\angle RAB = 56^{\circ}$.
    
    There are two possibilities for the position of ray $AC$ relative to ray $AB$:
    Case 1: Ray $AC$ is ""outside"" angle $\angle RAB$ (further from the horizontal).
    Then $\angle RAC = \angle RAB + \angle BAC = 56^{\circ} + 62^{\circ} = 118^{\circ}$.
    Case 2: Ray $AC$ is ""inside"" angle $\angle RAB$ (closer to the horizontal).
    Then $\angle RAC = \angle RAB - \angle BAC = 56^{\circ} - 62^{\circ} = -6^{\circ}$. (Impossible)
    Case 3: Ray $AB$ is ""inside"" angle $\angle RAC$.
    Then $\angle RAC = \angle BAC - \angle RAB = 62^{\circ} - 56^{\circ} = 6^{\circ}$.
    
    Which case is correct?
    Let's look at the diagram.
    The diagram shows $C$ to the right of $B$.
    $A$ is at top left. $B$ is bottom middle. $C$ is bottom right.
    The segment $AC$ connects top-left to bottom-right.
    The segment $AB$ connects top-left to bottom-middle.
    Visually, $AC$ is less steep than $AB$?
    In the `asy` code:
    $A=(2,3)$, $B=(4,0)$, $C=(8,0)$.
    Slope $AB = -1.5$.
    Slope $AC = -0.5$.
    Angle of $AB$ with horizontal $\approx 56^{\circ}$.
    Angle of $AC$ with horizontal $\approx 26^{\circ}$.
    Here, Angle($AC$) < Angle($AB$).
    This corresponds to Case 3?
    Let's check the angles in the diagram's coordinate system:
    $\angle RAB \approx 56^{\circ}$.
    $\angle RAC \approx 26^{\circ}$.
    $\angle BAC = \angle RAB - \angle RAC \approx 56 - 26 = 30^{\circ}$.
    But the text says $AB=BC$, which forces $\angle BAC = 62^{\circ}$.
    The diagram's coordinates do NOT satisfy $AB=BC$.
    Distance $AB = \sqrt{2^2 + 3^2} = \sqrt{13} \approx 3.6$.
    Distance $BC = 8 - 4 = 4$.
    $3.6 \neq 4$.
    So the diagram is indeed not to scale regarding the lengths. We must rely on the topology (relative positions) shown in the diagram.
    
    Topology from diagram:
    - $A$ is above the line $BC$.
    - $B$ is to the left of $C$.
    - The transversal $AB$ goes down and right.
    - The segment $AC$ goes down and right.
    - The angle $x$ is acute.
    - The angle $124^{\circ}$ is obtuse.
    
    Let's re-evaluate the ray ordering based on the standard configuration of such problems.
    Usually, if $C$ is to the right of $B$, and $A$ is to the left of $B$'s vertical projection?
    Let's check the horizontal positions.
    If $\angle ABC = 56^{\circ}$, and $C$ is to the right of $B$, then the vector $BC$ is along the positive x-axis.
    The vector $BA$ makes an angle of $180 - 56 = 124^{\circ}$ with $BC$? No.
    Angle $\angle ABC$ is the interior angle.
    Line $BC$ is horizontal.
    Line $AB$ comes from top-left.
    The angle between $BA$ and $BC$ (ray to right) is $56^{\circ}$?
    Let's trace:
    Ray $BC$ is to the right ($0^{\circ}$).
    Ray $BA$ goes up and left.
    The angle $\angle ABC$ is the angle between segment $BA$ and segment $BC$.
    We found $\angle ABC = 56^{\circ}$.
    So, relative to $B$, $A$ is at an angle of $180 - 56 = 124^{\circ}$? Or just $56^{\circ}$?
    Since $A$ is above and $B$ is below, and $A$ is to the left of $B$ (based on $124^{\circ}$ at top left implying $A$ is left of the transversal's vertical?), let's stick to the parallel line angles.
    
    At vertex $A$:
    Ray $AR$ (Right) is $0^{\circ}$.
    Ray $AL$ (Left) is $180^{\circ}$.
    $\angle LAB = 124^{\circ}$. So Ray $AB$ is at $180 - 124 = 56^{\circ}$? No, angles are positive.
    If we measure counter-clockwise from Right ($0^{\circ}$):
    Left is $180^{\circ}$.
    Angle from Left to $AB$ is $124^{\circ}$ downwards?
    So direction of $AB$ is $180 + 124 = 304^{\circ}$? Or $180 - 124 = 56^{\circ}$?
    Since $B$ is below $A$, the y-component is negative.
    So the angle is in the 4th quadrant (if A is origin).
    Angle with positive x-axis (Right) is $-\theta$.
    Angle with negative x-axis (Left) is $180 - \theta$?
    Let's use simple geometry.
    Angle between Left-Ray and $AB$ is $124^{\circ}$.
    Angle between Right-Ray and $AB$ is $180 - 124 = 56^{\circ}$.
    So, Ray $AB$ is $56^{\circ}$ below the horizontal Right-Ray.
    
    Now, where is Ray $AC$?
    We know $\angle BAC = 62^{\circ}$.
    Ray $AC$ is either $56 + 62 = 118^{\circ}$ below horizontal, or $|56 - 62| = 6^{\circ}$ below horizontal.
    
    Let's look at the diagram to decide between $118^{\circ}$ and $6^{\circ}$.
    The angle $x$ is shown as an acute angle.
    $118^{\circ}$ is obtuse.
    $6^{\circ}$ is acute.
    Therefore, $x$ must be $6^{\circ}$?
    
    Wait, let's look at the diagram again.
    The angle $x$ is labeled between the horizontal line and $AC$.
    In the diagram, the angle $x$ looks like roughly $30-40$ degrees. It is definitely not $6$ degrees (which would be very flat).
    And it is definitely not $118$ degrees (which would be obtuse).
    
    Did I make a mistake in the calculation?
    Let's re-read the parallel line angle.
    ""Angle $124^{\circ}$"" is at $A$.
    Is it possible the $124^{\circ}$ is the angle $\angle CAB$? No, it's marked with the parallel line.
    Is it possible the $124^{\circ}$ is the angle $\angle (Left, AC)$? No, the arc is near $AB$.
    
    Let's reconsider the Isosceles Triangle.
    $AB = BC$.
    Maybe the base is $AB$? No, ""AB = BC"" means the vertex is $B$.
    So $\angle A = \angle C$.
    
    Let's reconsider the position of $C$.
    In the diagram, $C$ is to the right of $B$.
    This implies that the angle of $AC$ with the horizontal is *smaller* than the angle of $AB$ with the horizontal?
    Let's check the slopes in the diagram again.
    $A(2,3)$, $B(4,0)$, $C(8,0)$.
    Slope $AB = -1.5$. Angle $\approx 56^{\circ}$.
    Slope $AC = -0.5$. Angle $\approx 26^{\circ}$.
    Here, Angle($AC$) < Angle($AB$).
    This implies Ray $AC$ is *between* Ray $AR$ and Ray $AB$.
    So $\angle RAB = \angle RAC + \angle CAB$.
    $56^{\circ} = x + 62^{\circ}$.
    $x = -6^{\circ}$.
    
    This contradiction ($x$ cannot be negative) implies that the configuration in the diagram (where $AC$ is flatter than $AB$) is **incompatible** with the condition $AB=BC$ given the angle $124^{\circ}$.
    
    If $AB=BC$ and $\angle ABC = 56^{\circ}$, then $\angle BAC = 62^{\circ}$.
    For $x$ to be positive, we must have $\angle RAC = \angle RAB + \angle BAC$ or $\angle RAC = \angle BAC - \angle RAB$.
    
    Option A: $\angle RAC = 56 + 62 = 118^{\circ}$.
    This would mean $AC$ is steeper than $AB$ (going down more sharply).
    This would imply $C$ is to the *left* of $B$?
    If $AC$ is at $118^{\circ}$ below horizontal, it points down and left?
    No, $118^{\circ}$ from Right-Ray clockwise?
    If we measure angles below the horizontal:
    Ray $AB$ is at $56^{\circ}$.
    Ray $AC$ is at $118^{\circ}$.
    This means $AC$ is steeper.
    Horizontal distance for same vertical drop:
    $dx_{AB} = dy / \tan(56)$.
    $dx_{AC} = dy / \tan(118)$. $\tan(118)$ is negative?
    Let's use standard angles.
    Ray $AR = 0^{\circ}$.
    Ray $AB = -56^{\circ}$ (or $304^{\circ}$).
    Ray $AC$:
    If $\angle BAC = 62^{\circ}$, Ray $AC$ can be at $-56 - 62 = -118^{\circ}$ or $-56 + 62 = +6^{\circ}$.
    
    Case 1: Ray $AC$ is at $+6^{\circ}$.
    This means $AC$ goes *up* and right?
    But $C$ is on the line $y=0$ and $A$ is at $y=3$. So $AC$ must go down.
    So the angle must be negative (below horizontal).
    So $+6^{\circ}$ is impossible if $C$ is below $A$.
    Wait, if the angle is $6^{\circ}$ *above* the horizontal, $C$ would be above $A$. But $C$ is on the bottom line.
    So this case is invalid.
    
    Case 2: Ray $AC$ is at $-118^{\circ}$.
    This means $AC$ goes down and left?
    Angle $-118^{\circ}$ is in the 3rd quadrant (down-left).
    But $C$ is to the right of $A$ in the diagram ($x_C > x_A$).
    So $AC$ must go down and right (4th quadrant).
    Angles in 4th quadrant are between $0^{\circ}$ and $-90^{\circ}$.
    $-118^{\circ}$ is not in the 4th quadrant.
    
    So, is it possible that $\angle ABC$ is not $56^{\circ}$?
    Let's re-read the parallel line angle.
    Angle $124^{\circ}$ is at $A$.
    Is it possible the angle is $\angle (Right, AB) = 124^{\circ}$?
    If $\angle RAB = 124^{\circ}$, then $AB$ goes down and left?
    If $AB$ goes down and left, $B$ is to the left of $A$.
    In the diagram, $B$ is to the right of $A$ ($4 > 2$).
    So $\angle RAB$ must be acute.
    So $\angle RAB = 56^{\circ}$ is correct.
    
    Is it possible that $C$ is to the *left* of $B$?
    If $C$ is to the left of $B$, then $AC$ could be steeper.
    But the diagram shows $C$ to the right.
    
    Let's look at the label $x$ again.
    Maybe $x$ is not $\angle RAC$.
    The label $x^{\circ}$ is at $(4.5, 3)$.
    The angle arc is between the horizontal line and $AC$.
    
    Is there an error in my assumption of the Isosceles triangle base?
    ""AB = BC"".
    Vertex is $B$.
    Base is $AC$.
    Angles at $A$ and $C$ are equal.
    
    Let's try the other interpretation of the $124^{\circ}$ angle.
    What if the $124^{\circ}$ is the angle $\angle ABC$?
    No, it's at $A$.
    
    What if the parallel lines are not horizontal?
    The diagram draws them horizontal.
    
    Let's reconsider the result $x = 6^{\circ}$.
    If $x=6^{\circ}$, then $\angle RAC = 6^{\circ}$.
    This implies Ray $AC$ is at $-6^{\circ}$.
    Ray $AB$ is at $-56^{\circ}$.
    Angle $\angle BAC = |-56 - (-6)| = 50^{\circ}$.
    But we calculated $\angle BAC = 62^{\circ}$.
    Contradiction.
    
    Let's reconsider the result $x = 118^{\circ}$.
    If $x=118^{\circ}$, then $\angle RAC = 118^{\circ}$.
    This implies Ray $AC$ is at $-118^{\circ}$ (down-left) or $+118^{\circ}$ (up-left).
    Neither fits the diagram ($C$ is down-right).
    
    **Is it possible that $\angle ABC$ is the obtuse angle?**
    If $\angle RAB = 56^{\circ}$, then $\angle ABC = 56^{\circ}$ (alternate interior).
    This is acute.
    
    **What if the angle $124^{\circ}$ is $\angle (Left, AC)$?**
    No, the arc is clearly on $AB$.
    
    **Let's check the source or similar problems.**
    Often, ""x"" is the angle $\angle BCA$?
    No, $x$ is at $A$.
    
    **Wait, look at the diagram one more time.**
    The angle $124^{\circ}$ is marked.
    The angle $x$ is marked.
    Is it possible that $AC$ is the transversal?
    
    Let's assume the question implies the standard ""Zig-Zag"" or ""M"" shape properties, but here it's a triangle.
    
    Let's try calculating $x$ assuming the diagram's visual topology is correct ($AC$ is flatter than $AB$) and finding the error in the text interpretation.
    If $AC$ is flatter, $x < 56$.
    If $AB=BC$, $\angle A = \angle C$.
    Let $\angle RAC = x$.
    Then $\angle RAB = x + \angle BAC$.
    $56 = x + \angle BAC$.
    Also $\angle BCA = \angle BAC$.
    In $\triangle ABC$, $\angle B = 56$.
    $2 \angle BAC + 56 = 180 \Rightarrow \angle BAC = 62$.
    $56 = x + 62 \Rightarrow x = -6$.
    
    This implies that for the given numbers, the configuration in the diagram is **impossible**.
    However",$28$
MATH-500/19,"To find the smallest possible value of $a$ such that all roots of the equation
\[ x^3 + ax^2 + ax + 1 = 0 \]
are real, we proceed with the following steps.

### Step 1: Analyze the Structure of the Equation

The given equation is a reciprocal equation (also known as a palindromic polynomial) because the coefficients are symmetric: $1, a, a, 1$.
Notice that $x = -1$ is not a root unless $-1 + a - a + 1 = 0$, which is always true? Let's check:
$(-1)^3 + a(-1)^2 + a(-1) + 1 = -1 + a - a + 1 = 0$.
So, $x = -1$ is always a root of this equation for any $a$.

Since $x = -1$ is a root, we can factor $(x+1)$ out of the polynomial. Let's perform polynomial division or factorization by grouping:
\[ x^3 + ax^2 + ax + 1 = x^2(x+a) + 1(x+a) = (x^2+1)(x+a) \]
Wait, let's re-expand $(x^2+1)(x+a)$:
$(x^2+1)(x+a) = x^3 + ax^2 + x + a$.
This does not match the original equation $x^3 + ax^2 + ax + 1$. The term $ax$ in the original equation is different from $x$ in my expansion. Let's re-group carefully.

Original: $x^3 + ax^2 + ax + 1 = 0$.
Group terms:
$x^3 + 1 + ax^2 + ax = 0$
$(x+1)(x^2 - x + 1) + ax(x+1) = 0$
Factor out $(x+1)$:
$(x+1) [ (x^2 - x + 1) + ax ] = 0$
$(x+1) ( x^2 + (a-1)x + 1 ) = 0$

So, the roots of the cubic equation are:
1. $x_1 = -1$
2. The roots of the quadratic equation $x^2 + (a-1)x + 1 = 0$.

### Step 2: Condition for Real Roots

The problem states that **all** roots of the cubic equation are real.
We already have one real root $x_1 = -1$.
Therefore, the other two roots, which are the roots of the quadratic equation $x^2 + (a-1)x + 1 = 0$, must also be real.

For a quadratic equation $Ax^2 + Bx + C = 0$ to have real roots, its discriminant $\Delta$ must be non-negative ($\Delta \ge 0$).
Here, $A = 1$, $B = a-1$, and $C = 1$.

The discriminant is:
\[ \Delta = B^2 - 4AC = (a-1)^2 - 4(1)(1) \]
\[ \Delta = (a-1)^2 - 4 \]

For the roots to be real, we require:
\[ (a-1)^2 - 4 \ge 0 \]
\[ (a-1)^2 \ge 4 \]

Taking the square root of both sides, we get two cases:
1. $a - 1 \ge 2 \implies a \ge 3$
2. $a - 1 \le -2 \implies a \le -1$

### Step 3: Apply Constraints on $a$

The problem states that $a$ is a **positive** real number ($a > 0$).
- The condition $a \le -1$ is rejected because $a$ must be positive.
- The condition $a \ge 3$ is consistent with $a > 0$.

Thus, the possible values for $a$ are $a \in [3, \infty)$.

### Step 4: Determine the Smallest Value

We are asked to find the **smallest** possible value of $a$.
From the inequality $a \ge 3$, the minimum value is $a = 3$.

Let's verify this solution.
If $a = 3$, the quadratic equation becomes:
$x^2 + (3-1)x + 1 = 0 \implies x^2 + 2x + 1 = 0$
$(x+1)^2 = 0$
The roots are $x = -1, -1$.
Combined with the root from the linear factor $(x+1)$, the roots of the cubic equation are $-1, -1, -1$.
All three roots are real.

If we chose a value slightly less than 3, say $a = 2.9$:
$\Delta = (2.9 - 1)^2 - 4 = 1.9^2 - 4 = 3.61 - 4 = -0.39 < 0$.
The quadratic would have complex conjugate roots, so not all roots of the cubic would be real.

Therefore, the smallest value is indeed 3.

### Conclusion

The smallest possible value of $a$ is 3.

\boxed{3}",$3$
MATH-500/20,"To evaluate the expression $(1+2i)6-3i$, we will follow the order of operations (PEMDAS/BODMAS), performing multiplication before subtraction.

**Step 1: Perform the multiplication**
Distribute the $6$ to both terms inside the parentheses:
$$ (1+2i) \cdot 6 = 1 \cdot 6 + 2i \cdot 6 $$
$$ = 6 + 12i $$

**Step 2: Perform the subtraction**
Now, subtract $3i$ from the result obtained in Step 1:
$$ (6 + 12i) - 3i $$

Group the real parts and the imaginary parts:
$$ 6 + (12i - 3i) $$
$$ 6 + 9i $$

**Conclusion**
The simplified complex number is $6 + 9i$.

\boxed{6+9i}",$6+9i$
MATH-500/21,"To find the greatest integer less than $(\sqrt{7} + \sqrt{5})^6$, we can use the method of conjugate surds.

Let $x = \sqrt{7} + \sqrt{5}$ and $y = \sqrt{7} - \sqrt{5}$.
We want to evaluate $x^6$.

Consider the sum $S = x^6 + y^6$.
Since $x$ and $y$ are roots of a quadratic equation with integer coefficients, $x^n + y^n$ will be an integer for any positive integer $n$.

First, let's find the quadratic equation satisfied by $x$ and $y$.
$$ x = \sqrt{7} + \sqrt{5} $$
$$ y = \sqrt{7} - \sqrt{5} $$

Calculate the sum and product of $x$ and $y$:
$$ x + y = (\sqrt{7} + \sqrt{5}) + (\sqrt{7} - \sqrt{5}) = 2\sqrt{7} $$
$$ xy = (\sqrt{7} + \sqrt{5})(\sqrt{7} - \sqrt{5}) = 7 - 5 = 2 $$

Let $u = x^2$ and $v = y^2$. Then:
$$ u + v = x^2 + y^2 = (x+y)^2 - 2xy = (2\sqrt{7})^2 - 2(2) = 28 - 4 = 24 $$
$$ uv = x^2 y^2 = (xy)^2 = 2^2 = 4 $$

So, $u$ and $v$ are roots of the quadratic equation:
$$ t^2 - (u+v)t + uv = 0 \implies t^2 - 24t + 4 = 0 $$

We want to find $x^6 + y^6 = u^3 + v^3$.
Let $S_n = u^n + v^n$. We know $S_1 = 24$ and $S_0 = u^0 + v^0 = 1 + 1 = 2$.
The recurrence relation for $S_n$ is derived from the characteristic equation $t^2 - 24t + 4 = 0$:
$$ S_{n} = 24 S_{n-1} - 4 S_{n-2} $$

We need $S_3 = u^3 + v^3$.
First, calculate $S_2$:
$$ S_2 = 24 S_1 - 4 S_0 = 24(24) - 4(2) = 576 - 8 = 568 $$
Alternatively, $S_2 = u^2 + v^2 = (u+v)^2 - 2uv = 24^2 - 2(4) = 576 - 8 = 568$.

Now, calculate $S_3$:
$$ S_3 = 24 S_2 - 4 S_1 $$
$$ S_3 = 24(568) - 4(24) $$
$$ S_3 = 24(568 - 4) $$
$$ S_3 = 24(564) $$

Let's compute $24 \times 564$:
$$ 24 \times 564 = 24(500 + 60 + 4) $$
$$ = 12000 + 1440 + 96 $$
$$ = 13440 + 96 $$
$$ = 13536 $$

So, $x^6 + y^6 = 13536$.
This means:
$$ (\sqrt{7} + \sqrt{5})^6 + (\sqrt{7} - \sqrt{5})^6 = 13536 $$
$$ (\sqrt{7} + \sqrt{5})^6 = 13536 - (\sqrt{7} - \sqrt{5})^6 $$

Now we need to estimate the value of $y^6 = (\sqrt{7} - \sqrt{5})^6$.
First, estimate $\sqrt{7} - \sqrt{5}$.
We know $\sqrt{7} \approx 2.646$ and $\sqrt{5} \approx 2.236$.
$$ \sqrt{7} - \sqrt{5} \approx 2.646 - 2.236 = 0.41 $$
More precisely, let's bound it.
$2.6 < \sqrt{7} < 2.7$ and $2.2 < \sqrt{5} < 2.3$.
Actually, $\sqrt{7} \approx 2.6457$ and $\sqrt{5} \approx 2.2361$.
Difference $\approx 0.4096$.

Let's check if $y < 1$.
$\sqrt{7} < \sqrt{9} = 3$ and $\sqrt{5} > \sqrt{4} = 2$, so $\sqrt{7} - \sqrt{5} < 3 - 2 = 1$.
Also $\sqrt{7} > 2.6$ and $\sqrt{5} < 2.24$ (since $2.24^2 = 5.0176 > 5$), so $\sqrt{7} - \sqrt{5} > 2.6 - 2.24 = 0.36$.
So $0.36 < y < 1$.
Therefore, $0 < y^6 < 1$.

Let's get a tighter bound to ensure $y^6$ is not extremely close to 1 or 0 in a way that affects the integer part, although since $y < 0.5$, $y^6 < (0.5)^6 = \frac{1}{64} \approx 0.015$.
Let's verify $y < 0.5$.
$y = \sqrt{7} - \sqrt{5}$.
Is $\sqrt{7} - \sqrt{5} < 0.5$?
$\sqrt{7} < \sqrt{5} + 0.5$
Square both sides:
$7 < 5 + \sqrt{5} + 0.25$
$7 < 5.25 + \sqrt{5}$
$1.75 < \sqrt{5}$
Square again:
$1.75^2 = (7/4)^2 = 49/16 = 3.0625$.
Since $3.0625 < 5$, the inequality holds.
So $y < 0.5$.
Consequently, $y^6 < (0.5)^6 = \frac{1}{64} \approx 0.0156$.

So, we have:
$$ (\sqrt{7} + \sqrt{5})^6 = 13536 - y^6 $$
Since $0 < y^6 < 0.0156$,
$$ 13536 - 0.0156 < (\sqrt{7} + \sqrt{5})^6 < 13536 $$
$$ 13535.9844 < (\sqrt{7} + \sqrt{5})^6 < 13536 $$

The greatest integer less than $(\sqrt{7} + \sqrt{5})^6$ is the floor of this value.
$\lfloor (\sqrt{7} + \sqrt{5})^6 \rfloor = 13535$.

The question asks for the ""greatest integer less than"" the number. This is equivalent to $\lfloor x \rfloor$ if $x$ is not an integer, or $x-1$ if $x$ is an integer. Since $(\sqrt{7} + \sqrt{5})^6$ is not an integer (it is $13536 - \epsilon$), the greatest integer strictly less than it is $13535$.

Answer: 13535

\boxed{13535}",$13535$
MATH-500/22,"To find the value of $x$, we need to set up equations based on the information provided about Denali's and Nate's pay.

**1. Define Variables and Pay Structure**

Let $D$ be the number of dogs Denali walks.
Let $N$ be the number of dogs Nate walks.
Let $k$ be the pay per dog. Since they are paid for each dog they walk, their total pay is proportional to the number of dogs.

*   Denali's initial pay: $P_D = k \cdot D$
*   Nate's initial pay: $P_N = k \cdot N$

The ratio of Denali's pay to Nate's pay is:
$$ \frac{P_D}{P_N} = \frac{k \cdot D}{k \cdot N} = \frac{D}{N} $$

Initially, $D = 16$ and $N = 12$. So the initial ratio is $\frac{16}{12} = \frac{4}{3}$. However, the problem states that the ratio *would be the same* under two specific hypothetical scenarios. It does not necessarily mean the ratio is equal to the initial ratio, but rather that the ratio in Scenario 1 is equal to the ratio in Scenario 2. Let's re-read carefully: ""The ratio of Denali's pay to Nate's pay would be the same if [Scenario 1] or if [Scenario 2]."" This implies:
$$ \text{Ratio in Scenario 1} = \text{Ratio in Scenario 2} $$

**2. Analyze Scenario 1**

""Denali started walking $4x$ more dogs and Nate stayed at $12$ dogs.""

*   New number of dogs for Denali ($D_1$): $16 + 4x$
*   New number of dogs for Nate ($N_1$): $12$

The ratio of Denali's pay to Nate's pay in this scenario ($R_1$) is:
$$ R_1 = \frac{16 + 4x}{12} $$

**3. Analyze Scenario 2**

""$x$ of Nate's dogs were reassigned to Denali.""

*   New number of dogs for Denali ($D_2$): $16 + x$ (Denali gains $x$ dogs)
*   New number of dogs for Nate ($N_2$): $12 - x$ (Nate loses $x$ dogs)

The ratio of Denali's pay to Nate's pay in this scenario ($R_2$) is:
$$ R_2 = \frac{16 + x}{12 - x} $$

**4. Set Up the Equation**

The problem states that these two ratios are the same:
$$ R_1 = R_2 $$
$$ \frac{16 + 4x}{12} = \frac{16 + x}{12 - x} $$

**5. Solve for $x$**

First, simplify the left side if possible, or cross-multiply. Let's cross-multiply to eliminate fractions:
$$ (16 + 4x)(12 - x) = 12(16 + x) $$

Expand the left side:
$$ 16(12) - 16(x) + 4x(12) - 4x(x) = 192 - 16x + 48x - 4x^2 $$
$$ 192 + 32x - 4x^2 $$

Expand the right side:
$$ 12(16) + 12(x) = 192 + 12x $$

Set the expanded sides equal to each other:
$$ 192 + 32x - 4x^2 = 192 + 12x $$

Subtract 192 from both sides:
$$ 32x - 4x^2 = 12x $$

Rearrange the terms to form a quadratic equation equal to zero:
$$ 32x - 12x - 4x^2 = 0 $$
$$ 20x - 4x^2 = 0 $$

Factor out $4x$:
$$ 4x(5 - x) = 0 $$

This gives two possible solutions:
1.  $4x = 0 \implies x = 0$
2.  $5 - x = 0 \implies x = 5$

The problem states that $x \neq 0$. Therefore, we discard $x = 0$.

So, $x = 5$.

**6. Verification**

Let's check if $x = 5$ works.

*   **Scenario 1:**
    *   Denali's dogs: $16 + 4(5) = 16 + 20 = 36$
    *   Nate's dogs: $12$
    *   Ratio $R_1 = \frac{36}{12} = 3$

*   **Scenario 2:**
    *   Denali's dogs: $16 + 5 = 21$
    *   Nate's dogs: $12 - 5 = 7$
    *   Ratio $R_2 = \frac{21}{7} = 3$

Since $R_1 = R_2 = 3$, the solution is correct.

\boxed{5}",$5$
MATH-500/23,"To find all values of $x$ that satisfy the equation $x = \sqrt{11-2x} + 4$, we will follow these steps:

### Step 1: Isolate the radical term
First, we move the constant term to the left side to isolate the square root:
$$ x - 4 = \sqrt{11-2x} $$

### Step 2: Determine the domain constraints
For the equation to have real solutions, two conditions must be met:
1. The expression inside the square root must be non-negative:
   $$ 11 - 2x \ge 0 \implies 2x \le 11 \implies x \le \frac{11}{2} = 5.5 $$
2. Since the square root function $\sqrt{11-2x}$ yields a non-negative result, the left side of the equation must also be non-negative:
   $$ x - 4 \ge 0 \implies x \ge 4 $$

Combining these, any valid solution must satisfy:
$$ 4 \le x \le 5.5 $$

### Step 3: Square both sides
Now, we square both sides of the equation to eliminate the square root:
$$ (x - 4)^2 = (\sqrt{11-2x})^2 $$
$$ x^2 - 8x + 16 = 11 - 2x $$

### Step 4: Solve the resulting quadratic equation
Rearrange the terms to form a standard quadratic equation $ax^2 + bx + c = 0$:
$$ x^2 - 8x + 2x + 16 - 11 = 0 $$
$$ x^2 - 6x + 5 = 0 $$

Factor the quadratic equation:
$$ (x - 5)(x - 1) = 0 $$

This gives two potential solutions:
$$ x = 5 \quad \text{or} \quad x = 1 $$

### Step 5: Verify the solutions
We must check these potential solutions against the original equation and the domain constraints derived in Step 2 ($4 \le x \le 5.5$).

**Check $x = 5$:**
- Domain check: $4 \le 5 \le 5.5$ (Valid)
- Substitute into the original equation:
  $$ \text{LHS} = 5 $$
  $$ \text{RHS} = \sqrt{11 - 2(5)} + 4 = \sqrt{11 - 10} + 4 = \sqrt{1} + 4 = 1 + 4 = 5 $$
  $$ \text{LHS} = \text{RHS} $$
  So, $x = 5$ is a valid solution.

**Check $x = 1$:**
- Domain check: $1 < 4$ (Invalid, as $x$ must be $\ge 4$)
- Substitute into the original equation to see why it fails:
  $$ \text{LHS} = 1 $$
  $$ \text{RHS} = \sqrt{11 - 2(1)} + 4 = \sqrt{9} + 4 = 3 + 4 = 7 $$
  $$ 1 \neq 7 $$
  So, $x = 1$ is an extraneous solution.

### Conclusion
The only value of $x$ that satisfies the equation is $5$.

\boxed{5}",$x=5$
MATH-500/24,"To find the minimal compound interest rate, we need to model the growth of the savings account over the three years.

**1. Understand the Cash Flow**

The worker deposits $\$20,000$ at the end of each year. Let $r$ be the annual compound interest rate (expressed as a decimal).

*   **End of Year 1:** The worker makes the first deposit of $\$20,000$. Since this is the end of the year, this money has not yet earned any interest for that year.
    *   Balance after Year 1 deposit: $20,000$

*   **End of Year 2:**
    *   The balance from Year 1 ($20,000$) earns interest for one year. Its value becomes $20,000(1 + r)$.
    *   The worker makes the second deposit of $\$20,000$.
    *   Balance after Year 2 deposit: $20,000(1 + r) + 20,000$

*   **End of Year 3:**
    *   The balance from Year 2 earns interest for one year. Its value becomes $[20,000(1 + r) + 20,000](1 + r)$.
    *   Expanding this: $20,000(1 + r)^2 + 20,000(1 + r)$.
    *   The worker makes the third deposit of $\$20,000$.
    *   Total Balance after Year 3 deposit: $20,000(1 + r)^2 + 20,000(1 + r) + 20,000$

This is a geometric series representing the future value of an ordinary annuity. The formula for the future value $FV$ of an ordinary annuity with payment $P$, interest rate $r$, and $n$ periods is:
$$ FV = P \frac{(1 + r)^n - 1}{r} $$

Here, $P = 20,000$, $n = 3$, and we want $FV \ge 66,200$.

**2. Set up the Equation**

$$ 20,000 \left[ (1 + r)^2 + (1 + r) + 1 \right] = 66,200 $$

Divide both sides by $20,000$:
$$ (1 + r)^2 + (1 + r) + 1 = \frac{66,200}{20,000} $$
$$ (1 + r)^2 + (1 + r) + 1 = 3.31 $$

Let $x = 1 + r$. The equation becomes:
$$ x^2 + x + 1 = 3.31 $$
$$ x^2 + x - 2.31 = 0 $$

**3. Solve for $x$**

We use the quadratic formula to solve for $x$:
$$ x = \frac{-b \pm \sqrt{b^2 - 4ac}}{2a} $$
where $a = 1$, $b = 1$, and $c = -2.31$.

$$ x = \frac{-1 \pm \sqrt{1^2 - 4(1)(-2.31)}}{2} $$
$$ x = \frac{-1 \pm \sqrt{1 + 9.24}}{2} $$
$$ x = \frac{-1 \pm \sqrt{10.24}}{2} $$

Calculate $\sqrt{10.24}$:
Since $3.2^2 = 10.24$, we have $\sqrt{10.24} = 3.2$.

So,
$$ x = \frac{-1 \pm 3.2}{2} $$

This gives two possible solutions:
1.  $x = \frac{-1 + 3.2}{2} = \frac{2.2}{2} = 1.1$
2.  $x = \frac{-1 - 3.2}{2} = \frac{-4.2}{2} = -2.1$

Since $x = 1 + r$ and the interest rate $r$ must be greater than $-1$ (and typically positive for savings accounts), we discard the negative solution.
Thus, $x = 1.1$.

**4. Determine the Interest Rate**

$$ 1 + r = 1.1 $$
$$ r = 0.1 $$

To express this as a percentage:
$$ r = 0.1 \times 100\% = 10\% $$

**5. Verification**

Let's check if a $10\%$ interest rate yields at least $\$66,200$.
*   End of Year 1: Deposit $\$20,000$. Balance = $\$20,000$.
*   End of Year 2: Interest on $\$20,000$ is $\$2,000$. New Balance before deposit = $\$22,000$. Deposit $\$20,000$. Total Balance = $\$42,000$.
*   End of Year 3: Interest on $\$42,000$ is $42,000 \times 0.10 = \$4,200$. New Balance before deposit = $\$46,200$. Deposit $\$20,000$. Total Balance = $\$66,200$.

The target amount is exactly met.

The minimal compound interest rate is $10\%$.

\boxed{10}",$10$
MATH-500/25,"To find all integers $n$ such that $f(n) = n$, we first need to determine the explicit form of the function $f(x)$ using the given functional equation:
\[ f(x) + f(y) = f(x + y) - xy - 1 \]
for all real numbers $x$ and $y$.

### Step 1: Determine the form of $f(x)$

Let's substitute specific values to find properties of $f(x)$.

**Find $f(0)$:**
Set $x = 0$ and $y = 0$ in the equation:
\[ f(0) + f(0) = f(0 + 0) - 0 \cdot 0 - 1 \]
\[ 2f(0) = f(0) - 1 \]
\[ f(0) = -1 \]

**Find a general expression for $f(x)$:**
The term $-xy$ suggests that $f(x)$ might be a quadratic polynomial. Let's assume $f(x) = ax^2 + bx + c$.
We already know $f(0) = -1$, so substituting $x=0$ into the polynomial gives $c = -1$.
So, $f(x) = ax^2 + bx - 1$.

Let's substitute this form into the original functional equation to determine $a$ and $b$.
LHS:
\[ f(x) + f(y) = (ax^2 + bx - 1) + (ay^2 + by - 1) = a(x^2 + y^2) + b(x + y) - 2 \]

RHS:
\[ f(x + y) - xy - 1 = a(x + y)^2 + b(x + y) - 1 - xy - 1 \]
\[ = a(x^2 + 2xy + y^2) + b(x + y) - 2 - xy \]
\[ = a(x^2 + y^2) + 2axy + b(x + y) - xy - 2 \]

Equating LHS and RHS:
\[ a(x^2 + y^2) + b(x + y) - 2 = a(x^2 + y^2) + 2axy + b(x + y) - xy - 2 \]

Subtract $a(x^2 + y^2) + b(x + y) - 2$ from both sides:
\[ 0 = 2axy - xy \]
\[ 0 = xy(2a - 1) \]

For this to hold for all real numbers $x$ and $y$, we must have:
\[ 2a - 1 = 0 \implies a = \frac{1}{2} \]

So far, $f(x) = \frac{1}{2}x^2 + bx - 1$.

**Use the condition $f(1) = 1$ to find $b$:**
\[ f(1) = \frac{1}{2}(1)^2 + b(1) - 1 = 1 \]
\[ \frac{1}{2} + b - 1 = 1 \]
\[ b - \frac{1}{2} = 1 \]
\[ b = \frac{3}{2} \]

Thus, the function is:
\[ f(x) = \frac{1}{2}x^2 + \frac{3}{2}x - 1 \]

Let's verify this solution.
LHS: $f(x) + f(y) = \frac{1}{2}x^2 + \frac{3}{2}x - 1 + \frac{1}{2}y^2 + \frac{3}{2}y - 1 = \frac{1}{2}(x^2+y^2) + \frac{3}{2}(x+y) - 2$.
RHS: $f(x+y) - xy - 1 = \frac{1}{2}(x+y)^2 + \frac{3}{2}(x+y) - 1 - xy - 1$
$= \frac{1}{2}(x^2+2xy+y^2) + \frac{3}{2}(x+y) - 2 - xy$
$= \frac{1}{2}x^2 + xy + \frac{1}{2}y^2 + \frac{3}{2}(x+y) - 2 - xy$
$= \frac{1}{2}(x^2+y^2) + \frac{3}{2}(x+y) - 2$.
LHS = RHS. The function is correct.

### Step 2: Solve for integers $n$ such that $f(n) = n$

We set $f(n) = n$:
\[ \frac{1}{2}n^2 + \frac{3}{2}n - 1 = n \]

Multiply the entire equation by 2 to clear the denominators:
\[ n^2 + 3n - 2 = 2n \]

Rearrange into a standard quadratic equation form:
\[ n^2 + 3n - 2n - 2 = 0 \]
\[ n^2 + n - 2 = 0 \]

Factor the quadratic equation:
\[ (n + 2)(n - 1) = 0 \]

The solutions are:
\[ n = -2 \quad \text{or} \quad n = 1 \]

Both $-2$ and $1$ are integers.

### Step 3: Verification

Check $n = 1$:
$f(1) = \frac{1}{2}(1)^2 + \frac{3}{2}(1) - 1 = \frac{1}{2} + \frac{3}{2} - 1 = 2 - 1 = 1$.
Since $f(1) = 1$, this is a solution.

Check $n = -2$:
$f(-2) = \frac{1}{2}(-2)^2 + \frac{3}{2}(-2) - 1 = \frac{1}{2}(4) - 3 - 1 = 2 - 3 - 1 = -2$.
Since $f(-2) = -2$, this is a solution.

The integers satisfying the condition are $-2$ and $1$.

\boxed{-2, 1}","$1,-2$"
MATH-500/26,"To solve the problem of finding the number of ways 7 people can sit around a round table such that no two of the 3 specific people (Pierre, Rosa, and Thomas) sit next to each other, we can use the method of **complementary counting** or the **gap method**. The gap method is often more direct for ""no two adjacent"" constraints in circular permutations.

### Step 1: Understand the Setup
- Total people: $7$
- Specific people (let's call them Group A): Pierre ($P$), Rosa ($R$), Thomas ($T$). There are $3$ people in this group.
- Other people (let's call them Group B): The remaining $7 - 3 = 4$ people. Let's call them $O_1, O_2, O_3, O_4$.
- Constraint: No two people from Group A can sit next to each other.
- Circular Permutation: Rotations are considered identical.

### Step 2: Arrange the ""Other"" People (Group B)
First, we arrange the 4 people from Group B around the round table.
The number of ways to arrange $n$ distinct items in a circle is $(n-1)!$.
So, the number of ways to arrange the 4 ""other"" people is:
$$ (4 - 1)! = 3! = 6 \text{ ways} $$

Let's visualize these 4 people seated. They create 4 distinct spaces or ""gaps"" between them where the people from Group A can be placed.
$$ \_ O_1 \_ O_2 \_ O_3 \_ O_4 \_ $$
(Note: In a circle, the gap after $O_4$ connects back to $O_1$.)

### Step 3: Place the Specific People (Group A) into the Gaps
To ensure that no two people from Group A sit next to each other, we must place each of the 3 people ($P, R, T$) into a separate gap among the 4 available gaps created by Group B.

1.  **Choose the gaps**: We need to choose 3 gaps out of the 4 available gaps. The number of ways to choose 3 gaps from 4 is given by the combination formula $\binom{n}{k}$:
    $$ \binom{4}{3} = 4 \text{ ways} $$

2.  **Arrange the people in the chosen gaps**: Once the 3 gaps are selected, we need to arrange the 3 distinct people ($P, R, T$) into these 3 specific gaps. The number of ways to arrange 3 distinct items in 3 specific spots is $3!$:
    $$ 3! = 3 \times 2 \times 1 = 6 \text{ ways} $$

So, the total number of ways to place Group A into the gaps relative to a fixed arrangement of Group B is:
$$ \binom{4}{3} \times 3! = 4 \times 6 = 24 \text{ ways} $$

### Step 4: Calculate the Total Number of Arrangements
The total number of valid seating arrangements is the product of the number of ways to arrange Group B and the number of ways to place Group A into the gaps.

$$ \text{Total Ways} = (\text{Ways to arrange Group B}) \times (\text{Ways to place Group A}) $$
$$ \text{Total Ways} = 6 \times 24 $$

Let's compute the product:
$$ 6 \times 24 = 144 $$

### Alternative Method: Complementary Counting (Verification)
Total circular permutations of 7 people is $(7-1)! = 6! = 720$.

Let $S$ be the set of all arrangements.
Let $A$ be the property that $P$ and $R$ are adjacent.
Let $B$ be the property that $R$ and $T$ are adjacent.
Let $C$ be the property that $P$ and $T$ are adjacent.

We want to find the number of arrangements where none of these properties hold: $N(\text{None}) = |S| - |A \cup B \cup C|$.
Using the Principle of Inclusion-Exclusion:
$$ |A \cup B \cup C| = (|A| + |B| + |C|) - (|A \cap B| + |A \cap C| + |B \cap C|) + |A \cap B \cap C| $$

1.  **Calculate $|A|$ (P and R adjacent)**:
    Treat $(PR)$ as a single unit. We now have 6 units: $\{ (PR), T, O_1, O_2, O_3, O_4 \}$.
    Circular arrangements of 6 units: $(6-1)! = 120$.
    Internal arrangement of $(PR)$: $2! = 2$.
    $|A| = 120 \times 2 = 240$.
    Similarly, $|B| = 240$ and $|C| = 240$.
    Sum = $240 + 240 + 240 = 720$.

2.  **Calculate $|A \cap B|$ (P-R adjacent AND R-T adjacent)**:
    This implies the block is $(PRT)$ or $(TRP)$. Essentially, P, R, T are all together in a block of 3.
    Treat $\{P,R,T\}$ as a single unit. We have 5 units: $\{ (PRT), O_1, O_2, O_3, O_4 \}$.
    Circular arrangements of 5 units: $(5-1)! = 24$.
    Internal arrangements of P, R, T such that P-R and R-T are adjacent: The order must be $P-R-T$ or $T-R-P$. So, 2 internal arrangements.
    $|A \cap B| = 24 \times 2 = 48$.
    Similarly, $|A \cap C|$ (P-R and P-T adjacent $\rightarrow$ R-P-T or T-P-R) = 48.
    And $|B \cap C|$ (R-T and P-T adjacent $\rightarrow$ R-T-P or P-T-R) = 48.
    Sum = $48 + 48 + 48 = 144$.

3.  **Calculate $|A \cap B \cap C|$ (All pairs adjacent)**:
    This requires P, R, T to be mutually adjacent. In a linear sense, this is impossible for 3 distinct people unless they form a triangle, but in a line/circle seating, ""mutually adjacent"" for 3 people means they sit in a block of 3.
    Wait, $A \cap B \cap C$ means P is next to R, R is next to T, AND P is next to T.
    In a standard seating arrangement, a person has only 2 neighbors. For P to be next to R and T, R and T must be the two neighbors of P. This forms the block $R-P-T$ (or $T-P-R$).
    Does this satisfy $A$ (P next to R)? Yes.
    Does this satisfy $C$ (P next to T)? Yes.
    Does this satisfy $B$ (R next to T)? No, R and T are separated by P.
    Therefore, it is **impossible** for all three pairs to be adjacent simultaneously in a simple circular arrangement of distinct seats. You cannot have a triangle of adjacency in a 1D ring of seats.
    So, $|A \cap B \cap C| = 0$.

    *Correction*: Let's re-evaluate the intersection logic.
    $A$: P next to R.
    $B$: R next to T.
    $C$: P next to T.
    
    If $A$ and $B$ are true, the sequence is $P-R-T$ or $T-R-P$. In this case, P and T are NOT next to each other (separated by R). So $C$ is false.
    Thus, the intersection of all three is indeed empty. $|A \cap B \cap C| = 0$.

    So, $|A \cup B \cup C| = 720 - 144 + 0 = 576$.

    The number of arrangements with **no** adjacent pairs from Group A is:
    $$ |S| - |A \cup B \cup C| = 720 - 576 = 144 $$

Both methods yield the same result.

### Conclusion
The number of ways 7 people can sit around a round table such that Pierre, Rosa, and Thomas do not sit next to each other is 144.

\boxed{144}",$144$
MATH-500/27,"To find the profit, we need to calculate the total revenue generated from selling the items and then subtract the total cost of baking them.

**Step 1: Calculate the revenue from cookies.**
The math club sold 54 cookies at a rate of 3 for $\$1$.
First, determine how many sets of 3 cookies were sold:
$$ \frac{54 \text{ cookies}}{3 \text{ cookies/set}} = 18 \text{ sets} $$
Since each set costs $\$1$, the revenue from cookies is:
$$ 18 \text{ sets} \times \$1/\text{set} = \$18 $$

**Step 2: Calculate the revenue from cupcakes.**
The math club sold 20 cupcakes at $\$2$ each.
$$ 20 \text{ cupcakes} \times \$2/\text{cupcake} = \$40 $$

**Step 3: Calculate the revenue from brownies.**
The math club sold 35 brownies at $\$1$ each.
$$ 35 \text{ brownies} \times \$1/\text{brownie} = \$35 $$

**Step 4: Calculate the total revenue.**
Add the revenue from all three items:
$$ \text{Total Revenue} = \$18 (\text{cookies}) + \$40 (\text{cupcakes}) + \$35 (\text{brownies}) $$
$$ \text{Total Revenue} = \$18 + \$40 + \$35 = \$93 $$

**Step 5: Calculate the profit.**
Profit is defined as Total Revenue minus Total Cost. The problem states that the cost to bake the items was $\$15$.
$$ \text{Profit} = \text{Total Revenue} - \text{Total Cost} $$
$$ \text{Profit} = \$93 - \$15 $$
$$ \text{Profit} = \$78 $$

The math club's profit was $\$78$.

\boxed{78}",$78$
MATH-500/28,"To find the resulting complex number after a $90^\circ$ counter-clockwise rotation around the origin, we can use the properties of complex number multiplication.

### Step 1: Understand Rotation in the Complex Plane
Rotating a complex number $z$ by an angle $\theta$ counter-clockwise around the origin is equivalent to multiplying $z$ by $e^{i\theta}$.

For a rotation of $90^\circ$ (or $\frac{\pi}{2}$ radians), the multiplier is:
$$ e^{i\frac{\pi}{2}} = \cos\left(\frac{\pi}{2}\right) + i\sin\left(\frac{\pi}{2}\right) $$

We know that:
$$ \cos\left(\frac{\pi}{2}\right) = 0 $$
$$ \sin\left(\frac{\pi}{2}\right) = 1 $$

Therefore:
$$ e^{i\frac{\pi}{2}} = 0 + 1i = i $$

So, rotating a complex number by $90^\circ$ counter-clockwise is simply multiplying that number by $i$.

### Step 2: Apply the Rotation
The given complex number is $z = 7 + 2i$.
We multiply $z$ by $i$:
$$ z' = (7 + 2i) \cdot i $$

Distribute the $i$:
$$ z' = 7i + 2i^2 $$

Recall that $i^2 = -1$. Substitute this value into the equation:
$$ z' = 7i + 2(-1) $$
$$ z' = 7i - 2 $$

### Step 3: Format the Result
Standard form for a complex number is $a + bi$. Rearranging the terms:
$$ z' = -2 + 7i $$

### Alternative Geometric Check
A $90^\circ$ counter-clockwise rotation maps a point $(x, y)$ to $(-y, x)$.
The complex number $7 + 2i$ corresponds to the point $(7, 2)$.
Applying the transformation:
$$ (7, 2) \rightarrow (-2, 7) $$
This corresponds to the complex number $-2 + 7i$.

### Conclusion
The resulting complex number is $-2 + 7i$.

\boxed{-2 + 7i}",$-2 + 7i$
MATH-500/29,"To determine the number of different battalions that can be sent, we need to calculate the number of ways to choose the required soldiers from the available pool for each class. This is a combination problem because the order in which the soldiers are selected does not matter.

**1. Calculate the number of ways to choose the upper class soldiers:**

*   Total available upper class soldiers ($n_U$) = 5
*   Required upper class soldiers ($k_U$) = 4

The number of ways to choose 4 soldiers from 5 is given by the combination formula $\binom{n}{k} = \frac{n!}{k!(n-k)!}$:

$$ \binom{5}{4} = \frac{5!}{4!(5-4)!} = \frac{5!}{4!1!} = \frac{5 \times 4 \times 3 \times 2 \times 1}{(4 \times 3 \times 2 \times 1) \times 1} = 5 $$

So, there are **5** ways to choose the upper class soldiers.

**2. Calculate the number of ways to choose the lower class soldiers:**

*   Total available lower class soldiers ($n_L$) = 10
*   Required lower class soldiers ($k_L$) = 8

The number of ways to choose 8 soldiers from 10 is:

$$ \binom{10}{8} = \frac{10!}{8!(10-8)!} = \frac{10!}{8!2!} $$

Using the property $\binom{n}{k} = \binom{n}{n-k}$, we know that $\binom{10}{8} = \binom{10}{2}$, which is easier to calculate:

$$ \binom{10}{2} = \frac{10 \times 9}{2 \times 1} = \frac{90}{2} = 45 $$

So, there are **45** ways to choose the lower class soldiers.

**3. Calculate the total number of different battalions:**

Since the choice of upper class soldiers and lower class soldiers are independent events, we multiply the number of ways for each class to find the total number of combinations:

$$ \text{Total Battalions} = (\text{Ways to choose Upper Class}) \times (\text{Ways to choose Lower Class}) $$
$$ \text{Total Battalions} = 5 \times 45 $$
$$ \text{Total Battalions} = 225 $$

**Conclusion:**

There are 225 different battalions that can be sent.

\boxed{225}",$225$
MATH-500/30,"To find the product of $6_8 \cdot 7_8$ and express the answer in base $8$, we can follow these steps:

### Step 1: Convert the numbers from base 8 to base 10
The subscript $_8$ indicates that the numbers are in octal (base 8).
- The number $6_8$ represents the value $6$ in base 10.
- The number $7_8$ represents the value $7$ in base 10.

### Step 2: Perform the multiplication in base 10
Multiply the base 10 values:
$$ 6 \times 7 = 42 $$
So, the product in base 10 is $42_{10}$.

### Step 3: Convert the result from base 10 back to base 8
To convert $42_{10}$ to base 8, we divide by 8 and keep track of the remainders.

1. Divide 42 by 8:
   $$ 42 \div 8 = 5 \text{ with a remainder of } 2 $$
   ($5 \times 8 = 40$, and $42 - 40 = 2$)

2. The quotient is 5, which is less than 8, so we stop here. The digits of the base 8 number are the final quotient followed by the remainder.

   - The most significant digit is the quotient: $5$
   - The least significant digit is the remainder: $2$

Thus, $42_{10} = 52_8$.

### Verification
We can also perform the multiplication directly in base 8.
In base 8, the digits are $0, 1, 2, 3, 4, 5, 6, 7$.
$6 \times 7 = 42$ in decimal.
We need to represent $42$ in base 8.
$42 = 5 \times 8^1 + 2 \times 8^0$.
So, the digits are $5$ and $2$.
Therefore, $6_8 \cdot 7_8 = 52_8$.

\boxed{52_8}",$52_8$
MATH-500/31,"To simplify the square root $\sqrt{242}$, we need to find the largest perfect square factor of 242.

**Step 1: Find the prime factorization of 242.**
First, we notice that 242 is an even number, so it is divisible by 2:
$$ 242 \div 2 = 121 $$

Next, we look at 121. We know that $11 \times 11 = 121$, so 121 is a perfect square ($11^2$).
Thus, the prime factorization of 242 is:
$$ 242 = 2 \times 11^2 $$

**Step 2: Apply the property of square roots.**
We can rewrite the square root using the factors found above:
$$ \sqrt{242} = \sqrt{121 \times 2} $$

Using the property $\sqrt{a \times b} = \sqrt{a} \times \sqrt{b}$, we get:
$$ \sqrt{242} = \sqrt{121} \times \sqrt{2} $$

**Step 3: Simplify the perfect square.**
Since $\sqrt{121} = 11$, we substitute this value back into the expression:
$$ \sqrt{242} = 11 \times \sqrt{2} $$
$$ \sqrt{242} = 11\sqrt{2} $$

The number 2 has no perfect square factors other than 1, so $\sqrt{2}$ cannot be simplified further.

**Final Answer:**
$$ \boxed{11\sqrt{2}} $$",$11\sqrt2$
