original_answer,gold_answer,extracted_answer,extracted_gold,is_correct
"To convert the point $(x, y) = (0, 3)$ from rectangular coordinates to polar coordinates $(r, \theta)$, we use the following relationships:

1.  $r = \sqrt{x^2 + y^2}$
2.  $\tan \theta = \frac{y}{x}$ (with adjustments based on the quadrant)

**Step 1: Calculate $r$**

Given $x = 0$ and $y = 3$:
$$ r = \sqrt{0^2 + 3^2} = \sqrt{9} = 3 $$
Since the problem requires $r > 0$, we have $r = 3$.

**Step 2: Calculate $\theta$**

The point $(0, 3)$ lies on the positive $y$-axis.
*   The angle corresponding to the positive $x$-axis is $0$.
*   The angle corresponding to the positive $y$-axis is $\frac{\pi}{2}$.
*   The angle corresponding to the negative $x$-axis is $\pi$.
*   The angle corresponding to the negative $y$-axis is $\frac{3\pi}{2}$.

Since the point is on the positive $y$-axis, the angle $\theta$ is $\frac{\pi}{2}$.

We must ensure that $0 \le \theta < 2\pi$.
$\frac{\pi}{2}$ satisfies this condition.

**Conclusion**

The polar coordinates are $(3, \frac{\pi}{2})$.

\boxed{(3, \frac{\pi}{2})}","$\left( 3, \frac{\pi}{2} \right)$","['(3, pi/2)', '(3, \\frac{\\pi}{2})']","['(3, pi/2)', '( 3, \\frac{\\pi}{2} )']",True
"To find the value of the double sum
\[ S = \sum_{j = 1}^\infty \sum_{k = 1}^\infty \frac{1}{(j + k)^3} \]
in terms of $p = \sum_{k=1}^\infty \frac{1}{k^2}$ and $q = \sum_{k=1}^\infty \frac{1}{k^3}$, we will proceed by changing the order of summation and grouping terms based on the sum of the indices.

### Step 1: Change the Index of Summation

Let $n = j + k$. Since $j \ge 1$ and $k \ge 1$, the smallest possible value for $n$ is $1+1=2$. For a fixed integer $n \ge 2$, the possible pairs $(j, k)$ such that $j+k=n$ are:
\[ (1, n-1), (2, n-2), \dots, (n-1, 1) \]
There are exactly $n-1$ such pairs. For each pair, the term in the sum is $\frac{1}{(j+k)^3} = \frac{1}{n^3}$.

Thus, we can rewrite the double sum by summing over $n$ first:
\[ S = \sum_{n=2}^\infty \sum_{\substack{j,k \ge 1 \\ j+k=n}} \frac{1}{n^3} \]
Since there are $n-1$ terms for each $n$, this becomes:
\[ S = \sum_{n=2}^\infty \frac{n-1}{n^3} \]

### Step 2: Split the Sum

We can split the fraction $\frac{n-1}{n^3}$ into two parts:
\[ \frac{n-1}{n^3} = \frac{n}{n^3} - \frac{1}{n^3} = \frac{1}{n^2} - \frac{1}{n^3} \]
Substituting this back into the expression for $S$:
\[ S = \sum_{n=2}^\infty \left( \frac{1}{n^2} - \frac{1}{n^3} \right) \]
By linearity of convergent series, we can separate this into two sums:
\[ S = \sum_{n=2}^\infty \frac{1}{n^2} - \sum_{n=2}^\infty \frac{1}{n^3} \]

### Step 3: Relate to $p$ and $q$

Recall the definitions given in the problem:
\[ p = \sum_{k=1}^\infty \frac{1}{k^2} = 1 + \sum_{k=2}^\infty \frac{1}{k^2} \]
\[ q = \sum_{k=1}^\infty \frac{1}{k^3} = 1 + \sum_{k=2}^\infty \frac{1}{k^3} \]

From these definitions, we can express the sums starting from $n=2$ as:
\[ \sum_{n=2}^\infty \frac{1}{n^2} = p - 1 \]
\[ \sum_{n=2}^\infty \frac{1}{n^3} = q - 1 \]

### Step 4: Final Calculation

Substitute these expressions back into the equation for $S$:
\[ S = (p - 1) - (q - 1) \]
\[ S = p - 1 - q + 1 \]
\[ S = p - q \]

### Conclusion

The double sum can be written in terms of $p$ and $q$ as:
\[ \sum_{j = 1}^\infty \sum_{k = 1}^\infty \frac{1}{(j + k)^3} = p - q \]

\boxed{p - q}",$p - q$,"['p - q', 'p - q']","['p - q', 'p - q']",True
"To find the value of $f(-2) + f(-1) + f(0)$ for the function $f(x) = \frac{3x-2}{x-2}$, we will evaluate the function at each of the specified points and then sum the results.

**Step 1: Evaluate $f(-2)$**

Substitute $x = -2$ into the function:
$$ f(-2) = \frac{3(-2) - 2}{-2 - 2} $$
$$ f(-2) = \frac{-6 - 2}{-4} $$
$$ f(-2) = \frac{-8}{-4} $$
$$ f(-2) = 2 $$

**Step 2: Evaluate $f(-1)$**

Substitute $x = -1$ into the function:
$$ f(-1) = \frac{3(-1) - 2}{-1 - 2} $$
$$ f(-1) = \frac{-3 - 2}{-3} $$
$$ f(-1) = \frac{-5}{-3} $$
$$ f(-1) = \frac{5}{3} $$

**Step 3: Evaluate $f(0)$**

Substitute $x = 0$ into the function:
$$ f(0) = \frac{3(0) - 2}{0 - 2} $$
$$ f(0) = \frac{0 - 2}{-2} $$
$$ f(0) = \frac{-2}{-2} $$
$$ f(0) = 1 $$

**Step 4: Sum the values**

Now, we add the three results together:
$$ f(-2) + f(-1) + f(0) = 2 + \frac{5}{3} + 1 $$

Combine the integers first:
$$ 2 + 1 = 3 $$

Add the fraction:
$$ 3 + \frac{5}{3} $$

To add these, convert 3 to a fraction with a denominator of 3:
$$ 3 = \frac{9}{3} $$

So,
$$ \frac{9}{3} + \frac{5}{3} = \frac{9 + 5}{3} = \frac{14}{3} $$

The result is already in simplest form as a common fraction.

\boxed{\frac{14}{3}}",$\frac{14}{3}$,"['14/3', '\\frac{14}{3}']","['14/3', '\\frac{14}{3}']",True
"To find the number of positive whole-number divisors of 196, we can follow these steps:

### Step 1: Prime Factorization of 196

First, we determine the prime factorization of the number 196. We do this by dividing the number by prime numbers starting from the smallest.

1.  Since 196 is an even number, it is divisible by 2:
    $$196 \div 2 = 98$$
2.  98 is also even, so we divide by 2 again:
    $$98 \div 2 = 49$$
3.  49 is not divisible by 2, 3, or 5. However, it is a perfect square of 7:
    $$49 = 7 \times 7 = 7^2$$

So, the prime factorization of 196 is:
$$196 = 2 \times 2 \times 7 \times 7 = 2^2 \times 7^2$$

### Step 2: Use the Divisor Counting Formula

If the prime factorization of a number $n$ is given by $n = p_1^{e_1} \times p_2^{e_2} \times \dots \times p_k^{e_k}$, then the total number of positive divisors of $n$, denoted as $d(n)$, is calculated by multiplying the successors of the exponents:
$$d(n) = (e_1 + 1)(e_2 + 1)\dots(e_k + 1)$$

For $196 = 2^2 \times 7^2$:
- The exponent of the prime factor 2 is $2$.
- The exponent of the prime factor 7 is $2$.

Applying the formula:
$$d(196) = (2 + 1)(2 + 1)$$
$$d(196) = 3 \times 3$$
$$d(196) = 9$$

### Step 3: Verification by Listing Divisors

Let's list all the divisors to verify the result. The divisors are formed by combinations of the prime factors $2^0, 2^1, 2^2$ and $7^0, 7^1, 7^2$.

1.  $2^0 \times 7^0 = 1 \times 1 = 1$
2.  $2^1 \times 7^0 = 2 \times 1 = 2$
3.  $2^2 \times 7^0 = 4 \times 1 = 4$
4.  $2^0 \times 7^1 = 1 \times 7 = 7$
5.  $2^1 \times 7^1 = 2 \times 7 = 14$
6.  $2^2 \times 7^1 = 4 \times 7 = 28$
7.  $2^0 \times 7^2 = 1 \times 49 = 49$
8.  $2^1 \times 7^2 = 2 \times 49 = 98$
9.  $2^2 \times 7^2 = 4 \times 49 = 196$

The divisors are: 1, 2, 4, 7, 14, 28, 49, 98, 196.
Counting them, we find there are exactly 9 divisors.

### Conclusion

The number of positive whole-number divisors of 196 is 9.

\boxed{9}",$9$,"['9', '9']","['9', '9']",True
"To determine which student has the greatest average speed, we need to analyze the relationship between distance and time for each student as shown in the graph.

**1. Understanding the Graph**
*   The horizontal axis (x-axis) represents **time**.
*   The vertical axis (y-axis) represents **distance**.
*   The formula for average speed is:
    $$ \text{Speed} = \frac{\text{Distance}}{\text{Time}} $$
*   On a distance-time graph, the speed of an object is represented by the slope of the line connecting the origin $(0,0)$ to the point representing the object's final position. A steeper slope indicates a greater speed. Alternatively, we can calculate the ratio $\frac{y}{x}$ for each point.

**2. Analyzing Each Student's Data**
Let's estimate the coordinates $(t, d)$ for each student from the graph and calculate their approximate speed ($v = d/t$).

*   **Evelyn**:
    *   Time ($t$) $\approx 1.25$
    *   Distance ($d$) $\approx 4.5$
    *   Speed $\approx \frac{4.5}{1.25} = 3.6$

*   **Briana**:
    *   Time ($t$) $\approx 2.5$
    *   Distance ($d$) $\approx 2.2$
    *   Speed $\approx \frac{2.2}{2.5} = 0.88$

*   **Carla**:
    *   Time ($t$) $\approx 4.25$
    *   Distance ($d$) $\approx 5.2$
    *   Speed $\approx \frac{5.2}{4.25} \approx 1.22$

*   **Debra**:
    *   Time ($t$) $\approx 5.6$
    *   Distance ($d$) $\approx 2.8$
    *   Speed $\approx \frac{2.8}{5.6} = 0.5$

*   **Angela**:
    *   Time ($t$) $\approx 6.8$
    *   Distance ($d$) $\approx 1.4$
    *   Speed $\approx \frac{1.4}{6.8} \approx 0.21$

**3. Comparison**
Comparing the calculated speeds:
*   Evelyn: $3.6$
*   Briana: $0.88$
*   Carla: $1.22$
*   Debra: $0.5$
*   Angela: $0.21$

Evelyn has the highest value. Visually, this is also confirmed by observing that Evelyn's point is the ""steepest"" relative to the origin. She covers a large distance in a very short amount of time.

**Conclusion**
Evelyn has the greatest average speed.

\boxed{Evelyn}",$\text{Evelyn}$,"['E*e*l*n*v*y', 'Evelyn']","['evelyn', '\\text{Evelyn}']",True
"To find the perimeter of the regular hexagon, we will follow these steps:

1.  **Determine the side length of the equilateral triangle.**
    The problem states that the regular hexagon is divided into six equilateral triangles. An equilateral triangle has three sides of equal length. Let $s$ be the side length of one of these triangles.
    
    The perimeter of one equilateral triangle is given as 21 inches. Therefore:
    $$3s = 21$$
    
    Solving for $s$:
    $$s = \frac{21}{3} = 7 \text{ inches}$$

2.  **Determine the side length of the regular hexagon.**
    A regular hexagon can be divided into six equilateral triangles by drawing lines from the center to each vertex. The sides of these triangles that form the boundary of the hexagon are the sides of the hexagon itself. The other sides of the triangles meet at the center.
    
    Therefore, the side length of the regular hexagon is equal to the side length of the equilateral triangles.
    $$\text{Side length of hexagon} = s = 7 \text{ inches}$$

3.  **Calculate the perimeter of the regular hexagon.**
    A regular hexagon has 6 equal sides. Let $P_{hex}$ be the perimeter of the hexagon.
    $$P_{hex} = 6 \times s$$
    $$P_{hex} = 6 \times 7$$
    $$P_{hex} = 42 \text{ inches}$$

**Conclusion:**
The perimeter of the regular hexagon is 42 inches.

\boxed{42}",$42$,"['42', '42']","['42', '42']",True
"To find the smallest positive perfect cube that can be written as the sum of three consecutive integers, we will proceed with the following logical steps:

### Step 1: Express the sum of three consecutive integers algebraically

Let the three consecutive integers be $n-1$, $n$, and $n+1$, where $n$ is an integer.
The sum $S$ of these three integers is:
$$ S = (n-1) + n + (n+1) $$
$$ S = 3n $$

So, the sum of any three consecutive integers is always a multiple of 3.

### Step 2: Set the sum equal to a perfect cube

We are looking for a number that is both a perfect cube and equal to this sum. Let the perfect cube be $k^3$, where $k$ is a positive integer.
Therefore, we have the equation:
$$ k^3 = 3n $$

This implies that $k^3$ must be divisible by 3.

### Step 3: Determine the properties of $k$

If a perfect cube $k^3$ is divisible by a prime number $p$, then the base $k$ must also be divisible by $p$.
*   Proof: Let the prime factorization of $k$ be $p_1^{a_1} p_2^{a_2} \dots$. Then $k^3 = p_1^{3a_1} p_2^{3a_2} \dots$. For $k^3$ to be divisible by 3, the exponent of the prime factor 3 in the prime factorization of $k^3$ must be at least 1. Since the exponents in $k^3$ are multiples of 3, the smallest positive multiple of 3 is 3. This means the exponent of 3 in $k$ must be at least 1. Thus, $k$ is divisible by 3.

So, $k$ must be a multiple of 3. Let $k = 3m$ for some positive integer $m$.

### Step 4: Find the smallest positive integer $k$

We want the **smallest** positive perfect cube. This corresponds to the smallest positive integer $k$.
Since $k$ must be a multiple of 3, the possible values for $k$ are $3, 6, 9, \dots$.

The smallest positive value is $k = 3$.

### Step 5: Calculate the perfect cube and verify

Let's test $k = 3$:
$$ k^3 = 3^3 = 27 $$

Now, we check if 27 can be written as the sum of three consecutive integers.
From Step 1, we know the sum is $3n$. So:
$$ 27 = 3n $$
$$ n = 9 $$

The three consecutive integers are $n-1, n, n+1$, which are:
$$ 8, 9, 10 $$

Let's verify the sum:
$$ 8 + 9 + 10 = 27 $$

Since $27 = 3^3$, it is a perfect cube.
Since $8, 9, 10$ are consecutive integers, the condition is satisfied.

Is there a smaller positive perfect cube?
The positive perfect cubes are $1^3=1$, $2^3=8$, $3^3=27$, etc.
*   $1$: Is $1$ divisible by 3? No. ($1 = 3n \implies n=1/3$, not an integer).
*   $8$: Is $8$ divisible by 3? No. ($8 = 3n \implies n=8/3$, not an integer).
*   $27$: Is $27$ divisible by 3? Yes. ($27 = 3n \implies n=9$, an integer).

Thus, 27 is the smallest.

### Conclusion

The smallest positive perfect cube that can be written as the sum of three consecutive integers is 27.

\boxed{27}",$27$,"['27', '27']","['27', '27']",True
"To find the angle between the two lines, we first need to determine the direction vectors for each line.

### Step 1: Find the direction vector of the first line

The equation for the first line is given by:
\[ 2x = 3y = -z \]

Let this common value be equal to a parameter $t$. Then we can write:
\[ 2x = t \implies x = \frac{t}{2} \]
\[ 3y = t \implies y = \frac{t}{3} \]
\[ -z = t \implies z = -t \]

So, the position vector $\mathbf{r}_1$ of any point on this line can be written as:
\[ \mathbf{r}_1 = \left( \frac{1}{2}, \frac{1}{3}, -1 \right) t \]

The direction vector $\mathbf{v}_1$ is the coefficient of $t$:
\[ \mathbf{v}_1 = \left( \frac{1}{2}, \frac{1}{3}, -1 \right) \]

To make calculations easier, we can scale this vector by the least common multiple of the denominators (which is 6) to get an integer vector parallel to $\mathbf{v}_1$. Let's call this scaled vector $\mathbf{u}_1$:
\[ \mathbf{u}_1 = 6 \mathbf{v}_1 = \left( 3, 2, -6 \right) \]

### Step 2: Find the direction vector of the second line

The equation for the second line is given by:
\[ 6x = -y = -4z \]

Let this common value be equal to a parameter $s$. Then we can write:
\[ 6x = s \implies x = \frac{s}{6} \]
\[ -y = s \implies y = -s \]
\[ -4z = s \implies z = -\frac{s}{4} \]

So, the position vector $\mathbf{r}_2$ of any point on this line can be written as:
\[ \mathbf{r}_2 = \left( \frac{1}{6}, -1, -\frac{1}{4} \right) s \]

The direction vector $\mathbf{v}_2$ is the coefficient of $s$:
\[ \mathbf{v}_2 = \left( \frac{1}{6}, -1, -\frac{1}{4} \right) \]

Similarly, we can scale this vector to get an integer vector parallel to $\mathbf{v}_2$. The least common multiple of the denominators 6 and 4 is 12. Let's call this scaled vector $\mathbf{u}_2$:
\[ \mathbf{u}_2 = 12 \mathbf{v}_2 = \left( 2, -12, -3 \right) \]

### Step 3: Calculate the angle between the direction vectors

The angle $\theta$ between two lines is defined as the acute angle between their direction vectors. We use the dot product formula:
\[ \cos \theta = \frac{|\mathbf{u}_1 \cdot \mathbf{u}_2|}{\|\mathbf{u}_1\| \|\mathbf{u}_2\|} \]

First, calculate the dot product $\mathbf{u}_1 \cdot \mathbf{u}_2$:
\[ \mathbf{u}_1 = (3, 2, -6) \]
\[ \mathbf{u}_2 = (2, -12, -3) \]
\[ \mathbf{u}_1 \cdot \mathbf{u}_2 = (3)(2) + (2)(-12) + (-6)(-3) \]
\[ \mathbf{u}_1 \cdot \mathbf{u}_2 = 6 - 24 + 18 \]
\[ \mathbf{u}_1 \cdot \mathbf{u}_2 = 0 \]

Since the dot product is 0, the vectors are orthogonal (perpendicular).

### Step 4: Determine the angle

If the dot product of two non-zero vectors is 0, the angle between them is $90^\circ$.

\[ \cos \theta = 0 \implies \theta = 90^\circ \]

### Conclusion

The angle between the two lines is $90^\circ$.

\boxed{90}",$90^\circ$,"['90', '90']","['90', '90^\\circ']",True
"To find the distance between two points $(x_1, y_1)$ and $(x_2, y_2)$ in a coordinate plane, we use the distance formula:

$$ d = \sqrt{(x_2 - x_1)^2 + (y_2 - y_1)^2} $$

**Step 1: Identify the coordinates of the points.**
Let $(x_1, y_1) = (2, -6)$ and $(x_2, y_2) = (-4, 3)$.

**Step 2: Substitute the coordinates into the distance formula.**
$$ d = \sqrt{(-4 - 2)^2 + (3 - (-6))^2} $$

**Step 3: Simplify the expressions inside the parentheses.**
$$ x_2 - x_1 = -4 - 2 = -6 $$
$$ y_2 - y_1 = 3 - (-6) = 3 + 6 = 9 $$

So, the equation becomes:
$$ d = \sqrt{(-6)^2 + (9)^2} $$

**Step 4: Square the differences.**
$$ (-6)^2 = 36 $$
$$ (9)^2 = 81 $$

So,
$$ d = \sqrt{36 + 81} $$

**Step 5: Add the numbers inside the square root.**
$$ d = \sqrt{117} $$

**Step 6: Simplify the radical.**
To express the answer in simplest radical form, we need to find the largest perfect square factor of 117.
The factors of 117 are 1, 3, 9, 13, 39, 117.
The largest perfect square factor is 9.

$$ 117 = 9 \times 13 $$

Therefore:
$$ d = \sqrt{9 \times 13} $$
$$ d = \sqrt{9} \times \sqrt{13} $$
$$ d = 3\sqrt{13} $$

The distance between the points is $3\sqrt{13}$.

\boxed{3\sqrt{13}}",$3\sqrt{13}$,"['3*sqrt(13)', '3\\sqrt{13}']","['3*sqrt(13)', '3\\sqrt{13}']",True
"To determine how many distinct values can be obtained from the expression $2 \cdot 3 \cdot 4 \cdot 5 + 1$ by inserting parentheses, we must analyze all possible ways to parenthesize the expression.

The expression consists of five numbers: $2, 3, 4, 5, 1$ and four operators: $\cdot, \cdot, \cdot, +$.
The structure is fixed as:
$$ 2 \cdot 3 \cdot 4 \cdot 5 + 1 $$
Let the terms be $a=2, b=3, c=4, d=5, e=1$.
The operators are $op_1=\cdot, op_2=\cdot, op_3=\cdot, op_4=+$.

Parentheses determine the order of operations. Since multiplication is associative, the grouping of purely multiplicative terms does not change their product. However, the addition operator $+$ has lower precedence than multiplication in standard arithmetic, but parentheses can force the addition to happen before some multiplications.

Essentially, the expression is a product of four numbers ($2,3,4,5$) plus $1$. The only way parentheses change the value is by grouping the $+1$ with some of the preceding numbers before multiplying by the remaining numbers.

Let's denote the expression as $E$. The general form of any parenthesization will result in a structure where the $+1$ is added to a product of a subset of $\{2,3,4,5\}$, and then that sum is multiplied by the product of the remaining numbers in $\{2,3,4,5\}$.

Let $S$ be the set of indices $\{1, 2, 3, 4\}$ corresponding to the numbers $2, 3, 4, 5$.
Any valid parenthesization effectively partitions the sequence $2, 3, 4, 5$ into two contiguous parts: a left part $L$ and a right part $R$, such that the addition happens within the evaluation of the left part or involves the boundary.

Actually, a more rigorous way to think about this is to look at the binary tree of operations. The root of the tree must be one of the four operators.
1. If the root is the last operator ($+$), the expression is $(2 \cdot 3 \cdot 4 \cdot 5) + 1$.
   Value: $120 + 1 = 121$.

2. If the root is one of the multiplication operators, say the $k$-th multiplication (between the $k$-th and $(k+1)$-th number), then the expression is of the form $A \cdot B$, where $A$ is the result of the left sub-expression and $B$ is the result of the right sub-expression.
   The operator $+$ is located somewhere in the tree.
   
   Let's analyze the position of the $+$ operator relative to the multiplications.
   The expression is $2 \cdot 3 \cdot 4 \cdot 5 + 1$.
   The $+$ is between $5$ and $1$.
   
   Any parenthesization can be viewed as determining which numbers are multiplied together *before* being added to 1, and which numbers are multiplied *after* the addition.
   
   Let the numbers be $n_1=2, n_2=3, n_3=4, n_4=5, n_5=1$.
   The operators are $\times, \times, \times, +$.
   
   Consider the possible ""split points"" for the addition. The addition $5+1$ can be evaluated at different stages.
   
   Case 1: The addition is the last operation.
   $$ (2 \cdot 3 \cdot 4 \cdot 5) + 1 = 120 + 1 = 121 $$
   
   Case 2: The addition is performed, and the result is multiplied by some numbers to its left.
   The numbers to the left of $+$ are $2, 3, 4, 5$.
   The numbers to the right of $+$ is just $1$.
   
   Because multiplication is associative and commutative (for the values), the order of multiplication among the numbers $2,3,4,5$ doesn't matter for the final product, only *which* numbers are included in the product that gets added to 1, and which are multiplied afterwards.
   
   However, we cannot arbitrarily pick subsets. The parentheses must respect the linear order.
   Let's trace the possible structures.
   
   The expression is $2 \cdot 3 \cdot 4 \cdot 5 + 1$.
   
   Possible groupings involving the $+$:
   
   **Type A: The $+$ is inside a multiplication term.**
   This means we have a structure like $X \cdot (Y + 1)$ or $X \cdot Y \cdot (Z + 1)$, etc.
   Basically, the $+1$ is grouped with a suffix of the sequence $2,3,4,5$.
   
   Let's look at the possible ""rightmost"" multiplication that includes the sum.
   
   1. **$(2 \cdot 3 \cdot 4) \cdot (5 + 1)$**
      Here, $5+1$ is calculated first, then multiplied by $2 \cdot 3 \cdot 4$.
      Value: $24 \cdot 6 = 144$.
      
   2. **$(2 \cdot 3) \cdot (4 \cdot (5 + 1))$** or **$(2 \cdot 3) \cdot ((4 \cdot 5) + 1)$**?
      Wait, let's look at the structure carefully.
      
      The expression is a sequence of operations. We can insert parentheses to change the order.
      The possible binary trees for 5 operands are given by the Catalan number $C_4 = 14$. We can list them or categorize them by the position of the $+$ operator in the evaluation tree.
      
      Let the operands be $1,2,3,4,5$ (values $2,3,4,5,1$).
      Operators: $\times_1, \times_2, \times_3, +_4$.
      
      The root of the expression tree determines the last operation performed.
      
      **Root is $+_4$ (between 5 and 1):**
      Structure: $(2 \cdot 3 \cdot 4 \cdot 5) + 1$
      Value: $120 + 1 = 121$.
      
      **Root is $\times_3$ (between 4 and 5):**
      Structure: $(2 \cdot 3 \cdot 4) \cdot (5 + 1)$
      Note: The right child of $\times_3$ must evaluate to $5+1$ because the $+$ is the only operator in the right subtree (operands 5,1). The left child evaluates $2 \cdot 3 \cdot 4$.
      Value: $24 \cdot 6 = 144$.
      
      **Root is $\times_2$ (between 3 and 4):**
      Structure: $(2 \cdot 3) \cdot (4 \cdot 5 + 1)$ ?? No, the operator between 4 and 5 is $\times_3$. The operator between 5 and 1 is $+_4$.
      If the root is $\times_2$, the left child is $(2 \cdot 3)$ and the right child is the expression $4 \cdot 5 + 1$.
      The right child $4 \cdot 5 + 1$ can be evaluated in two ways:
      a) $(4 \cdot 5) + 1 = 20 + 1 = 21$.
         Then total value: $(2 \cdot 3) \cdot 21 = 6 \cdot 21 = 126$.
         Expression: $(2 \cdot 3) \cdot ((4 \cdot 5) + 1)$.
      b) $4 \cdot (5 + 1) = 4 \cdot 6 = 24$.
         Then total value: $(2 \cdot 3) \cdot 24 = 6 \cdot 24 = 144$.
         Expression: $(2 \cdot 3) \cdot (4 \cdot (5 + 1))$.
         Note: This yields 144, which we already found.
      
      **Root is $\times_1$ (between 2 and 3):**
      Structure: $2 \cdot (3 \cdot 4 \cdot 5 + 1)$.
      The right child is the expression $3 \cdot 4 \cdot 5 + 1$.
      This sub-expression can be evaluated in several ways depending on where the $+$ is applied relative to the multiplications.
      The sub-expression is $3 \cdot 4 \cdot 5 + 1$.
      Possible values for $3 \cdot 4 \cdot 5 + 1$:
      a) $(3 \cdot 4 \cdot 5) + 1 = 60 + 1 = 61$.
         Total value: $2 \cdot 61 = 122$.
         Expression: $2 \cdot ((3 \cdot 4 \cdot 5) + 1)$.
      b) $(3 \cdot 4) \cdot (5 + 1) = 12 \cdot 6 = 72$.
         Total value: $2 \cdot 72 = 144$.
         Expression: $2 \cdot ((3 \cdot 4) \cdot (5 + 1))$.
         Value 144 is a duplicate.
      c) $3 \cdot (4 \cdot (5 + 1)) = 3 \cdot (4 \cdot 6) = 3 \cdot 24 = 72$.
         Total value: $2 \cdot 72 = 144$.
         Expression: $2 \cdot (3 \cdot (4 \cdot (5 + 1)))$.
         Value 144 is a duplicate.
      d) $3 \cdot ((4 \cdot 5) + 1) = 3 \cdot (20 + 1) = 3 \cdot 21 = 63$.
         Total value: $2 \cdot 63 = 126$.
         Expression: $2 \cdot (3 \cdot ((4 \cdot 5) + 1))$.
         Value 126 is a duplicate (found in Root $\times_2$ case).

   Let's systematically list all unique values generated.
   
   The general form of the value is:
   $$ P_{left} \cdot (P_{mid} + 1) \cdot P_{right} $$
   Wait, this isn't quite right because the $+1$ is at the end.
   The structure is always:
   $$ (\text{Product of some prefix of } 2,3,4,5) \cdot (\text{Result of remaining suffix } \dots + 1) $$
   Actually, it's simpler. The $+1$ is added to a term. That term is a product of a contiguous subsequence of $\{2,3,4,5\}$ ending in 5? No.
   
   Let's look at the position of the addition in the parse tree.
   The addition $5+1$ creates a value $V_{add}$.
   This $V_{add}$ can be:
   1. Just $5+1=6$.
   2. Part of a larger multiplication.
   
   Let's define the ""scope"" of the addition.
   The expression is $2 \cdot 3 \cdot 4 \cdot 5 + 1$.
   
   Possible parenthesizations correspond to the 14 Catalan structures. Let's evaluate them.
   Let $E(i,j)$ be the set of values obtainable from the sub-expression from operand $i$ to $j$.
   Operands: $x_1=2, x_2=3, x_3=4, x_4=5, x_5=1$.
   Operators: $op_1=\cdot, op_2=\cdot, op_3=\cdot, op_4=+$.
   
   We want the set of values for $E(1,5)$.
   
   **Base cases:**
   $E(1,1) = \{2\}$
   $E(2,2) = \{3\}$
   $E(3,3) = \{4\}$
   $E(4,4) = \{5\}$
   $E(5,5) = \{1\}$
   
   **Length 2:**
   $E(1,2)$: $2 \cdot 3 = 6$. Set: $\{6\}$
   $E(2,3)$: $3 \cdot 4 = 12$. Set: $\{12\}$
   $E(3,4)$: $4 \cdot 5 = 20$. Set: $\{20\}$
   $E(4,5)$: $5 + 1 = 6$. Set: $\{6\}$
   
   **Length 3:**
   $E(1,3)$: Split at 1 or 2.
   - Split at 1: $E(1,1) \cdot E(2,3) = 2 \cdot 12 = 24$.
   - Split at 2: $E(1,2) \cdot E(3,3) = 6 \cdot 4 = 24$.
   Set: $\{24\}$
   
   $E(2,4)$: Split at 2 or 3.
   - Split at 2: $E(2,2) \cdot E(3,4) = 3 \cdot 20 = 60$.
   - Split at 3: $E(2,3) \cdot E(4,4) = 12 \cdot 5 = 60$.
   Set: $\{60\}$
   
   $E(3,5)$: Split at 3 or 4.
   - Split at 3: $E(3,3) \cdot E(4,5) = 4 \cdot 6 = 24$.
   - Split at 4: $E(3,4) + E(5,5) = 20 + 1 = 21$.
   Set: $\{24, 21\}$
   
   **Length 4:**
   $E(1,4)$: Split at 1, 2, 3.
   - Split at 1: $E(1,1) \cdot E(2,4) = 2 \cdot 60 = 120$.
   - Split at 2: $E(1,2) \cdot E(3,4) = 6 \cdot 20 = 120$.
   - Split at 3: $E(1,3) \cdot E(4,4) = 24 \cdot 5 = 120$.
   Set: $\{120\}$
   
   $E(2,5)$: Split at 2, 3, 4.
   - Split at 2: $E(2,2) \cdot E(3,5)$.
     $E(3,5) = \{24, 21\}$.
     Values: $3 \cdot 24 = 72$, $3 \cdot 21 = 63$.
   - Split at 3: $E(2,3) \cdot E(4,5)$.
     $E(2,3)=\{12\}, E(4,5)=\{6\}$.
     Value: $12 \cdot 6 = 72$.
   - Split at 4: $E(2,4) + E(5,5)$.
     $E(2,4)=\{60\}, E(5,5)=\{1\}$.
     Value: $60 + 1 = 61$.
   Set: $\{72, 63, 61\}$
   
   **Length 5 (Full Expression $E(1,5)$):**
   Split at 1, 2, 3, 4.
   
   - **Split at 1** ($op_1 = \cdot$): $E(1,1) \cdot E(2,5)$.
     $E(1,1) = \{2\}$.
     $E(2,5) = \{72, 63, 61\}$.
     Values:
     $2 \cdot 72 = 144$
     $2 \cdot 63 = 126$
     $2 \cdot 61 = 122$
     
   - **Split at 2** ($op_2 = \cdot$): $E(1,2) \cdot E(3,5)$.
     $E(1,2) = \{6\}$.
     $E(3,5) = \{24, 21\}$.
     Values:
     $6 \cdot 24 = 144$
     $6 \cdot 21 = 126$
     
   - **Split at 3** ($op_3 = \cdot$): $E(1,3) \cdot E(4,5)$.
     $E(1,3) = \{24\}$.
     $E(4,5) = \{6\}$.
     Values:
     $24 \cdot 6 = 144$
     
   - **Split at 4** ($op_4 = +$): $E(1,4) + E(5,5)$.
     $E(1,4) = \{120\}$.
     $E(5,5) = \{1\}$.
     Values:
     $120 + 1 = 121$

   Collecting all unique values:
   From Split 1: $\{144, 126, 122\}$
   From Split 2: $\{144, 126\}$
   From Split 3: $\{144\}$
   From Split 4: $\{121\}$

   The set of all possible values is $\{121, 122, 126, 144\}$.

   Let's double check if I missed any.
   The calculation of $E(2,5)$ yielded $\{72, 63, 61\}$.
   $72$ comes from $3 \cdot (4 \cdot (5+1))$ or $(3 \cdot 4) \cdot (5+1)$.
   $63$ comes from $3 \cdot ((4 \cdot 5) + 1)$.
   $61$ comes from $(3 \cdot 4 \cdot 5) + 1$.
   
   Multiplying these by 2 (from Split 1):
   $2 \cdot 72 = 144$
   $2 \cdot 63 = 126$
   $2 \cdot 61 = 122$
   
   Split 2 uses $E(1,2)=6$ and $E(3,5)=\{24, 21\}$.
   $6 \cdot 24 = 144$
   $6 \cdot 21 = 126$
   
   Split 3 uses $E(1,3)=24$ and $E(4,5)=6$.
   $24 \cdot 6 = 144$
   
   Split 4 uses $E(1,4)=120$ and $E(5,5)=1$.
   $120 + 1 = 121$

   The distinct values are 121, 122, 126, 144.
   There are 4 distinct values.

   Let's quickly verify the expressions for each:
   1. **121**: $2 \cdot 3 \cdot 4 \cdot 5 + 1$ (Standard order)
   2. **122**: $2 \cdot (3 \cdot 4 \cdot 5 + 1) = 2 \cdot (60 + 1) = 122$
   3. **126**: $2 \cdot 3 \cdot (4 \cdot 5 + 1) = 6 \cdot (20 + 1) = 126$
      Also: $(2 \cdot 3) \cdot (4 \cdot 5 + 1) = 6 \cdot 21 = 126$
   4. **144**: $2 \cdot 3 \cdot 4 \cdot (5 + 1) = 24 \cdot 6 = 144$
      Also: $(2 \cdot 3 \cdot 4) \cdot (5 + 1) = 144$
      Also: $2 \cdot (3 \cdot 4 \cdot (5 + 1)) = 2 \cdot (12 \cdot 6) = 144$

   Are there any other possibilities?
   What about $2 \cdot (3 \cdot (4 \cdot 5 + 1))$?
   $4 \cdot 5 + 1 = 21$.
   $3 \cdot 21 = 63$.
   $2 \cdot 63 = 126$. (Already counted)

   What about $(2 \cdot 3) \cdot (4 \cdot (5 + 1))$?
   $5+1=6$.
   $4 \cdot 6 = 24$.
   $6 \cdot 24 = 144$. (Already counted)

   What about $2 \cdot ((3 \cdot 4) \cdot (5 + 1))$?
   $3 \cdot 4 = 12$.
   $5+1=6$.
   $12 \cdot 6 = 72$.
   $2 \cdot 72 = 144$. (Already counted)

   It seems we have exhausted the combinations. The key insight is that the addition $+1$ can be ""absorbed"" into the multiplication chain at different points.
   - If it's not absorbed at all (added last): $120+1=121$.
   - If it's absorbed by 5 only: $(5+1)=6$, then multiplied by $2,3,4$. $24 \cdot 6 = 144$.
   - If it's absorbed by $4,5$: $(4 \cdot 5 + 1) = 21$, then multiplied by $2,3$. $6 \cdot 21 = 126$.
   - If it's absorbed by $3,4,5$: $(3 \cdot 4 \cdot 5 + 1) = 61$, then multiplied by $2$. $2 \cdot 61 = 122$.
   
   Can it be absorbed by $2,3,4,5$?
   That would mean $(2 \cdot 3 \cdot 4 \cdot 5 + 1)$, which is the first case, 121.
   
   Are there mixed cases?
   For example, could we have $(2 \cdot 3 + 1) \cdot 4 \cdot 5$?
   No, the $+1$ is fixed at the end of the sequence $2,3,4,5$. The operator is between 5 and 1. We cannot move the 1. We can only change the order of operations.
   The structure is always $A \cdot B$ or $A + B$.
   Since the $+$ is the last operator in the sequence of operands, it can only be the root of the tree (Case 121) or be in a right subtree of a multiplication.
   If it is in a right subtree of a multiplication, that multiplication splits the sequence $2,3,4,5$ into a left part $L$ and a right part $R$ which contains the $+1$.
   The right part $R$ is a sub-expression of $k, k+1, \dots, 5, 1$.
   The value of $R$ will be of the form $P \cdot (Q + 1)$ or $P + 1$?
   Actually, within the right part, the $+1$ is still at the end.
   So recursively, the value of the right part is determined by how many numbers from the right end of the available sequence are multiplied with the $(5+1)$ term vs added to the product.
   
   Let's re-verify the ""absorption"" logic.
   The expression is $2 \cdot 3 \cdot 4 \cdot 5 + 1$.
   Let $P_k$ be the product of the first $k$ numbers: $P_0=1, P_1=2, P_2=6, P_3=24, P_4=120$.
   The numbers are $n_1, n_2, n_3, n_4$.
   The addition is $n_4 + 1$.
   
   Any parenthesization results in a value of the form:
   $$ P_i \cdot (P_{j} \cdot (n_{j+1} \dots n_4 + 1) \dots ) $$
   Actually, it's simpler.
   The value is always of the form:
   $$ (\prod_{k=1}^{i} n_k) \cdot (\prod_{k=i+1}^{j} n_k \cdot (\dots) + 1) $$
   No, let's stick to the calculated sets.
   
   The possible values for the sub-expression ending in $+1$ (i.e., $E(m, 5)$) are:
   $E(5,5) = 1$ (not relevant for full expression directly as root)
   $E(4,5) = 5+1=6$
   $E(3,5) = \{4 \cdot 6, 20+1\} = \{24, 21\}$
   $E(2,5) = \{3 \cdot 24, 3 \cdot 21, 60+1\} = \{72, 63, 61\}$
   $E(1,5) = \{2 \cdot 72, 2 \cdot 63, 2 \cdot 61, 120+1\} = \{144, 126, 122, 121\}$
   
   The set of values is $\{121, 122, 126, 144\}$.
   Count = 4.

\boxed{4}",$4$,"['4', '4']","['4', '4']",True
"To find the least positive integer multiple of 30 that can be written with only the digits 0 and 2, we need to satisfy the divisibility rules for 30.

A number is divisible by 30 if and only if it is divisible by both 10 and 3.
Since $30 = 10 \times 3$ and $\gcd(10, 3) = 1$, these conditions are independent.

**Step 1: Divisibility by 10**
For a number to be divisible by 10, its last digit (units digit) must be 0.
The allowed digits are 0 and 2. Therefore, the number must end in 0.
Let the number be $N$. So, $N$ looks like $\dots d_2 d_1 0$, where $d_i \in \{0, 2\}$.

**Step 2: Divisibility by 3**
For a number to be divisible by 3, the sum of its digits must be divisible by 3.
Let the digits of $N$ be $d_k, d_{k-1}, \dots, d_1, 0$.
The sum of the digits is $S = d_k + d_{k-1} + \dots + d_1 + 0$.
Since each non-zero digit $d_i$ is 2, let $m$ be the count of the digit 2 in the number.
Then the sum of the digits is $S = 2 \times m$.
For $S$ to be divisible by 3, $2m$ must be divisible by 3.
Since 2 and 3 are coprime, $m$ must be divisible by 3.
So, the number of 2s in the integer must be a multiple of 3 (i.e., $m = 3, 6, 9, \dots$).

**Step 3: Finding the Least Positive Integer**
To find the *least* positive integer, we want the number with the fewest digits possible. If there are multiple numbers with the same number of digits, we want the one with the smallest value (which means placing smaller digits in higher place values, but since our non-zero digits are all 2, the magnitude is determined primarily by the number of digits, and secondarily by the position of the 2s).

1.  **Minimum number of 2s**: The smallest positive multiple of 3 for $m$ is $m=3$. So, the number must contain exactly three 2s.
2.  **Minimum number of digits**: The number must end in 0. So we have three 2s and at least one 0.
    The total number of digits is at least $3 + 1 = 4$.
    Let's check if a 4-digit number works.
    The digits are three 2s and one 0.
    The last digit must be 0.
    So the first three digits must be 2, 2, 2.
    The number is $2220$.

Let's verify if there are any smaller numbers.
-   Can we have fewer than 3 twos? No, because $m$ must be a multiple of 3. $m=0$ gives the number 0, but we need a *positive* integer.
-   Can we have a number with 3 twos and more zeros but fewer total digits? No, adding zeros increases the number of digits or keeps it the same but shifts values.
-   Let's check numbers with 4 digits formed by three 2s and one 0 ending in 0:
    The only arrangement is $2220$.
    Sum of digits: $2+2+2+0 = 6$, which is divisible by 3.
    Ends in 0, so divisible by 10.
    Thus, 2220 is divisible by 30.

Is there a smaller number?
Let's check numbers with fewer digits.
-   1 digit: 0 (not positive), 2 (not div by 10).
-   2 digits: 20 (sum=2, not div by 3), 00 (not positive).
-   3 digits: Must end in 0. Digits from {0,2}.
    Possible numbers: 200, 220, 020 (20), 000 (0).
    -   200: Sum = 2 (not div by 3).
    -   220: Sum = 4 (not div by 3).
    -   20: Sum = 2 (not div by 3).
    So no 3-digit number works.

Therefore, the smallest number of digits is 4.
The only candidate with 4 digits, ending in 0, using only 0s and 2s, and having a digit sum divisible by 3 is 2220.
Wait, could we have a 4-digit number with more zeros?
If we have three 2s, we need at least one 0 at the end. That makes 4 digits: 2220.
If we had fewer 2s, say $m=3$ is the minimum.
What if we use $m=3$ but add extra zeros?
e.g., 2020? Sum = 4 (No).
2002? Doesn't end in 0.
2200? Sum = 4 (No).
2020? Sum = 4 (No).
0220? (220) Sum = 4 (No).

Let's re-evaluate the combinations for 4 digits ending in 0 with digits 0 and 2.
The digits are $d_3 d_2 d_1 0$.
Sum $= d_3 + d_2 + d_1$.
Possible values for $d_i$ are 0 or 2.
We need $d_3 + d_2 + d_1$ to be divisible by 3.
Possible sums:
-   0+0+0 = 0 (Number 0000 = 0, not positive)
-   2+0+0 = 2 (No)
-   2+2+0 = 4 (No)
-   2+2+2 = 6 (Yes) -> Number 2220.

So, 2220 is the smallest 4-digit number.
Are there any 5-digit numbers smaller than 2220? No, any 5-digit number is greater than any 4-digit number.

Thus, the least positive integer is 2220.

Check:
$2220 / 30 = 222 / 3 = 74$.
It is an integer.

Final Answer:
The least positive integer multiple of 30 that can be written with only the digits 0 and 2 is 2220.

\boxed{2220}",$2220$,"['2220', '2220']","['2220', '2220']",True
"To find the value of $p(8)$, we are given that $p(x)$ is a polynomial of degree 5 satisfying:
\[ p(n) = \frac{n}{n^2 - 1} \quad \text{for } n = 2, 3, 4, 5, 6, 7. \]

### Step 1: Analyze the structure of the problem

Let $f(x) = \frac{x}{x^2 - 1}$. The condition is $p(n) = f(n)$ for $n \in \{2, 3, 4, 5, 6, 7\}$.
Notice that $f(x)$ has vertical asymptotes at $x = 1$ and $x = -1$. The polynomial $p(x)$ is defined everywhere.

Consider the function:
\[ g(x) = (x^2 - 1)p(x) - x \]
Let's evaluate $g(x)$ at the given points $n = 2, 3, \dots, 7$:
\[ g(n) = (n^2 - 1)p(n) - n = (n^2 - 1)\left(\frac{n}{n^2 - 1}\right) - n = n - n = 0 \]
So, $g(n) = 0$ for $n = 2, 3, 4, 5, 6, 7$. This means that $g(x)$ has roots at $x = 2, 3, 4, 5, 6, 7$.

Since $p(x)$ is a polynomial of degree 5, let $p(x) = a_5 x^5 + \dots + a_0$.
Then $(x^2 - 1)p(x)$ is a polynomial of degree $2 + 5 = 7$.
Thus, $g(x) = (x^2 - 1)p(x) - x$ is a polynomial of degree 7.

We know that $g(x)$ has roots at $2, 3, 4, 5, 6, 7$. Therefore, we can write:
\[ g(x) = (x-2)(x-3)(x-4)(x-5)(x-6)(x-7) Q(x) \]
where $Q(x)$ is a polynomial. Since $g(x)$ has degree 7 and the product of the linear factors has degree 6, $Q(x)$ must be a polynomial of degree $7 - 6 = 1$. Let $Q(x) = Ax + B$.
So,
\[ (x^2 - 1)p(x) - x = (Ax + B)(x-2)(x-3)(x-4)(x-5)(x-6)(x-7) \]
\[ (x^2 - 1)p(x) = x + (Ax + B) \prod_{k=2}^{7} (x-k) \]

### Step 2: Determine the constants A and B

The equation above holds for all $x$. We can determine $A$ and $B$ by evaluating the equation at specific values of $x$ where the term $(x^2 - 1)$ becomes zero, i.e., $x = 1$ and $x = -1$. Note that $p(x)$ is a polynomial, so it is finite at these points.

**Case 1: $x = 1$**
Substitute $x = 1$ into the equation:
\[ (1^2 - 1)p(1) = 1 + (A(1) + B) \prod_{k=2}^{7} (1-k) \]
\[ 0 = 1 + (A + B) (1-2)(1-3)(1-4)(1-5)(1-6)(1-7) \]
Calculate the product:
\[ \prod_{k=2}^{7} (1-k) = (-1)(-2)(-3)(-4)(-5)(-6) = 720 \]
So,
\[ 0 = 1 + 720(A + B) \implies A + B = -\frac{1}{720} \quad \text{--- (Eq. 1)} \]

**Case 2: $x = -1$**
Substitute $x = -1$ into the equation:
\[ ((-1)^2 - 1)p(-1) = -1 + (A(-1) + B) \prod_{k=2}^{7} (-1-k) \]
\[ 0 = -1 + (-A + B) (-1-2)(-1-3)(-1-4)(-1-5)(-1-6)(-1-7) \]
Calculate the product:
\[ \prod_{k=2}^{7} (-1-k) = (-3)(-4)(-5)(-6)(-7)(-8) \]
There are 6 negative terms, so the result is positive.
\[ 3 \cdot 4 \cdot 5 \cdot 6 \cdot 7 \cdot 8 = 20160 \]
So,
\[ 0 = -1 + 20160(B - A) \implies B - A = \frac{1}{20160} \quad \text{--- (Eq. 2)} \]

Now we solve the system of linear equations for $A$ and $B$:
1) $A + B = -\frac{1}{720}$
2) $-A + B = \frac{1}{20160}$

Adding (1) and (2):
\[ 2B = -\frac{1}{720} + \frac{1}{20160} \]
Find a common denominator. Note that $20160 / 720 = 28$.
\[ -\frac{1}{720} = -\frac{28}{20160} \]
\[ 2B = -\frac{28}{20160} + \frac{1}{20160} = -\frac{27}{20160} \]
\[ B = -\frac{27}{40320} = -\frac{3}{4480} \]

Subtracting (2) from (1):
\[ 2A = -\frac{1}{720} - \frac{1}{20160} = -\frac{28}{20160} - \frac{1}{20160} = -\frac{29}{20160} \]
\[ A = -\frac{29}{40320} \]

We don't necessarily need the explicit values of A and B if we just want to find $p(8)$. Let's look at the equation for $x=8$.

### Step 3: Calculate $p(8)$

We have the identity:
\[ (x^2 - 1)p(x) = x + (Ax + B) \prod_{k=2}^{7} (x-k) \]
Set $x = 8$:
\[ (8^2 - 1)p(8) = 8 + (8A + B) \prod_{k=2}^{7} (8-k) \]
\[ 63 p(8) = 8 + (8A + B) (8-2)(8-3)(8-4)(8-5)(8-6)(8-7) \]
Calculate the product term:
\[ \prod_{k=2}^{7} (8-k) = 6 \cdot 5 \cdot 4 \cdot 3 \cdot 2 \cdot 1 = 720 \]
So,
\[ 63 p(8) = 8 + 720(8A + B) \]

We need to calculate $8A + B$.
From our previous equations:
$A = -\frac{29}{40320}$
$B = -\frac{27}{40320}$ (Wait, let's re-verify $B$. $2B = -27/20160 \implies B = -27/40320$. Correct.)

Let's compute $8A + B$:
\[ 8A + B = 8\left(-\frac{29}{40320}\right) + \left(-\frac{27}{40320}\right) \]
\[ 8A + B = \frac{-232 - 27}{40320} = \frac{-259}{40320} \]

Now substitute this back into the expression for $p(8)$:
\[ 63 p(8) = 8 + 720 \left( \frac{-259}{40320} \right) \]
Simplify the fraction:
\[ \frac{720}{40320} = \frac{72}{4032} = \frac{1}{56} \]
(Check: $56 \times 720 = 56 \times 72 \times 10 = 4032 \times 10 = 40320$. Correct.)

So,
\[ 63 p(8) = 8 + \frac{-259}{56} \]
\[ 63 p(8) = 8 - \frac{259}{56} \]
Convert 8 to a fraction with denominator 56:
\[ 8 = \frac{8 \times 56}{56} = \frac{448}{56} \]
\[ 63 p(8) = \frac{448 - 259}{56} = \frac{189}{56} \]
Simplify $\frac{189}{56}$:
Both are divisible by 7.
$189 = 7 \times 27$
$56 = 7 \times 8$
\[ 63 p(8) = \frac{27}{8} \]
\[ p(8) = \frac{27}{8 \times 63} \]
Simplify $\frac{27}{63}$:
Both are divisible by 9.
$27 = 9 \times 3$
$63 = 9 \times 7$
\[ p(8) = \frac{3}{8 \times 7} = \frac{3}{56} \]

### Alternative Check using Lagrange Interpolation Logic

Let $P(x) = (x^2-1)p(x) - x$.
$P(x)$ is degree 7. Roots at $2,3,4,5,6,7$.
$P(x) = (Ax+B)(x-2)(x-3)(x-4)(x-5)(x-6)(x-7)$.
We found $A+B = -1/720$ and $B-A = 1/20160$.
We need $p(8)$.
$63 p(8) = 8 + (8A+B) \cdot 720$.
$8A+B = 7A + (A+B) = 7A - \frac{1}{720}$.
$A = \frac{1}{2} ( (A+B) - (B-A) ) = \frac{1}{2} ( -\frac{1}{720} - \frac{1}{20160} ) = \frac{1}{2} ( -\frac{28+1}{20160} ) = -\frac{29}{40320}$.
$8A+B = 8(-\frac{29}{40320}) - \frac{27}{40320} = \frac{-232-27}{40320} = \frac{-259}{40320}$.
$720(8A+B) = 720 \frac{-259}{40320} = \frac{-259}{56}$.
$63 p(8) = 8 - \frac{259}{56} = \frac{448-259}{56} = \frac{189}{56} = \frac{27}{8}$.
$p(8) = \frac{27}{8 \cdot 63} = \frac{3}{8 \cdot 7} = \frac{3}{56}$.

The calculation holds.

\boxed{\frac{3}{56}}",$\frac{3}{56}$,"['3/56', '\\frac{3}{56}']","['3/56', '\\frac{3}{56}']",True
"To find the sum of the proper divisors of the sum of the proper divisors of 284, we will proceed step by step.

**Step 1: Find the proper divisors of 284.**

First, we determine the prime factorization of 284.
$284$ is even, so we divide by 2:
$284 \div 2 = 142$
$142 \div 2 = 71$
71 is a prime number.
So, the prime factorization of 284 is $2^2 \times 71^1$.

The divisors of 284 are generated by combinations of these prime factors:
$1, 2, 4, 71, 142, 284$.

The **proper divisors** are all divisors excluding the number itself (284).
So, the proper divisors of 284 are: $1, 2, 4, 71, 142$.

**Step 2: Calculate the sum of the proper divisors of 284.**

Let $S_1$ be the sum of the proper divisors of 284.
$$ S_1 = 1 + 2 + 4 + 71 + 142 $$
$$ S_1 = 7 + 71 + 142 $$
$$ S_1 = 78 + 142 $$
$$ S_1 = 220 $$

So, the sum of the proper divisors of 284 is 220.

**Step 3: Find the proper divisors of 220.**

Now we need to find the proper divisors of 220.
First, find the prime factorization of 220.
$220 = 22 \times 10 = (2 \times 11) \times (2 \times 5) = 2^2 \times 5^1 \times 11^1$.

The divisors of 220 are:
- From $2^0, 2^1, 2^2$: $1, 2, 4$
- Multiply by $5^0, 5^1$: $1, 5$
- Multiply by $11^0, 11^1$: $1, 11$

Let's list them systematically:
1. $1$
2. $2$
3. $4$
4. $5$
5. $10$ ($2 \times 5$)
6. $11$
7. $20$ ($4 \times 5$)
8. $22$ ($2 \times 11$)
9. $44$ ($4 \times 11$)
10. $55$ ($5 \times 11$)
11. $110$ ($2 \times 5 \times 11$)
12. $220$ ($4 \times 5 \times 11$)

The **proper divisors** of 220 are all divisors except 220 itself:
$1, 2, 4, 5, 10, 11, 20, 22, 44, 55, 110$.

**Step 4: Calculate the sum of the proper divisors of 220.**

Let $S_2$ be the sum of the proper divisors of 220.
$$ S_2 = 1 + 2 + 4 + 5 + 10 + 11 + 20 + 22 + 44 + 55 + 110 $$

Let's group them for easier addition:
- $1 + 2 + 4 + 5 = 12$
- $10 + 11 = 21$
- $20 + 22 = 42$
- $44 + 55 = 99$
- $110$

Summing these groups:
$$ 12 + 21 = 33 $$
$$ 33 + 42 = 75 $$
$$ 75 + 99 = 174 $$
$$ 174 + 110 = 284 $$

Alternatively, we can use the sum of divisors formula $\sigma(n)$.
$\sigma(220) = \sigma(2^2)\sigma(5^1)\sigma(11^1)$
$\sigma(2^2) = 1 + 2 + 4 = 7$
$\sigma(5^1) = 1 + 5 = 6$
$\sigma(11^1) = 1 + 11 = 12$
$\sigma(220) = 7 \times 6 \times 12 = 42 \times 12 = 504$

The sum of proper divisors is $\sigma(220) - 220$:
$$ 504 - 220 = 284 $$

**Conclusion:**

The sum of the proper divisors of 284 is 220.
The sum of the proper divisors of 220 is 284.

This pair (284, 220) is a famous amicable pair.

The final answer is \boxed{284}.",$284$,"['284', '284']","['284', '284']",True
"To find the height of the cylinder, we will use the formula for the volume of a cylinder and the information provided in the problem statement and the diagram.

**1. Identify the given information:**
*   The volume of the cylinder ($V$) is $45\pi$ cubic cm.
*   From the diagram, the radius ($r$) of the base is given as $3$ cm.
*   We need to find the height ($h$) of the cylinder.

**2. Recall the formula for the volume of a cylinder:**
The volume $V$ of a cylinder is calculated using the formula:
$$ V = \pi r^2 h $$
where:
*   $r$ is the radius of the base
*   $h$ is the height

**3. Substitute the known values into the formula:**
$$ 45\pi = \pi (3)^2 h $$

**4. Solve for $h$:**
First, square the radius:
$$ 3^2 = 9 $$

So the equation becomes:
$$ 45\pi = \pi (9) h $$
$$ 45\pi = 9\pi h $$

Next, divide both sides by $9\pi$ to isolate $h$:
$$ h = \frac{45\pi}{9\pi} $$

Cancel out $\pi$ from the numerator and denominator:
$$ h = \frac{45}{9} $$

Perform the division:
$$ h = 5 $$

**Conclusion:**
The height of the cylinder is 5 centimeters.

\boxed{5}",$5$,"['5', '5']","['5', '5']",True
"To find the length of side $DE$, we will analyze the given right-angled triangle $\triangle DEF$ and use trigonometric ratios.

**1. Identify the properties of the triangle:**
From the Asymptote code and the diagram description:
*   There is a right angle at vertex $E$ (indicated by `rightanglemark(D,E,F,15)`). Thus, $\triangle DEF$ is a right-angled triangle with the right angle at $E$.
*   The side $EF$ has a length of $7$ (indicated by `label(""$7$"",(E+F)/2,W)`).
*   We are given that $\sin D = 0.7$.

**2. Set up the trigonometric ratio:**
In a right-angled triangle, the sine of an angle is defined as the ratio of the length of the opposite side to the length of the hypotenuse.
For angle $D$:
*   The side opposite to angle $D$ is $EF$.
*   The hypotenuse is the side opposite the right angle $E$, which is $DF$.

So, the formula is:
$$ \sin D = \frac{\text{Opposite}}{\text{Hypotenuse}} = \frac{EF}{DF} $$

**3. Calculate the length of the hypotenuse $DF$:**
We know $\sin D = 0.7$ and $EF = 7$. Substituting these values into the equation:
$$ 0.7 = \frac{7}{DF} $$

Solving for $DF$:
$$ DF = \frac{7}{0.7} $$
$$ DF = \frac{70}{7} $$
$$ DF = 10 $$

**4. Calculate the length of side $DE$:**
Now that we have the lengths of the hypotenuse $DF$ and one leg $EF$, we can use the Pythagorean theorem to find the other leg $DE$.
The Pythagorean theorem states:
$$ DE^2 + EF^2 = DF^2 $$

Substitute the known values ($EF = 7$ and $DF = 10$):
$$ DE^2 + 7^2 = 10^2 $$
$$ DE^2 + 49 = 100 $$

Subtract 49 from both sides:
$$ DE^2 = 100 - 49 $$
$$ DE^2 = 51 $$

Take the square root of both sides:
$$ DE = \sqrt{51} $$

**Alternative Method using Cosine:**
We know $\sin D = 0.7 = \frac{7}{10}$.
Using the identity $\sin^2 D + \cos^2 D = 1$:
$$ (0.7)^2 + \cos^2 D = 1 $$
$$ 0.49 + \cos^2 D = 1 $$
$$ \cos^2 D = 0.51 $$
$$ \cos D = \sqrt{0.51} $$

In $\triangle DEF$, $\cos D = \frac{\text{Adjacent}}{\text{Hypotenuse}} = \frac{DE}{DF}$.
We found $DF = 10$.
$$ \frac{DE}{10} = \sqrt{0.51} $$
$$ DE = 10 \sqrt{0.51} = \sqrt{100 \cdot 0.51} = \sqrt{51} $$

Both methods yield the same result.

\boxed{\sqrt{51}}",$\sqrt{51}$,"['sqrt(51)', '\\sqrt{51}']","['sqrt(51)', '\\sqrt{51}']",True
"To find the complex number $w$, which is the result of rotating $z$ around $c$ by an angle of $\frac{\pi}{4}$ counter-clockwise, we can use the formula for rotation in the complex plane.

The formula for rotating a point $z$ around a center $c$ by an angle $\theta$ is:
$$ w - c = (z - c) e^{i\theta} $$
$$ w = c + (z - c) e^{i\theta} $$

Given:
- $z = 2 + \sqrt{2} - (3 + 3\sqrt{2})i$
- $c = 2 - 3i$
- $\theta = \frac{\pi}{4}$

**Step 1: Calculate the vector $z - c$.**

$$ z - c = [2 + \sqrt{2} - (3 + 3\sqrt{2})i] - [2 - 3i] $$

Group the real and imaginary parts:
$$ \text{Real part: } (2 + \sqrt{2}) - 2 = \sqrt{2} $$
$$ \text{Imaginary part: } -(3 + 3\sqrt{2}) - (-3) = -3 - 3\sqrt{2} + 3 = -3\sqrt{2} $$

So,
$$ z - c = \sqrt{2} - 3\sqrt{2}i $$
$$ z - c = \sqrt{2}(1 - 3i) $$

**Step 2: Determine the rotation factor $e^{i\theta}$.**

For $\theta = \frac{\pi}{4}$:
$$ e^{i\frac{\pi}{4}} = \cos\left(\frac{\pi}{4}\right) + i\sin\left(\frac{\pi}{4}\right) = \frac{\sqrt{2}}{2} + i\frac{\sqrt{2}}{2} = \frac{\sqrt{2}}{2}(1 + i) $$

**Step 3: Calculate $(z - c) e^{i\frac{\pi}{4}}$.**

$$ (z - c) e^{i\frac{\pi}{4}} = [\sqrt{2}(1 - 3i)] \cdot \left[ \frac{\sqrt{2}}{2}(1 + i) \right] $$

Combine the constants:
$$ \sqrt{2} \cdot \frac{\sqrt{2}}{2} = \frac{2}{2} = 1 $$

Now multiply the complex terms:
$$ 1 \cdot (1 - 3i)(1 + i) $$
$$ = 1(1) + 1(i) - 3i(1) - 3i(i) $$
$$ = 1 + i - 3i - 3i^2 $$

Since $i^2 = -1$:
$$ = 1 - 2i - 3(-1) $$
$$ = 1 - 2i + 3 $$
$$ = 4 - 2i $$

So, the rotated vector is $4 - 2i$.

**Step 4: Calculate $w$.**

$$ w = c + (z - c) e^{i\frac{\pi}{4}} $$
$$ w = (2 - 3i) + (4 - 2i) $$

Group real and imaginary parts:
$$ \text{Real part: } 2 + 4 = 6 $$
$$ \text{Imaginary part: } -3 - 2 = -5 $$

$$ w = 6 - 5i $$

**Conclusion:**

The complex number $w$ is $6 - 5i$.

\boxed{6 - 5i}",$6 - 5i$,"['-1*5*i + 6', '6 - 5i']","['-1*5*i + 6', '6 - 5i']",True
"To compute the sum $1-2+3-4+5- \dots +99-100$, we can look for a pattern by grouping the terms.

**Step 1: Group the terms**
The series has 100 terms. We can group them into pairs of two consecutive terms:
$$ (1 - 2) + (3 - 4) + (5 - 6) + \dots + (99 - 100) $$

**Step 2: Evaluate each pair**
Let's calculate the value of each pair:
$$ 1 - 2 = -1 $$
$$ 3 - 4 = -1 $$
$$ 5 - 6 = -1 $$
$$ \vdots $$
$$ 99 - 100 = -1 $$

Each pair sums to $-1$.

**Step 3: Count the number of pairs**
The total number of terms in the series is 100 (from 1 to 100).
Since we are grouping them into pairs of 2, the number of pairs is:
$$ \frac{100}{2} = 50 $$

So, there are 50 pairs, and each pair equals $-1$.

**Step 4: Calculate the total sum**
The total sum is the number of pairs multiplied by the value of each pair:
$$ 50 \times (-1) = -50 $$

**Alternative Method (Arithmetic Progression):**
We can split the sum into positive and negative terms:
$$ S = (1 + 3 + 5 + \dots + 99) - (2 + 4 + 6 + \dots + 100) $$

The sum of the first $n$ odd numbers is $n^2$. Here, the odd numbers go from 1 to 99. The number of terms is $\frac{99-1}{2} + 1 = 50$.
Sum of odds $= 50^2 = 2500$.

The sum of the first $n$ even numbers is $n(n+1)$. Here, the even numbers go from 2 to 100. The number of terms is $\frac{100-2}{2} + 1 = 50$.
Sum of evens $= 50(50+1) = 50 \times 51 = 2550$.

Total Sum $= 2500 - 2550 = -50$.

Both methods yield the same result.

\boxed{-50}",$-50$,"['-50', '-50']","['-50', '-50']",True
"To find the smallest possible value of $c$, we need to determine the parameters $a, b, c,$ and $d$ of the function $y = a \sin(bx + c) + d$ from the given graph and the provided Asymptote code.

**Step 1: Analyze the Asymptote Code**

The code explicitly defines the function being plotted:
```asy
real f(real x)
{
    return 2*sin(3*x + pi) + 1;
}
```
This tells us that the specific function graphed is:
$$ y = 2 \sin(3x + \pi) + 1 $$

Comparing this to the general form $y = a \sin(bx + c) + d$, we can identify the parameters used in the code:
- $a = 2$
- $b = 3$
- $c_{code} = \pi$
- $d = 1$

The problem states that $a, b, c, d$ are **positive constants**.
- $a = 2 > 0$ (Satisfied)
- $b = 3 > 0$ (Satisfied)
- $d = 1 > 0$ (Satisfied)
- The code uses $c = \pi$, which is positive. However, the question asks for the **smallest possible value** of $c$. This implies that the phase shift $c$ is not unique. We need to find the general form of $c$ that produces the same graph and then find the smallest positive value.

**Step 2: Determine the General Form of the Function**

Let's verify the parameters from the visual features of the graph to ensure we understand the function correctly, although the code gives it away directly.
1.  **Vertical Shift ($d$) and Amplitude ($a$):**
    - The maximum value of the graph is $y_{max} = 3$.
    - The minimum value of the graph is $y_{min} = -1$.
    - The midline is $d = \frac{y_{max} + y_{min}}{2} = \frac{3 + (-1)}{2} = 1$.
    - The amplitude is $a = \frac{y_{max} - y_{min}}{2} = \frac{3 - (-1)}{2} = 2$.
    - So, $a=2$ and $d=1$. This matches the code.

2.  **Period and Frequency ($b$):**
    - The graph completes one full cycle between $x = -\frac{\pi}{3}$ and $x = \frac{\pi}{3}$? Let's check the zeros or peaks.
    - From the code, the period is $T = \frac{2\pi}{b} = \frac{2\pi}{3}$.
    - Let's check the graph. At $x=0$, $y = 2\sin(\pi) + 1 = 1$. The graph passes through $(0,1)$.
    - The next peak occurs when the argument of sine is $\frac{3\pi}{2}$? No, $\sin(\theta)$ has a peak at $\frac{\pi}{2}$.
    - Let's look at the function $y = 2 \sin(3x + \pi) + 1$.
    - Using the identity $\sin(\theta + \pi) = -\sin(\theta)$, we can rewrite the function as:
      $$ y = 2 [-\sin(3x)] + 1 = -2 \sin(3x) + 1 $$
    - However, the problem specifies the form $y = a \sin(bx + c) + d$ with **positive** $a$. Since $a=2$ is positive, we must stick to the form with the phase shift inside.
    - The function is $y = 2 \sin(3x + c) + 1$.

**Step 3: Solve for $c$**

We know the function is equivalent to $y = 2 \sin(3x + \pi) + 1$.
The sine function is periodic with period $2\pi$. Therefore, the argument inside the sine function can differ by integer multiples of $2\pi$ and still produce the same graph.
So, the general expression for the phase constant $c$ is:
$$ c = \pi + 2k\pi $$
where $k$ is an integer.

We are given that $c$ must be a **positive constant**.
Let's test integer values for $k$:
- If $k = 0$, $c = \pi$. Since $\pi \approx 3.14 > 0$, this is a valid solution.
- If $k = -1$, $c = \pi - 2\pi = -\pi$. This is negative, so it is not allowed.
- If $k = 1$, $c = \pi + 2\pi = 3\pi$. This is positive but larger than $\pi$.

Are there other possibilities?
The general solution for $\sin(A) = \sin(B)$ is $A = B + 2k\pi$ or $A = \pi - B + 2k\pi$.
Here, our function is fixed as $y = 2 \sin(3x + c) + 1$.
We established from the code that the graph corresponds to the phase shift $\pi$.
Is it possible to represent the same graph with a different $c$ using the second case?
Let's check if $3x + c = \pi - (3x + \pi) + 2k\pi$? No, that would change the dependence on $x$. The coefficient of $x$ inside the sine must remain $b=3$.
So we are strictly looking for $c$ such that $\sin(3x + c) = \sin(3x + \pi)$.
This equality holds if and only if:
$$ 3x + c = 3x + \pi + 2k\pi $$
$$ c = \pi + 2k\pi $$

Thus, the possible values for $c$ are $\dots, -\pi, \pi, 3\pi, 5\pi, \dots$

The problem requires $c$ to be positive.
The set of positive values for $c$ is $\{ \pi, 3\pi, 5\pi, \dots \}$.

The smallest value in this set is $\pi$.

**Double Check:**
Does the graph support $c=\pi$?
At $x=0$, $y = 2\sin(c) + 1$.
From the graph, at $x=0$, the curve is at $y=1$ and decreasing.
$y(0) = 1 \implies 2\sin(c) + 1 = 1 \implies \sin(c) = 0$.
So $c$ can be $k\pi$.
The derivative is $y' = 2b \cos(bx+c)$. At $x=0$, $y'(0) = 6 \cos(c)$.
From the graph, the function is decreasing at $x=0$ (it goes from $y=1$ down to $-1$).
So $y'(0) < 0 \implies 6 \cos(c) < 0 \implies \cos(c) < 0$.
If $c = k\pi$:
- If $k$ is even ($c = 0, 2\pi, \dots$), $\cos(c) = 1 > 0$. (Increasing)
- If $k$ is odd ($c = \pi, 3\pi, \dots$), $\cos(c) = -1 < 0$. (Decreasing)

So $c$ must be an odd multiple of $\pi$.
$c \in \{ \pi, 3\pi, 5\pi, \dots \}$ (since $c>0$).
The smallest positive value is $\pi$.

\boxed{\pi}",$\pi$,"['pi', '\\pi']","['pi', '\\pi']",True
"To find the value of $x$, we will analyze the geometric properties given in the problem and the diagram.

**1. Analyze the Geometry and Given Information**
*   **Parallel Lines:** The segment through $A$ (let's call the line containing it $L_1$) is parallel to the segment $\overline{BC}$ (which lies on line $L_2$). So, $L_1 \parallel L_2$.
*   **Isosceles Triangle:** We are given that $AB = BC$. This means triangle $\triangle ABC$ is an isosceles triangle with the equal sides being $AB$ and $BC$. Consequently, the base angles opposite these sides are equal. That is, $\angle BAC = \angle BCA$.
*   **Given Angle:** The angle labeled $124^{\circ}$ is at vertex $A$. Looking at the diagram, this angle is formed by the horizontal line through $A$ and the segment $AB$. Specifically, it is the interior angle on the left side of the transversal $AB$ relative to the parallel lines. Let's define the points more clearly based on the `asy` code:
    *   Point $A$ is at $(2,3)$.
    *   Point $B$ is at $(4,0)$.
    *   Point $C$ is at $(8,0)$.
    *   The line through $A$ is horizontal ($y=3$).
    *   The line through $B$ and $C$ is horizontal ($y=0$).
    *   The angle $124^{\circ}$ is marked at $A$, between the ray extending to the left from $A$ and the segment $AB$. Wait, let's look closer at the label position. The label ""$124^{\circ}$"" is at $(2,3)$ with direction `SW` (South-West). The angle arc usually indicates the interior angle. In standard geometry problems of this type, an angle like this often refers to the obtuse angle formed by the parallel line and the transversal. Let's assume the angle between the ray $A \to \text{Left}$ and segment $AB$ is $124^{\circ}$. Or, more commonly, it's the angle inside the ""Z"" or ""C"" shape. Let's look at the coordinates.
    *   Vector $AB = (4-2, 0-3) = (2, -3)$.
    *   Vector along the line to the left from $A$ is $(-1, 0)$.
    *   The angle between $(-1,0)$ and $(2,-3)$: $\cos \theta = \frac{-2}{\sqrt{1}\sqrt{13}}$. This is obtuse.
    *   Let's check the angle with the ray to the right $(1,0)$. $\cos \phi = \frac{2}{\sqrt{13}}$. This is acute.
    *   The label $124^{\circ}$ is obtuse. So, the angle given is likely the angle between the segment $AB$ and the part of the parallel line extending to the *left* of $A$. Let's call a point $D$ to the left of $A$ on the top line. Then $\angle DAB = 124^{\circ}$.

**2. Step-by-Step Deduction**

*   **Step 1: Find $\angle ABC$ (or related angles) using parallel lines.**
    Let the line through $A$ be $L_1$ and the line through $B$ and $C$ be $L_2$. Since $L_1 \parallel L_2$, the consecutive interior angles (same-side interior angles) sum to $180^{\circ}$, or alternate interior angles are equal.
    
    Let's define the angle $\angle ABC$.
    Consider the transversal $AB$ intersecting parallel lines $L_1$ and $L_2$.
    The angle given is $124^{\circ}$. Based on the position ""SW"" at $A$, this is the angle between the segment $AB$ and the ray extending to the left from $A$. Let's call the point to the left $D$. So $\angle DAB = 124^{\circ}$.
    
    The angle $\angle ABC$ and $\angle DAB$ are **alternate interior angles**? No.
    Let's visualize the ""Z"" shape. The alternate interior angle to $\angle DAB$ would be the angle at $B$ formed by the transversal $AB$ and the ray extending to the *right* from $B$ (towards $C$).
    Wait, alternate interior angles are equal.
    Let's draw a Z. Top horizontal line goes left from A. Transversal goes down-right to B. Bottom horizontal line goes right from B.
    The angle $\angle DAB$ (between Left-Ray and AB) and the angle $\angle ABC$ (between AB and Right-Ray BC) are **alternate interior angles**.
    Therefore, $\angle ABC = \angle DAB = 124^{\circ}$.
    
    *Self-Correction/Verification*: Let's check if this makes sense with the triangle.
    If $\angle ABC = 124^{\circ}$, then $\triangle ABC$ has an obtuse angle at $B$.
    Since $AB = BC$, the triangle is isosceles with vertex angle at $B$.
    The base angles are $\angle BAC$ and $\angle BCA$.
    Sum of angles in $\triangle ABC = 180^{\circ}$.
    $124^{\circ} + \angle BAC + \angle BCA = 180^{\circ}$.
    Since $\angle BAC = \angle BCA$, we have:
    $2 \cdot \angle BCA = 180^{\circ} - 124^{\circ} = 56^{\circ}$.
    $\angle BCA = 28^{\circ}$.
    So, $\angle C = 28^{\circ}$.

*   **Step 2: Determine $x$.**
    The variable $x$ is labeled at the top line, near the segment $AC$? No, looking at the code:
    `label(""$x^{\circ}$"",(4.5,3),S);`
    The point $(4.5, 3)$ is on the top line, to the right of $A(2,3)$.
    The label is ""S"" (South), meaning it's below the line.
    The angle $x$ is typically the angle between the top parallel line and the segment $AC$.
    Let's look at the diagram description again.
    `draw((2,3)--(8,0));` This is segment $AC$.
    `draw((2,3)--(4,0));` This is segment $AB$.
    The angle $x$ is marked at the top line. Usually, in such diagrams, $x$ represents the angle between the parallel line (to the right of A) and the transversal $AC$. Let's call the point to the right of $A$ on the top line $E$. So $x = \angle EAC$.
    
    Let's verify the position. The label is at $x=4.5$, which is between $A(2)$ and the projection of $C(8)$? No, $C$ is at $x=8$. The midpoint of horizontal span is 5. $4.5$ is to the right of $A$.
    So $x$ is the acute angle between the ray $AE$ (rightward) and the segment $AC$.
    
    Since the top line ($AE$) is parallel to the bottom line ($BC$), and $AC$ is a transversal:
    The angle $\angle EAC$ (which is $x$) and the angle $\angle ACB$ (which is $\angle C$) are **alternate interior angles**.
    Therefore, $x = \angle ACB$.
    
    From Step 1, we calculated $\angle ACB = 28^{\circ}$.
    So, $x = 28$.

**Let's double check the interpretation of the $124^{\circ}$ angle.**
What if the $124^{\circ}$ angle is $\angle CAB$?
If $\angle CAB = 124^{\circ}$, then since $AB=BC$, $\angle BCA = 124^{\circ}$. Sum = $248 > 180$. Impossible.
What if the $124^{\circ}$ angle is the interior angle of the triangle at A? i.e., $\angle BAC$? No, same issue.
What if the $124^{\circ}$ is the angle $\angle DAB$ where D is to the *right*?
If the angle between Right-Ray and AB is $124^{\circ}$, then the alternate interior angle at B (between Left-Ray and BA) is $124^{\circ}$. Then $\angle ABC$ (between Right-Ray BC and BA) would be $180 - 124 = 56^{\circ}$.
If $\angle ABC = 56^{\circ}$, then base angles $\angle BCA = (180-56)/2 = 62^{\circ}$.
Then $x$ (alternate interior to $\angle BCA$) would be $62^{\circ}$.

Which interpretation is correct?
Look at the label position: `label(""$124^{\circ}$"",(2,3),SW);`
The point is $A(2,3)$. SW means South-West.
The segment $AB$ goes from $(2,3)$ to $(4,0)$, which is South-East.
The ray to the left goes West.
The angle between West and South-East is obtuse.
The angle between East and South-East is acute.
Visually, the angle marked $124^{\circ}$ is the obtuse angle.
The angle between the leftward ray and $AB$ is indeed obtuse.
Let's calculate the actual angle from coordinates to be sure.
Slope of $AB = \frac{0-3}{4-2} = -1.5$.
Angle of $AB$ with positive x-axis: $\arctan(-1.5) \approx -56.3^{\circ}$.
Angle with negative x-axis (Left): $180 - 56.3 = 123.7^{\circ} \approx 124^{\circ}$.
So, the angle given is indeed the angle between the leftward horizontal ray and the segment $AB$.
This confirms $\angle DAB = 124^{\circ}$ where $D$ is to the left.

Now, relationship between $\angle DAB$ and $\angle ABC$:
Line $L_1$ (top) is parallel to Line $L_2$ (bottom).
Transversal is $AB$.
$\angle DAB$ and $\angle ABC$ are **alternate interior angles**.
Wait.
Ray $AD$ points Left. Ray $BC$ points Right.
These are opposite directions.
Let's use the standard Z-angle rule.
The ""Z"" is formed by Ray $AD$ (Left), Segment $AB$, and Ray $B...$?
No, alternate interior angles are equal when the rays are in opposite directions relative to the transversal?
Let's be precise.
Let vector $\vec{u}$ be direction of top line to the right $(1,0)$.
Let vector $\vec{v}$ be direction of bottom line to the right $(1,0)$.
Angle of $AB$ vector is $\theta$.
Angle of $BA$ vector is $\theta + 180$.
$\angle DAB$ is angle between $(-1,0)$ and $\vec{AB}$.
$\angle ABC$ is angle between $\vec{BA}$ and $(1,0)$? No, $\angle ABC$ is the interior angle of the triangle, so it's the angle between vector $\vec{BA}$ and vector $\vec{BC}$ (which is $(1,0)$ direction).
Let $\alpha$ be the angle of $\vec{AB}$ below the horizontal.
$\vec{AB}$ makes angle $-\alpha$ with positive x-axis.
Angle with negative x-axis (Left) is $180 - \alpha$.
So $124 = 180 - \alpha \implies \alpha = 56^{\circ}$.
So the segment $AB$ makes a $56^{\circ}$ angle with the horizontal.
Now look at vertex $B$.
The segment $BA$ comes from top-left. It makes an angle $\alpha = 56^{\circ}$ with the horizontal (positive x-axis) because alternate interior angles are equal?
Let's check.
Angle of $\vec{BA}$ with positive x-axis:
$\vec{AB} = (2, -3)$. $\vec{BA} = (-2, 3)$.
Angle of $\vec{BA}$ is in 2nd quadrant.
Angle with negative x-axis is same as angle of $\vec{AB}$ with positive x-axis? No.
Let's just use geometry.
Parallel lines cut by transversal.
Interior angles on the same side sum to 180.
The angle $\angle DAB$ (Left side) and the angle $\angle AB...$ (Left side at B) are consecutive interior angles?
Let $F$ be a point to the left of $B$.
$\angle DAB + \angle ABF = 180^{\circ}$.
$\angle ABF = 180 - 124 = 56^{\circ}$.
$\angle ABC$ and $\angle ABF$ are supplementary (form a linear pair on line $BC$)?
No, $F, B, C$ are collinear. $F$ is left, $C$ is right.
So $\angle ABC = 180 - \angle ABF = 180 - 56 = 124^{\circ}$.
Alternatively, $\angle DAB$ and $\angle ABC$ are alternate interior angles?
Ray $AD$ is Left. Ray $BC$ is Right.
This is not the standard ""Z"". The standard Z uses parallel rays in opposite directions?
Actually, if you extend the line to the right at A (point E), then $\angle EAB$ and $\angle ABC$ are consecutive interior angles?
$\angle EAB = 180 - 124 = 56^{\circ}$.
$\angle EAB$ and $\angle ABC$ are alternate interior angles?
Ray $AE$ (Right) and Ray $BC$ (Right).
Transversal $AB$.
Angle $\angle EAB$ (between Right and AB) and Angle $\angle ABC$ (between AB and Right)?
No, $\angle ABC$ is between $BA$ and $BC$ (Right).
Yes, $\angle EAB$ and $\angle ABC$ are **alternate interior angles**.
Wait.
Imagine the Z shape: Start at E (right of A), go to A, go to B, go to C (right of B).
The angles inside the ""elbows"" are $\angle EAB$ and $\angle ABC$?
No, the alternate interior angles are $\angle EAB$ and $\angle ABF$ (where F is left of B)? No.
Let's stick to the simplest rule:
**Alternate Interior Angles are Equal.**
The angle formed by the transversal and the parallel line on one side is equal to the angle formed by the transversal and the parallel line on the opposite side.
Angle $\angle DAB$ (Left, Top) and Angle $\angle ABC$ (Right, Bottom)?
Let's trace the Z: $D-A-B-C$.
$DA$ is parallel to $CB$? No, $DA$ is Left, $CB$ is Left (vector $C \to B$).
Vector $AD$ is Left. Vector $BC$ is Right.
So $AD$ is anti-parallel to $BC$.
Therefore, $\angle DAB$ and $\angle ABC$ are **consecutive interior angles**? No.
Let's use the property:
$\angle DAB$ (obtuse) and $\angle ABC$ (obtuse).
If lines are parallel, and transversal cuts them:
The angle $\angle DAB$ and the angle $\angle ABC$ are **alternate interior angles** if we consider the ray $AD$ and ray $BC$?
Let's test with values.
If $AB$ was vertical, $\angle DAB = 90$, $\angle ABC = 90$. Equal.
If $AB$ tilts right (as in diagram), $\angle DAB > 90$, $\angle ABC > 90$.
Are they equal?
Let's calculate slopes again.
Slope $AB = -1.5$.
Angle with horizontal $\approx 56.3^{\circ}$.
$\angle DAB$ (angle with Left horizontal) $= 180 - 56.3 = 123.7^{\circ}$.
$\angle ABC$ (angle between $BA$ and Right horizontal $BC$).
Vector $BA$ is $(-2, 3)$. Vector $BC$ is $(1, 0)$.
Dot product: $-2$. Magnitudes $\sqrt{13}, 1$.
$\cos(\angle ABC) = -2 / \sqrt{13}$.
$\angle ABC = \arccos(-2/\sqrt{13}) \approx 123.7^{\circ}$.
Yes, $\angle DAB = \angle ABC$.
So, $\angle ABC = 124^{\circ}$.

**Recalculate Triangle Angles:**
Triangle $ABC$ is isosceles with $AB = BC$.
Vertex angle $\angle B = 124^{\circ}$.
Base angles $\angle A_{tri} = \angle C_{tri}$.
$2 \cdot \angle C_{tri} = 180 - 124 = 56^{\circ}$.
$\angle C_{tri} = 28^{\circ}$.
So, $\angle BCA = 28^{\circ}$.

**Find x:**
$x$ is the angle labeled at the top.
The label is at $(4.5, 3)$, South.
This position is between the vertical line dropping from the midpoint of AC?
The segment $AC$ connects $(2,3)$ and $(8,0)$.
The angle $x$ is shown in the diagram. Usually, such an $x$ in this configuration (between the parallel line and the transversal $AC$) refers to the alternate interior angle to $\angle BCA$.
Let's verify the position of $x$.
The label is ""S"" at $x=4.5$.
The angle arc is likely between the top parallel line (ray to the right from A) and the segment $AC$.
Let's call the ray to the right $AE$.
Angle $x = \angle EAC$.
Since $AE \parallel BC$, and $AC$ is the transversal:
$\angle EAC$ and $\angle BCA$ are **alternate interior angles**.
Therefore, $x = \angle BCA$.
$x = 28^{\circ}$.

**Final Check:**
1.  Parallel lines $L_1, L_2$.
2.  Transversal $AB$. Angle between Left-Ray at A and $AB$ is $124^{\circ}$.
3.  This implies angle between Right-Ray at B and $BA$ is also $124^{\circ}$ (Alternate Interior Angles property for ""Z"" shape formed by Left-Ray A, Transversal, Right-Ray B? No, Left-Ray A and Right-Ray B are anti-parallel. The angles are equal).
    *   Proof: Let $\theta$ be angle of $AB$ with Right-Ray. $\angle DAB = 180 - \theta$.
    *   Angle of $BA$ with Right-Ray at B is $\theta$? No.
    *   Angle of $AB$ with Right-Ray at A is $\theta$.
    *   Angle of $BA$ with Left-Ray at B is $\theta$ (Alt Int).
    *   Angle of $BA$ with Right-Ray at B is $180 - \theta$.
    *   Wait.
    *   Let's re-evaluate $\angle ABC$.
    *   $\angle DAB = 124^{\circ}$. $D$ is Left.
    *   $\angle EAB$ (E is Right) $= 180 - 124 = 56^{\circ}$.
    *   $\angle EAB$ and $\angle ABC$ are consecutive interior angles?
    *   Ray $AE$ (Right) and Ray $BC$ (Right).
    *   Transversal $AB$.
    *   $\angle EAB$ and $\angle ABC$ are **consecutive interior angles** (same-side interior).
    *   Sum $= 180^{\circ}$.
    *   So $\angle ABC = 180 - 56 = 124^{\circ}$.
    *   This confirms $\angle ABC = 124^{\circ}$.

4.  Triangle $ABC$ is isosceles ($AB=BC$).
    *   $\angle B = 124^{\circ}$.
    *   $\angle C = (180 - 124) / 2 = 28^{\circ}$.

5.  Find $x$.
    *   $x$ is angle between Top Line (Right) and $AC$.
    *   $x$ and $\angle C$ are alternate interior angles.
    *   $x = \angle C = 28^{\circ}$.

The logic holds up.

Answer: 28.

\boxed{28}",$28$,"['28', '28']","['28', '28']",True
"To find the smallest possible value of $a$ such that all roots of the equation
\[ x^3 + ax^2 + ax + 1 = 0 \]
are real, we proceed with the following steps.

### Step 1: Analyze the Structure of the Equation

The given equation is a reciprocal equation (also known as a palindromic polynomial) because the coefficients are symmetric: $1, a, a, 1$.
Notice that $x = -1$ is not a root unless $-1 + a - a + 1 = 0$, which is always true? Let's check:
$(-1)^3 + a(-1)^2 + a(-1) + 1 = -1 + a - a + 1 = 0$.
So, $x = -1$ is always a root of this equation for any $a$.

Since $x = -1$ is a root, we can factor $(x+1)$ out of the polynomial. Let's perform polynomial division or factorization by grouping:
\[ x^3 + ax^2 + ax + 1 = x^2(x+a) + 1(x+a) = (x^2+1)(x+a) \]
Wait, let's re-expand $(x^2+1)(x+a)$:
$(x^2+1)(x+a) = x^3 + ax^2 + x + a$.
This does not match the original equation $x^3 + ax^2 + ax + 1$. The term $ax$ in the original equation is different from $x$ in my expansion. Let's re-group carefully.

Original: $x^3 + ax^2 + ax + 1 = 0$.
Group terms:
$x^3 + 1 + ax^2 + ax = 0$
$(x+1)(x^2 - x + 1) + ax(x+1) = 0$
Factor out $(x+1)$:
$(x+1) [ (x^2 - x + 1) + ax ] = 0$
$(x+1) ( x^2 + (a-1)x + 1 ) = 0$

So, the roots of the original cubic equation are:
1. $x_1 = -1$
2. The roots of the quadratic equation $x^2 + (a-1)x + 1 = 0$.

### Step 2: Determine Conditions for Real Roots

The problem states that **all** roots of the cubic equation are real.
We already have one real root, $x_1 = -1$.
Therefore, the other two roots, which are the roots of the quadratic equation $x^2 + (a-1)x + 1 = 0$, must also be real.

For a quadratic equation $Ax^2 + Bx + C = 0$ to have real roots, its discriminant $\Delta$ must be non-negative ($\Delta \ge 0$).
Here, $A = 1$, $B = a-1$, and $C = 1$.

The discriminant is:
\[ \Delta = B^2 - 4AC = (a-1)^2 - 4(1)(1) \]
\[ \Delta = (a-1)^2 - 4 \]

For the roots to be real, we require:
\[ (a-1)^2 - 4 \ge 0 \]
\[ (a-1)^2 \ge 4 \]

Taking the square root of both sides, we get two cases:
1. $a - 1 \ge 2 \implies a \ge 3$
2. $a - 1 \le -2 \implies a \le -1$

### Step 3: Apply Constraints on $a$

The problem states that $a$ is a **positive** real number ($a > 0$).
- The condition $a \le -1$ is rejected because $a$ must be positive.
- The condition $a \ge 3$ is consistent with $a > 0$.

Thus, the possible values for $a$ are $a \in [3, \infty)$.

### Step 4: Find the Smallest Value

We are asked to find the **smallest** possible value of $a$.
From the inequality $a \ge 3$, the minimum value is $a = 3$.

Let's verify this solution.
If $a = 3$, the quadratic equation becomes:
$x^2 + (3-1)x + 1 = 0 \implies x^2 + 2x + 1 = 0$
$(x+1)^2 = 0$
The roots are $x = -1, -1$.
Combined with the root from the linear factor $(x+1)$, the roots of the cubic equation are $-1, -1, -1$.
All three roots are real.

If we chose a value slightly less than 3, say $a = 2.9$:
$\Delta = (2.9 - 1)^2 - 4 = 1.9^2 - 4 = 3.61 - 4 = -0.39 < 0$.
The quadratic would have complex conjugate roots, so not all roots of the cubic would be real.

Therefore, the smallest value is indeed 3.

### Conclusion

The smallest possible value of $a$ is 3.

\boxed{3}",$3$,"['3', '3']","['3', '3']",True
"To evaluate the expression $(1+2i)6-3i$, we will follow the order of operations (PEMDAS/BODMAS), performing multiplication before subtraction.

**Step 1: Perform the multiplication**
Distribute the $6$ to both terms inside the parentheses:
$$ (1+2i) \cdot 6 = 1 \cdot 6 + 2i \cdot 6 $$
$$ = 6 + 12i $$

**Step 2: Perform the subtraction**
Now, subtract $3i$ from the result obtained in Step 1:
$$ (6 + 12i) - 3i $$

Group the real parts and the imaginary parts:
$$ 6 + (12i - 3i) $$
$$ 6 + 9i $$

**Conclusion**
The simplified complex number is $6 + 9i$.

\boxed{6+9i}",$6+9i$,"['9*i + 6', '6+9i']","['9*i + 6', '6+9i']",True
"To find the greatest integer less than $(\sqrt{7} + \sqrt{5})^6$, we can use the method of conjugate surds.

Let $x = \sqrt{7} + \sqrt{5}$ and $y = \sqrt{7} - \sqrt{5}$.
We want to evaluate $x^6$.

Consider the sum $S = x^6 + y^6$.
Since $x$ and $y$ are roots of a quadratic equation with integer coefficients, $x^n + y^n$ will be an integer for any positive integer $n$.

First, let's find the quadratic equation satisfied by $x$ and $y$.
$$ x = \sqrt{7} + \sqrt{5} $$
$$ y = \sqrt{7} - \sqrt{5} $$

Calculate the sum and product of $x$ and $y$:
$$ x + y = (\sqrt{7} + \sqrt{5}) + (\sqrt{7} - \sqrt{5}) = 2\sqrt{7} $$
$$ xy = (\sqrt{7} + \sqrt{5})(\sqrt{7} - \sqrt{5}) = 7 - 5 = 2 $$

Let $u = x^2$ and $v = y^2$. Then:
$$ u + v = x^2 + y^2 = (x+y)^2 - 2xy = (2\sqrt{7})^2 - 2(2) = 28 - 4 = 24 $$
$$ uv = x^2 y^2 = (xy)^2 = 2^2 = 4 $$

So, $u$ and $v$ are roots of the quadratic equation:
$$ t^2 - (u+v)t + uv = 0 \implies t^2 - 24t + 4 = 0 $$

We want to find $x^6 + y^6 = u^3 + v^3$.
Let $S_n = u^n + v^n$. We know $S_1 = 24$ and $S_0 = u^0 + v^0 = 1 + 1 = 2$.
The recurrence relation for $S_n$ is derived from the characteristic equation $t^2 - 24t + 4 = 0$:
$$ S_{n} = 24 S_{n-1} - 4 S_{n-2} $$

We need $S_3 = u^3 + v^3$.
First, calculate $S_2$:
$$ S_2 = 24 S_1 - 4 S_0 = 24(24) - 4(2) = 576 - 8 = 568 $$
Alternatively, $S_2 = u^2 + v^2 = (u+v)^2 - 2uv = 24^2 - 2(4) = 576 - 8 = 568$.

Now, calculate $S_3$:
$$ S_3 = 24 S_2 - 4 S_1 $$
$$ S_3 = 24(568) - 4(24) $$
$$ S_3 = 24(568 - 4) $$
$$ S_3 = 24(564) $$

Let's compute $24 \times 564$:
$$ 24 \times 564 = 24(500 + 60 + 4) $$
$$ = 12000 + 1440 + 96 $$
$$ = 13440 + 96 $$
$$ = 13536 $$

So, $x^6 + y^6 = 13536$.
This means:
$$ (\sqrt{7} + \sqrt{5})^6 + (\sqrt{7} - \sqrt{5})^6 = 13536 $$
$$ (\sqrt{7} + \sqrt{5})^6 = 13536 - (\sqrt{7} - \sqrt{5})^6 $$

Now we need to estimate the value of $y^6 = (\sqrt{7} - \sqrt{5})^6$.
First, estimate $\sqrt{7} - \sqrt{5}$.
We know $\sqrt{7} \approx 2.646$ and $\sqrt{5} \approx 2.236$.
$$ \sqrt{7} - \sqrt{5} \approx 2.646 - 2.236 = 0.41 $$
More precisely, let's bound it.
$2.6 < \sqrt{7} < 2.7$ and $2.2 < \sqrt{5} < 2.3$.
Actually, $\sqrt{7} \approx 2.6457$ and $\sqrt{5} \approx 2.2361$.
Difference $\approx 0.4096$.

Let's check if $y < 1$.
$\sqrt{7} < \sqrt{9} = 3$ and $\sqrt{5} > \sqrt{4} = 2$, so $\sqrt{7} - \sqrt{5} < 3 - 2 = 1$.
Also $\sqrt{7} > 2.6$ and $\sqrt{5} < 2.24$ (since $2.24^2 = 5.0176 > 5$), so $\sqrt{7} - \sqrt{5} > 2.6 - 2.24 = 0.36$.
So $0.36 < y < 1$.
Therefore, $0 < y^6 < 1$.

Let's get a tighter bound to ensure $y^6$ is not extremely close to 1 or 0 in a way that affects the integer part, although since $y < 0.5$, $y^6 < (0.5)^6 = \frac{1}{64} \approx 0.015$.
Let's verify $y < 0.5$.
$y = \sqrt{7} - \sqrt{5}$.
Is $\sqrt{7} - \sqrt{5} < 0.5$?
$\sqrt{7} < \sqrt{5} + 0.5$
Square both sides:
$7 < 5 + \sqrt{5} + 0.25$
$7 < 5.25 + \sqrt{5}$
$1.75 < \sqrt{5}$
Square again:
$1.75^2 = (7/4)^2 = 49/16 = 3.0625$.
Since $3.0625 < 5$, the inequality holds.
So $y < 0.5$.
Consequently, $y^6 < (0.5)^6 = \frac{1}{64} \approx 0.0156$.

So, we have:
$$ (\sqrt{7} + \sqrt{5})^6 = 13536 - y^6 $$
Since $0 < y^6 < 0.0156$,
$$ 13536 - 0.0156 < (\sqrt{7} + \sqrt{5})^6 < 13536 $$
$$ 13535.9844 < (\sqrt{7} + \sqrt{5})^6 < 13536 $$

The greatest integer less than $(\sqrt{7} + \sqrt{5})^6$ is the floor of this value.
$$ \lfloor (\sqrt{7} + \sqrt{5})^6 \rfloor = 13535 $$

\boxed{13535}",$13535$,"['13535', '13535']","['13535', '13535']",True
"To find the value of $x$, we need to set up equations based on the information provided about Denali's and Nate's pay.

**1. Define Variables and Pay Structure**

Let $D$ be the number of dogs Denali walks.
Let $N$ be the number of dogs Nate walks.
Let $k$ be the pay per dog. Since they are paid for each dog they walk, their total pay is proportional to the number of dogs.

*   Denali's initial pay: $P_D = k \cdot D$
*   Nate's initial pay: $P_N = k \cdot N$

The ratio of Denali's pay to Nate's pay is:
$$ \frac{P_D}{P_N} = \frac{k \cdot D}{k \cdot N} = \frac{D}{N} $$

Initially, $D = 16$ and $N = 12$. So the initial ratio is $\frac{16}{12} = \frac{4}{3}$. However, the problem states that the ratio *would be the same* under two specific hypothetical scenarios. It does not necessarily mean the ratio is equal to the initial ratio, but rather that the ratio in Scenario 1 is equal to the ratio in Scenario 2. Let's re-read carefully: ""The ratio of Denali's pay to Nate's pay would be the same if [Scenario 1] or if [Scenario 2]."" This implies:
$$ \text{Ratio in Scenario 1} = \text{Ratio in Scenario 2} $$

**2. Analyze Scenario 1**

""Denali started walking $4x$ more dogs and Nate stayed at $12$ dogs.""

*   New number of dogs for Denali ($D_1$): $16 + 4x$
*   New number of dogs for Nate ($N_1$): $12$

The ratio of Denali's pay to Nate's pay in this scenario ($R_1$) is:
$$ R_1 = \frac{16 + 4x}{12} $$

**3. Analyze Scenario 2**

""$x$ of Nate's dogs were reassigned to Denali.""

*   New number of dogs for Denali ($D_2$): $16 + x$ (Denali gains $x$ dogs)
*   New number of dogs for Nate ($N_2$): $12 - x$ (Nate loses $x$ dogs)

The ratio of Denali's pay to Nate's pay in this scenario ($R_2$) is:
$$ R_2 = \frac{16 + x}{12 - x} $$

**4. Set Up the Equation**

The problem states that these two ratios are the same:
$$ R_1 = R_2 $$
$$ \frac{16 + 4x}{12} = \frac{16 + x}{12 - x} $$

**5. Solve for $x$**

First, simplify the left side if possible, or cross-multiply. Let's cross-multiply to eliminate fractions:
$$ (16 + 4x)(12 - x) = 12(16 + x) $$

Expand the left side:
$$ 16(12) - 16(x) + 4x(12) - 4x(x) = 192 - 16x + 48x - 4x^2 $$
$$ 192 + 32x - 4x^2 $$

Expand the right side:
$$ 12(16) + 12(x) = 192 + 12x $$

Set the expanded sides equal to each other:
$$ 192 + 32x - 4x^2 = 192 + 12x $$

Subtract 192 from both sides:
$$ 32x - 4x^2 = 12x $$

Rearrange the terms to form a quadratic equation equal to zero:
$$ 32x - 12x - 4x^2 = 0 $$
$$ 20x - 4x^2 = 0 $$

Factor out $4x$:
$$ 4x(5 - x) = 0 $$

This gives two possible solutions:
1.  $4x = 0 \implies x = 0$
2.  $5 - x = 0 \implies x = 5$

The problem states that $x \neq 0$. Therefore, we discard $x = 0$.

So, $x = 5$.

**6. Verification**

Let's check if $x = 5$ works.

*   **Scenario 1:**
    *   Denali's dogs: $16 + 4(5) = 16 + 20 = 36$
    *   Nate's dogs: $12$
    *   Ratio $R_1 = \frac{36}{12} = 3$

*   **Scenario 2:**
    *   Denali's dogs: $16 + 5 = 21$
    *   Nate's dogs: $12 - 5 = 7$
    *   Ratio $R_2 = \frac{21}{7} = 3$

Since $R_1 = R_2 = 3$, the solution is correct.

\boxed{5}",$5$,"['5', '5']","['5', '5']",True
"To find all values of $x$ that satisfy the equation $x = \sqrt{11-2x} + 4$, we will follow these steps:

### Step 1: Isolate the radical term
First, we move the constant term to the left side to isolate the square root:
$$ x - 4 = \sqrt{11-2x} $$

### Step 2: Determine the domain constraints
For the equation to have real solutions, two conditions must be met:
1. The expression inside the square root must be non-negative:
   $$ 11 - 2x \ge 0 \implies 2x \le 11 \implies x \le \frac{11}{2} = 5.5 $$
2. Since the square root function $\sqrt{11-2x}$ yields a non-negative result, the left side of the equation must also be non-negative:
   $$ x - 4 \ge 0 \implies x \ge 4 $$

Combining these, any valid solution must satisfy:
$$ 4 \le x \le 5.5 $$

### Step 3: Square both sides
Now, we square both sides of the equation to eliminate the square root:
$$ (x - 4)^2 = (\sqrt{11-2x})^2 $$
$$ x^2 - 8x + 16 = 11 - 2x $$

### Step 4: Solve the resulting quadratic equation
Rearrange the terms to form a standard quadratic equation $ax^2 + bx + c = 0$:
$$ x^2 - 8x + 2x + 16 - 11 = 0 $$
$$ x^2 - 6x + 5 = 0 $$

Factor the quadratic equation:
$$ (x - 5)(x - 1) = 0 $$

This gives two potential solutions:
$$ x = 5 \quad \text{or} \quad x = 1 $$

### Step 5: Verify the solutions
We must check these potential solutions against the original equation and the domain constraints derived in Step 2 ($4 \le x \le 5.5$).

**Check $x = 5$:**
- Domain check: $4 \le 5 \le 5.5$ (Valid)
- Substitute into the original equation:
  $$ \text{LHS} = 5 $$
  $$ \text{RHS} = \sqrt{11 - 2(5)} + 4 = \sqrt{11 - 10} + 4 = \sqrt{1} + 4 = 1 + 4 = 5 $$
  $$ \text{LHS} = \text{RHS} $$
  So, $x = 5$ is a valid solution.

**Check $x = 1$:**
- Domain check: $1 < 4$ (Invalid, as $x$ must be $\ge 4$)
- Substitute into the original equation to see why it fails:
  $$ \text{LHS} = 1 $$
  $$ \text{RHS} = \sqrt{11 - 2(1)} + 4 = \sqrt{9} + 4 = 3 + 4 = 7 $$
  $$ 1 \neq 7 $$
  So, $x = 1$ is an extraneous solution.

### Conclusion
The only value of $x$ that satisfies the equation is $5$.

\boxed{5}",$x=5$,"['5', '5']","['Eq(x, 5)', 'x=5']",True
"To find the minimal compound interest rate, we need to model the growth of the savings account over the three years.

**1. Understand the Cash Flow**

The worker deposits $\$20,000$ at the end of each year. Let $r$ be the annual compound interest rate (expressed as a decimal).

*   **End of Year 1:** The worker makes the first deposit of $\$20,000$. Since this is the end of the year, this money has not yet earned any interest for that year.
    *   Balance after Year 1 deposit: $20,000$

*   **End of Year 2:**
    *   The balance from Year 1 ($20,000$) earns interest for one year. Its value becomes $20,000(1 + r)$.
    *   The worker makes the second deposit of $\$20,000$.
    *   Balance after Year 2 deposit: $20,000(1 + r) + 20,000$

*   **End of Year 3:**
    *   The balance from Year 2 earns interest for one year. Its value becomes $[20,000(1 + r) + 20,000](1 + r)$.
    *   Expanding this: $20,000(1 + r)^2 + 20,000(1 + r)$.
    *   The worker makes the third deposit of $\$20,000$.
    *   Total Balance after Year 3 deposit: $20,000(1 + r)^2 + 20,000(1 + r) + 20,000$

This is the formula for the future value of an ordinary annuity with $n=3$ payments.

**2. Set Up the Inequality**

The problem states that by the end of the third year, the account must have at least $\$66,200$. Therefore:

$$ 20,000(1 + r)^2 + 20,000(1 + r) + 20,000 \ge 66,200 $$

**3. Solve for $r$**

First, divide the entire inequality by $20,000$ to simplify:

$$ (1 + r)^2 + (1 + r) + 1 \ge \frac{66,200}{20,000} $$

Calculate the right-hand side:
$$ \frac{66,200}{20,000} = \frac{66.2}{20} = 3.31 $$

So, the inequality is:
$$ (1 + r)^2 + (1 + r) + 1 \ge 3.31 $$

Let $x = 1 + r$. The inequality becomes a quadratic equation in terms of $x$:
$$ x^2 + x + 1 \ge 3.31 $$
$$ x^2 + x - 2.31 \ge 0 $$

To find the minimal rate, we solve for the root of the corresponding equation:
$$ x^2 + x - 2.31 = 0 $$

Use the quadratic formula $x = \frac{-b \pm \sqrt{b^2 - 4ac}}{2a}$, where $a = 1$, $b = 1$, and $c = -2.31$:

$$ x = \frac{-1 \pm \sqrt{1^2 - 4(1)(-2.31)}}{2} $$
$$ x = \frac{-1 \pm \sqrt{1 + 9.24}}{2} $$
$$ x = \frac{-1 \pm \sqrt{10.24}}{2} $$

Calculate $\sqrt{10.24}$:
$$ \sqrt{10.24} = 3.2 $$
(Check: $3.2 \times 3.2 = 10.24$)

So,
$$ x = \frac{-1 \pm 3.2}{2} $$

This gives two possible solutions for $x$:
1.  $x_1 = \frac{-1 + 3.2}{2} = \frac{2.2}{2} = 1.1$
2.  $x_2 = \frac{-1 - 3.2}{2} = \frac{-4.2}{2} = -2.1$

Since $x = 1 + r$ and interest rates for savings accounts are typically non-negative (and $1+r$ must be positive for the balance to grow in this context), we discard the negative solution. Thus:
$$ x = 1.1 $$

Substitute back $x = 1 + r$:
$$ 1 + r = 1.1 $$
$$ r = 0.1 $$

**4. Convert to Percentage**

The interest rate $r$ is $0.1$. To express this as a percentage:
$$ 0.1 \times 100\% = 10\% $$

The question asks for the answer as a percentage without the percent sign.

**Verification:**
If $r = 10\%$:
*   End of Year 1: Deposit 20,000. Balance = 20,000.
*   End of Year 2: Interest on 20,000 is 2,000. New Balance before deposit = 22,000. Deposit 20,000. Total Balance = 42,000.
*   End of Year 3: Interest on 42,000 is 4,200. New Balance before deposit = 46,200. Deposit 20,000. Total Balance = 66,200.

This matches the required amount exactly.

\boxed{10}",$10$,"['10', '10']","['10', '10']",True
"To find all integers $n$ such that $f(n) = n$, we first need to determine the explicit form of the function $f(x)$ using the given functional equation:
\[ f(x) + f(y) = f(x + y) - xy - 1 \]
for all real numbers $x$ and $y$.

### Step 1: Determine the form of $f(x)$

Let's substitute specific values to find properties of $f(x)$.

**Find $f(0)$:**
Set $x = 0$ and $y = 0$ in the equation:
\[ f(0) + f(0) = f(0 + 0) - 0 \cdot 0 - 1 \]
\[ 2f(0) = f(0) - 1 \]
\[ f(0) = -1 \]

**Find a general expression for $f(x)$:**
The term $-xy$ suggests that $f(x)$ might be a quadratic polynomial. Let's assume $f(x) = ax^2 + bx + c$.
We already know $f(0) = -1$, so substituting $x=0$ into the polynomial gives $c = -1$.
So, $f(x) = ax^2 + bx - 1$.

Let's substitute this form into the original functional equation to determine $a$ and $b$.
LHS:
\[ f(x) + f(y) = (ax^2 + bx - 1) + (ay^2 + by - 1) = a(x^2 + y^2) + b(x + y) - 2 \]

RHS:
\[ f(x + y) - xy - 1 = a(x + y)^2 + b(x + y) - 1 - xy - 1 \]
\[ = a(x^2 + 2xy + y^2) + b(x + y) - 2 - xy \]
\[ = a(x^2 + y^2) + 2axy + b(x + y) - xy - 2 \]

Equating LHS and RHS:
\[ a(x^2 + y^2) + b(x + y) - 2 = a(x^2 + y^2) + 2axy + b(x + y) - xy - 2 \]

Subtract $a(x^2 + y^2) + b(x + y) - 2$ from both sides:
\[ 0 = 2axy - xy \]
\[ 0 = xy(2a - 1) \]

For this to hold for all real numbers $x$ and $y$, we must have:
\[ 2a - 1 = 0 \implies a = \frac{1}{2} \]

So far, $f(x) = \frac{1}{2}x^2 + bx - 1$.

**Use the condition $f(1) = 1$ to find $b$:**
\[ f(1) = \frac{1}{2}(1)^2 + b(1) - 1 = 1 \]
\[ \frac{1}{2} + b - 1 = 1 \]
\[ b - \frac{1}{2} = 1 \]
\[ b = \frac{3}{2} \]

Thus, the function is:
\[ f(x) = \frac{1}{2}x^2 + \frac{3}{2}x - 1 \]

Let's verify this solution.
LHS: $f(x) + f(y) = \frac{1}{2}x^2 + \frac{3}{2}x - 1 + \frac{1}{2}y^2 + \frac{3}{2}y - 1 = \frac{1}{2}(x^2+y^2) + \frac{3}{2}(x+y) - 2$.
RHS: $f(x+y) - xy - 1 = \frac{1}{2}(x+y)^2 + \frac{3}{2}(x+y) - 1 - xy - 1$
$= \frac{1}{2}(x^2+2xy+y^2) + \frac{3}{2}(x+y) - 2 - xy$
$= \frac{1}{2}x^2 + xy + \frac{1}{2}y^2 + \frac{3}{2}(x+y) - 2 - xy$
$= \frac{1}{2}(x^2+y^2) + \frac{3}{2}(x+y) - 2$.
LHS = RHS. The function is correct.

### Step 2: Solve for integers $n$ such that $f(n) = n$

We set $f(n) = n$:
\[ \frac{1}{2}n^2 + \frac{3}{2}n - 1 = n \]

Multiply the entire equation by 2 to clear the denominators:
\[ n^2 + 3n - 2 = 2n \]

Rearrange into a standard quadratic equation form:
\[ n^2 + 3n - 2n - 2 = 0 \]
\[ n^2 + n - 2 = 0 \]

Factor the quadratic equation:
\[ (n + 2)(n - 1) = 0 \]

The solutions are:
\[ n = -2 \quad \text{or} \quad n = 1 \]

Both $-2$ and $1$ are integers.

### Step 3: Verification

Check $n = 1$:
$f(1) = \frac{1}{2}(1)^2 + \frac{3}{2}(1) - 1 = \frac{1}{2} + \frac{3}{2} - 1 = 2 - 1 = 1$.
Since $f(1) = 1$, this is a solution.

Check $n = -2$:
$f(-2) = \frac{1}{2}(-2)^2 + \frac{3}{2}(-2) - 1 = \frac{1}{2}(4) - 3 - 1 = 2 - 3 - 1 = -2$.
Since $f(-2) = -2$, this is a solution.

The integers satisfying the condition are $-2$ and $1$.

\boxed{-2, 1}","$1,-2$","['{-2, 1}', '-2, 1']","['{-2, 1}', '1,-2']",True
"To solve the problem of finding the number of ways 7 people can sit around a round table such that no two of the 3 specific people (Pierre, Rosa, and Thomas) sit next to each other, we can use the method of **complementary counting** or the **gap method**. The gap method is often more direct for ""no two adjacent"" constraints in circular permutations.

### Step 1: Understand the Setup
- Total people: $7$
- Specific people (let's call them Group A): Pierre ($P$), Rosa ($R$), Thomas ($T$). There are $3$ people in this group.
- Other people (let's call them Group B): The remaining $7 - 3 = 4$ people. Let's call them $O_1, O_2, O_3, O_4$.
- Constraint: No two people from Group A can sit next to each other.
- Circular Permutation: Rotations are considered identical.

### Step 2: Arrange the ""Other"" People (Group B)
First, we arrange the 4 people from Group B around the round table.
The number of ways to arrange $n$ distinct items in a circle is $(n-1)!$.
So, the number of ways to arrange the 4 ""other"" people is:
$$ (4 - 1)! = 3! = 6 \text{ ways} $$

Let's visualize these 4 people seated. They create 4 distinct spaces or ""gaps"" between them where the people from Group A can be placed.
$$ \_ O_1 \_ O_2 \_ O_3 \_ O_4 \_ $$
(Note: In a circle, the gap after $O_4$ connects back to $O_1$.)

### Step 3: Place the Specific People (Group A) into the Gaps
To ensure that no two people from Group A sit next to each other, we must place each of the 3 people ($P, R, T$) into a separate gap among the 4 available gaps created by Group B.

1.  **Choose the gaps**: We need to choose 3 gaps out of the 4 available gaps. The number of ways to choose 3 gaps from 4 is given by the combination formula $\binom{n}{k}$:
    $$ \binom{4}{3} = 4 \text{ ways} $$

2.  **Arrange the specific people**: Once the 3 gaps are chosen, we need to arrange the 3 distinct people ($P, R, T$) into these 3 chosen gaps. The number of ways to arrange 3 distinct items in 3 specific spots is $3!$:
    $$ 3! = 3 \times 2 \times 1 = 6 \text{ ways} $$

So, the number of ways to place Group A into the gaps is:
$$ \binom{4}{3} \times 3! = 4 \times 6 = 24 \text{ ways} $$

### Step 4: Calculate the Total Number of Arrangements
The total number of valid seating arrangements is the product of the number of ways to arrange Group B and the number of ways to place Group A into the gaps.

$$ \text{Total Ways} = (\text{Ways to arrange Group B}) \times (\text{Ways to place Group A}) $$
$$ \text{Total Ways} = 6 \times 24 $$

Calculating the product:
$$ 6 \times 24 = 144 $$

### Alternative Method: Complementary Counting (Verification)
Let's verify this result using complementary counting.
Total circular permutations of 7 people = $(7-1)! = 6! = 720$.

We subtract the arrangements where at least two of $P, R, T$ are adjacent.
Let $S$ be the set of all arrangements.
Let $A$ be the set where $P$ and $R$ are adjacent.
Let $B$ be the set where $R$ and $T$ are adjacent.
Let $C$ be the set where $P$ and $T$ are adjacent.

We want to find $|S| - |A \cup B \cup C|$.
By the Principle of Inclusion-Exclusion:
$$ |A \cup B \cup C| = (|A| + |B| + |C|) - (|A \cap B| + |A \cap C| + |B \cap C|) + |A \cap B \cap C| $$

1.  **Calculate $|A|$ (P and R adjacent)**:
    Treat $(PR)$ as a single unit. Now we have 6 entities: $\{ (PR), T, O_1, O_2, O_3, O_4 \}$.
    Circular arrangements of 6 entities = $(6-1)! = 120$.
    Inside the unit $(PR)$, they can be arranged in $2! = 2$ ways ($PR$ or $RP$).
    So, $|A| = 120 \times 2 = 240$.
    Similarly, $|B| = 240$ and $|C| = 240$.
    Sum = $240 + 240 + 240 = 720$.

2.  **Calculate $|A \cap B|$ (P adjacent to R AND R adjacent to T)**:
    This implies the block is $(PRT)$ or $(TRP)$. Essentially, all three are together in a block of 3.
    Treat $\{P, R, T\}$ as a single unit. Now we have 5 entities: $\{ (PRT), O_1, O_2, O_3, O_4 \}$.
    Circular arrangements of 5 entities = $(5-1)! = 24$.
    Inside the block, the order must be $P-R-T$ or $T-R-P$ to satisfy both adjacencies involving R?
    Wait, $A \cap B$ means $P$ next to $R$ AND $R$ next to $T$. The possible orders for the triplet are $PRT$ and $TRP$.
    So there are 2 internal arrangements.
    $|A \cap B| = 24 \times 2 = 48$.
    Similarly, $|A \cap C|$ (P next to R and P next to T) implies block $RPT$ or $TPR$. $|A \cap C| = 48$.
    $|B \cap C|$ (R next to T and P next to T) implies block $RTP$ or $PTR$. $|B \cap C| = 48$.
    Sum = $48 + 48 + 48 = 144$.

3.  **Calculate $|A \cap B \cap C|$ (All pairs adjacent)**:
    This means $P$ next to $R$, $R$ next to $T$, and $P$ next to $T$. This is only possible if all three sit together in a block.
    The block is $\{P, R, T\}$.
    Entities: 5. Circular arrangements = $24$.
    Internal arrangements of $P, R, T$ such that everyone is next to everyone else? In a linear block of 3, the ends are not adjacent. However, in the context of the intersection of sets defined by pairwise adjacency, $A \cap B \cap C$ represents the case where the specific pairs are adjacent.
    Actually, let's look at the structure. If $P,R,T$ are in a block, say $PRT$, then $P$ is next to $R$ (in A), $R$ is next to $T$ (in B). Is $P$ next to $T$? No, unless the table only has 3 people. So $A \cap B$ does not necessarily imply $C$.
    However, the intersection $A \cap B \cap C$ requires $P$ next to $R$, $R$ next to $T$, AND $P$ next to $T$. In a circle of 7, three people cannot all be mutually adjacent unless they form a triangle, which isn't possible in a linear seating arrangement around a table (each person has only 2 neighbors).
    Therefore, it is impossible for $P$ to be next to $R$, $R$ next to $T$, and $P$ next to $T$ simultaneously in a standard circular seating of $N > 3$.
    So, $|A \cap B \cap C| = 0$.

    Let's re-evaluate the inclusion-exclusion logic.
    $|A \cup B \cup C| = 720 - 144 + 0 = 576$.
    Valid arrangements = Total - $|A \cup B \cup C| = 720 - 576 = 144$.

Both methods yield the same result.

### Conclusion
The number of ways the 7 people can sit around the round table such that no two of Pierre, Rosa, and Thomas sit next to each other is 144.

\boxed{144}",$144$,"['144', '144']","['144', '144']",True
"To find the profit, we need to calculate the total revenue generated from selling the items and then subtract the total cost of baking them.

**Step 1: Calculate the revenue from cookies.**
The math club sold 54 cookies at a rate of 3 for $\$1$.
First, determine how many sets of 3 cookies were sold:
$$ \frac{54 \text{ cookies}}{3 \text{ cookies/set}} = 18 \text{ sets} $$
Since each set costs $\$1$, the revenue from cookies is:
$$ 18 \text{ sets} \times \$1/\text{set} = \$18 $$

**Step 2: Calculate the revenue from cupcakes.**
The math club sold 20 cupcakes at $\$2$ each.
$$ 20 \text{ cupcakes} \times \$2/\text{cupcake} = \$40 $$

**Step 3: Calculate the revenue from brownies.**
The math club sold 35 brownies at $\$1$ each.
$$ 35 \text{ brownies} \times \$1/\text{brownie} = \$35 $$

**Step 4: Calculate the total revenue.**
Add the revenue from all three items:
$$ \text{Total Revenue} = \$18 (\text{cookies}) + \$40 (\text{cupcakes}) + \$35 (\text{brownies}) $$
$$ \text{Total Revenue} = \$18 + \$40 + \$35 = \$93 $$

**Step 5: Calculate the profit.**
Profit is defined as Total Revenue minus Total Cost. The problem states that the cost to bake the items was $\$15$.
$$ \text{Profit} = \text{Total Revenue} - \text{Total Cost} $$
$$ \text{Profit} = \$93 - \$15 $$
$$ \text{Profit} = \$78 $$

The math club's profit was $\$78$.

\boxed{78}",$78$,"['78', '78']","['78', '78']",True
"To find the resulting complex number after a $90^\circ$ counter-clockwise rotation around the origin, we can use the properties of complex number multiplication.

### Step 1: Understand Rotation in the Complex Plane
Rotating a complex number $z$ by an angle $\theta$ counter-clockwise around the origin is equivalent to multiplying $z$ by $e^{i\theta}$.

For a rotation of $90^\circ$ (or $\frac{\pi}{2}$ radians), the multiplier is:
$$ e^{i\frac{\pi}{2}} = \cos\left(\frac{\pi}{2}\right) + i\sin\left(\frac{\pi}{2}\right) $$

We know that:
$$ \cos\left(\frac{\pi}{2}\right) = 0 $$
$$ \sin\left(\frac{\pi}{2}\right) = 1 $$

Therefore:
$$ e^{i\frac{\pi}{2}} = 0 + 1i = i $$

So, rotating a complex number by $90^\circ$ counter-clockwise is simply multiplying that number by $i$.

### Step 2: Apply the Rotation
The given complex number is $z = 7 + 2i$.
We multiply $z$ by $i$:
$$ z' = (7 + 2i) \cdot i $$

Distribute the $i$:
$$ z' = 7i + 2i^2 $$

Recall that $i^2 = -1$. Substitute this value into the equation:
$$ z' = 7i + 2(-1) $$
$$ z' = 7i - 2 $$

### Step 3: Format the Result
Standard form for a complex number is $a + bi$. Rearranging the terms:
$$ z' = -2 + 7i $$

### Alternative Geometric Check
In the complex plane, the point $(7, 2)$ corresponds to $7 + 2i$.
A $90^\circ$ counter-clockwise rotation transforms a point $(x, y)$ to $(-y, x)$.
Here, $x = 7$ and $y = 2$.
The new coordinates are $(-2, 7)$.
This corresponds to the complex number $-2 + 7i$.

### Conclusion
The resulting complex number is $-2 + 7i$.

\boxed{-2 + 7i}",$-2 + 7i$,"['7*i - 2', '-2 + 7i']","['7*i - 2', '-2 + 7i']",True
"To determine the number of different battalions that can be sent, we need to calculate the number of ways to choose the required soldiers from the available pool for each class. This is a combination problem because the order in which the soldiers are selected does not matter.

**1. Calculate the number of ways to choose the upper class soldiers:**

*   Total available upper class soldiers ($n_U$) = 5
*   Required upper class soldiers ($k_U$) = 4

The number of ways to choose 4 soldiers from 5 is given by the combination formula $\binom{n}{k} = \frac{n!}{k!(n-k)!}$:

$$ \binom{5}{4} = \frac{5!}{4!(5-4)!} = \frac{5!}{4!1!} = \frac{5 \times 4 \times 3 \times 2 \times 1}{(4 \times 3 \times 2 \times 1) \times 1} = 5 $$

So, there are **5** ways to choose the upper class soldiers.

**2. Calculate the number of ways to choose the lower class soldiers:**

*   Total available lower class soldiers ($n_L$) = 10
*   Required lower class soldiers ($k_L$) = 8

The number of ways to choose 8 soldiers from 10 is:

$$ \binom{10}{8} = \frac{10!}{8!(10-8)!} = \frac{10!}{8!2!} $$

Using the property $\binom{n}{k} = \binom{n}{n-k}$, we know that $\binom{10}{8} = \binom{10}{2}$, which is easier to calculate:

$$ \binom{10}{2} = \frac{10 \times 9}{2 \times 1} = \frac{90}{2} = 45 $$

So, there are **45** ways to choose the lower class soldiers.

**3. Calculate the total number of different battalions:**

Since the choice of upper class soldiers and lower class soldiers are independent events, we multiply the number of ways for each class to find the total number of combinations:

$$ \text{Total Battalions} = (\text{Ways to choose Upper Class}) \times (\text{Ways to choose Lower Class}) $$
$$ \text{Total Battalions} = 5 \times 45 $$
$$ \text{Total Battalions} = 225 $$

**Conclusion:**

There are 225 different battalions that can be sent.

\boxed{225}",$225$,"['225', '225']","['225', '225']",True
"To find the product of $6_8 \cdot 7_8$ and express the answer in base $8$, we can follow these steps:

### Step 1: Convert the numbers from base 8 to base 10
The subscript $_8$ indicates that the numbers are in octal (base 8).
- The number $6_8$ represents the value $6$ in base 10.
- The number $7_8$ represents the value $7$ in base 10.

### Step 2: Perform the multiplication in base 10
Multiply the base 10 values:
$$ 6 \times 7 = 42 $$
So, the product in base 10 is $42_{10}$.

### Step 3: Convert the result from base 10 back to base 8
To convert $42_{10}$ to base 8, we divide the number by 8 and keep track of the remainders.

1. Divide 42 by 8:
   $$ 42 \div 8 = 5 \text{ with a remainder of } 2 $$
   ($5 \times 8 = 40$, and $42 - 40 = 2$)

2. The quotient is 5, which is less than 8, so we stop dividing. The quotient becomes the next digit.

Reading the digits from the last quotient to the first remainder, we get:
- The most significant digit is the quotient: $5$
- The least significant digit is the remainder: $2$

Thus, $42_{10} = 52_8$.

### Verification
We can also perform the multiplication directly in base 8.
In base 8, the digits are $0, 1, 2, 3, 4, 5, 6, 7$.
$6 \times 7 = 42$ in base 10.
We need to represent $42$ in base 8.
$42 = 5 \times 8^1 + 2 \times 8^0$.
So, the digits are $5$ and $2$.
Therefore, $6_8 \cdot 7_8 = 52_8$.

### Final Answer
The product of $6_8 \cdot 7_8$ expressed in base 8 is $\boxed{52_8}$.",$52_8$,"['52', '52_8']","['52', '52_8']",True
"To simplify the square root $\sqrt{242}$, we need to find the largest perfect square factor of 242.

**Step 1: Find the prime factorization of 242.**
First, we notice that 242 is an even number, so it is divisible by 2:
$$ 242 \div 2 = 121 $$

Next, we look at 121. We know that $11 \times 11 = 121$, so 121 is a perfect square ($11^2$).
Thus, the prime factorization of 242 is:
$$ 242 = 2 \times 11^2 $$

**Step 2: Apply the property of square roots.**
We can rewrite the square root using the factors found above:
$$ \sqrt{242} = \sqrt{121 \times 2} $$

Using the property $\sqrt{a \times b} = \sqrt{a} \times \sqrt{b}$, we get:
$$ \sqrt{242} = \sqrt{121} \times \sqrt{2} $$

**Step 3: Simplify the perfect square.**
Since $\sqrt{121} = 11$, we substitute this value back into the expression:
$$ \sqrt{242} = 11 \times \sqrt{2} $$
$$ \sqrt{242} = 11\sqrt{2} $$

The number 2 has no perfect square factors other than 1, so $\sqrt{2}$ cannot be simplified further.

**Final Answer:**
$$ \boxed{11\sqrt{2}} $$",$11\sqrt2$,"['11*sqrt(2)', '11\\sqrt{2}']","['11*sqrt(2)', '11\\sqrt{2}']",True
